route_id,route_short_name,direction_id,time_band,trips,median_runtime_min,p10_runtime_min,p90_runtime_min,runtime_spread_min,layovers,median_layover_min,p10_layover_min,p90_layover_min,layover_score,runtime_score,fragility_score,why,data_updated_date
7,7,0,AM Peak (6–9),19,63.0,57.8,63.0,5.200000000000003,18.0,10.0,5.7,10.0,0.08636363636363636,0.183163085593519,14.01,moderate,2026-05-14
7,7,0,Evening (19–24),30,41.0,33.0,48.0,15.0,30.0,9.0,5.800000000000001,15.100000000000001,0.095,0.39277297721916743,26.89,moderate,2026-05-14
7,7,0,Midday (9–15),39,56.0,56.0,64.0,8.0,38.0,9.0,4.0,11.0,0.095,0.25649246553382504,18.71,moderate,2026-05-14
7,7,0,Overnight (0–6),14,33.0,33.0,49.800000000000004,16.800000000000004,10.0,4.0,4.0,9.299999999999999,0.19,0.4201050262565643,31.86,moderate,2026-05-14
7,7,0,PM Peak (15–19),24,61.5,52.3,64.0,11.700000000000003,24.0,10.0,7.200000000000001,11.399999999999999,0.08636363636363636,0.33533963886500445,23.14,moderate,2026-05-14
7,7,1,AM Peak (6–9),22,57.0,27.795,57.0,29.205,16.0,10.0,4.5,12.0,0.08636363636363636,0.557400515316347,36.47,high schedule variability,2026-05-14
7,7,1,Evening (19–24),30,48.0,38.0,55.0,17.0,29.0,8.0,5.0,15.0,0.10555555555555556,0.42299079372978365,29.07,moderate,2026-05-14
7,7,1,Midday (9–15),38,61.0,61.0,81.0,20.0,37.0,12.0,8.6,12.0,0.07307692307692307,0.4630701551285021,30.34,moderate,2026-05-14
7,7,1,Overnight (0–6),11,38.0,31.0,38.0,7.0,10.0,5.0,5.0,8.599999999999998,0.15833333333333333,0.2318648559125539,19.45,moderate,2026-05-14
7,7,1,PM Peak (15–19),24,78.0,61.9,81.0,19.1,24.0,15.0,9.0,15.0,0.059375,0.4516434145187989,29.18,moderate,2026-05-14
8,8,0,AM Peak (6–9),8,44.0,44.0,44.0,0.0,8.0,3.0,3.0,3.8999999999999995,0.2375,0.0,8.31,very low recovery time,2026-05-14
8,8,0,Evening (19–24),13,33.0,29.0,33.0,4.0,13.0,2.0,2.0,5.0,0.31666666666666665,0.14711290915777864,19.91,very low recovery time,2026-05-14
8,8,0,Midday (9–15),16,38.0,38.0,41.0,3.0,16.0,6.0,3.0,6.0,0.1357142857142857,0.11454753722794964,11.62,moderate,2026-05-14
8,8,0,Overnight (0–6),7,29.0,29.0,44.0,15.0,5.0,5.0,2.0,5.0,0.15833333333333333,0.39277297721916743,29.11,moderate,2026-05-14
8,8,0,PM Peak (15–19),10,38.5,37.8,39.0,1.2000000000000028,11.0,6.0,2.0,6.0,0.1357142857142857,0.04920049200492018,7.7,moderate,2026-05-14
8,8,1,AM Peak (6–9),8,36.0,36.0,36.0,0.0,8.0,5.0,5.0,5.0,0.15833333333333333,0.0,5.54,moderate,2026-05-14
8,8,1,Evening (19–24),12,33.0,29.0,33.0,4.0,12.0,4.0,4.0,9.0,0.19,0.14711290915777864,15.48,moderate,2026-05-14
8,8,1,Midday (9–15),16,35.0,35.0,35.0,0.0,17.0,9.0,7.4,9.0,0.095,0.0,3.32,moderate,2026-05-14
8,8,1,Overnight (0–6),10,29.0,29.0,36.0,7.0,7.0,9.0,3.8000000000000003,9.0,0.095,0.2318648559125539,17.24,moderate,2026-05-14
8,8,1,PM Peak (15–19),11,43.0,39.0,43.0,4.0,10.0,5.0,4.0,8.499999999999998,0.15833333333333333,0.14711290915777864,14.37,moderate,2026-05-14
9,9,0,AM Peak (6–9),10,42.0,40.0,44.0,4.0,10.0,4.5,2.0,5.1,0.17272727272727273,0.14711290915777864,14.87,moderate,2026-05-14
9,9,0,Evening (19–24),13,36.0,36.0,36.0,0.0,11.0,2.0,0.0,2.0,0.31666666666666665,0.0,11.08,very low recovery time,2026-05-14
9,9,0,Midday (9–15),14,39.0,39.0,44.0,5.0,13.0,4.0,0.40000000000000036,4.0,0.19,0.17736786094359708,17.29,moderate,2026-05-14
9,9,0,Overnight (0–6),6,35.5,31.0,40.0,9.0,4.0,4.5,4.0,11.3,0.17272727272727273,0.2795899347623486,22.82,moderate,2026-05-14
9,9,0,PM Peak (15–19),13,41.0,41.0,41.0,0.0,13.0,4.0,0.20000000000000018,5.0,0.19,0.0,6.65,moderate,2026-05-14
9,9,1,AM Peak (6–9),10,44.0,38.0,44.0,6.0,10.0,1.5,0.0,3.1999999999999993,0.38,0.20554984583761568,25.63,very low recovery time,2026-05-14
9,9,1,Evening (19–24),11,40.0,40.0,40.0,0.0,13.0,0.0,0.0,0.0,0.95,0.0,33.25,no recovery time,2026-05-14
9,9,1,Midday (9–15),14,41.0,41.0,47.0,6.0,12.0,0.0,0.0,0.0,0.95,0.20554984583761568,45.58,no recovery time,2026-05-14
9,9,1,Overnight (0–6),7,38.0,34.0,38.0,4.0,5.0,4.0,0.0,8.4,0.19,0.14711290915777864,15.48,moderate,2026-05-14
9,9,1,PM Peak (15–19),15,44.0,44.0,47.0,3.0,13.0,0.0,0.0,2.8000000000000007,0.95,0.11454753722794964,40.12,no recovery time,2026-05-14
10,10,0,AM Peak (6–9),6,15.0,14.0,15.0,1.0,6.0,0.0,0.0,1.0,0.95,0.041339396444811924,35.73,no recovery time,2026-05-14
10,10,0,Midday (9–15),3,15.0,15.0,15.0,0.0,2.0,0.0,0.0,0.0,0.95,0.0,33.25,no recovery time,2026-05-14
10,10,0,Overnight (0–6),2,8.966666666666667,4.9399999999999995,12.993333333333334,8.053333333333335,2.0,0.5,0.1,0.9,0.6333333333333333,0.25776165581990834,37.63,no recovery time,2026-05-14
10,10,0,PM Peak (15–19),8,15.0,15.0,15.0,0.0,8.0,0.0,0.0,0.0,0.95,0.0,33.25,no recovery time,2026-05-14
10,10,1,AM Peak (6–9),6,12.0,11.5,12.0,0.5,6.0,3.0,3.0,3.5,0.2375,0.021105951878429726,9.58,very low recovery time,2026-05-14
10,10,1,Evening (19–24),1,12.0,12.0,12.0,0.0,,10.0,,,0.08636363636363636,0.0,3.02,moderate,2026-05-14
10,10,1,Midday (9–15),2,12.0,12.0,12.0,0.0,1.0,3.0,3.0,3.0,0.2375,0.0,8.31,very low recovery time,2026-05-14
10,10,1,Overnight (0–6),2,11.0,11.0,11.0,0.0,2.0,4.0,4.0,4.0,0.19,0.0,6.65,moderate,2026-05-14
10,10,1,PM Peak (15–19),8,12.0,12.0,12.0,0.0,8.0,3.0,3.0,3.0,0.2375,0.0,8.31,very low recovery time,2026-05-14
11,11,0,AM Peak (6–9),19,52.0,21.0,66.0,45.0,15.0,2.0,0.0,7.599999999999998,0.31666666666666665,0.6599208095028597,50.68,"very low recovery time, high schedule variability",2026-05-14
11,11,0,Evening (19–24),26,25.0,13.0,46.0,33.0,25.0,4.0,0.8000000000000007,4.0,0.19,0.5872931126534972,41.89,high schedule variability,2026-05-14
11,11,0,Midday (9–15),36,36.5,20.0,56.0,36.0,33.0,3.0,2.2,3.8000000000000007,0.2375,0.6082108464267614,44.81,"very low recovery time, high schedule variability",2026-05-14
11,11,0,Overnight (0–6),8,24.5,13.0,32.0,19.0,7.0,2.0,1.2000000000000002,3.200000000000001,0.31666666666666665,0.4503436833372838,38.1,very low recovery time,2026-05-14
11,11,0,PM Peak (15–19),24,35.5,25.0,56.0,31.0,24.0,3.0,3.0,4.0,0.2375,0.5720612659162208,42.64,"very low recovery time, high schedule variability",2026-05-14
11,11,1,AM Peak (6–9),18,42.0,18.4,51.0,32.6,15.0,1.0,0.0,7.799999999999997,0.475,0.5843341100555656,51.69,"no recovery time, high schedule variability",2026-05-14
11,11,1,Evening (19–24),25,18.0,13.0,46.0,33.0,25.0,2.0,0.40000000000000036,2.0,0.31666666666666665,0.5872931126534972,46.32,"very low recovery time, high schedule variability",2026-05-14
11,11,1,Midday (9–15),34,35.5,19.0,53.3,34.3,34.0,5.0,2.0,12.0,0.15833333333333333,0.5966255000869717,41.34,high schedule variability,2026-05-14
11,11,1,Overnight (0–6),10,34.0,13.0,42.0,29.0,8.0,2.0,2.0,3.5999999999999996,0.31666666666666665,0.555662004215367,44.42,"very low recovery time, high schedule variability",2026-05-14
11,11,1,PM Peak (15–19),24,36.0,22.0,61.0,39.0,24.0,2.5,2.0,8.799999999999997,0.2714285714285714,0.6271104679208876,47.13,"very low recovery time, high schedule variability",2026-05-14
12,12,0,AM Peak (6–9),16,43.0,36.0,51.0,15.0,13.0,3.0,0.20000000000000018,16.400000000000002,0.2375,0.39277297721916743,31.88,very low recovery time,2026-05-14
12,12,0,Evening (19–24),22,33.0,28.0,45.0,17.0,19.0,0.0,0.0,3.0,0.95,0.42299079372978365,58.63,no recovery time,2026-05-14
12,12,0,Midday (9–15),25,43.0,38.0,49.0,11.0,24.0,0.5,0.0,5.0,0.6333333333333333,0.32173150043872484,41.47,no recovery time,2026-05-14
12,12,0,Overnight (0–6),8,28.0,22.0,30.703333333333333,8.703333333333333,6.0,0.0,0.0,15.0,0.95,0.27288879598662213,49.62,no recovery time,2026-05-14
12,12,0,PM Peak (15–19),23,56.0,43.0,56.0,13.0,23.0,3.0,0.0,10.0,0.2375,0.3592152528322742,29.87,very low recovery time,2026-05-14
12,12,1,AM Peak (6–9),16,45.0,38.0,52.0,14.0,13.0,19.0,14.2,19.0,0.0475,0.3764452809895134,24.25,moderate,2026-05-14
12,12,1,Evening (19–24),21,34.0,27.0,43.0,16.0,20.0,10.0,5.0,17.0,0.08636363636363636,0.4082674151569279,27.52,moderate,2026-05-14
12,12,1,Midday (9–15),33,38.0,21.266666666666666,52.0,30.733333333333334,25.0,14.0,10.8,14.0,0.06333333333333332,0.569944983618718,36.41,high schedule variability,2026-05-14
12,12,1,Overnight (0–6),9,27.0,26.236666666666668,34.0,7.763333333333332,8.0,5.0,4.945,15.0,0.15833333333333333,0.250807667456386,20.59,moderate,2026-05-14
12,12,1,PM Peak (15–19),23,44.0,44.0,54.0,10.0,23.0,10.0,10.0,15.600000000000001,0.08636363636363636,0.30129557095510706,21.1,moderate,2026-05-14
13,13,0,AM Peak (6–9),9,30.0,20.0,30.0,10.0,9.0,0.0,0.0,0.0,0.95,0.30129557095510706,51.33,no recovery time,2026-05-14
13,13,0,Evening (19–24),12,22.0,22.0,24.9,2.8999999999999986,13.0,1.0,0.0,1.0,0.475,0.11115369873514756,23.29,no recovery time,2026-05-14
13,13,0,Midday (9–15),15,32.0,31.0,32.0,1.0,15.0,0.0,0.0,0.0,0.95,0.041339396444811924,35.73,no recovery time,2026-05-14
13,13,0,Overnight (0–6),6,22.0,21.0,22.0,1.0,5.0,1.0,1.0,1.0,0.475,0.041339396444811924,19.11,no recovery time,2026-05-14
13,13,0,PM Peak (15–19),9,31.0,31.0,31.0,0.0,9.0,0.0,0.0,0.0,0.95,0.0,33.25,no recovery time,2026-05-14
13,13,1,AM Peak (6–9),9,27.0,21.0,27.0,6.0,7.0,3.0,2.2,8.600000000000001,0.2375,0.20554984583761568,20.65,very low recovery time,2026-05-14
13,13,1,Evening (19–24),13,25.0,25.0,29.000000000000004,4.0000000000000036,12.0,2.0,1.1,3.8000000000000007,0.31666666666666665,0.14711290915777875,19.91,very low recovery time,2026-05-14
13,13,1,Midday (9–15),15,34.0,34.0,37.599999999999994,3.5999999999999943,15.0,9.0,4.4,9.0,0.095,0.13437849944008945,11.39,moderate,2026-05-14
13,13,1,Overnight (0–6),5,25.0,12.82,25.0,12.18,4.0,2.0,2.0,2.0,0.31666666666666665,0.344359626802375,31.74,very low recovery time,2026-05-14
13,13,1,PM Peak (15–19),9,40.0,40.0,40.0,0.0,10.0,4.0,4.0,4.0,0.19,0.0,6.65,moderate,2026-05-14
14,14,0,AM Peak (6–9),6,35.0,26.0,35.0,9.0,7.0,3.0,0.0,5.400000000000002,0.2375,0.2795899347623486,25.09,very low recovery time,2026-05-14
14,14,0,Evening (19–24),10,23.0,22.0,23.0,1.0,10.0,5.0,4.0,5.0,0.15833333333333333,0.041339396444811924,8.02,moderate,2026-05-14
14,14,0,Midday (9–15),13,26.0,26.0,30.0,4.0,12.0,0.0,0.0,1.8000000000000007,0.95,0.14711290915777864,42.08,no recovery time,2026-05-14
14,14,0,Overnight (0–6),5,22.0,22.0,26.0,4.0,3.0,2.0,0.4,3.6,0.31666666666666665,0.14711290915777864,19.91,very low recovery time,2026-05-14
14,14,0,PM Peak (15–19),10,30.0,29.3,30.0,0.6999999999999993,9.0,0.0,0.0,0.0,0.95,0.029300962745918778,35.01,no recovery time,2026-05-14
14,14,1,AM Peak (6–9),7,27.0,23.0,27.0,4.0,6.0,12.5,6.5,13.0,0.07037037037037036,0.14711290915777864,11.29,moderate,2026-05-14
14,14,1,Evening (19–24),10,23.0,21.0,23.0,2.0,10.0,6.0,4.0,6.0,0.1357142857142857,0.07939658594680432,9.51,moderate,2026-05-14
14,14,1,Midday (9–15),13,25.0,25.0,30.200000000000003,5.200000000000003,11.0,6.0,0.0,6.0,0.1357142857142857,0.183163085593519,15.74,moderate,2026-05-14
14,14,1,Overnight (0–6),3,21.0,21.0,21.0,0.0,3.0,0.0,0.0,3.2,0.95,0.0,33.25,no recovery time,2026-05-14
14,14,1,PM Peak (15–19),10,31.0,30.2,31.0,0.8000000000000007,10.0,13.0,11.7,13.0,0.06785714285714285,0.03334722801167157,4.38,moderate,2026-05-14
15,15,0,AM Peak (6–9),8,23.0,20.0,23.0,3.0,8.0,5.0,1.0,6.199999999999999,0.15833333333333333,0.11454753722794964,12.41,moderate,2026-05-14
15,15,0,Evening (19–24),11,21.0,18.0,21.0,3.0,7.0,4.0,4.0,6.8000000000000025,0.19,0.11454753722794964,13.52,moderate,2026-05-14
15,15,0,Midday (9–15),14,22.0,22.0,25.0,3.0,14.0,8.0,5.6,8.0,0.10555555555555556,0.11454753722794964,10.57,moderate,2026-05-14
15,15,0,Overnight (0–6),6,18.0,18.0,20.0,2.0,1.0,1.0,1.0,1.0,0.475,0.07939658594680432,21.39,no recovery time,2026-05-14
15,15,0,PM Peak (15–19),16,25.0,25.0,25.0,0.0,15.0,7.0,7.0,7.0,0.11875,0.0,4.16,moderate,2026-05-14
15,15,1,AM Peak (6–9),9,23.0,22.0,23.0,1.0,9.0,7.0,5.4,9.0,0.11875,0.041339396444811924,6.64,moderate,2026-05-14
15,15,1,Evening (19–24),11,22.0,19.0,22.0,3.0,11.0,3.0,3.0,3.0,0.2375,0.11454753722794964,15.19,very low recovery time,2026-05-14
15,15,1,Midday (9–15),14,23.0,23.0,26.0,3.0,13.0,7.0,6.2,9.400000000000002,0.11875,0.11454753722794964,11.03,moderate,2026-05-14
15,15,1,Overnight (0–6),4,19.0,19.0,21.1,2.1000000000000014,4.0,3.0,3.0,3.0,0.2375,0.08303677342823258,13.29,very low recovery time,2026-05-14
15,15,1,PM Peak (15–19),16,26.0,26.0,26.0,0.0,15.0,6.0,6.0,6.0,0.1357142857142857,0.0,4.75,moderate,2026-05-14
16,16,0,AM Peak (6–9),17,34.0,34.0,34.0,0.0,16.0,6.0,2.0,6.5,0.1357142857142857,0.0,4.75,moderate,2026-05-14
16,16,0,Evening (19–24),24,30.0,26.0,30.0,4.0,24.0,5.0,4.0,6.0,0.15833333333333333,0.14711290915777864,14.37,moderate,2026-05-14
16,16,0,Midday (9–15),37,32.0,32.0,32.0,0.0,36.0,3.0,3.0,3.0,0.2375,0.0,8.31,very low recovery time,2026-05-14
16,16,0,Overnight (0–6),9,26.0,23.0,34.0,11.0,8.0,5.0,3.7,10.0,0.15833333333333333,0.32173150043872484,24.85,moderate,2026-05-14
16,16,0,PM Peak (15–19),24,36.0,34.6,36.0,1.3999999999999986,24.0,4.0,3.0,4.0,0.19,0.05693371289141924,10.07,moderate,2026-05-14
16,16,1,AM Peak (6–9),17,34.0,34.0,34.0,0.0,16.0,6.0,2.0,6.5,0.1357142857142857,0.0,4.75,moderate,2026-05-14
16,16,1,Evening (19–24),24,30.0,27.0,30.0,3.0,24.0,5.0,1.0,5.0,0.15833333333333333,0.11454753722794964,12.41,moderate,2026-05-14
16,16,1,Midday (9–15),36,32.0,32.0,32.0,0.0,36.0,3.0,3.0,3.0,0.2375,0.0,8.31,very low recovery time,2026-05-14
16,16,1,Overnight (0–6),11,27.0,26.0,34.0,8.0,7.0,2.0,1.0,11.000000000000004,0.31666666666666665,0.25649246553382504,26.47,very low recovery time,2026-05-14
16,16,1,PM Peak (15–19),24,36.0,34.6,36.0,1.3999999999999986,23.0,4.0,4.0,4.0,0.19,0.05693371289141924,10.07,moderate,2026-05-14
17,17,0,AM Peak (6–9),18,43.0,43.0,57.0,14.0,16.0,6.0,6.0,8.0,0.1357142857142857,0.3764452809895134,27.34,moderate,2026-05-14
17,17,0,Evening (19–24),14,36.0,33.0,41.60000000000001,8.600000000000009,14.0,8.0,3.6,8.0,0.10555555555555556,0.2705253224284369,19.93,moderate,2026-05-14
17,17,0,Midday (9–15),20,42.0,42.0,46.000000000000014,4.000000000000014,23.0,6.0,3.0,6.0,0.1357142857142857,0.14711290915777908,13.58,moderate,2026-05-14
17,17,0,Overnight (0–6),10,33.0,33.0,52.5,19.5,7.0,6.0,3.6000000000000005,8.400000000000002,0.1357142857142857,0.4567814476458188,32.16,moderate,2026-05-14
17,17,0,PM Peak (15–19),26,44.0,44.0,60.0,16.0,22.0,10.0,5.1,10.0,0.08636363636363636,0.4082674151569279,27.52,moderate,2026-05-14
17,17,1,AM Peak (6–9),18,43.0,42.0,51.0,9.0,19.0,8.0,8.0,16.0,0.10555555555555556,0.2795899347623486,20.47,moderate,2026-05-14
17,17,1,Evening (19–24),15,40.0,35.0,40.0,5.0,14.0,0.0,0.0,18.400000000000013,0.95,0.17736786094359708,43.89,no recovery time,2026-05-14
17,17,1,Midday (9–15),25,42.0,31.866666666666667,49.0,17.133333333333333,18.0,5.0,5.0,5.0,0.15833333333333333,0.42489873522360927,31.04,moderate,2026-05-14
17,17,1,Overnight (0–6),16,35.0,3.8,45.5,41.7,10.0,2.0,0.0,7.099999999999996,0.31666666666666665,0.6426259824318079,49.64,"very low recovery time, high schedule variability",2026-05-14
17,17,1,PM Peak (15–19),24,49.0,49.0,59.0,10.0,25.0,7.0,7.0,11.0,0.11875,0.30129557095510706,22.23,moderate,2026-05-14
18,18,0,AM Peak (6–9),12,20.0,15.2,21.0,5.800000000000001,12.0,4.0,3.0,9.0,0.19,0.20006898930665756,18.65,moderate,2026-05-14
18,18,0,Evening (19–24),16,16.0,16.0,17.5,1.5,17.0,3.0,3.0,4.0,0.2375,0.06075334143377888,11.96,very low recovery time,2026-05-14
18,18,0,Midday (9–15),20,19.5,19.0,23.0,4.0,19.0,4.0,3.0,4.0,0.19,0.14711290915777864,15.48,moderate,2026-05-14
18,18,0,Overnight (0–6),7,16.0,15.6,17.0,1.4000000000000004,5.0,3.0,3.0,7.2,0.2375,0.05693371289141932,11.73,very low recovery time,2026-05-14
18,18,0,PM Peak (15–19),17,22.0,19.0,23.0,4.0,17.0,4.0,3.2,5.800000000000001,0.19,0.14711290915777864,15.48,moderate,2026-05-14
18,18,1,AM Peak (6–9),12,18.0,17.0,19.0,2.0,12.0,2.0,2.0,3.0,0.31666666666666665,0.07939658594680432,15.85,very low recovery time,2026-05-14
18,18,1,Evening (19–24),17,14.0,14.0,16.6,2.6000000000000014,17.0,3.0,3.0,4.0,0.2375,0.10081426909654914,14.36,very low recovery time,2026-05-14
18,18,1,Midday (9–15),20,17.0,17.0,25.0,8.0,18.0,4.0,4.0,7.0,0.19,0.25649246553382504,22.04,moderate,2026-05-14
18,18,1,Overnight (0–6),6,14.0,14.0,17.0,3.0,4.0,3.0,1.6,7.200000000000001,0.2375,0.11454753722794964,15.19,very low recovery time,2026-05-14
18,18,1,PM Peak (15–19),16,23.0,19.5,25.0,5.5,17.0,6.0,4.0,7.0,0.1357142857142857,0.1917044266294877,16.25,moderate,2026-05-14
19,19,0,AM Peak (6–9),8,29.5,26.0,31.0,5.0,6.0,6.0,2.0,10.0,0.1357142857142857,0.17736786094359708,15.39,moderate,2026-05-14
19,19,0,Evening (19–24),11,29.0,23.0,29.0,6.0,11.0,7.0,5.0,11.0,0.11875,0.20554984583761568,16.49,moderate,2026-05-14
19,19,0,Midday (9–15),14,35.0,35.0,35.0,0.0,15.0,4.0,3.4000000000000004,4.0,0.19,0.0,6.65,moderate,2026-05-14
19,19,0,Overnight (0–6),4,24.5,23.0,26.0,3.0,5.0,10.0,9.4,11.0,0.08636363636363636,0.11454753722794964,9.9,moderate,2026-05-14
19,19,0,PM Peak (15–19),11,39.0,34.0,39.0,5.0,9.0,13.0,13.0,16.2,0.06785714285714285,0.17736786094359708,13.02,moderate,2026-05-14
19,19,1,AM Peak (6–9),7,25.0,24.0,31.0,7.0,7.0,0.0,0.0,3.200000000000003,0.95,0.2318648559125539,47.16,no recovery time,2026-05-14
19,19,1,Evening (19–24),10,24.0,24.0,26.1,2.1000000000000014,11.0,0.0,0.0,0.0,0.95,0.08303677342823258,38.23,no recovery time,2026-05-14
19,19,1,Midday (9–15),15,36.0,36.0,36.6,0.6000000000000014,14.0,0.0,0.0,0.0,0.95,0.025220680958385946,34.76,no recovery time,2026-05-14
19,19,1,Overnight (0–6),5,26.0,24.8,26.0,1.1999999999999993,2.0,0.0,0.0,0.0,0.95,0.04920049200492004,36.2,no recovery time,2026-05-14
19,19,1,PM Peak (15–19),10,36.0,35.7,36.0,0.29999999999999716,11.0,0.0,0.0,0.0,0.95,0.012771392081736796,34.02,no recovery time,2026-05-14
20,20,0,AM Peak (6–9),9,35.0,31.0,35.0,4.0,9.0,3.0,2.0,5.6000000000000005,0.2375,0.14711290915777864,17.14,very low recovery time,2026-05-14
20,20,0,Evening (19–24),12,31.5,27.0,32.0,5.0,11.0,1.0,0.0,12.0,0.475,0.17736786094359708,27.27,no recovery time,2026-05-14
20,20,0,Midday (9–15),18,35.0,35.0,38.0,3.0,18.0,5.0,4.7,9.3,0.15833333333333333,0.11454753722794964,12.41,moderate,2026-05-14
20,20,0,Overnight (0–6),8,31.0,27.0,31.0,4.0,6.0,4.0,0.5,8.0,0.19,0.14711290915777864,15.48,moderate,2026-05-14
20,20,0,PM Peak (15–19),16,38.0,34.0,38.0,4.0,13.0,14.0,9.200000000000001,15.0,0.06333333333333332,0.14711290915777864,11.04,moderate,2026-05-14
20,20,1,AM Peak (6–9),10,34.0,28.0,35.0,7.0,9.0,8.0,7.0,8.2,0.10555555555555556,0.2318648559125539,17.61,moderate,2026-05-14
20,20,1,Evening (19–24),11,32.0,26.0,32.0,6.0,12.0,10.0,6.0,11.0,0.08636363636363636,0.20554984583761568,15.36,moderate,2026-05-14
20,20,1,Midday (9–15),19,32.0,32.0,38.0,6.0,19.0,8.0,5.8,8.0,0.10555555555555556,0.20554984583761568,16.03,moderate,2026-05-14
20,20,1,Overnight (0–6),5,26.0,26.0,28.0,2.0,4.0,7.0,4.6,9.4,0.11875,0.07939658594680432,8.92,moderate,2026-05-14
20,20,1,PM Peak (15–19),14,38.0,34.9,38.0,3.1000000000000014,14.0,6.0,6.0,6.0,0.1357142857142857,0.11791555724610127,11.82,moderate,2026-05-14
21,21,0,AM Peak (6–9),10,40.125,38.65,41.6,2.950000000000003,10.0,13.5,12.9,21.2,0.06551724137931034,0.11285386381025263,9.06,moderate,2026-05-14
21,21,0,Evening (19–24),15,35.65,31.7,39.6,7.900000000000002,13.0,10.0,8.4,14.0,0.08636363636363636,0.25410099710517864,18.27,moderate,2026-05-14
21,21,0,Midday (9–15),21,38.65,38.65,44.6,5.950000000000003,19.0,9.0,8.8,18.0,0.095,0.20418668496911477,15.58,moderate,2026-05-14
21,21,0,Overnight (0–6),7,31.7,31.7,38.65,6.949999999999999,4.0,11.5,10.0,16.5,0.076,0.23059057730590582,16.5,moderate,2026-05-14
21,21,0,PM Peak (15–19),14,44.6,39.6,44.6,5.0,12.0,18.0,9.4,18.9,0.049999999999999996,0.17736786094359708,12.39,moderate,2026-05-14
21,21,1,AM Peak (6–9),11,40.7,36.7,40.7,4.0,,10.0,,,0.08636363636363636,0.14711290915777864,11.85,moderate,2026-05-14
21,21,1,Evening (19–24),14,36.7,33.7,42.7,9.0,,10.0,,,0.08636363636363636,0.2795899347623486,19.8,moderate,2026-05-14
21,21,1,Midday (9–15),21,38.7,38.7,47.7,9.0,,10.0,,,0.08636363636363636,0.2795899347623486,19.8,moderate,2026-05-14
21,21,1,Overnight (0–6),5,33.7,33.7,36.7,3.0,,10.0,,,0.08636363636363636,0.11454753722794964,9.9,moderate,2026-05-14
21,21,1,PM Peak (15–19),14,47.7,42.7,47.7,5.0,,10.0,,,0.08636363636363636,0.17736786094359708,13.66,moderate,2026-05-14
22,22,0,AM Peak (6–9),18,11.0,9.0,11.0,2.0,17.0,1.0,1.0,1.0,0.475,0.07939658594680432,21.39,no recovery time,2026-05-14
22,22,0,Evening (19–24),30,11.0,9.0,11.0,2.0,31.0,1.0,1.0,5.0,0.475,0.07939658594680432,21.39,no recovery time,2026-05-14
22,22,0,Midday (9–15),36,11.0,11.0,11.0,0.0,36.0,1.0,1.0,1.0,0.475,0.0,16.62,no recovery time,2026-05-14
22,22,0,Overnight (0–6),15,9.0,7.0,9.0,2.0,15.0,5.0,0.40000000000000013,5.0,0.15833333333333333,0.07939658594680432,10.31,moderate,2026-05-14
22,22,0,PM Peak (15–19),24,11.0,11.0,11.0,0.0,24.0,1.0,1.0,1.0,0.475,0.0,16.62,no recovery time,2026-05-14
22,22,1,AM Peak (6–9),18,12.0,11.0,12.0,1.0,18.0,6.0,6.0,9.0,0.1357142857142857,0.041339396444811924,7.23,moderate,2026-05-14
22,22,1,Evening (19–24),30,11.0,7.0,11.0,4.0,29.0,7.0,7.0,9.0,0.11875,0.14711290915777864,12.98,moderate,2026-05-14
22,22,1,Midday (9–15),36,11.0,11.0,12.0,1.0,36.0,7.0,6.0,7.0,0.11875,0.041339396444811924,6.64,moderate,2026-05-14
22,22,1,Overnight (0–6),15,7.0,5.0,11.0,6.0,13.0,9.0,3.0,9.0,0.095,0.20554984583761568,15.66,moderate,2026-05-14
22,22,1,PM Peak (15–19),24,12.0,12.0,12.0,0.0,24.0,6.0,6.0,6.0,0.1357142857142857,0.0,4.75,moderate,2026-05-14
23,23,0,AM Peak (6–9),21,17.0,13.0,17.0,4.0,19.0,8.0,5.0,9.0,0.10555555555555556,0.14711290915777864,12.52,moderate,2026-05-14
23,23,0,Evening (19–24),24,14.0,11.0,14.0,3.0,23.0,6.0,6.0,6.0,0.1357142857142857,0.11454753722794964,11.62,moderate,2026-05-14
23,23,0,Midday (9–15),36,16.0,16.0,16.0,0.0,36.0,9.0,7.0,9.0,0.095,0.0,3.32,moderate,2026-05-14
23,23,0,Overnight (0–6),11,11.0,3.8,13.0,9.2,9.0,6.0,5.0,7.000000000000001,0.1357142857142857,0.284038283420809,21.79,moderate,2026-05-14
23,23,0,PM Peak (15–19),24,18.0,15.200000000000001,18.0,2.799999999999999,23.0,9.0,3.6000000000000005,9.0,0.095,0.10773374374759524,9.79,moderate,2026-05-14
23,23,1,AM Peak (6–9),22,14.0,13.0,14.0,1.0,21.0,1.0,1.0,1.0,0.475,0.041339396444811924,19.11,no recovery time,2026-05-14
23,23,1,Evening (19–24),23,15.0,12.0,15.0,3.0,24.0,1.0,1.0,1.0,0.475,0.11454753722794964,23.5,no recovery time,2026-05-14
23,23,1,Midday (9–15),36,14.0,14.0,14.0,0.0,36.0,1.0,1.0,1.0,0.475,0.0,16.62,no recovery time,2026-05-14
23,23,1,Overnight (0–6),12,12.0,12.0,13.0,1.0,11.0,1.0,0.0,1.0,0.475,0.041339396444811924,19.11,no recovery time,2026-05-14
23,23,1,PM Peak (15–19),23,20.0,20.0,20.0,0.0,24.0,3.0,3.0,3.0,0.2375,0.0,8.31,very low recovery time,2026-05-14
24,24,0,AM Peak (6–9),27,46.0,38.88333333333333,56.0,17.116666666666667,26.0,8.133333333333333,8.116666666666667,8.183333333333334,0.10401459854014598,0.4246609328481642,29.12,moderate,2026-05-14
24,24,0,Evening (19–24),36,43.0,36.0,43.0,7.0,33.0,7.133333333333334,2.1333333333333333,8.166666666666666,0.1168032786885246,0.2318648559125539,18.0,moderate,2026-05-14
24,24,0,Midday (9–15),53,50.0,41.88333333333333,53.800000000000004,11.916666666666671,48.0,8.183333333333334,7.5166666666666675,12.136666666666667,0.10344827586206896,0.33944170148120034,23.99,moderate,2026-05-14
24,24,0,Overnight (0–6),17,36.0,34.8,46.0,11.200000000000003,13.0,7.133333333333334,3.933333333333334,9.926666666666668,0.1168032786885246,0.3256760686246003,23.63,moderate,2026-05-14
24,24,0,PM Peak (15–19),35,52.0,41.85,54.0,12.149999999999999,32.0,8.175,6.183333333333334,8.183333333333334,0.10354223433242506,0.34380305602716477,24.25,moderate,2026-05-14
24,24,1,AM Peak (6–9),27,44.0,38.92,47.81666666666667,8.896666666666668,23.0,5.0,2.0,8.0,0.15833333333333333,0.27726989403698327,22.18,moderate,2026-05-14
24,24,1,Evening (19–24),35,42.833333333333336,36.86666666666667,42.833333333333336,5.966666666666669,35.0,2.0,0.0,4.600000000000001,0.31666666666666665,0.20464159140276678,23.36,very low recovery time,2026-05-14
24,24,1,Midday (9–15),51,47.81666666666667,46.0,54.81666666666667,8.81666666666667,51.0,4.0,0.0,8.0,0.19,0.27546344511560106,23.18,moderate,2026-05-14
24,24,1,Overnight (0–6),18,36.86666666666667,30.9,40.86666666666667,9.966666666666669,12.0,2.0,0.0,7.600000000000001,0.31666666666666665,0.30059314366140555,29.12,very low recovery time,2026-05-14
24,24,1,PM Peak (15–19),35,54.81666666666667,49.81666666666667,55.0,5.18333333333333,35.0,3.0,1.4000000000000004,6.200000000000003,0.2375,0.18268327067669168,19.27,very low recovery time,2026-05-14
25,25,0,AM Peak (6–9),45,46.0,14.0,46.0,32.0,46.0,4.316666666666666,3.0,7.0,0.1786833855799373,0.5798151839101288,41.04,high schedule variability,2026-05-14
25,25,0,Evening (19–24),57,41.0,13.0,48.0,35.0,55.0,4.0,1.0,8.316666666666666,0.19,0.6014779171678983,42.74,high schedule variability,2026-05-14
25,25,0,Midday (9–15),81,21.833333333333332,12.0,43.0,31.0,78.0,2.316666666666667,1.0,3.316666666666667,0.28643216080402006,0.5720612659162208,44.35,"very low recovery time, high schedule variability",2026-05-14
25,25,0,Overnight (0–6),21,43.0,8.0,48.0,40.0,11.0,4.0,4.0,9.0,0.19,0.6330115524608325,44.63,high schedule variability,2026-05-14
25,25,0,PM Peak (15–19),75,21.833333333333332,14.0,46.0,32.0,72.0,4.316666666666666,2.0,5.316666666666666,0.1786833855799373,0.5798151839101288,41.04,high schedule variability,2026-05-14
25,25,1,AM Peak (6–9),45,41.0,17.683333333333334,42.0,24.316666666666666,43.0,4.0,0.0,7.0,0.19,0.5118579848442324,37.36,high schedule variability,2026-05-14
25,25,1,Evening (19–24),56,40.0,18.683333333333334,48.0,29.316666666666666,55.0,2.0,0.0,7.0,0.31666666666666665,0.5583417978669376,44.58,"very low recovery time, high schedule variability",2026-05-14
25,25,1,Midday (9–15),81,42.0,17.683333333333334,42.0,24.316666666666666,80.0,4.0,4.0,4.0,0.19,0.5118579848442324,37.36,high schedule variability,2026-05-14
25,25,1,Overnight (0–6),19,38.0,10.783333333333333,48.0,37.21666666666667,15.0,0.0,0.0,5.6,0.95,0.6161019754993932,70.22,"no recovery time, high schedule variability",2026-05-14
25,25,1,PM Peak (15–19),77,41.0,19.683333333333334,48.0,28.316666666666666,73.0,4.0,0.0,8.0,0.19,0.5497670204504271,39.64,high schedule variability,2026-05-14
26,26,0,AM Peak (6–9),7,44.0,34.0,44.0,10.0,7.0,12.0,2.0,16.400000000000002,0.07307692307692307,0.30129557095510706,20.64,moderate,2026-05-14
26,26,0,Evening (19–24),12,34.0,27.0,34.0,7.0,10.0,6.5,3.0,20.4,0.12666666666666665,0.2318648559125539,18.35,moderate,2026-05-14
26,26,0,Midday (9–15),13,41.0,41.0,43.400000000000006,2.4000000000000057,13.0,6.0,3.6000000000000005,12.0,0.1357142857142857,0.0937866354044551,10.38,moderate,2026-05-14
26,26,0,Overnight (0–6),6,27.0,27.0,31.0,4.0,5.0,3.0,3.0,3.6,0.2375,0.14711290915777864,17.14,very low recovery time,2026-05-14
26,26,0,PM Peak (15–19),8,45.0,45.0,45.0,0.0,9.0,11.0,9.6,12.4,0.07916666666666666,0.0,2.77,moderate,2026-05-14
26,26,1,AM Peak (6–9),8,39.0,28.0,39.0,11.0,7.0,6.0,1.0,8.4,0.1357142857142857,0.32173150043872484,24.05,moderate,2026-05-14
26,26,1,Evening (19–24),11,36.0,28.0,36.0,8.0,11.0,5.0,1.0,5.0,0.15833333333333333,0.25649246553382504,20.93,moderate,2026-05-14
26,26,1,Midday (9–15),13,40.0,40.0,42.400000000000006,2.4000000000000057,12.0,3.0,3.0,17.9,0.2375,0.0937866354044551,13.94,very low recovery time,2026-05-14
26,26,1,Overnight (0–6),6,28.0,28.0,28.0,0.0,4.0,2.0,1.3,2.0,0.31666666666666665,0.0,11.08,very low recovery time,2026-05-14
26,26,1,PM Peak (15–19),8,51.0,45.1,51.0,5.899999999999999,9.0,8.0,3.6,14.4,0.10555555555555556,0.2028188380886903,15.86,moderate,2026-05-14
27,27,0,AM Peak (6–9),18,20.0,17.0,20.0,3.0,18.0,4.5,3.7,5.0,0.17272727272727273,0.11454753722794964,12.92,moderate,2026-05-14
27,27,0,Evening (19–24),34,16.0,14.0,17.0,3.0,35.0,8.0,6.0,8.0,0.10555555555555556,0.11454753722794964,10.57,moderate,2026-05-14
27,27,0,Midday (9–15),36,22.0,21.0,24.0,3.0,36.0,5.0,3.0,5.0,0.15833333333333333,0.11454753722794964,12.41,moderate,2026-05-14
27,27,0,Overnight (0–6),20,14.0,12.0,17.0,5.0,17.0,6.0,5.6,14.000000000000002,0.1357142857142857,0.17736786094359708,15.39,moderate,2026-05-14
27,27,0,PM Peak (15–19),24,22.5,22.0,24.0,2.0,24.0,5.5,5.0,8.0,0.14615384615384613,0.07939658594680432,9.88,moderate,2026-05-14
27,27,1,AM Peak (6–9),18,20.0,16.0,20.0,4.0,18.0,5.0,3.0,5.0,0.15833333333333333,0.14711290915777864,14.37,moderate,2026-05-14
27,27,1,Evening (19–24),35,17.0,15.0,17.0,2.0,16.0,8.0,3.5,8.0,0.10555555555555556,0.07939658594680432,8.46,moderate,2026-05-14
27,27,1,Midday (9–15),36,19.5,18.0,27.0,9.0,35.0,6.0,4.0,6.0,0.1357142857142857,0.2795899347623486,21.53,moderate,2026-05-14
27,27,1,Overnight (0–6),18,15.0,12.0,16.0,4.0,2.0,6.0,4.4,7.6,0.1357142857142857,0.14711290915777864,13.58,moderate,2026-05-14
27,27,1,PM Peak (15–19),23,24.0,23.0,27.0,4.0,23.0,4.0,4.0,7.0,0.19,0.14711290915777864,15.48,moderate,2026-05-14
28,28,0,AM Peak (6–9),7,14.0,11.0,14.0,3.0,7.0,2.0,2.0,4.4,0.31666666666666665,0.11454753722794964,17.96,very low recovery time,2026-05-14
28,28,0,Evening (19–24),10,12.0,11.0,12.0,1.0,11.0,5.0,4.0,7.0,0.15833333333333333,0.041339396444811924,8.02,moderate,2026-05-14
28,28,0,Midday (9–15),13,13.0,13.0,13.8,0.8000000000000007,13.0,2.0,2.0,2.8000000000000007,0.31666666666666665,0.03334722801167157,13.08,very low recovery time,2026-05-14
28,28,0,Overnight (0–6),3,11.0,11.0,11.0,0.0,3.0,1.0,0.2,3.4000000000000004,0.475,0.0,16.62,no recovery time,2026-05-14
28,28,0,PM Peak (15–19),11,14.0,14.0,14.0,0.0,10.0,4.0,4.0,4.0,0.19,0.0,6.65,moderate,2026-05-14
28,28,1,AM Peak (6–9),7,18.0,14.0,18.0,4.0,6.0,3.0,3.0,3.0,0.2375,0.14711290915777864,17.14,very low recovery time,2026-05-14
28,28,1,Evening (19–24),11,14.0,14.0,14.0,0.0,10.0,0.0,0.0,4.0,0.95,0.0,33.25,no recovery time,2026-05-14
28,28,1,Midday (9–15),13,13.0,13.0,18.8,5.800000000000001,13.0,5.0,0.20000000000000018,5.0,0.15833333333333333,0.20006898930665756,17.55,moderate,2026-05-14
28,28,1,Overnight (0–6),3,14.0,14.0,14.0,0.0,3.0,0.0,0.0,3.2,0.95,0.0,33.25,no recovery time,2026-05-14
28,28,1,PM Peak (15–19),10,19.0,18.5,19.0,0.5,10.0,4.0,3.7,4.599999999999998,0.19,0.021105951878429726,7.92,moderate,2026-05-14
29,29,0,AM Peak (6–9),23,50.0,40.2,52.0,11.799999999999997,21.0,7.0,4.0,10.0,0.11875,0.33723921120320094,24.39,moderate,2026-05-14
29,29,0,Evening (19–24),34,50.0,42.0,50.0,8.0,32.0,4.0,2.0,5.0,0.19,0.25649246553382504,22.04,moderate,2026-05-14
29,29,0,Midday (9–15),46,54.0,54.0,56.0,2.0,45.0,4.0,4.0,4.0,0.19,0.07939658594680432,11.41,moderate,2026-05-14
29,29,0,Overnight (0–6),12,41.0,38.445,42.0,3.5549999999999997,11.0,2.0,2.0,4.0,0.31666666666666665,0.13292204150308473,19.06,very low recovery time,2026-05-14
29,29,0,PM Peak (15–19),30,63.0,57.9,63.0,5.100000000000001,30.0,3.0,2.0,3.0,0.2375,0.18027571580063637,19.13,very low recovery time,2026-05-14
29,29,1,AM Peak (6–9),23,52.0,40.6,54.8,14.199999999999996,17.0,6.0,2.6,9.0,0.1357142857142857,0.3797806900240706,27.54,moderate,2026-05-14
29,29,1,Evening (19–24),35,49.0,41.0,49.0,8.0,34.0,8.0,5.0,9.0,0.10555555555555556,0.25649246553382504,19.08,moderate,2026-05-14
29,29,1,Midday (9–15),46,55.0,55.0,59.0,4.0,45.0,7.0,6.0,7.0,0.11875,0.14711290915777864,12.98,moderate,2026-05-14
29,29,1,Overnight (0–6),12,40.5,34.88,41.0,6.119999999999997,8.0,5.0,4.4,6.499999999999999,0.15833333333333333,0.20880245649948823,18.07,moderate,2026-05-14
29,29,1,PM Peak (15–19),30,65.0,54.9,65.0,10.100000000000001,30.0,5.0,5.0,7.100000000000001,0.15833333333333333,0.30339441273655765,23.75,moderate,2026-05-14
30,30,0,AM Peak (6–9),7,7.0,7.0,7.0,0.0,,10.0,,,0.08636363636363636,0.0,3.02,moderate,2026-05-14
30,30,0,Evening (19–24),11,7.0,7.0,7.0,0.0,,10.0,,,0.08636363636363636,0.0,3.02,moderate,2026-05-14
30,30,0,Midday (9–15),15,7.0,7.0,7.0,0.0,,10.0,,,0.08636363636363636,0.0,3.02,moderate,2026-05-14
30,30,0,Overnight (0–6),3,7.0,7.0,7.0,0.0,,10.0,,,0.08636363636363636,0.0,3.02,moderate,2026-05-14
30,30,0,PM Peak (15–19),9,8.0,8.0,8.0,0.0,,10.0,,,0.08636363636363636,0.0,3.02,moderate,2026-05-14
30,30,1,AM Peak (6–9),8,9.0,9.0,9.0,0.0,7.0,0.0,0.0,0.0,0.95,0.0,33.25,no recovery time,2026-05-14
30,30,1,Evening (19–24),11,9.0,8.0,9.0,1.0,11.0,0.0,0.0,0.0,0.95,0.041339396444811924,35.73,no recovery time,2026-05-14
30,30,1,Midday (9–15),14,9.0,9.0,9.0,0.0,15.0,0.0,0.0,0.0,0.95,0.0,33.25,no recovery time,2026-05-14
30,30,1,Overnight (0–6),4,8.0,7.3,8.0,0.7000000000000002,3.0,0.0,0.0,0.8,0.95,0.029300962745918813,35.01,no recovery time,2026-05-14
30,30,1,PM Peak (15–19),9,10.0,10.0,10.0,0.0,9.0,0.0,0.0,0.0,0.95,0.0,33.25,no recovery time,2026-05-14
31,31,0,AM Peak (6–9),12,19.35,19.35,19.35,0.0,,10.0,,,0.08636363636363636,0.0,3.02,moderate,2026-05-14
31,31,0,Evening (19–24),18,16.5,14.5,16.5,2.0,,10.0,,,0.08636363636363636,0.07939658594680432,7.79,moderate,2026-05-14
31,31,0,Midday (9–15),24,17.5,17.5,17.5,0.0,,10.0,,,0.08636363636363636,0.0,3.02,moderate,2026-05-14
31,31,0,Overnight (0–6),8,14.5,14.5,17.35,2.8500000000000014,,10.0,,,0.08636363636363636,0.10944700460829501,9.59,moderate,2026-05-14
31,31,0,PM Peak (15–19),16,21.35,21.35,21.35,0.0,,10.0,,,0.08636363636363636,0.0,3.02,moderate,2026-05-14
31,31,1,AM Peak (6–9),12,19.116666666666667,19.116666666666667,19.116666666666667,0.0,12.0,4.0,4.0,4.0,0.19,0.0,6.65,moderate,2026-05-14
31,31,1,Evening (19–24),19,15.116666666666667,12.116666666666667,15.116666666666667,3.0,18.0,7.0,4.4,7.0,0.11875,0.11454753722794964,11.03,moderate,2026-05-14
31,31,1,Midday (9–15),24,18.116666666666667,18.116666666666667,18.116666666666667,0.0,24.0,5.0,5.0,5.0,0.15833333333333333,0.0,5.54,moderate,2026-05-14
31,31,1,Overnight (0–6),8,12.116666666666667,12.116666666666667,17.116666666666667,5.0,6.0,7.0,7.0,15.0,0.11875,0.17736786094359708,14.8,moderate,2026-05-14
31,31,1,PM Peak (15–19),16,18.116666666666667,18.116666666666667,18.116666666666667,0.0,16.0,3.0,3.0,3.0,0.2375,0.0,8.31,very low recovery time,2026-05-14
32,32,0,AM Peak (6–9),24,30.0,25.0,30.0,5.0,15.0,8.0,8.0,10.2,0.10555555555555556,0.17736786094359708,14.34,moderate,2026-05-14
32,32,0,Evening (19–24),22,21.0,20.0,21.0,1.0,17.0,8.0,4.0,8.4,0.10555555555555556,0.041339396444811924,6.17,moderate,2026-05-14
32,32,0,Midday (9–15),42,27.0,27.0,34.0,7.0,36.0,8.0,7.0,10.0,0.10555555555555556,0.2318648559125539,17.61,moderate,2026-05-14
32,32,0,Overnight (0–6),8,21.5,20.0,25.0,5.0,6.0,4.0,4.0,4.0,0.19,0.17736786094359708,17.29,moderate,2026-05-14
32,32,0,PM Peak (15–19),24,30.0,28.6,34.0,5.399999999999999,24.0,8.0,8.0,12.0,0.10555555555555556,0.18887722980062963,15.03,moderate,2026-05-14
32,32,1,AM Peak (6–9),18,30.0,29.1,30.0,0.8999999999999986,14.0,7.0,7.0,9.100000000000003,0.11875,0.03735990037359896,6.4,moderate,2026-05-14
32,32,1,Evening (19–24),20,23.0,20.0,23.0,3.0,21.0,8.0,1.0,10.0,0.10555555555555556,0.11454753722794964,10.57,moderate,2026-05-14
32,32,1,Midday (9–15),38,28.0,28.0,31.0,3.0,38.0,7.0,7.0,7.300000000000004,0.11875,0.11454753722794964,11.03,moderate,2026-05-14
32,32,1,Overnight (0–6),5,20.0,20.0,20.0,0.0,5.0,1.0,1.0,1.0,0.475,0.0,16.62,no recovery time,2026-05-14
32,32,1,PM Peak (15–19),24,28.5,28.0,31.0,3.0,24.0,7.0,7.0,10.0,0.11875,0.11454753722794964,11.03,moderate,2026-05-14
33,33,0,AM Peak (6–9),10,16.0,12.771666666666667,17.0,4.2283333333333335,9.0,4.0,3.2,6.2,0.19,0.15421554920673522,15.9,moderate,2026-05-14
33,33,0,Evening (19–24),10,12.0,11.0,12.0,1.0,10.0,6.0,6.0,7.0,0.1357142857142857,0.041339396444811924,7.23,moderate,2026-05-14
33,33,0,Midday (9–15),12,14.0,14.0,14.0,0.0,12.0,2.0,1.1,2.0,0.31666666666666665,0.0,11.08,very low recovery time,2026-05-14
33,33,0,Overnight (0–6),4,10.858333333333334,5.7,11.0,5.3,3.0,7.0,3.8,7.8,0.11875,0.1860301860301861,15.32,moderate,2026-05-14
33,33,0,PM Peak (15–19),14,15.0,12.0,15.0,3.0,13.0,5.0,5.0,5.0,0.15833333333333333,0.11454753722794964,12.41,moderate,2026-05-14
33,33,1,AM Peak (6–9),9,15.0,11.0,15.0,4.0,9.0,0.0,0.0,1.0000000000000009,0.95,0.14711290915777864,42.08,no recovery time,2026-05-14
33,33,1,Evening (19–24),10,12.0,11.0,12.0,1.0,10.0,0.0,0.0,1.0,0.95,0.041339396444811924,35.73,no recovery time,2026-05-14
33,33,1,Midday (9–15),12,14.0,14.0,14.0,0.0,12.0,0.0,0.0,0.0,0.95,0.0,33.25,no recovery time,2026-05-14
33,33,1,Overnight (0–6),3,11.0,11.0,11.0,0.0,3.0,0.0,0.0,0.8,0.95,0.0,33.25,no recovery time,2026-05-14
33,33,1,PM Peak (15–19),13,16.0,16.0,16.0,0.0,13.0,0.0,0.0,0.0,0.95,0.0,33.25,no recovery time,2026-05-14
34,34,0,AM Peak (6–9),10,88.0,73.6,90.1,16.5,7.0,15.0,14.0,18.8,0.059375,0.41572184429327297,27.02,moderate,2026-05-14
34,34,0,Evening (19–24),16,63.5,53.0,71.0,18.0,13.0,12.0,10.0,23.400000000000002,0.07307692307692307,0.43699927166788066,28.78,moderate,2026-05-14
34,34,0,Midday (9–15),19,86.0,86.0,102.0,16.0,18.0,17.0,13.0,19.900000000000002,0.05277777777777778,0.4082674151569279,26.34,moderate,2026-05-14
34,34,0,Overnight (0–6),6,53.0,43.0,61.0,18.0,4.0,10.0,10.0,10.0,0.08636363636363636,0.43699927166788066,29.24,moderate,2026-05-14
34,34,0,PM Peak (15–19),13,97.0,80.4,102.0,21.599999999999994,12.0,16.0,16.0,19.8,0.055882352941176466,0.4822505023442733,30.89,high schedule variability,2026-05-14
34,34,1,AM Peak (6–9),10,86.0,75.5,88.0,12.5,5.0,27.0,27.0,28.8,0.033928571428571426,0.3502381619501262,22.2,moderate,2026-05-14
34,34,1,Evening (19–24),15,64.0,58.0,72.0,14.0,16.0,25.0,19.0,28.0,0.036538461538461534,0.3764452809895134,23.87,moderate,2026-05-14
34,34,1,Midday (9–15),20,88.0,88.0,107.0,19.0,19.0,28.0,21.2,32.2,0.03275862068965517,0.4503436833372838,28.17,moderate,2026-05-14
34,34,1,Overnight (0–6),5,58.0,52.0,64.0,12.0,5.0,19.0,14.4,19.0,0.0475,0.3410059676044332,22.12,moderate,2026-05-14
34,34,1,PM Peak (15–19),12,97.5,79.8,106.9,27.10000000000001,12.0,35.0,20.3,35.0,0.02638888888888889,0.5388745277391134,33.26,high schedule variability,2026-05-14
35,35,0,AM Peak (6–9),26,47.0,43.5,50.0,6.5,26.0,8.0,7.0,12.0,0.10555555555555556,0.21892893230043792,16.83,moderate,2026-05-14
35,35,0,Evening (19–24),48,39.0,36.0,43.0,7.0,28.0,6.0,5.0,12.0,0.1357142857142857,0.2318648559125539,18.66,moderate,2026-05-14
35,35,0,Midday (9–15),44,48.0,44.0,61.7,17.700000000000003,41.0,7.0,6.0,10.0,0.11875,0.4328686720469554,30.13,moderate,2026-05-14
35,35,0,Overnight (0–6),23,37.0,32.2,43.6,11.399999999999999,4.0,11.5,10.3,12.0,0.076,0.3295750216825673,22.43,moderate,2026-05-14
35,35,0,PM Peak (15–19),37,56.0,46.2,62.8,16.599999999999994,32.0,11.5,10.0,16.0,0.076,0.41719024880623273,27.69,moderate,2026-05-14
35,35,1,AM Peak (6–9),26,47.0,41.0,52.0,11.0,26.0,11.0,2.5,15.5,0.07916666666666666,0.32173150043872484,22.07,moderate,2026-05-14
35,35,1,Evening (19–24),48,41.0,35.0,44.0,9.0,48.0,10.0,6.0,16.0,0.08636363636363636,0.2795899347623486,19.8,moderate,2026-05-14
35,35,1,Midday (9–15),45,53.0,48.0,58.6,10.600000000000001,42.0,12.0,4.0,16.0,0.07307692307692307,0.31370227878070445,21.38,moderate,2026-05-14
35,35,1,Overnight (0–6),22,37.0,32.0,45.800000000000004,13.800000000000004,16.0,8.0,2.0,13.5,0.10555555555555556,0.37307380373073823,26.08,moderate,2026-05-14
35,35,1,PM Peak (15–19),35,54.0,51.4,62.0,10.600000000000001,30.0,11.5,10.0,16.1,0.076,0.31370227878070445,21.48,moderate,2026-05-14
36,36,0,AM Peak (6–9),41,24.0,21.0,24.0,3.0,40.0,3.0,2.0,4.0,0.2375,0.11454753722794964,15.19,very low recovery time,2026-05-14
36,36,0,Evening (19–24),49,22.0,18.0,22.0,4.0,51.0,6.0,1.0,6.0,0.1357142857142857,0.14711290915777864,13.58,moderate,2026-05-14
36,36,0,Midday (9–15),78,22.0,22.0,31.0,9.0,76.0,2.0,2.0,5.0,0.31666666666666665,0.2795899347623486,27.86,very low recovery time,2026-05-14
36,36,0,Overnight (0–6),19,18.0,17.0,21.0,4.0,15.0,1.0,1.0,5.199999999999999,0.475,0.14711290915777864,25.45,no recovery time,2026-05-14
36,36,0,PM Peak (15–19),53,31.0,25.0,31.0,6.0,55.0,5.0,3.0,5.0,0.15833333333333333,0.20554984583761568,17.87,moderate,2026-05-14
36,36,1,AM Peak (6–9),40,23.0,18.0,23.0,5.0,39.0,4.0,2.0,4.0,0.19,0.17736786094359708,17.29,moderate,2026-05-14
36,36,1,Evening (19–24),51,20.0,19.0,20.0,1.0,47.0,7.0,2.0,8.0,0.11875,0.041339396444811924,6.64,moderate,2026-05-14
36,36,1,Midday (9–15),76,22.0,22.0,23.0,1.0,73.0,2.0,2.0,6.0,0.31666666666666665,0.041339396444811924,13.56,very low recovery time,2026-05-14
36,36,1,Overnight (0–6),24,18.0,15.3,19.0,3.6999999999999993,18.0,2.0,2.0,5.300000000000001,0.31666666666666665,0.13759761993306063,19.34,very low recovery time,2026-05-14
36,36,1,PM Peak (15–19),56,23.0,21.0,23.0,2.0,49.0,6.0,5.0,6.200000000000003,0.1357142857142857,0.07939658594680432,9.51,moderate,2026-05-14
37,37,0,AM Peak (6–9),18,45.0,36.0,54.0,18.0,18.0,8.0,7.4,10.3,0.10555555555555556,0.43699927166788066,29.91,moderate,2026-05-14
37,37,0,Evening (19–24),25,34.0,31.0,49.0,18.0,25.0,8.0,3.0,9.0,0.10555555555555556,0.43699927166788066,29.91,moderate,2026-05-14
37,37,0,Midday (9–15),36,50.0,39.0,55.0,16.0,35.0,8.0,8.0,11.0,0.10555555555555556,0.4082674151569279,28.19,moderate,2026-05-14
37,37,0,Overnight (0–6),16,36.0,29.0,47.5,18.5,12.0,9.0,8.0,9.0,0.095,0.44375149916047024,29.95,moderate,2026-05-14
37,37,0,PM Peak (15–19),26,49.0,39.0,61.0,22.0,24.0,8.0,7.300000000000001,9.0,0.10555555555555556,0.48683337021464934,32.9,high schedule variability,2026-05-14
37,37,1,AM Peak (6–9),19,47.0,34.0,53.0,19.0,17.0,12.0,3.0,16.8,0.07307692307692307,0.4503436833372838,29.58,moderate,2026-05-14
37,37,1,Evening (19–24),25,46.0,33.0,49.0,16.0,25.0,5.0,2.0,12.0,0.15833333333333333,0.4082674151569279,30.04,moderate,2026-05-14
37,37,1,Midday (9–15),38,50.0,39.0,53.0,14.0,36.0,11.0,4.0,15.0,0.07916666666666666,0.3764452809895134,25.36,moderate,2026-05-14
37,37,1,Overnight (0–6),15,33.0,27.8,46.0,18.2,13.0,2.0,0.40000000000000036,5.0,0.31666666666666665,0.4397197390674077,37.47,very low recovery time,2026-05-14
37,37,1,PM Peak (15–19),24,53.5,42.0,62.0,20.0,24.0,9.0,9.0,17.0,0.095,0.4630701551285021,31.11,moderate,2026-05-14
38,38,0,AM Peak (6–9),14,46.0,41.0,48.0,7.0,13.0,10.0,6.4,10.8,0.08636363636363636,0.2318648559125539,16.93,moderate,2026-05-14
38,38,0,Evening (19–24),21,46.0,41.0,46.0,5.0,20.0,8.0,7.9,14.0,0.10555555555555556,0.17736786094359708,14.34,moderate,2026-05-14
38,38,0,Midday (9–15),29,47.0,47.0,47.0,0.0,30.0,11.0,10.0,11.0,0.07916666666666666,0.0,2.77,moderate,2026-05-14
38,38,0,Overnight (0–6),11,41.0,35.93333333333333,41.0,5.06666666666667,7.0,8.0,0.6000000000000001,8.8,0.10555555555555556,0.17930871770673604,14.45,moderate,2026-05-14
38,38,0,PM Peak (15–19),20,52.0,52.0,52.0,0.0,19.0,13.0,7.0,13.0,0.06785714285714285,0.0,2.38,moderate,2026-05-14
38,38,1,AM Peak (6–9),14,53.0,45.0,53.0,8.0,12.0,9.0,6.300000000000001,9.0,0.095,0.25649246553382504,18.71,moderate,2026-05-14
38,38,1,Evening (19–24),21,46.0,42.0,46.0,4.0,19.0,8.0,7.8,13.0,0.10555555555555556,0.14711290915777864,12.52,moderate,2026-05-14
38,38,1,Midday (9–15),30,51.0,51.0,51.0,0.0,30.0,11.0,9.0,11.0,0.07916666666666666,0.0,2.77,moderate,2026-05-14
38,38,1,Overnight (0–6),10,43.5,42.0,45.0,3.0,7.0,9.0,6.0,9.0,0.095,0.11454753722794964,10.2,moderate,2026-05-14
38,38,1,PM Peak (15–19),20,54.0,54.0,54.0,0.0,21.0,13.0,12.0,13.0,0.06785714285714285,0.0,2.38,moderate,2026-05-14
39,39,0,AM Peak (6–9),33,47.0,7.2933333333333366,55.8,48.50666666666666,31.0,5.0,0.0,9.0,0.15833333333333333,0.6765540006508903,46.13,high schedule variability,2026-05-14
39,39,0,Evening (19–24),37,42.0,22.14666666666667,50.0,27.85333333333333,37.0,6.0,0.0,13.399999999999999,0.1357142857142857,0.5456801410566187,37.49,high schedule variability,2026-05-14
39,39,0,Midday (9–15),49,53.0,30.600000000000005,60.400000000000006,29.8,47.0,6.0,4.6000000000000005,12.0,0.1357142857142857,0.5623702585393471,38.49,high schedule variability,2026-05-14
39,39,0,Overnight (0–6),27,35.0,2.8666666666666667,41.400000000000006,38.53333333333334,24.0,1.0,0.0,14.0,0.475,0.6242911918777341,54.08,"no recovery time, high schedule variability",2026-05-14
39,39,0,PM Peak (15–19),39,54.0,32.0,67.0,35.0,41.0,8.0,2.0,8.0,0.10555555555555556,0.6014779171678983,39.78,high schedule variability,2026-05-14
39,39,1,AM Peak (6–9),31,49.0,28.0,58.0,30.0,26.0,11.0,6.5,13.0,0.07916666666666666,0.5640157924421885,36.61,high schedule variability,2026-05-14
39,39,1,Evening (19–24),35,39.0,33.0,44.6,11.600000000000001,34.0,7.0,4.300000000000001,7.699999999999999,0.11875,0.33342914630641,24.16,moderate,2026-05-14
39,39,1,Midday (9–15),47,53.0,31.0,56.8,25.799999999999997,42.0,8.0,7.0,11.899999999999999,0.10555555555555556,0.5266380894060013,35.29,high schedule variability,2026-05-14
39,39,1,Overnight (0–6),23,36.0,3.15,40.0,36.85,15.0,8.0,5.4,12.6,0.10555555555555556,0.6137574950033312,40.52,high schedule variability,2026-05-14
39,39,1,PM Peak (15–19),41,51.0,30.0,59.0,29.0,37.0,14.0,10.0,15.0,0.06333333333333332,0.555662004215367,35.56,high schedule variability,2026-05-14
40,40,0,AM Peak (6–9),16,22.0,14.5,37.0,22.5,15.0,12.0,8.4,12.0,0.07307692307692307,0.49244911359159566,32.1,high schedule variability,2026-05-14
40,40,0,Evening (19–24),20,22.5,12.0,31.000000000000014,19.000000000000014,19.0,6.0,4.2,11.599999999999998,0.1357142857142857,0.45034368333728403,31.77,moderate,2026-05-14
40,40,0,Midday (9–15),32,27.5,17.0,35.0,18.0,33.0,9.0,9.0,9.0,0.095,0.43699927166788066,29.54,moderate,2026-05-14
40,40,0,Overnight (0–6),9,22.55,10.003333333333334,25.4,15.396666666666665,6.0,6.0,6.0,6.5,0.1357142857142857,0.39901520387007605,28.69,moderate,2026-05-14
40,40,0,PM Peak (15–19),20,30.0,20.0,40.0,20.0,20.0,8.0,6.0,8.0,0.10555555555555556,0.4630701551285021,31.48,moderate,2026-05-14
40,40,1,AM Peak (6–9),16,22.5,12.0,36.0,24.0,16.0,2.0,0.0,9.0,0.31666666666666665,0.508582326764145,41.6,"very low recovery time, high schedule variability",2026-05-14
40,40,1,Evening (19–24),20,23.0,12.0,33.20000000000002,21.200000000000017,20.0,2.0,0.0,10.600000000000009,0.31666666666666665,0.4775850416760535,39.74,very low recovery time,2026-05-14
40,40,1,Midday (9–15),33,20.0,18.0,37.0,19.0,33.0,6.0,0.0,7.0,0.1357142857142857,0.4503436833372838,31.77,moderate,2026-05-14
40,40,1,Overnight (0–6),8,24.541666666666664,12.0,27.2,15.2,7.0,3.0,0.0,8.200000000000005,0.2375,0.3959364417817141,32.07,very low recovery time,2026-05-14
40,40,1,PM Peak (15–19),20,32.0,20.0,44.0,24.0,19.0,1.0,0.0,4.0,0.475,0.508582326764145,47.14,"no recovery time, high schedule variability",2026-05-14
41,41,0,AM Peak (6–9),18,70.5,64.0,71.0,7.0,18.0,8.0,8.0,11.3,0.10555555555555556,0.2318648559125539,17.61,moderate,2026-05-14
41,41,0,Evening (19–24),23,61.0,49.0,61.0,12.0,24.0,8.0,8.0,9.0,0.10555555555555556,0.3410059676044332,24.15,moderate,2026-05-14
41,41,0,Midday (9–15),37,67.0,67.0,77.0,10.0,36.0,8.0,8.0,8.0,0.10555555555555556,0.30129557095510706,21.77,moderate,2026-05-14
41,41,0,Overnight (0–6),15,45.983333333333334,44.02666666666667,60.0,15.97333333333333,8.0,9.0,0.0,12.899999999999999,0.095,0.40786449910630695,27.8,moderate,2026-05-14
41,41,0,PM Peak (15–19),25,77.0,65.4,77.0,11.599999999999994,24.0,8.0,8.0,8.0,0.10555555555555556,0.33342914630640985,23.7,moderate,2026-05-14
41,41,1,AM Peak (6–9),19,67.0,62.8,67.0,4.200000000000003,18.0,4.0,4.0,8.0,0.19,0.15334063526834626,15.85,moderate,2026-05-14
41,41,1,Evening (19–24),24,58.0,51.0,58.0,7.0,22.0,4.5,3.0,12.0,0.17272727272727273,0.2318648559125539,19.96,moderate,2026-05-14
41,41,1,Midday (9–15),37,66.0,66.0,75.0,9.0,36.0,9.0,7.5,9.0,0.095,0.2795899347623486,20.1,moderate,2026-05-14
41,41,1,Overnight (0–6),12,51.4,45.1,61.75,16.65,6.0,2.0,0.0,12.0,0.31666666666666665,0.41792168674698804,36.16,very low recovery time,2026-05-14
41,41,1,PM Peak (15–19),24,75.0,65.5,75.0,9.5,24.0,10.0,10.0,10.0,0.08636363636363636,0.2906087488528603,20.46,moderate,2026-05-14
42,42,0,AM Peak (6–9),22,49.0,11.6,50.0,38.4,16.0,6.0,0.0,6.0,0.1357142857142857,0.623477837311252,42.16,high schedule variability,2026-05-14
42,42,0,Evening (19–24),19,43.0,42.0,43.599999999999994,1.5999999999999943,18.0,5.0,2.7,5.300000000000001,0.15833333333333333,0.0645421540943927,9.41,moderate,2026-05-14
42,42,0,Midday (9–15),25,46.0,46.0,47.2,1.2000000000000028,23.0,6.0,2.2,6.0,0.1357142857142857,0.04920049200492018,7.7,moderate,2026-05-14
42,42,0,Overnight (0–6),4,42.0,42.0,42.0,0.0,3.0,4.0,4.0,7.2,0.19,0.0,6.65,moderate,2026-05-14
42,42,0,PM Peak (15–19),26,54.0,52.5,54.0,1.5,24.0,6.0,4.300000000000001,6.0,0.1357142857142857,0.06075334143377888,8.4,moderate,2026-05-14
42,42,1,AM Peak (6–9),21,52.0,46.0,52.0,6.0,19.0,6.0,2.0,10.0,0.1357142857142857,0.20554984583761568,17.08,moderate,2026-05-14
42,42,1,Evening (19–24),19,42.0,38.0,42.599999999999994,4.599999999999994,17.0,6.0,3.2,8.0,0.1357142857142857,0.16552716804605963,14.68,moderate,2026-05-14
42,42,1,Midday (9–15),23,46.0,46.0,46.0,0.0,23.0,14.0,10.8,14.0,0.06333333333333332,0.0,2.22,moderate,2026-05-14
42,42,1,Overnight (0–6),7,52.0,38.0,52.0,14.0,4.0,4.0,4.0,6.800000000000001,0.19,0.3764452809895134,29.24,moderate,2026-05-14
42,42,1,PM Peak (15–19),25,52.0,52.0,52.0,0.0,24.0,8.0,7.300000000000001,8.0,0.10555555555555556,0.0,3.69,moderate,2026-05-14
43,43,0,AM Peak (6–9),39,25.0,22.0,38.0,16.0,37.0,4.0,1.0,8.0,0.19,0.4082674151569279,31.15,moderate,2026-05-14
43,43,0,Evening (19–24),38,32.0,26.0,33.50000000000002,7.500000000000021,36.0,10.0,8.0,10.0,0.08636363636363636,0.24437927663734174,17.69,moderate,2026-05-14
43,43,0,Midday (9–15),56,38.0,25.0,43.0,18.0,54.0,7.0,6.0,10.0,0.11875,0.43699927166788066,30.38,moderate,2026-05-14
43,43,0,Overnight (0–6),18,27.0,25.5,30.0,4.5,17.0,10.0,4.0,10.0,0.08636363636363636,0.162513542795233,12.77,moderate,2026-05-14
43,43,0,PM Peak (15–19),47,37.0,26.0,43.0,17.0,46.0,10.0,3.5,10.0,0.08636363636363636,0.42299079372978365,28.4,moderate,2026-05-14
43,43,1,AM Peak (6–9),39,24.0,17.0,36.0,19.0,35.0,4.0,0.0,12.0,0.19,0.4503436833372838,33.67,moderate,2026-05-14
43,43,1,Evening (19–24),38,32.0,24.0,37.0,13.0,36.0,7.0,4.0,9.0,0.11875,0.3592152528322742,25.71,moderate,2026-05-14
43,43,1,Midday (9–15),55,37.0,24.0,42.0,18.0,54.0,4.0,0.3000000000000007,8.0,0.19,0.43699927166788066,32.87,moderate,2026-05-14
43,43,1,Overnight (0–6),22,27.0,3.85,27.0,23.15,18.0,6.0,0.0,8.0,0.1357142857142857,0.4995684074233924,34.72,high schedule variability,2026-05-14
43,43,1,PM Peak (15–19),47,37.0,20.0,42.0,22.0,45.0,5.0,2.0,13.0,0.15833333333333333,0.48683337021464934,34.75,high schedule variability,2026-05-14
44,44,0,AM Peak (6–9),22,22.0,19.0,22.0,3.0,21.0,4.0,0.0,5.0,0.19,0.11454753722794964,13.52,moderate,2026-05-14
44,44,0,Evening (19–24),30,18.0,15.0,18.0,3.0,28.0,1.0,1.0,3.0,0.475,0.11454753722794964,23.5,no recovery time,2026-05-14
44,44,0,Midday (9–15),48,21.0,21.0,21.0,0.0,48.0,4.0,4.0,5.0,0.19,0.0,6.65,moderate,2026-05-14
44,44,0,Overnight (0–6),16,15.0,15.0,18.683333333333334,3.6833333333333336,13.0,3.0,0.0,4.600000000000001,0.2375,0.1370627635822377,16.54,very low recovery time,2026-05-14
44,44,0,PM Peak (15–19),32,23.0,23.0,23.0,0.0,31.0,2.0,1.0,3.0,0.31666666666666665,0.0,11.08,very low recovery time,2026-05-14
44,44,1,AM Peak (6–9),22,18.0,16.0,18.0,2.0,22.0,6.0,5.0,6.0,0.1357142857142857,0.07939658594680432,9.51,moderate,2026-05-14
44,44,1,Evening (19–24),30,16.0,14.0,16.0,2.0,31.0,5.0,5.0,8.0,0.15833333333333333,0.07939658594680432,10.31,moderate,2026-05-14
44,44,1,Midday (9–15),50,18.0,18.0,18.0,0.0,48.0,6.0,5.0,6.0,0.1357142857142857,0.0,4.75,moderate,2026-05-14
44,44,1,Overnight (0–6),18,14.0,14.0,16.0,2.0,13.0,5.0,1.0,8.0,0.15833333333333333,0.07939658594680432,10.31,moderate,2026-05-14
44,44,1,PM Peak (15–19),33,20.0,20.0,20.0,0.0,30.0,6.0,6.0,6.0,0.1357142857142857,0.0,4.75,moderate,2026-05-14
45,45,0,AM Peak (6–9),18,35.4,30.7,46.1,15.400000000000002,18.0,4.0,4.0,8.0,0.19,0.39906711583311755,30.59,moderate,2026-05-14
45,45,0,Evening (19–24),30,34.8,32.13333333333333,34.8,2.6666666666666643,30.0,5.0,5.0,8.0,0.15833333333333333,0.10313265437669197,11.73,moderate,2026-05-14
45,45,0,Midday (9–15),45,41.45,32.0,41.45,9.450000000000003,38.0,8.0,8.0,8.0,0.10555555555555556,0.28952205882352955,21.07,moderate,2026-05-14
45,45,0,Overnight (0–6),19,32.13333333333333,31.166666666666668,34.46666666666666,3.2999999999999936,13.0,7.0,4.0,8.0,0.11875,0.12457531143827842,11.63,moderate,2026-05-14
45,45,0,PM Peak (15–19),24,38.05,38.0,46.1,8.100000000000001,24.0,8.0,8.0,8.0,0.10555555555555556,0.25886864813039323,19.23,moderate,2026-05-14
45,45,1,AM Peak (6–9),18,34.0,31.7,39.11666666666667,7.416666666666668,9.0,7.0,4.8,8.0,0.11875,0.24232193421912449,18.7,moderate,2026-05-14
45,45,1,Evening (19–24),30,34.28333333333333,31.333333333333332,35.233333333333334,3.900000000000002,,10.0,,,0.08636363636363636,0.14396456256921386,11.66,moderate,2026-05-14
45,45,1,Midday (9–15),46,38.11666666666667,32.0,38.11666666666667,6.116666666666667,22.0,8.0,7.1,8.0,0.10555555555555556,0.20871246587807105,16.22,moderate,2026-05-14
45,45,1,Overnight (0–6),20,31.333333333333332,30.595,32.88333333333333,2.288333333333334,1.0,5.0,5.0,5.0,0.15833333333333333,0.08981487538431353,10.93,moderate,2026-05-14
45,45,1,PM Peak (15–19),24,38.733333333333334,33.0,45.016666666666666,12.016666666666666,12.0,11.0,11.0,11.0,0.07916666666666666,0.3413179322098088,23.25,moderate,2026-05-14
46,46,0,AM Peak (6–9),14,47.0,45.0,47.0,2.0,11.0,5.0,4.0,8.0,0.15833333333333333,0.07939658594680432,10.31,moderate,2026-05-14
46,46,0,Evening (19–24),14,42.0,42.0,42.0,0.0,14.0,4.0,4.0,6.800000000000004,0.19,0.0,6.65,moderate,2026-05-14
46,46,0,Midday (9–15),20,45.0,45.0,47.0,2.0,19.0,3.0,1.6,3.0,0.2375,0.07939658594680432,13.08,very low recovery time,2026-05-14
46,46,0,Overnight (0–6),7,47.0,42.0,47.0,5.0,5.0,4.0,4.0,5.0,0.19,0.17736786094359708,17.29,moderate,2026-05-14
46,46,0,PM Peak (15–19),18,47.0,44.0,47.0,3.0,18.0,5.0,4.7,7.300000000000001,0.15833333333333333,0.11454753722794964,12.41,moderate,2026-05-14
46,46,1,AM Peak (6–9),12,47.0,45.0,47.0,2.0,13.0,5.0,2.0,5.0,0.15833333333333333,0.07939658594680432,10.31,moderate,2026-05-14
46,46,1,Evening (19–24),17,44.0,44.0,44.0,0.0,13.0,2.0,1.2000000000000002,2.0,0.31666666666666665,0.0,11.08,very low recovery time,2026-05-14
46,46,1,Midday (9–15),20,45.0,45.0,47.0,2.0,19.0,2.0,2.0,2.0,0.31666666666666665,0.07939658594680432,15.85,very low recovery time,2026-05-14
46,46,1,Overnight (0–6),9,46.4,44.0,47.0,3.0,5.0,2.0,1.0,5.0,0.31666666666666665,0.11454753722794964,17.96,very low recovery time,2026-05-14
46,46,1,PM Peak (15–19),20,47.0,47.0,47.0,0.0,17.0,5.0,1.2000000000000002,5.0,0.15833333333333333,0.0,5.54,moderate,2026-05-14
47,47,0,AM Peak (6–9),61,15.0,6.0,18.0,12.0,57.0,2.0,1.0,2.0,0.31666666666666665,0.3410059676044332,31.54,very low recovery time,2026-05-14
47,47,0,Evening (19–24),71,7.0,6.0,14.0,8.0,71.0,2.0,1.0,2.0,0.31666666666666665,0.25649246553382504,26.47,very low recovery time,2026-05-14
47,47,0,Midday (9–15),104,12.0,7.0,16.0,9.0,104.0,1.5,1.0,2.0,0.38,0.2795899347623486,30.08,very low recovery time,2026-05-14
47,47,0,Overnight (0–6),30,11.0,6.0,17.400000000000006,11.400000000000006,28.0,2.0,0.0,2.3000000000000007,0.31666666666666665,0.3295750216825674,30.86,very low recovery time,2026-05-14
47,47,0,PM Peak (15–19),92,8.0,8.0,17.0,9.0,96.0,2.0,1.0,2.0,0.31666666666666665,0.2795899347623486,27.86,very low recovery time,2026-05-14
47,47,1,AM Peak (6–9),57,10.0,8.0,18.0,10.0,52.0,2.0,2.0,7.0,0.31666666666666665,0.30129557095510706,29.16,very low recovery time,2026-05-14
47,47,1,Evening (19–24),73,14.0,7.0,14.0,7.0,73.0,2.0,2.0,7.0,0.31666666666666665,0.2318648559125539,25.0,very low recovery time,2026-05-14
47,47,1,Midday (9–15),103,10.0,9.0,17.0,8.0,99.0,3.0,2.0,6.0,0.2375,0.25649246553382504,23.7,very low recovery time,2026-05-14
47,47,1,Overnight (0–6),29,14.0,7.0,16.599999999999994,9.599999999999994,24.0,2.5,2.0,8.0,0.2714285714285714,0.29277218664226895,27.07,very low recovery time,2026-05-14
47,47,1,PM Peak (15–19),97,14.0,10.0,23.0,13.0,93.0,3.0,3.0,6.0,0.2375,0.3592152528322742,29.87,very low recovery time,2026-05-14
48,48,0,AM Peak (6–9),8,26.0,21.0,26.0,5.0,8.0,5.0,4.0,6.8999999999999995,0.15833333333333333,0.17736786094359708,16.18,moderate,2026-05-14
48,48,0,Evening (19–24),11,22.0,19.0,22.0,3.0,7.0,8.0,7.6,10.000000000000002,0.10555555555555556,0.11454753722794964,10.57,moderate,2026-05-14
48,48,0,Midday (9–15),16,21.0,21.0,22.5,1.5,15.0,4.0,4.0,5.799999999999999,0.19,0.06075334143377888,10.3,moderate,2026-05-14
48,48,0,Overnight (0–6),5,19.0,19.0,21.0,2.0,1.0,2.0,2.0,2.0,0.31666666666666665,0.07939658594680432,15.85,very low recovery time,2026-05-14
48,48,0,PM Peak (15–19),10,23.0,22.8,23.0,0.1999999999999993,8.0,7.0,7.0,7.0,0.11875,0.00855066267635739,4.67,moderate,2026-05-14
48,48,1,AM Peak (6–9),8,25.0,19.0,25.0,6.0,8.0,5.0,3.1,10.0,0.15833333333333333,0.20554984583761568,17.87,moderate,2026-05-14
48,48,1,Evening (19–24),11,20.0,18.0,20.0,2.0,11.0,0.0,0.0,2.0,0.95,0.07939658594680432,38.01,no recovery time,2026-05-14
48,48,1,Midday (9–15),14,21.0,21.0,23.800000000000004,2.8000000000000043,14.0,4.0,4.0,5.0,0.19,0.10773374374759541,13.11,moderate,2026-05-14
48,48,1,Overnight (0–6),4,18.0,18.0,18.7,0.6999999999999993,3.0,2.0,2.0,2.0,0.31666666666666665,0.029300962745918778,12.84,very low recovery time,2026-05-14
48,48,1,PM Peak (15–19),8,25.0,25.0,25.0,0.0,8.0,5.0,3.5000000000000004,5.0,0.15833333333333333,0.0,5.54,moderate,2026-05-14
49,49,0,AM Peak (6–9),11,18.0,17.0,18.0,1.0,11.0,3.0,3.0,3.0,0.2375,0.041339396444811924,10.79,very low recovery time,2026-05-14
49,49,0,Evening (19–24),10,13.0,11.0,13.0,2.0,10.0,6.0,6.0,8.0,0.1357142857142857,0.07939658594680432,9.51,moderate,2026-05-14
49,49,0,Midday (9–15),12,14.0,14.0,14.0,0.0,12.0,5.0,5.0,5.0,0.15833333333333333,0.0,5.54,moderate,2026-05-14
49,49,0,Overnight (0–6),9,11.0,7.633333333333334,14.0,6.366666666666666,7.0,8.0,6.800000000000001,10.0,0.10555555555555556,0.215405435885869,16.62,moderate,2026-05-14
49,49,0,PM Peak (15–19),15,16.0,16.0,16.0,0.0,12.0,5.0,5.0,5.0,0.15833333333333333,0.0,5.54,moderate,2026-05-14
49,49,1,AM Peak (6–9),12,11.0,9.2,11.0,1.8000000000000007,11.0,0.0,0.0,1.0,0.95,0.0720288115246099,37.57,no recovery time,2026-05-14
49,49,1,Evening (19–24),10,10.5,9.0,11.0,2.0,10.0,0.0,0.0,2.0,0.95,0.07939658594680432,38.01,no recovery time,2026-05-14
49,49,1,Midday (9–15),12,11.0,11.0,11.0,0.0,12.0,0.0,0.0,0.0,0.95,0.0,33.25,no recovery time,2026-05-14
49,49,1,Overnight (0–6),6,9.0,8.0,9.0,1.0,7.0,2.0,1.2000000000000002,3.4000000000000004,0.31666666666666665,0.041339396444811924,13.56,very low recovery time,2026-05-14
49,49,1,PM Peak (15–19),15,13.0,13.0,13.0,0.0,15.0,0.0,0.0,0.0,0.95,0.0,33.25,no recovery time,2026-05-14
50,50,0,AM Peak (6–9),13,19.0,15.0,19.0,4.0,12.0,6.0,3.1,7.0,0.1357142857142857,0.14711290915777864,13.58,moderate,2026-05-14
50,50,0,Evening (19–24),15,16.0,13.0,16.0,3.0,15.0,3.0,3.0,3.0,0.2375,0.11454753722794964,15.19,very low recovery time,2026-05-14
50,50,0,Midday (9–15),16,17.0,17.0,17.0,0.0,16.0,7.0,7.0,7.0,0.11875,0.0,4.16,moderate,2026-05-14
50,50,0,Overnight (0–6),9,13.0,11.0,15.0,4.0,8.0,4.0,3.0,5.0,0.19,0.14711290915777864,15.48,moderate,2026-05-14
50,50,0,PM Peak (15–19),16,19.0,19.0,19.0,0.0,16.0,7.0,7.0,9.0,0.11875,0.0,4.16,moderate,2026-05-14
50,50,1,AM Peak (6–9),12,19.0,14.0,20.0,6.0,12.0,2.0,2.0,2.0,0.31666666666666665,0.20554984583761568,23.42,very low recovery time,2026-05-14
50,50,1,Evening (19–24),15,16.0,14.0,16.0,2.0,15.0,5.0,5.0,10.0,0.15833333333333333,0.07939658594680432,10.31,moderate,2026-05-14
50,50,1,Midday (9–15),16,18.0,18.0,18.0,0.0,16.0,2.0,2.0,2.0,0.31666666666666665,0.0,11.08,very low recovery time,2026-05-14
50,50,1,Overnight (0–6),9,14.0,13.0,14.0,1.0,6.0,8.0,0.5,10.0,0.10555555555555556,0.041339396444811924,6.17,moderate,2026-05-14
50,50,1,PM Peak (15–19),14,20.0,18.6,20.0,1.3999999999999986,15.0,2.0,2.0,4.199999999999999,0.31666666666666665,0.05693371289141924,14.5,very low recovery time,2026-05-14
51,51,0,AM Peak (6–9),16,31.0,27.5,40.0,12.5,15.0,9.0,7.800000000000001,11.6,0.095,0.3502381619501262,24.34,moderate,2026-05-14
51,51,0,Evening (19–24),25,27.0,23.0,31.0,8.0,24.0,7.0,4.0,8.399999999999999,0.11875,0.25649246553382504,19.55,moderate,2026-05-14
51,51,0,Midday (9–15),30,34.0,27.0,37.2,10.200000000000003,30.0,10.0,5.9,13.100000000000001,0.08636363636363636,0.30548068283917357,21.35,moderate,2026-05-14
51,51,0,Overnight (0–6),14,25.0,14.066666666666666,29.800000000000004,15.733333333333338,9.0,4.0,3.0,7.4,0.19,0.40421341097884744,30.9,moderate,2026-05-14
51,51,0,PM Peak (15–19),22,35.0,26.5,39.0,12.5,21.0,9.0,9.0,12.0,0.095,0.3502381619501262,24.34,moderate,2026-05-14
51,51,1,AM Peak (6–9),16,33.0,27.5,41.0,13.5,15.0,9.0,4.4,12.6,0.095,0.3679476696647589,25.4,moderate,2026-05-14
51,51,1,Evening (19–24),25,27.0,23.0,33.0,10.0,24.0,6.0,0.0,16.099999999999998,0.1357142857142857,0.30129557095510706,22.83,moderate,2026-05-14
51,51,1,Midday (9–15),31,40.0,33.0,45.0,12.0,30.0,8.0,1.9000000000000004,11.0,0.10555555555555556,0.3410059676044332,24.15,moderate,2026-05-14
51,51,1,Overnight (0–6),14,23.625,4.791666666666667,27.0,22.208333333333332,14.0,1.0,0.0,17.0,0.475,0.48918829619295867,45.98,"no recovery time, high schedule variability",2026-05-14
51,51,1,PM Peak (15–19),22,40.0,33.2,50.0,16.799999999999997,23.0,8.0,4.0,12.8,0.10555555555555556,0.4201050262565642,28.9,moderate,2026-05-14
52,52,0,AM Peak (6–9),50,44.0,5.0,77.30000000000001,72.30000000000001,35.0,5.133333333333334,0.0,10.133333333333333,0.15489130434782608,0.7571473452717562,50.85,high schedule variability,2026-05-14
52,52,0,Evening (19–24),62,39.0,3.0,62.9,59.9,44.0,5.0,0.2999999999999998,8.135,0.15833333333333333,0.7209050427247564,48.8,high schedule variability,2026-05-14
52,52,0,Midday (9–15),96,42.0,5.0,78.0,73.0,68.0,8.133333333333333,5.093333333333334,14.0,0.10401459854014598,0.7589146480923173,49.18,high schedule variability,2026-05-14
52,52,0,Overnight (0–6),35,36.0,3.4000000000000004,59.0,55.6,22.0,4.583333333333333,0.0,9.860000000000005,0.1701492537313433,0.7056733087955325,48.3,high schedule variability,2026-05-14
52,52,0,PM Peak (15–19),68,48.5,5.0,78.0,73.0,52.0,8.183333333333334,7.015,10.0,0.10344827586206896,0.7589146480923173,49.16,high schedule variability,2026-05-14
52,52,1,AM Peak (6–9),38,64.91666666666667,44.0,81.46666666666667,37.46666666666667,35.0,1.0,0.0,15.0,0.475,0.6176842336648899,53.69,"no recovery time, high schedule variability",2026-05-14
52,52,1,Evening (19–24),45,59.9,35.0,67.9,32.900000000000006,45.0,0.0,0.0,11.400000000000006,0.95,0.5865573185951152,68.44,"no recovery time, high schedule variability",2026-05-14
52,52,1,Midday (9–15),75,60.0,42.0,79.86666666666666,37.86666666666666,74.0,2.0,0.0,14.0,0.31666666666666665,0.6201888955615003,48.29,"very low recovery time, high schedule variability",2026-05-14
52,52,1,Overnight (0–6),30,50.93333333333333,26.45500000000001,64.91666666666667,38.46166666666666,21.0,0.0,0.0,6.0,0.95,0.6238544510826959,70.68,"no recovery time, high schedule variability",2026-05-14
52,52,1,PM Peak (15–19),53,71.85,47.4,86.21666666666667,38.81666666666667,47.0,7.0,0.0,16.0,0.11875,0.6260079561337492,41.72,high schedule variability,2026-05-14
53,53,0,AM Peak (6–9),28,60.0,57.0,60.0,3.0,21.0,11.0,8.0,11.0,0.07916666666666666,0.11454753722794964,9.64,moderate,2026-05-14
53,53,0,Evening (19–24),52,54.0,32.88333333333333,57.0,24.116666666666667,39.0,3.0,2.0,13.0,0.2375,0.509794250281849,38.9,"very low recovery time, high schedule variability",2026-05-14
53,53,0,Midday (9–15),56,56.0,56.0,66.0,10.0,53.0,3.0,3.0,9.0,0.2375,0.30129557095510706,26.39,very low recovery time,2026-05-14
53,53,0,Overnight (0–6),19,50.0,32.88333333333333,57.0,24.116666666666667,10.0,1.0,1.0,13.0,0.475,0.509794250281849,47.21,"no recovery time, high schedule variability",2026-05-14
53,53,0,PM Peak (15–19),40,68.0,54.0,68.0,14.0,32.0,11.0,5.1,11.0,0.07916666666666666,0.3764452809895134,25.36,moderate,2026-05-14
53,53,1,AM Peak (6–9),28,58.0,52.0,58.0,6.0,27.0,10.0,4.0,10.0,0.08636363636363636,0.20554984583761568,15.36,moderate,2026-05-14
53,53,1,Evening (19–24),42,49.0,41.0,58.0,17.0,49.0,4.0,2.0,4.0,0.19,0.42299079372978365,32.03,moderate,2026-05-14
53,53,1,Midday (9–15),56,54.0,54.0,64.0,10.0,55.0,4.0,4.0,4.0,0.19,0.30129557095510706,24.73,moderate,2026-05-14
53,53,1,Overnight (0–6),24,52.0,41.0,52.0,11.0,20.0,4.0,1.8000000000000003,4.6000000000000085,0.19,0.32173150043872484,25.95,moderate,2026-05-14
53,53,1,PM Peak (15–19),40,60.0,49.0,60.0,11.0,37.0,4.0,3.6,7.399999999999999,0.19,0.32173150043872484,25.95,moderate,2026-05-14
54,54,0,AM Peak (6–9),36,61.35,54.53333333333333,71.0,16.46666666666667,11.0,12.0,12.0,12.0,0.07307692307692307,0.41523073043624453,27.47,moderate,2026-05-14
54,54,0,Evening (19–24),36,50.36666666666667,38.016666666666666,62.0,23.983333333333334,17.0,10.0,0.0,10.4,0.08636363636363636,0.5084087054833241,33.53,high schedule variability,2026-05-14
54,54,0,Midday (9–15),54,68.85,57.36666666666667,79.10000000000001,21.73333333333334,25.0,18.0,13.0,19.0,0.049999999999999996,0.48378719299547396,30.78,high schedule variability,2026-05-14
54,54,0,Overnight (0–6),10,38.19166666666666,30.266666666666666,49.0,18.733333333333334,6.0,0.0,0.0,0.0,0.95,0.44684741989345644,60.06,no recovery time,2026-05-14
54,54,0,PM Peak (15–19),36,67.7,58.36666666666667,81.5,23.133333333333333,18.0,15.0,12.5,17.0,0.059375,0.49938835719939567,32.04,high schedule variability,2026-05-14
54,54,1,AM Peak (6–9),36,56.05833333333334,48.11666666666667,67.0,18.883333333333333,35.0,9.0,8.0,10.0,0.095,0.4488195214704485,30.25,moderate,2026-05-14
54,54,1,Evening (19–24),42,41.11666666666667,2.0,52.0,50.0,39.0,10.0,5.0,11.200000000000003,0.08636363636363636,0.6831534362617844,44.01,high schedule variability,2026-05-14
54,54,1,Midday (9–15),52,62.55833333333334,53.11666666666667,71.9,18.78333333333334,50.0,8.0,7.0,11.0,0.10555555555555556,0.44750635324015264,30.54,moderate,2026-05-14
54,54,1,Overnight (0–6),23,44.0,8.623333333333338,59.0,50.376666666666665,13.0,10.0,5.0,14.200000000000003,0.08636363636363636,0.6847757136384233,44.11,high schedule variability,2026-05-14
54,54,1,PM Peak (15–19),37,59.11666666666667,51.11666666666667,72.0,20.883333333333333,36.0,11.0,10.5,12.5,0.07916666666666666,0.4738314929662684,31.2,moderate,2026-05-14
55,55,0,AM Peak (6–9),8,19.0,14.0,19.0,5.0,8.0,7.0,2.0,8.5,0.11875,0.17736786094359708,14.8,moderate,2026-05-14
55,55,0,Evening (19–24),11,14.0,12.0,14.0,2.0,9.0,2.0,2.0,4.4,0.31666666666666665,0.07939658594680432,15.85,very low recovery time,2026-05-14
55,55,0,Midday (9–15),12,15.0,15.0,15.0,0.0,12.0,1.0,1.0,1.0,0.475,0.0,16.62,no recovery time,2026-05-14
55,55,0,Overnight (0–6),5,12.0,12.0,14.0,2.0,5.0,4.0,2.8,5.800000000000001,0.19,0.07939658594680432,11.41,moderate,2026-05-14
55,55,0,PM Peak (15–19),12,19.0,19.0,19.0,0.0,11.0,6.0,6.0,6.0,0.1357142857142857,0.0,4.75,moderate,2026-05-14
55,55,1,AM Peak (6–9),8,13.0,11.0,13.0,2.0,8.0,1.0,1.0,3.0,0.475,0.07939658594680432,21.39,no recovery time,2026-05-14
55,55,1,Evening (19–24),10,13.0,11.0,13.0,2.0,11.0,1.0,1.0,3.0,0.475,0.07939658594680432,21.39,no recovery time,2026-05-14
55,55,1,Midday (9–15),13,13.0,13.0,13.0,0.0,12.0,1.0,1.0,1.0,0.475,0.0,16.62,no recovery time,2026-05-14
55,55,1,Overnight (0–6),5,11.0,5.63,11.0,5.37,5.0,3.0,1.8,3.0,0.2375,0.18802521008403367,19.59,very low recovery time,2026-05-14
55,55,1,PM Peak (15–19),12,15.0,15.0,15.0,0.0,12.0,0.0,0.0,0.0,0.95,0.0,33.25,no recovery time,2026-05-14
57,57,0,AM Peak (6–9),16,37.75,31.5,37.75,6.25,14.0,8.0,2.9000000000000004,8.0,0.10555555555555556,0.21229619565217397,16.43,moderate,2026-05-14
57,57,0,Evening (19–24),17,33.75,30.5,33.75,3.25,17.0,4.0,4.0,7.0,0.19,0.12291981845688356,14.03,moderate,2026-05-14
57,57,0,Midday (9–15),32,37.5,37.5,37.5,0.0,33.0,4.0,3.0,4.0,0.19,0.0,6.65,moderate,2026-05-14
57,57,0,Overnight (0–6),9,31.5,30.5,31.5,1.0,7.0,5.0,5.0,7.0,0.15833333333333333,0.041339396444811924,8.02,moderate,2026-05-14
57,57,0,PM Peak (15–19),19,39.75,33.75,39.75,6.0,19.0,4.0,4.0,5.199999999999999,0.19,0.20554984583761568,18.98,moderate,2026-05-14
57,57,1,AM Peak (6–9),16,39.31666666666667,35.05,39.31666666666667,4.266666666666673,,10.0,,,0.08636363636363636,0.15539638217797766,12.35,moderate,2026-05-14
57,57,1,Evening (19–24),17,34.05,31.05,34.05,2.9999999999999964,,10.0,,,0.08636363636363636,0.11454753722794953,9.9,moderate,2026-05-14
57,57,1,Midday (9–15),34,38.05,38.05,38.93666666666667,0.8866666666666703,,10.0,,,0.08636363636363636,0.0368268032673406,5.23,moderate,2026-05-14
57,57,1,Overnight (0–6),8,34.8,31.05,34.8,3.7499999999999964,,10.0,,,0.08636363636363636,0.13919821826280618,11.37,moderate,2026-05-14
57,57,1,PM Peak (15–19),19,42.31666666666667,34.05,42.31666666666667,8.266666666666673,,10.0,,,0.08636363636363636,0.2627953798876764,18.79,moderate,2026-05-14
59,59,0,AM Peak (6–9),12,35.0,33.2,37.0,3.799999999999997,10.0,4.0,4.0,8.2,0.19,0.14079288625416816,15.1,moderate,2026-05-14
59,59,0,Evening (19–24),13,28.0,25.4,30.8,5.400000000000002,12.0,6.5,0.20000000000000018,12.600000000000001,0.12666666666666665,0.1888772298006297,15.77,moderate,2026-05-14
59,59,0,Midday (9–15),16,33.0,32.0,34.5,2.5,15.0,7.0,0.40000000000000013,9.399999999999999,0.11875,0.09731413001167773,10.0,moderate,2026-05-14
59,59,0,Overnight (0–6),3,7.4,7.013333333333334,21.48,14.466666666666667,2.0,6.0,5.2,6.8,0.1357142857142857,0.38417278923608045,27.8,moderate,2026-05-14
59,59,0,PM Peak (15–19),13,36.0,36.0,37.0,1.0,11.0,12.0,8.0,12.0,0.07307692307692307,0.041339396444811924,5.04,moderate,2026-05-14
59,59,1,AM Peak (6–9),12,30.0,28.2,32.0,3.8000000000000007,12.0,4.0,2.0,6.0,0.19,0.14079288625416828,15.1,moderate,2026-05-14
59,59,1,Evening (19–24),11,28.0,25.0,28.0,3.0,13.0,2.0,0.0,4.0,0.31666666666666665,0.11454753722794964,17.96,very low recovery time,2026-05-14
59,59,1,Midday (9–15),16,32.0,31.0,33.0,2.0,15.0,5.0,2.4000000000000004,6.6,0.15833333333333333,0.07939658594680432,10.31,moderate,2026-05-14
59,59,1,Overnight (0–6),5,25.0,17.12,27.2,10.079999999999998,4.0,4.5,4.0,5.0,0.17272727272727273,0.30297565374211005,24.22,moderate,2026-05-14
59,59,1,PM Peak (15–19),13,37.0,37.0,39.0,2.0,13.0,4.0,2.0,5.0,0.19,0.07939658594680432,11.41,moderate,2026-05-14
60,60,0,AM Peak (6–9),26,34.0,30.0,34.0,4.0,26.0,7.0,4.0,8.0,0.11875,0.14711290915777864,12.98,moderate,2026-05-14
60,60,0,Evening (19–24),27,34.0,26.8,45.0,18.2,29.0,6.0,4.0,10.0,0.1357142857142857,0.4397197390674077,31.13,moderate,2026-05-14
60,60,0,Midday (9–15),43,35.0,34.0,38.0,4.0,41.0,9.0,5.0,9.0,0.095,0.14711290915777864,12.15,moderate,2026-05-14
60,60,0,Overnight (0–6),19,27.0,23.776666666666667,45.06666666666667,21.290000000000003,11.0,10.0,2.0,13.0,0.08636363636363636,0.4786420863309354,31.74,moderate,2026-05-14
60,60,0,PM Peak (15–19),30,41.0,38.9,41.0,2.1000000000000014,28.0,7.0,7.0,7.0,0.11875,0.08303677342823258,9.14,moderate,2026-05-14
60,60,1,AM Peak (6–9),27,31.45,27.583333333333332,31.45,3.866666666666667,28.0,4.55,4.416666666666667,4.55,0.17117117117117117,0.14290994209683386,14.57,moderate,2026-05-14
60,60,1,Evening (19–24),28,28.45,22.583333333333332,45.0,22.416666666666668,24.0,1.55,1.55,8.0,0.37254901960784315,0.4915217073527264,42.53,"very low recovery time, high schedule variability",2026-05-14
60,60,1,Midday (9–15),42,32.45,31.45,35.45,4.0000000000000036,42.0,4.55,4.55,4.55,0.17117117117117117,0.14711290915777875,14.82,moderate,2026-05-14
60,60,1,Overnight (0–6),22,30.283333333333335,21.683333333333334,47.10000000000001,25.416666666666675,16.0,4.208333333333334,1.7083333333333335,8.0,0.18239999999999998,0.5229049513098342,37.76,high schedule variability,2026-05-14
60,60,1,PM Peak (15–19),29,38.45,35.45,38.45,3.0,29.0,1.55,1.55,3.55,0.37254901960784315,0.11454753722794964,19.91,very low recovery time,2026-05-14
61,61,0,AM Peak (6–9),10,22.5,15.0,23.0,8.0,9.0,10.0,5.0,13.600000000000001,0.08636363636363636,0.25649246553382504,18.41,moderate,2026-05-14
61,61,0,Evening (19–24),15,15.0,14.0,18.6,4.600000000000001,14.0,5.0,2.0,8.100000000000003,0.15833333333333333,0.16552716804605982,15.47,moderate,2026-05-14
61,61,0,Midday (9–15),19,20.0,20.0,20.4,0.3999999999999986,19.0,8.0,7.8,9.0,0.10555555555555556,0.016956337431114826,4.71,moderate,2026-05-14
61,61,0,Overnight (0–6),7,14.0,14.0,15.0,1.0,7.0,6.0,6.0,7.0,0.1357142857142857,0.041339396444811924,7.23,moderate,2026-05-14
61,61,0,PM Peak (15–19),14,22.0,19.0,22.0,3.0,13.0,15.0,8.0,15.0,0.059375,0.11454753722794964,8.95,moderate,2026-05-14
61,61,1,AM Peak (6–9),10,23.0,16.0,23.0,7.0,9.0,2.0,2.0,4.0,0.31666666666666665,0.2318648559125539,25.0,very low recovery time,2026-05-14
61,61,1,Evening (19–24),15,18.0,15.0,21.2,6.199999999999999,15.0,5.0,5.0,5.6,0.15833333333333333,0.21095610751956453,18.2,moderate,2026-05-14
61,61,1,Midday (9–15),21,21.0,21.0,23.0,2.0,20.0,5.0,4.0,7.0,0.15833333333333333,0.07939658594680432,10.31,moderate,2026-05-14
61,61,1,Overnight (0–6),6,15.0,15.0,15.5,0.5,5.0,5.0,3.2,5.0,0.15833333333333333,0.021105951878429726,6.81,moderate,2026-05-14
61,61,1,PM Peak (15–19),13,31.0,22.6,31.0,8.399999999999999,13.0,4.0,2.4000000000000004,5.0,0.19,0.26590693257359926,22.6,moderate,2026-05-14
62,62,0,AM Peak (6–9),11,27.0,22.0,27.0,5.0,11.0,1.0,0.0,7.0,0.475,0.17736786094359708,27.27,no recovery time,2026-05-14
62,62,0,Evening (19–24),16,23.0,20.0,23.0,3.0,15.0,7.0,6.0,8.0,0.11875,0.11454753722794964,11.03,moderate,2026-05-14
62,62,0,Midday (9–15),19,25.0,25.0,25.4,0.3999999999999986,17.0,3.0,3.0,3.0,0.2375,0.016956337431114826,9.33,very low recovery time,2026-05-14
62,62,0,Overnight (0–6),5,20.0,20.0,22.0,2.0,4.0,8.0,2.4000000000000004,8.0,0.10555555555555556,0.07939658594680432,8.46,moderate,2026-05-14
62,62,0,PM Peak (15–19),13,30.0,30.0,30.0,0.0,13.0,6.0,2.8000000000000007,6.0,0.1357142857142857,0.0,4.75,moderate,2026-05-14
62,62,1,AM Peak (6–9),10,31.0,24.0,31.0,7.0,9.0,7.0,6.0,8.0,0.11875,0.2318648559125539,18.07,moderate,2026-05-14
62,62,1,Evening (19–24),15,22.0,20.0,22.0,2.0,15.0,2.0,0.0,2.0,0.31666666666666665,0.07939658594680432,15.85,very low recovery time,2026-05-14
62,62,1,Midday (9–15),18,27.0,27.0,27.0,0.0,19.0,5.0,2.6,5.0,0.15833333333333333,0.0,5.54,moderate,2026-05-14
62,62,1,Overnight (0–6),5,20.0,20.0,24.0,4.0,4.0,0.0,0.0,5.600000000000001,0.95,0.14711290915777864,42.08,no recovery time,2026-05-14
62,62,1,PM Peak (15–19),14,30.0,30.0,30.0,0.0,13.0,6.0,6.0,6.0,0.1357142857142857,0.0,4.75,moderate,2026-05-14
63,63,0,AM Peak (6–9),67,19.0,7.266666666666667,24.0,16.733333333333334,61.0,2.0,1.0,2.0,0.31666666666666665,0.4191366786340487,36.23,very low recovery time,2026-05-14
63,63,0,Evening (19–24),60,18.0,13.0,21.0,8.0,62.0,1.5,0.0,2.0,0.38,0.25649246553382504,28.69,very low recovery time,2026-05-14
63,63,0,Midday (9–15),93,19.0,18.0,24.0,6.0,93.0,2.0,1.0,3.0,0.31666666666666665,0.20554984583761568,23.42,very low recovery time,2026-05-14
63,63,0,Overnight (0–6),27,14.0,13.0,20.0,7.0,27.0,2.0,0.0,4.200000000000006,0.31666666666666665,0.2318648559125539,25.0,very low recovery time,2026-05-14
63,63,0,PM Peak (15–19),90,22.5,8.516666666666667,24.0,15.483333333333333,93.0,1.0,1.0,2.0,0.475,0.4003620065505948,40.65,no recovery time,2026-05-14
63,63,1,AM Peak (6–9),55,17.0,11.916666666666666,28.0,16.083333333333336,40.0,2.0,2.0,7.0,0.31666666666666665,0.4095230011882534,35.65,very low recovery time,2026-05-14
63,63,1,Evening (19–24),65,25.0,13.0,26.0,13.0,61.0,2.0,2.0,8.0,0.31666666666666665,0.3592152528322742,32.64,very low recovery time,2026-05-14
63,63,1,Midday (9–15),92,19.0,16.0,28.0,12.0,82.0,2.0,2.0,8.0,0.31666666666666665,0.3410059676044332,31.54,very low recovery time,2026-05-14
63,63,1,Overnight (0–6),28,13.0,10.0,25.0,15.0,23.0,2.0,2.0,5.0,0.31666666666666665,0.39277297721916743,34.65,very low recovery time,2026-05-14
63,63,1,PM Peak (15–19),96,19.0,16.866666666666667,37.0,20.133333333333333,72.0,2.0,2.0,6.0,0.31666666666666665,0.4647226282988383,38.97,very low recovery time,2026-05-14
64,64,0,AM Peak (6–9),18,8.0,8.0,11.0,3.0,17.0,4.0,0.0,4.0,0.19,0.11454753722794964,13.52,moderate,2026-05-14
64,64,0,Evening (19–24),16,9.0,8.0,9.0,1.0,16.0,0.0,0.0,0.0,0.95,0.041339396444811924,35.73,no recovery time,2026-05-14
64,64,0,Midday (9–15),37,9.0,9.0,9.0,0.0,37.0,0.0,0.0,0.0,0.95,0.0,33.25,no recovery time,2026-05-14
64,64,0,Overnight (0–6),7,8.0,8.0,8.0,0.0,8.0,0.0,0.0,2.5999999999999996,0.95,0.0,33.25,no recovery time,2026-05-14
64,64,0,PM Peak (15–19),24,10.0,10.0,10.0,0.0,24.0,0.0,0.0,0.0,0.95,0.0,33.25,no recovery time,2026-05-14
64,64,1,AM Peak (6–9),18,9.0,9.0,10.0,1.0,,10.0,,,0.08636363636363636,0.041339396444811924,5.5,moderate,2026-05-14
64,64,1,Evening (19–24),16,9.0,8.0,9.0,1.0,6.0,4.0,4.0,4.0,0.19,0.041339396444811924,9.13,moderate,2026-05-14
64,64,1,Midday (9–15),37,9.0,9.0,9.399999999999999,0.3999999999999986,,10.0,,,0.08636363636363636,0.016956337431114826,4.04,moderate,2026-05-14
64,64,1,Overnight (0–6),7,8.0,8.0,9.0,1.0,3.0,4.0,4.0,4.0,0.19,0.041339396444811924,9.13,moderate,2026-05-14
64,64,1,PM Peak (15–19),24,11.0,11.0,11.0,0.0,,10.0,,,0.08636363636363636,0.0,3.02,moderate,2026-05-14
65,65,0,AM Peak (6–9),18,21.0,17.0,21.0,4.0,18.0,2.0,1.0,3.3000000000000007,0.31666666666666665,0.14711290915777864,19.91,very low recovery time,2026-05-14
65,65,0,Evening (19–24),22,19.0,16.0,19.0,3.0,21.0,1.0,1.0,2.0,0.475,0.11454753722794964,23.5,no recovery time,2026-05-14
65,65,0,Midday (9–15),29,21.0,21.0,23.0,2.0,28.0,3.0,2.0,3.0,0.2375,0.07939658594680432,13.08,very low recovery time,2026-05-14
65,65,0,Overnight (0–6),14,16.0,16.0,17.0,1.0,13.0,2.0,1.2000000000000002,2.8000000000000007,0.31666666666666665,0.041339396444811924,13.56,very low recovery time,2026-05-14
65,65,0,PM Peak (15–19),21,23.0,23.0,23.0,0.0,21.0,2.0,2.0,2.0,0.31666666666666665,0.0,11.08,very low recovery time,2026-05-14
65,65,1,AM Peak (6–9),17,21.0,18.0,21.0,3.0,18.0,5.0,4.0,6.0,0.15833333333333333,0.11454753722794964,12.41,moderate,2026-05-14
65,65,1,Evening (19–24),22,21.0,17.0,21.0,4.0,21.0,4.0,4.0,4.0,0.19,0.14711290915777864,15.48,moderate,2026-05-14
65,65,1,Midday (9–15),28,22.0,22.0,25.0,3.0,27.0,6.0,5.0,6.0,0.1357142857142857,0.11454753722794964,11.62,moderate,2026-05-14
65,65,1,Overnight (0–6),13,17.0,17.0,18.0,1.0,10.0,4.0,1.8,4.0,0.19,0.041339396444811924,9.13,moderate,2026-05-14
65,65,1,PM Peak (15–19),22,25.0,25.0,25.0,0.0,22.0,5.0,5.0,5.0,0.15833333333333333,0.0,5.54,moderate,2026-05-14
66,66,0,AM Peak (6–9),31,19.0,13.916666666666666,23.0,9.083333333333334,29.0,1.0,0.8000000000000003,5.0,0.475,0.28145011361288996,33.51,no recovery time,2026-05-14
66,66,0,Evening (19–24),22,19.433333333333334,14.9,24.0,9.1,22.0,1.0,0.0,3.0,0.475,0.28182099721275944,33.53,no recovery time,2026-05-14
66,66,0,Midday (9–15),28,17.4,16.9,23.0,6.100000000000001,27.0,8.0,0.0,8.0,0.10555555555555556,0.20826220553089803,16.19,moderate,2026-05-14
66,66,0,Overnight (0–6),9,14.9,12.133333333333333,22.0,9.866666666666667,6.0,1.5,0.0,3.5,0.38,0.29847736210547554,31.21,very low recovery time,2026-05-14
66,66,0,PM Peak (15–19),40,25.0,18.866666666666667,25.0,6.133333333333333,39.0,1.0,1.0,4.0,0.475,0.2091622143912698,29.17,no recovery time,2026-05-14
66,66,1,AM Peak (6–9),28,17.433333333333334,16.33,19.866666666666667,3.536666666666669,19.0,6.133333333333334,6.1,6.133333333333334,0.13317757009345793,0.1323272636567724,12.6,moderate,2026-05-14
66,66,1,Evening (19–24),23,14.9,12.0,16.866666666666667,4.866666666666667,,10.0,,,0.08636363636363636,0.17345847689200436,13.43,moderate,2026-05-14
66,66,1,Midday (9–15),28,16.933333333333334,16.0,17.866666666666667,1.8666666666666671,1.0,7.133333333333334,7.133333333333334,7.133333333333334,0.1168032786885246,0.07449780497538916,8.56,moderate,2026-05-14
66,66,1,Overnight (0–6),9,14.9,12.0,15.38,3.380000000000001,1.0,21.083333333333332,21.083333333333332,21.083333333333332,0.0430188679245283,0.12721114038389167,9.14,moderate,2026-05-14
66,66,1,PM Peak (15–19),40,17.866666666666667,16.0,17.866666666666667,1.8666666666666671,38.0,6.133333333333334,6.133333333333334,6.133333333333334,0.13317757009345793,0.07449780497538916,9.13,moderate,2026-05-14
67,67,0,AM Peak (6–9),23,15.0,15.0,30.0,15.0,21.0,0.0,0.0,0.0,0.95,0.39277297721916743,56.82,no recovery time,2026-05-14
67,67,0,Evening (19–24),15,24.0,22.0,24.0,2.0,14.0,2.0,0.6000000000000001,4.800000000000004,0.31666666666666665,0.07939658594680432,15.85,very low recovery time,2026-05-14
67,67,0,Midday (9–15),26,28.0,28.0,28.0,0.0,24.0,4.0,4.0,4.0,0.19,0.0,6.65,moderate,2026-05-14
67,67,0,Overnight (0–6),5,22.0,16.6,28.0,11.399999999999999,4.0,3.0,2.0,4.0,0.2375,0.3295750216825673,28.09,very low recovery time,2026-05-14
67,67,0,PM Peak (15–19),23,30.0,30.0,30.0,0.0,24.0,5.0,5.0,5.0,0.15833333333333333,0.0,5.54,moderate,2026-05-14
67,67,1,AM Peak (6–9),21,18.0,18.0,30.0,12.0,21.0,7.0,7.0,12.0,0.11875,0.3410059676044332,24.62,moderate,2026-05-14
67,67,1,Evening (19–24),15,26.0,24.0,26.0,2.0,15.0,2.0,2.0,4.0,0.31666666666666665,0.07939658594680432,15.85,very low recovery time,2026-05-14
67,67,1,Midday (9–15),24,27.0,27.0,27.0,0.0,24.0,1.0,1.0,1.0,0.475,0.0,16.62,no recovery time,2026-05-14
67,67,1,Overnight (0–6),6,25.0,24.0,26.0,2.0,3.0,2.0,0.4,9.200000000000001,0.31666666666666665,0.07939658594680432,15.85,very low recovery time,2026-05-14
67,67,1,PM Peak (15–19),24,31.0,31.0,31.0,0.0,22.0,4.0,4.0,4.0,0.19,0.0,6.65,moderate,2026-05-14
68,68,0,AM Peak (6–9),23,42.0,42.0,65.0,23.0,20.0,11.0,8.8,11.0,0.07916666666666666,0.49794327776575026,32.65,high schedule variability,2026-05-14
68,68,0,Evening (19–24),20,36.0,33.0,52.0,19.0,18.0,6.0,6.0,16.0,0.1357142857142857,0.4503436833372838,31.77,moderate,2026-05-14
68,68,0,Midday (9–15),36,43.0,43.0,62.0,19.0,36.0,6.0,5.5,6.5,0.1357142857142857,0.4503436833372838,31.77,moderate,2026-05-14
68,68,0,Overnight (0–6),12,37.0,33.0,37.0,4.0,9.0,2.0,1.6,6.2,0.31666666666666665,0.14711290915777864,19.91,very low recovery time,2026-05-14
68,68,0,PM Peak (15–19),23,50.0,42.0,71.0,29.0,24.0,8.0,3.3000000000000003,8.7,0.10555555555555556,0.555662004215367,37.03,high schedule variability,2026-05-14
68,68,1,AM Peak (6–9),22,50.5,41.0,62.0,21.0,19.0,10.0,9.2,15.599999999999998,0.08636363636363636,0.47522063815342847,31.54,moderate,2026-05-14
68,68,1,Evening (19–24),19,39.0,35.0,54.0,19.0,19.0,5.0,3.0,14.0,0.15833333333333333,0.4503436833372838,32.56,moderate,2026-05-14
68,68,1,Midday (9–15),36,43.0,43.0,60.0,17.0,34.0,8.0,2.0,10.0,0.10555555555555556,0.42299079372978365,29.07,moderate,2026-05-14
68,68,1,Overnight (0–6),13,35.0,35.0,50.0,15.0,9.0,8.0,2.4000000000000004,12.400000000000002,0.10555555555555556,0.39277297721916743,27.26,moderate,2026-05-14
68,68,1,PM Peak (15–19),22,52.5,45.6,69.0,23.4,21.0,9.0,7.0,10.0,0.095,0.5022537025112686,33.46,high schedule variability,2026-05-14
69,69,0,AM Peak (6–9),9,25.0,22.0,25.0,3.0,9.0,1.0,0.0,1.0,0.475,0.11454753722794964,23.5,no recovery time,2026-05-14
69,69,0,Evening (19–24),15,23.0,19.0,23.0,4.0,16.0,1.0,0.5,6.5,0.475,0.14711290915777864,25.45,no recovery time,2026-05-14
69,69,0,Midday (9–15),20,24.0,24.0,25.0,1.0,20.0,1.0,0.9000000000000001,1.1000000000000014,0.475,0.041339396444811924,19.11,no recovery time,2026-05-14
69,69,0,Overnight (0–6),8,19.0,2.0833333333333335,19.9,17.816666666666666,8.0,1.0,0.0,1.0,0.475,0.4344821980165827,42.69,no recovery time,2026-05-14
69,69,0,PM Peak (15–19),14,25.0,23.0,25.0,2.0,13.0,1.0,1.0,1.0,0.475,0.07939658594680432,21.39,no recovery time,2026-05-14
69,69,1,AM Peak (6–9),9,29.0,21.0,29.0,8.0,8.0,3.0,1.7000000000000002,6.799999999999999,0.2375,0.25649246553382504,23.7,very low recovery time,2026-05-14
69,69,1,Evening (19–24),16,28.0,19.0,28.0,9.0,14.0,8.5,1.3,16.0,0.09999999999999999,0.2795899347623486,20.28,moderate,2026-05-14
69,69,1,Midday (9–15),20,26.0,26.0,29.0,3.0,20.0,3.0,3.0,3.1000000000000014,0.2375,0.11454753722794964,15.19,very low recovery time,2026-05-14
69,69,1,Overnight (0–6),8,19.0,14.200000000000001,21.0,6.799999999999999,7.0,2.0,2.0,7.600000000000003,0.31666666666666665,0.22674224741580531,24.69,very low recovery time,2026-05-14
69,69,1,PM Peak (15–19),13,29.0,28.0,29.0,1.0,13.0,10.0,10.0,11.600000000000001,0.08636363636363636,0.041339396444811924,5.5,moderate,2026-05-14
70,70,0,AM Peak (6–9),15,25.0,21.0,25.0,4.0,13.0,0.0,0.0,2.0,0.95,0.14711290915777864,42.08,no recovery time,2026-05-14
70,70,0,Evening (19–24),24,22.0,20.0,28.099999999999998,8.099999999999998,23.0,0.0,0.0,4.800000000000001,0.95,0.2588686481303931,48.78,no recovery time,2026-05-14
70,70,0,Midday (9–15),32,25.0,25.0,25.0,0.0,33.0,0.0,0.0,0.0,0.95,0.0,33.25,no recovery time,2026-05-14
70,70,0,Overnight (0–6),10,20.0,20.0,21.066666666666666,1.0666666666666664,10.0,0.0,0.0,0.0,0.95,0.043974165177957956,35.89,no recovery time,2026-05-14
70,70,0,PM Peak (15–19),24,32.0,32.0,32.0,0.0,23.0,0.0,0.0,0.0,0.95,0.0,33.25,no recovery time,2026-05-14
70,70,1,AM Peak (6–9),14,27.0,20.0,27.0,7.0,13.0,8.0,4.0,8.0,0.10555555555555556,0.2318648559125539,17.61,moderate,2026-05-14
70,70,1,Evening (19–24),23,20.0,18.0,25.400000000000002,7.400000000000002,23.0,6.0,0.40000000000000036,7.0,0.1357142857142857,0.2419091206276562,19.26,moderate,2026-05-14
70,70,1,Midday (9–15),33,24.0,24.0,26.0,2.0,33.0,6.0,3.2,6.0,0.1357142857142857,0.07939658594680432,9.51,moderate,2026-05-14
70,70,1,Overnight (0–6),10,18.0,17.985,20.0,2.0150000000000006,7.0,7.0,4.0,13.000000000000005,0.11875,0.07994445546518553,8.95,moderate,2026-05-14
70,70,1,PM Peak (15–19),26,26.0,26.0,26.0,0.0,24.0,2.0,2.0,2.0,0.31666666666666665,0.0,11.08,very low recovery time,2026-05-14
71,71,0,AM Peak (6–9),16,31.5,28.0,34.0,6.0,15.0,6.0,3.2,6.0,0.1357142857142857,0.20554984583761568,17.08,moderate,2026-05-14
71,71,0,Evening (19–24),18,27.0,22.0,27.0,5.0,19.0,4.0,2.8,5.0,0.19,0.17736786094359708,17.29,moderate,2026-05-14
71,71,0,Midday (9–15),25,30.0,30.0,30.0,0.0,25.0,3.0,3.0,4.0,0.2375,0.0,8.31,very low recovery time,2026-05-14
71,71,0,Overnight (0–6),8,22.0,15.73,28.0,12.27,5.0,5.0,0.8,5.0,0.15833333333333333,0.34602368866328265,26.3,moderate,2026-05-14
71,71,0,PM Peak (15–19),20,33.0,27.0,33.0,6.0,21.0,3.0,0.0,3.0,0.2375,0.20554984583761568,20.65,very low recovery time,2026-05-14
71,71,1,AM Peak (6–9),15,32.0,26.0,32.6,6.600000000000001,13.0,12.0,9.4,13.0,0.07307692307692307,0.2215508559919437,15.85,moderate,2026-05-14
71,71,1,Evening (19–24),18,29.0,25.0,29.0,4.0,17.0,14.0,5.6,15.0,0.06333333333333332,0.14711290915777864,11.04,moderate,2026-05-14
71,71,1,Midday (9–15),25,33.0,33.0,33.0,0.0,24.0,9.0,2.6000000000000005,9.0,0.095,0.0,3.32,moderate,2026-05-14
71,71,1,Overnight (0–6),7,25.0,25.0,26.0,1.0,4.0,8.0,8.0,11.5,0.10555555555555556,0.041339396444811924,6.17,moderate,2026-05-14
71,71,1,PM Peak (15–19),21,41.0,29.0,41.0,12.0,19.0,7.0,5.4,7.0,0.11875,0.3410059676044332,24.62,moderate,2026-05-14
72,72,0,AM Peak (6–9),25,52.0,43.0,52.0,9.0,22.0,4.0,1.0,5.0,0.19,0.2795899347623486,23.43,moderate,2026-05-14
72,72,0,Evening (19–24),32,46.0,41.0,46.0,5.0,33.0,5.0,3.0,5.0,0.15833333333333333,0.17736786094359708,16.18,moderate,2026-05-14
72,72,0,Midday (9–15),42,51.0,51.0,55.0,4.0,34.0,4.0,3.0,5.399999999999999,0.19,0.14711290915777864,15.48,moderate,2026-05-14
72,72,0,Overnight (0–6),14,41.0,34.0,42.61666666666667,8.616666666666667,9.0,3.0,2.8,7.2,0.2375,0.2709075665478936,24.57,very low recovery time,2026-05-14
72,72,0,PM Peak (15–19),32,55.0,46.9,55.0,8.100000000000001,31.0,4.0,4.0,5.0,0.19,0.25886864813039323,22.18,moderate,2026-05-14
72,72,1,AM Peak (6–9),24,50.0,41.0,50.0,9.0,22.0,5.0,5.0,7.0,0.15833333333333333,0.2795899347623486,22.32,moderate,2026-05-14
72,72,1,Evening (19–24),32,48.0,40.0,48.0,8.0,31.0,9.0,4.0,9.0,0.095,0.25649246553382504,18.71,moderate,2026-05-14
72,72,1,Midday (9–15),42,55.0,55.0,60.0,5.0,40.0,7.0,5.9,7.100000000000001,0.11875,0.17736786094359708,14.8,moderate,2026-05-14
72,72,1,Overnight (0–6),17,40.0,24.74666666666667,41.0,16.25333333333333,9.0,6.0,4.8,10.0,0.1357142857142857,0.4120679455759318,29.47,moderate,2026-05-14
72,72,1,PM Peak (15–19),32,60.0,60.0,60.0,0.0,31.0,8.0,8.0,8.0,0.10555555555555556,0.0,3.69,moderate,2026-05-14
73,73,0,AM Peak (6–9),24,30.0,22.0,53.0,31.0,23.0,6.0,6.0,9.0,0.1357142857142857,0.5720612659162208,39.07,high schedule variability,2026-05-14
73,73,0,Evening (19–24),26,24.0,21.0,42.0,21.0,26.0,7.0,2.0,9.0,0.11875,0.47522063815342847,32.67,moderate,2026-05-14
73,73,0,Midday (9–15),34,30.5,26.200000000000003,50.0,23.799999999999997,33.0,9.0,2.0,9.0,0.095,0.5064907427112152,33.71,high schedule variability,2026-05-14
73,73,0,Overnight (0–6),14,29.5,21.0,43.0,22.0,7.0,7.0,2.0,9.0,0.11875,0.48683337021464934,33.37,high schedule variability,2026-05-14
73,73,0,PM Peak (15–19),30,32.0,25.0,53.0,28.0,30.0,2.0,2.0,2.0,0.31666666666666665,0.5469818323891386,43.9,"very low recovery time, high schedule variability",2026-05-14
73,73,1,AM Peak (6–9),23,34.0,21.8,48.0,26.2,23.0,6.0,2.0,25.0,0.1357142857142857,0.5304717554160763,36.58,high schedule variability,2026-05-14
73,73,1,Evening (19–24),26,32.5,25.0,46.0,21.0,26.0,5.0,2.0,13.5,0.15833333333333333,0.47522063815342847,34.05,moderate,2026-05-14
73,73,1,Midday (9–15),35,36.0,32.0,48.0,16.0,31.0,5.0,0.0,13.0,0.15833333333333333,0.4082674151569279,30.04,moderate,2026-05-14
73,73,1,Overnight (0–6),13,27.0,25.0,44.0,19.0,11.0,5.0,2.0,9.0,0.15833333333333333,0.4503436833372838,32.56,moderate,2026-05-14
73,73,1,PM Peak (15–19),30,36.0,26.0,56.0,30.0,30.0,7.0,2.0,21.0,0.11875,0.5640157924421885,38.0,high schedule variability,2026-05-14
74,74,0,AM Peak (6–9),9,25.0,17.0,26.6,9.600000000000001,9.0,2.0,1.6,8.4,0.31666666666666665,0.2927721866422691,28.65,very low recovery time,2026-05-14
74,74,0,Evening (19–24),14,16.0,14.0,16.0,2.0,14.0,3.0,3.0,5.0,0.2375,0.07939658594680432,13.08,very low recovery time,2026-05-14
74,74,0,Midday (9–15),15,19.0,19.0,20.799999999999997,1.7999999999999972,14.0,6.0,4.6,6.0,0.1357142857142857,0.07202881152460977,9.07,moderate,2026-05-14
74,74,0,Overnight (0–6),6,14.0,14.0,16.6,2.6000000000000014,5.0,5.0,2.0,12.200000000000001,0.15833333333333333,0.10081426909654914,11.59,moderate,2026-05-14
74,74,0,PM Peak (15–19),13,22.0,20.0,22.0,2.0,14.0,4.0,4.0,10.0,0.19,0.07939658594680432,11.41,moderate,2026-05-14
74,74,1,AM Peak (6–9),10,21.891666666666666,18.0,22.0,4.0,8.0,4.0,3.0,8.399999999999999,0.19,0.14711290915777864,15.48,moderate,2026-05-14
74,74,1,Evening (19–24),15,18.0,15.0,18.0,3.0,14.0,3.0,3.0,6.0,0.2375,0.11454753722794964,15.19,very low recovery time,2026-05-14
74,74,1,Midday (9–15),15,20.0,20.0,20.0,0.0,14.0,5.0,5.0,5.0,0.15833333333333333,0.0,5.54,moderate,2026-05-14
74,74,1,Overnight (0–6),6,15.0,15.0,15.0,0.0,5.0,6.0,0.0,6.0,0.1357142857142857,0.0,4.75,moderate,2026-05-14
74,74,1,PM Peak (15–19),13,28.0,24.0,28.0,4.0,13.0,6.0,2.8000000000000007,6.0,0.1357142857142857,0.14711290915777864,13.58,moderate,2026-05-14
75,75,0,AM Peak (6–9),26,29.0,20.783333333333335,29.0,8.216666666666665,23.0,5.0,2.0,8.0,0.15833333333333333,0.26162173636170666,21.24,moderate,2026-05-14
75,75,0,Evening (19–24),14,26.0,23.0,26.0,3.0,17.0,8.0,2.0,12.0,0.10555555555555556,0.11454753722794964,10.57,moderate,2026-05-14
75,75,0,Midday (9–15),42,28.0,28.0,28.0,0.0,43.0,7.0,6.0,7.0,0.11875,0.0,4.16,moderate,2026-05-14
75,75,0,Overnight (0–6),6,23.0,15.866666666666667,23.0,7.133333333333333,5.0,3.0,2.0,6.6,0.2375,0.23524238760030786,22.43,very low recovery time,2026-05-14
75,75,0,PM Peak (15–19),28,31.0,31.0,31.0,0.0,27.0,13.0,6.0,13.0,0.06785714285714285,0.0,2.38,moderate,2026-05-14
75,75,1,AM Peak (6–9),23,20.0,17.0,20.0,3.0,20.0,3.0,3.0,5.0,0.2375,0.11454753722794964,15.19,very low recovery time,2026-05-14
75,75,1,Evening (19–24),17,18.0,17.0,18.0,1.0,14.0,4.0,2.0,6.700000000000001,0.19,0.041339396444811924,9.13,moderate,2026-05-14
75,75,1,Midday (9–15),42,22.0,22.0,22.0,0.0,42.0,3.0,2.0,3.0,0.2375,0.0,8.31,very low recovery time,2026-05-14
75,75,1,Overnight (0–6),5,17.0,17.0,17.0,0.0,4.0,2.0,0.6000000000000001,9.700000000000003,0.31666666666666665,0.0,11.08,very low recovery time,2026-05-14
75,75,1,PM Peak (15–19),28,24.0,24.0,24.0,0.0,27.0,4.0,4.0,4.0,0.19,0.0,6.65,moderate,2026-05-14
76,76,0,AM Peak (6–9),40,18.0,9.85,24.0,14.15,27.0,0.0,0.0,5.0,0.95,0.378950187466524,55.99,no recovery time,2026-05-14
76,76,0,Evening (19–24),36,17.0,13.0,19.0,6.0,38.0,0.0,0.0,0.0,0.95,0.20554984583761568,45.58,no recovery time,2026-05-14
76,76,0,Midday (9–15),50,21.0,11.0,21.0,10.0,48.0,5.0,0.0,5.0,0.15833333333333333,0.30129557095510706,23.62,moderate,2026-05-14
76,76,0,Overnight (0–6),20,17.0,8.183333333333334,19.98,11.796666666666667,18.0,0.0,0.0,0.6000000000000014,0.95,0.3371760670731708,53.48,no recovery time,2026-05-14
76,76,0,PM Peak (15–19),36,22.0,15.0,22.0,7.0,36.0,1.0,1.0,4.0,0.475,0.2318648559125539,30.54,no recovery time,2026-05-14
76,76,1,AM Peak (6–9),38,18.0,7.85,19.0,11.15,35.0,4.0,4.0,6.200000000000003,0.19,0.3246942341292954,26.13,moderate,2026-05-14
76,76,1,Evening (19–24),39,11.0,9.0,13.0,4.0,36.0,8.0,2.0,8.0,0.10555555555555556,0.14711290915777864,12.52,moderate,2026-05-14
76,76,1,Midday (9–15),53,16.0,11.0,16.0,5.0,50.0,8.0,4.0,8.0,0.10555555555555556,0.17736786094359708,14.34,moderate,2026-05-14
76,76,1,Overnight (0–6),18,11.0,8.830000000000002,14.0,5.169999999999998,15.0,2.0,2.0,4.6,0.31666666666666665,0.18229901269393511,22.02,very low recovery time,2026-05-14
76,76,1,PM Peak (15–19),38,19.0,13.0,19.0,6.0,36.0,8.0,7.0,8.0,0.10555555555555556,0.20554984583761568,16.03,moderate,2026-05-14
77,77,0,AM Peak (6–9),18,15.0,15.0,15.0,0.0,18.0,3.0,3.0,3.0,0.2375,0.0,8.31,very low recovery time,2026-05-14
77,77,0,Evening (19–24),12,14.0,13.0,14.0,1.0,12.0,3.0,3.0,4.0,0.2375,0.041339396444811924,10.79,very low recovery time,2026-05-14
77,77,0,Midday (9–15),13,16.0,16.0,16.0,0.0,13.0,3.0,3.0,3.0,0.2375,0.0,8.31,very low recovery time,2026-05-14
77,77,0,Overnight (0–6),7,13.0,11.916666666666666,15.0,3.083333333333334,7.0,3.0,1.2000000000000002,4.0,0.2375,0.11735600101497087,15.35,very low recovery time,2026-05-14
77,77,0,PM Peak (15–19),16,18.0,17.0,18.0,1.0,16.0,2.0,2.0,3.0,0.31666666666666665,0.041339396444811924,13.56,very low recovery time,2026-05-14
77,77,1,AM Peak (6–9),18,8.0,8.0,8.0,0.0,18.0,4.0,4.0,4.0,0.19,0.0,6.65,moderate,2026-05-14
77,77,1,Evening (19–24),12,7.0,6.0,7.0,1.0,11.0,3.0,3.0,4.0,0.2375,0.041339396444811924,10.79,very low recovery time,2026-05-14
77,77,1,Midday (9–15),13,8.0,8.0,8.0,0.0,12.0,3.0,3.0,3.0,0.2375,0.0,8.31,very low recovery time,2026-05-14
77,77,1,Overnight (0–6),7,6.0,6.0,8.0,2.0,5.0,6.0,4.0,7.6,0.1357142857142857,0.07939658594680432,9.51,moderate,2026-05-14
77,77,1,PM Peak (15–19),16,8.0,8.0,8.0,0.0,16.0,2.0,2.0,2.0,0.31666666666666665,0.0,11.08,very low recovery time,2026-05-14
78,78,0,AM Peak (6–9),9,18.0,3.0,18.0,15.0,9.0,0.0,0.0,0.0,0.95,0.39277297721916743,56.82,no recovery time,2026-05-14
78,78,0,Evening (19–24),11,16.0,14.0,16.0,2.0,12.0,0.0,0.0,0.0,0.95,0.07939658594680432,38.01,no recovery time,2026-05-14
78,78,0,Midday (9–15),15,17.0,17.0,17.6,0.6000000000000014,14.0,0.0,0.0,0.0,0.95,0.025220680958385946,34.76,no recovery time,2026-05-14
78,78,0,Overnight (0–6),3,14.0,14.0,14.0,0.0,2.0,0.5,0.1,0.9,0.6333333333333333,0.0,22.17,no recovery time,2026-05-14
78,78,0,PM Peak (15–19),12,19.0,19.0,19.0,0.0,12.0,0.0,0.0,0.0,0.95,0.0,33.25,no recovery time,2026-05-14
78,78,1,AM Peak (6–9),9,11.0,11.0,11.0,0.0,8.0,2.0,1.0,3.3,0.31666666666666665,0.0,11.08,very low recovery time,2026-05-14
78,78,1,Evening (19–24),12,12.0,11.1,12.0,0.9000000000000004,12.0,6.0,2.1,7.0,0.1357142857142857,0.037359900373599035,6.99,moderate,2026-05-14
78,78,1,Midday (9–15),14,12.0,12.0,12.700000000000001,0.7000000000000011,15.0,6.0,5.0,6.0,0.1357142857142857,0.029300962745918847,6.51,moderate,2026-05-14
78,78,1,Overnight (0–6),2,11.0,11.0,11.0,0.0,2.0,4.5,4.1,4.9,0.17272727272727273,0.0,6.05,moderate,2026-05-14
78,78,1,PM Peak (15–19),12,13.0,13.0,13.0,0.0,12.0,3.0,3.0,3.0,0.2375,0.0,8.31,very low recovery time,2026-05-14
79,79,0,AM Peak (6–9),26,31.0,27.0,37.0,10.0,23.0,7.0,5.2,8.0,0.11875,0.30129557095510706,22.23,moderate,2026-05-14
79,79,0,Evening (19–24),22,25.5,22.0,29.0,7.0,20.0,3.0,0.0,8.200000000000003,0.2375,0.2318648559125539,22.22,very low recovery time,2026-05-14
79,79,0,Midday (9–15),26,30.0,29.0,35.0,6.0,24.0,3.0,2.0,9.099999999999998,0.2375,0.20554984583761568,20.65,very low recovery time,2026-05-14
79,79,0,Overnight (0–6),14,25.5,7.253333333333335,29.0,21.746666666666666,7.0,5.0,2.6,10.600000000000001,0.15833333333333333,0.4839403605073809,34.58,high schedule variability,2026-05-14
79,79,0,PM Peak (15–19),23,36.0,36.0,39.0,3.0,23.0,6.0,6.0,8.0,0.1357142857142857,0.11454753722794964,11.62,moderate,2026-05-14
79,79,1,AM Peak (6–9),25,28.0,26.0,28.0,2.0,24.0,0.0,0.0,2.6999999999999993,0.95,0.07939658594680432,38.01,no recovery time,2026-05-14
79,79,1,Evening (19–24),21,28.0,25.0,29.0,4.0,22.0,3.0,0.0,8.0,0.2375,0.14711290915777864,17.14,very low recovery time,2026-05-14
79,79,1,Midday (9–15),25,28.0,28.0,32.6,4.600000000000001,25.0,0.0,0.0,0.0,0.95,0.16552716804605982,43.18,no recovery time,2026-05-14
79,79,1,Overnight (0–6),7,26.0,25.0,28.0,3.0,7.0,8.0,0.0,9.200000000000001,0.10555555555555556,0.11454753722794964,10.57,moderate,2026-05-14
79,79,1,PM Peak (15–19),24,35.5,35.0,36.0,1.0,24.0,0.0,0.0,2.0,0.95,0.041339396444811924,35.73,no recovery time,2026-05-14
80,80,0,AM Peak (6–9),14,30.0,21.0,39.0,18.0,15.0,5.0,1.2000000000000004,9.6,0.15833333333333333,0.43699927166788066,31.76,moderate,2026-05-14
80,80,0,Evening (19–24),12,35.5,29.0,36.0,7.0,14.0,5.0,4.3,6.0,0.15833333333333333,0.2318648559125539,19.45,moderate,2026-05-14
80,80,0,Midday (9–15),15,42.0,41.4,45.0,3.6000000000000014,14.0,6.0,3.6,6.0,0.1357142857142857,0.13437849944008967,12.81,moderate,2026-05-14
80,80,0,Overnight (0–6),8,29.0,17.7,33.9,16.2,6.0,6.0,0.5,8.5,0.1357142857142857,0.4112718964204114,29.43,moderate,2026-05-14
80,80,0,PM Peak (15–19),18,30.5,24.0,45.0,21.0,17.0,4.0,2.0,10.4,0.19,0.47522063815342847,35.16,moderate,2026-05-14
80,80,1,AM Peak (6–9),16,46.5,44.0,53.5,9.5,13.0,8.0,3.4000000000000004,13.600000000000001,0.10555555555555556,0.2906087488528603,21.13,moderate,2026-05-14
80,80,1,Evening (19–24),14,38.0,34.0,41.0,7.0,12.0,6.0,6.0,12.0,0.1357142857142857,0.2318648559125539,18.66,moderate,2026-05-14
80,80,1,Midday (9–15),14,46.0,46.0,47.0,1.0,14.0,6.0,3.0,6.0,0.1357142857142857,0.041339396444811924,7.23,moderate,2026-05-14
80,80,1,Overnight (0–6),9,34.0,28.916666666666668,45.0,16.083333333333332,4.0,11.0,7.5,12.4,0.07916666666666666,0.4095230011882533,27.34,moderate,2026-05-14
80,80,1,PM Peak (15–19),18,47.0,45.415,54.0,8.585,16.0,5.0,1.0,13.0,0.15833333333333333,0.27018095987411495,21.75,moderate,2026-05-14
82,82,0,AM Peak (6–9),7,12.0,11.0,12.0,1.0,7.0,0.0,0.0,0.40000000000000036,0.95,0.041339396444811924,35.73,no recovery time,2026-05-14
82,82,0,Evening (19–24),13,11.0,10.0,11.0,1.0,13.0,0.0,0.0,0.0,0.95,0.041339396444811924,35.73,no recovery time,2026-05-14
82,82,0,Midday (9–15),15,12.0,12.0,12.0,0.0,14.0,0.0,0.0,0.0,0.95,0.0,33.25,no recovery time,2026-05-14
82,82,0,Overnight (0–6),2,10.0,10.0,10.0,0.0,1.0,2.0,2.0,2.0,0.31666666666666665,0.0,11.08,very low recovery time,2026-05-14
82,82,0,PM Peak (15–19),9,12.0,11.0,12.0,1.0,10.0,0.0,0.0,0.0,0.95,0.041339396444811924,35.73,no recovery time,2026-05-14
82,82,1,AM Peak (6–9),7,9.0,8.0,9.0,1.0,6.0,4.0,2.0,4.5,0.19,0.041339396444811924,9.13,moderate,2026-05-14
82,82,1,Evening (19–24),13,8.0,7.0,8.0,1.0,13.0,6.0,3.0,6.0,0.1357142857142857,0.041339396444811924,7.23,moderate,2026-05-14
82,82,1,Midday (9–15),14,9.0,9.0,9.0,0.0,15.0,4.0,4.0,4.0,0.19,0.0,6.65,moderate,2026-05-14
82,82,1,Overnight (0–6),1,7.0,7.0,7.0,0.0,1.0,1.0,1.0,1.0,0.475,0.0,16.62,no recovery time,2026-05-14
82,82,1,PM Peak (15–19),10,9.0,8.0,9.0,1.0,10.0,4.0,4.0,6.0,0.19,0.041339396444811924,9.13,moderate,2026-05-14
83,83,0,AM Peak (6–9),13,19.0,19.0,19.0,0.0,13.0,4.0,4.0,4.0,0.19,0.0,6.65,moderate,2026-05-14
83,83,0,Evening (19–24),16,17.0,16.0,17.0,1.0,15.0,2.0,2.0,2.0,0.31666666666666665,0.041339396444811924,13.56,very low recovery time,2026-05-14
83,83,0,Midday (9–15),18,20.0,20.0,20.0,0.0,17.0,4.0,4.0,4.0,0.19,0.0,6.65,moderate,2026-05-14
83,83,0,Overnight (0–6),5,16.0,15.4,16.0,0.5999999999999996,5.0,2.0,0.8,2.0,0.31666666666666665,0.02522068095838587,12.6,very low recovery time,2026-05-14
83,83,0,PM Peak (15–19),18,20.0,20.0,20.0,0.0,19.0,12.0,12.0,12.0,0.07307692307692307,0.0,2.56,moderate,2026-05-14
83,83,1,AM Peak (6–9),14,18.0,18.0,18.0,0.0,12.0,1.0,1.0,1.0,0.475,0.0,16.62,no recovery time,2026-05-14
83,83,1,Evening (19–24),16,16.5,15.0,18.0,3.0,16.0,2.5,1.0,3.0,0.2714285714285714,0.11454753722794964,16.37,very low recovery time,2026-05-14
83,83,1,Midday (9–15),17,19.0,19.0,19.0,0.0,17.0,1.0,1.0,3.0000000000000018,0.475,0.0,16.62,no recovery time,2026-05-14
83,83,1,Overnight (0–6),6,15.0,15.0,15.0,0.0,4.0,1.0,1.0,2.4000000000000004,0.475,0.0,16.62,no recovery time,2026-05-14
83,83,1,PM Peak (15–19),18,19.0,19.0,19.0,0.0,17.0,1.0,1.0,1.8000000000000007,0.475,0.0,16.62,no recovery time,2026-05-14
84,84,0,AM Peak (6–9),42,41.0,35.0,54.9,19.9,33.0,5.0,5.0,5.0,0.15833333333333333,0.4618240891158042,33.25,moderate,2026-05-14
84,84,0,Evening (19–24),44,29.0,28.0,34.0,6.0,45.0,5.0,3.0,7.0,0.15833333333333333,0.20554984583761568,17.87,moderate,2026-05-14
84,84,0,Midday (9–15),63,37.0,37.0,45.0,8.0,58.0,7.0,2.0,7.0,0.11875,0.25649246553382504,19.55,moderate,2026-05-14
84,84,0,Overnight (0–6),18,28.0,25.0,35.0,10.0,15.0,7.0,4.0,9.6,0.11875,0.30129557095510706,22.23,moderate,2026-05-14
84,84,0,PM Peak (15–19),40,45.0,34.0,66.0,32.0,34.0,7.0,3.3000000000000003,9.0,0.11875,0.5798151839101288,38.95,high schedule variability,2026-05-14
84,84,1,AM Peak (6–9),44,42.0,37.0,55.10000000000001,18.10000000000001,38.0,5.0,1.0,10.0,0.15833333333333333,0.4383627997093729,31.84,moderate,2026-05-14
84,84,1,Evening (19–24),48,33.3,31.0,37.0,6.0,44.0,9.0,4.0,9.0,0.095,0.20554984583761568,15.66,moderate,2026-05-14
84,84,1,Midday (9–15),62,40.0,40.0,46.0,6.0,62.0,7.0,1.1000000000000005,7.0,0.11875,0.20554984583761568,16.49,moderate,2026-05-14
84,84,1,Overnight (0–6),22,30.0,2.750000000000001,35.500000000000014,32.750000000000014,18.0,4.0,0.0,9.600000000000001,0.19,0.5854486950303899,41.78,high schedule variability,2026-05-14
84,84,1,PM Peak (15–19),38,46.0,37.0,69.0,32.0,37.0,8.0,6.0,14.0,0.10555555555555556,0.5798151839101288,38.48,high schedule variability,2026-05-14
85,85,0,AM Peak (6–9),20,51.0,43.9,59.2,15.300000000000004,20.0,8.5,5.0,10.0,0.09999999999999999,0.3975058456742013,27.35,moderate,2026-05-14
85,85,0,Evening (19–24),36,50.5,42.0,60.0,18.0,35.0,9.0,1.0,11.600000000000001,0.095,0.43699927166788066,29.54,moderate,2026-05-14
85,85,0,Midday (9–15),47,54.0,49.0,61.0,12.0,42.0,7.5,3.0,10.799999999999997,0.11176470588235293,0.3410059676044332,24.37,moderate,2026-05-14
85,85,0,Overnight (0–6),18,42.0,33.0,51.6,18.6,13.0,9.0,3.4000000000000004,13.200000000000003,0.095,0.44508255563531957,30.03,moderate,2026-05-14
85,85,0,PM Peak (15–19),27,60.0,53.2,66.0,12.799999999999997,26.0,10.0,4.0,16.0,0.08636363636363636,0.3556543484301195,24.36,moderate,2026-05-14
85,85,1,AM Peak (6–9),20,55.0,50.6,64.0,13.399999999999999,20.0,6.5,5.0,10.0,0.12666666666666665,0.3662202787646899,26.41,moderate,2026-05-14
85,85,1,Evening (19–24),36,45.0,35.0,54.0,19.0,34.0,10.0,4.0,12.0,0.08636363636363636,0.4503436833372838,30.04,moderate,2026-05-14
85,85,1,Midday (9–15),48,57.5,50.0,62.60000000000001,12.600000000000009,45.0,10.0,8.0,11.600000000000001,0.08636363636363636,0.35205364626990804,24.15,moderate,2026-05-14
85,85,1,Overnight (0–6),20,41.0,23.67166666666667,53.300000000000004,29.628333333333334,16.0,4.0,4.0,10.5,0.19,0.5609479031901803,40.31,high schedule variability,2026-05-14
85,85,1,PM Peak (15–19),26,53.0,47.0,64.0,17.0,28.0,7.0,7.0,9.0,0.11875,0.42299079372978365,29.54,moderate,2026-05-14
86,86,0,AM Peak (6–9),30,37.0,30.6,43.1,12.5,28.0,6.0,2.7,12.0,0.1357142857142857,0.3502381619501262,25.76,moderate,2026-05-14
86,86,0,Evening (19–24),38,39.0,35.0,42.0,7.0,40.0,4.0,2.9000000000000004,7.200000000000003,0.19,0.2318648559125539,20.56,moderate,2026-05-14
86,86,0,Midday (9–15),47,38.0,34.0,47.0,13.0,45.0,11.0,2.0,14.0,0.07916666666666666,0.3592152528322742,24.32,moderate,2026-05-14
86,86,0,Overnight (0–6),19,33.0,11.0,39.0,28.0,15.0,5.0,2.000000000000001,12.0,0.15833333333333333,0.5469818323891386,38.36,high schedule variability,2026-05-14
86,86,0,PM Peak (15–19),41,40.0,36.0,50.0,14.0,40.0,2.0,0.0,9.0,0.31666666666666665,0.3764452809895134,33.67,very low recovery time,2026-05-14
86,86,1,AM Peak (6–9),30,32.0,29.9,43.0,13.100000000000001,28.0,4.0,4.0,4.300000000000001,0.19,0.36098098649765786,28.31,moderate,2026-05-14
86,86,1,Evening (19–24),39,30.0,27.8,36.0,8.2,37.0,6.0,6.0,6.0,0.1357142857142857,0.26122969098439,20.42,moderate,2026-05-14
86,86,1,Midday (9–15),48,30.0,29.0,41.0,12.0,47.0,6.0,4.0,6.0,0.1357142857142857,0.3410059676044332,25.21,moderate,2026-05-14
86,86,1,Overnight (0–6),20,30.0,28.0,36.0,8.0,16.0,6.0,4.5,9.0,0.1357142857142857,0.25649246553382504,20.14,moderate,2026-05-14
86,86,1,PM Peak (15–19),41,31.0,30.0,42.0,12.0,41.0,4.0,4.0,4.0,0.19,0.3410059676044332,27.11,moderate,2026-05-14
87,87,0,AM Peak (6–9),18,22.0,22.0,26.0,4.0,,10.0,,,0.08636363636363636,0.14711290915777864,11.85,moderate,2026-05-14
87,87,0,Evening (19–24),30,22.0,19.0,22.0,3.0,19.0,4.0,4.0,9.0,0.19,0.11454753722794964,13.52,moderate,2026-05-14
87,87,0,Midday (9–15),36,26.0,26.0,26.0,0.0,,10.0,,,0.08636363636363636,0.0,3.02,moderate,2026-05-14
87,87,0,Overnight (0–6),15,19.0,18.0,22.0,4.0,9.0,4.0,4.0,9.0,0.19,0.14711290915777864,15.48,moderate,2026-05-14
87,87,0,PM Peak (15–19),24,29.0,29.0,29.0,0.0,,10.0,,,0.08636363636363636,0.0,3.02,moderate,2026-05-14
87,87,1,AM Peak (6–9),18,23.0,23.0,29.0,6.0,18.0,8.0,8.0,8.0,0.10555555555555556,0.20554984583761568,16.03,moderate,2026-05-14
87,87,1,Evening (19–24),30,21.0,19.0,21.0,2.0,30.0,8.0,8.0,8.0,0.10555555555555556,0.07939658594680432,8.46,moderate,2026-05-14
87,87,1,Midday (9–15),36,27.0,27.0,27.5,0.5,36.0,8.0,8.0,8.0,0.10555555555555556,0.021105951878429726,4.96,moderate,2026-05-14
87,87,1,Overnight (0–6),16,19.0,17.0,23.0,6.0,11.0,8.0,3.0,8.0,0.10555555555555556,0.20554984583761568,16.03,moderate,2026-05-14
87,87,1,PM Peak (15–19),24,28.0,28.0,28.0,0.0,24.0,8.0,8.0,8.0,0.10555555555555556,0.0,3.69,moderate,2026-05-14
88,88,0,AM Peak (6–9),24,20.0,18.0,24.0,6.0,23.0,0.0,0.0,0.0,0.95,0.20554984583761568,45.58,no recovery time,2026-05-14
88,88,0,Evening (19–24),15,20.0,17.0,21.0,4.0,15.0,1.0,0.0,1.0,0.475,0.14711290915777864,25.45,no recovery time,2026-05-14
88,88,0,Midday (9–15),21,24.0,23.0,29.0,6.0,20.0,0.0,0.0,0.0,0.95,0.20554984583761568,45.58,no recovery time,2026-05-14
88,88,0,Overnight (0–6),10,11.358333333333334,3.81,18.0,14.19,8.0,0.5,0.0,9.2,0.6333333333333333,0.3796147672552168,44.94,no recovery time,2026-05-14
88,88,0,PM Peak (15–19),19,29.0,25.0,31.0,6.0,20.0,1.5,0.0,4.0,0.38,0.20554984583761568,25.63,very low recovery time,2026-05-14
88,88,1,AM Peak (6–9),24,28.0,27.0,29.0,2.0,23.0,6.0,5.0,7.800000000000001,0.1357142857142857,0.07939658594680432,9.51,moderate,2026-05-14
88,88,1,Evening (19–24),15,23.0,20.0,23.0,3.0,15.0,10.0,5.2,10.0,0.08636363636363636,0.11454753722794964,9.9,moderate,2026-05-14
88,88,1,Midday (9–15),21,26.0,25.0,26.0,1.0,19.0,11.0,10.0,11.2,0.07916666666666666,0.041339396444811924,5.25,moderate,2026-05-14
88,88,1,Overnight (0–6),10,27.0,18.4,28.0,9.600000000000001,6.0,7.0,5.0,15.5,0.11875,0.2927721866422691,21.72,moderate,2026-05-14
88,88,1,PM Peak (15–19),20,27.0,26.0,27.0,1.0,18.0,13.5,6.7,14.0,0.06551724137931034,0.041339396444811924,4.77,moderate,2026-05-14
89,89,0,AM Peak (6–9),19,47.0,40.0,49.0,9.0,18.0,8.0,8.0,8.3,0.10555555555555556,0.2795899347623486,20.47,moderate,2026-05-14
89,89,0,Evening (19–24),29,37.0,31.0,40.0,9.0,30.0,8.0,8.0,8.0,0.10555555555555556,0.2795899347623486,20.47,moderate,2026-05-14
89,89,0,Midday (9–15),37,48.0,48.0,57.0,9.0,36.0,8.0,8.0,8.0,0.10555555555555556,0.2795899347623486,20.47,moderate,2026-05-14
89,89,0,Overnight (0–6),18,31.0,28.033333333333335,40.0,11.966666666666665,12.0,8.0,4.300000000000001,11.600000000000001,0.10555555555555556,0.34038115103821004,24.12,moderate,2026-05-14
89,89,0,PM Peak (15–19),24,57.0,50.2,57.0,6.799999999999997,24.0,8.0,8.0,8.0,0.10555555555555556,0.22674224741580526,17.3,moderate,2026-05-14
89,89,1,AM Peak (6–9),18,46.0,39.0,47.0,8.0,17.0,7.0,5.2,13.0,0.11875,0.25649246553382504,19.55,moderate,2026-05-14
89,89,1,Evening (19–24),30,42.5,34.0,43.0,9.0,29.0,9.0,7.0,10.0,0.095,0.2795899347623486,20.1,moderate,2026-05-14
89,89,1,Midday (9–15),36,49.0,49.0,61.0,12.0,34.0,5.0,5.0,9.7,0.15833333333333333,0.3410059676044332,26.0,moderate,2026-05-14
89,89,1,Overnight (0–6),17,34.0,31.0,37.76,6.759999999999998,13.0,7.0,7.0,11.0,0.11875,0.22570951585976629,17.7,moderate,2026-05-14
89,89,1,PM Peak (15–19),24,61.0,56.3,61.0,4.700000000000003,23.0,14.0,14.0,14.0,0.06333333333333332,0.16851918250268927,12.33,moderate,2026-05-14
90,90,0,AM Peak (6–9),15,20.0,14.0,20.0,6.0,13.0,8.0,4.0,8.0,0.10555555555555556,0.20554984583761568,16.03,moderate,2026-05-14
90,90,0,Evening (19–24),20,14.0,13.0,14.0,1.0,21.0,2.0,2.0,7.0,0.31666666666666665,0.041339396444811924,13.56,very low recovery time,2026-05-14
90,90,0,Midday (9–15),36,16.0,16.0,17.0,1.0,36.0,5.0,5.0,8.0,0.15833333333333333,0.041339396444811924,8.02,moderate,2026-05-14
90,90,0,Overnight (0–6),8,13.0,12.66,13.3,0.6400000000000006,7.0,7.0,4.200000000000001,8.200000000000001,0.11875,0.02685690306336554,5.77,moderate,2026-05-14
90,90,0,PM Peak (15–19),24,17.0,17.0,17.0,0.0,24.0,4.0,4.0,4.0,0.19,0.0,6.65,moderate,2026-05-14
90,90,1,AM Peak (6–9),13,18.0,15.0,18.0,3.0,12.0,4.0,3.0,6.9,0.19,0.11454753722794964,13.52,moderate,2026-05-14
90,90,1,Evening (19–24),21,16.0,14.0,16.0,2.0,21.0,4.0,4.0,6.0,0.19,0.07939658594680432,11.41,moderate,2026-05-14
90,90,1,Midday (9–15),37,17.0,17.0,21.599999999999994,4.599999999999994,35.0,2.0,2.0,7.0,0.31666666666666665,0.16552716804605963,21.01,very low recovery time,2026-05-14
90,90,1,Overnight (0–6),9,14.0,13.61,14.546666666666667,0.9366666666666674,6.0,6.0,6.0,11.5,0.1357142857142857,0.038822879248411206,7.08,moderate,2026-05-14
90,90,1,PM Peak (15–19),23,24.0,24.0,24.0,0.0,24.0,5.0,5.0,5.0,0.15833333333333333,0.0,5.54,moderate,2026-05-14
91,91,0,AM Peak (6–9),11,28.0,25.0,28.0,3.0,11.0,13.0,6.0,13.0,0.06785714285714285,0.11454753722794964,9.25,moderate,2026-05-14
91,91,0,Evening (19–24),12,23.0,20.0,23.0,3.0,12.0,3.0,3.0,5.0,0.2375,0.11454753722794964,15.19,very low recovery time,2026-05-14
91,91,0,Midday (9–15),18,25.0,25.0,25.3,0.3000000000000007,17.0,5.0,4.6,9.000000000000004,0.15833333333333333,0.012771392081736945,6.31,moderate,2026-05-14
91,91,0,Overnight (0–6),7,20.0,14.720000000000002,25.0,10.279999999999998,4.0,5.0,5.0,5.7,0.15833333333333333,0.3071407230355543,23.97,moderate,2026-05-14
91,91,0,PM Peak (15–19),12,26.0,25.0,31.400000000000002,6.400000000000002,11.0,10.0,1.0,10.0,0.08636363636363636,0.21628928692125732,16.0,moderate,2026-05-14
91,91,1,AM Peak (6–9),13,32.0,27.2,36.0,8.8,10.0,2.0,1.8,2.599999999999998,0.31666666666666665,0.2750859643638638,27.59,very low recovery time,2026-05-14
91,91,1,Evening (19–24),12,26.0,23.0,26.0,3.0,11.0,0.0,0.0,2.0,0.95,0.11454753722794964,40.12,no recovery time,2026-05-14
91,91,1,Midday (9–15),19,29.0,29.0,36.0,7.0,18.0,1.0,1.0,4.0,0.475,0.2318648559125539,30.54,no recovery time,2026-05-14
91,91,1,Overnight (0–6),6,24.875,23.0,26.875,3.875,6.0,2.0,1.0,2.0,0.31666666666666665,0.14317384075374104,19.67,very low recovery time,2026-05-14
91,91,1,PM Peak (15–19),11,37.0,34.0,40.0,6.0,11.0,4.0,4.0,11.0,0.19,0.20554984583761568,18.98,moderate,2026-05-14
92,92,0,AM Peak (6–9),16,10.0,9.0,10.0,1.0,16.0,4.0,3.0,4.5,0.19,0.041339396444811924,9.13,moderate,2026-05-14
92,92,0,Evening (19–24),21,9.0,9.0,11.0,2.0,22.0,2.0,1.0,3.0,0.31666666666666665,0.07939658594680432,15.85,very low recovery time,2026-05-14
92,92,0,Midday (9–15),26,10.0,10.0,10.0,0.0,26.0,3.0,3.0,3.0,0.2375,0.0,8.31,very low recovery time,2026-05-14
92,92,0,Overnight (0–6),7,9.0,9.0,9.0,0.0,6.0,2.5,1.5,3.0,0.2714285714285714,0.0,9.5,very low recovery time,2026-05-14
92,92,0,PM Peak (15–19),24,11.0,11.0,11.0,0.0,24.0,2.0,2.0,2.0,0.31666666666666665,0.0,11.08,very low recovery time,2026-05-14
92,92,1,AM Peak (6–9),16,9.0,9.0,11.0,2.0,15.0,3.0,3.0,6.199999999999999,0.2375,0.07939658594680432,13.08,very low recovery time,2026-05-14
92,92,1,Evening (19–24),23,9.0,8.0,13.400000000000002,5.400000000000002,21.0,3.0,2.0,3.0,0.2375,0.1888772298006297,19.65,very low recovery time,2026-05-14
92,92,1,Midday (9–15),26,11.0,11.0,11.0,0.0,26.0,4.0,4.0,4.0,0.19,0.0,6.65,moderate,2026-05-14
92,92,1,Overnight (0–6),6,8.5,8.0,9.0,1.0,5.0,3.0,2.4,8.200000000000001,0.2375,0.041339396444811924,10.79,very low recovery time,2026-05-14
92,92,1,PM Peak (15–19),23,14.0,14.0,14.0,0.0,17.0,3.0,3.0,3.0,0.2375,0.0,8.31,very low recovery time,2026-05-14
93,93,0,AM Peak (6–9),6,11.5,11.0,12.0,1.0,6.0,8.0,3.0,8.0,0.10555555555555556,0.041339396444811924,6.17,moderate,2026-05-14
93,93,0,Evening (19–24),11,11.0,10.0,15.0,5.0,11.0,4.0,0.0,5.0,0.19,0.17736786094359708,17.29,moderate,2026-05-14
93,93,0,Midday (9–15),12,12.0,12.0,12.0,0.0,12.0,7.0,7.0,7.0,0.11875,0.0,4.16,moderate,2026-05-14
93,93,0,Overnight (0–6),4,10.0,10.0,10.0,0.0,3.0,1.0,0.2,4.2,0.475,0.0,16.62,no recovery time,2026-05-14
93,93,0,PM Peak (15–19),8,15.0,14.1,15.0,0.9000000000000004,2.0,1.5,0.30000000000000004,2.7,0.38,0.037359900373599035,15.54,very low recovery time,2026-05-14
93,93,1,AM Peak (6–9),7,9.0,6.193333333333333,9.0,2.8066666666666666,7.0,1.0,0.0,1.0,0.475,0.10796255930247473,23.1,no recovery time,2026-05-14
93,93,1,Evening (19–24),11,11.0,9.0,14.0,5.0,10.0,1.0,1.0,4.0,0.475,0.17736786094359708,27.27,no recovery time,2026-05-14
93,93,1,Midday (9–15),12,10.0,10.0,10.0,0.0,12.0,1.0,1.0,1.0,0.475,0.0,16.62,no recovery time,2026-05-14
93,93,1,Overnight (0–6),3,9.0,9.0,9.0,0.0,4.0,1.0,0.30000000000000004,1.0,0.475,0.0,16.62,no recovery time,2026-05-14
93,93,1,PM Peak (15–19),8,14.0,14.0,14.0,0.0,8.0,1.0,1.0,1.0,0.475,0.0,16.62,no recovery time,2026-05-14
94,94,0,AM Peak (6–9),19,29.0,11.8,34.0,22.2,18.0,0.0,0.0,0.0,0.95,0.4890945142101786,62.6,"no recovery time, high schedule variability",2026-05-14
94,94,0,Evening (19–24),31,25.0,9.0,30.0,21.0,30.0,0.0,0.0,0.0,0.95,0.47522063815342847,61.76,no recovery time,2026-05-14
94,94,0,Midday (9–15),36,24.5,13.0,34.0,21.0,36.0,0.0,0.0,0.0,0.95,0.47522063815342847,61.76,no recovery time,2026-05-14
94,94,0,Overnight (0–6),9,25.0,9.0,25.8,16.8,6.0,0.0,0.0,0.0,0.95,0.4201050262565642,58.46,no recovery time,2026-05-14
94,94,0,PM Peak (15–19),24,22.5,15.0,37.0,22.0,24.0,0.0,0.0,0.0,0.95,0.48683337021464934,62.46,"no recovery time, high schedule variability",2026-05-14
94,94,1,AM Peak (6–9),18,20.5,11.0,36.0,25.0,18.0,4.0,0.0,9.0,0.19,0.5187798298402159,37.78,high schedule variability,2026-05-14
94,94,1,Evening (19–24),30,18.5,9.0,29.0,20.0,32.0,8.0,0.0,12.0,0.10555555555555556,0.4630701551285021,31.48,moderate,2026-05-14
94,94,1,Midday (9–15),36,24.5,14.0,35.0,21.0,36.0,1.0,1.0,3.0,0.475,0.47522063815342847,45.14,no recovery time,2026-05-14
94,94,1,Overnight (0–6),8,25.0,9.0,25.6,16.6,6.0,0.0,0.0,12.0,0.95,0.41719024880623284,58.28,no recovery time,2026-05-14
94,94,1,PM Peak (15–19),24,25.0,15.0,40.0,25.0,23.0,0.0,0.0,13.0,0.95,0.5187798298402159,64.38,"no recovery time, high schedule variability",2026-05-14
95,95,0,AM Peak (6–9),20,67.0,54.27666666666667,68.0,13.72333333333333,15.0,5.0,2.0,9.6,0.15833333333333333,0.3717717175365722,27.85,moderate,2026-05-14
95,95,0,Evening (19–24),48,50.0,44.0,61.0,17.0,37.0,7.0,1.2000000000000002,12.0,0.11875,0.42299079372978365,29.54,moderate,2026-05-14
95,95,0,Midday (9–15),37,65.0,65.0,65.0,0.0,36.0,2.0,2.0,2.5,0.31666666666666665,0.0,11.08,very low recovery time,2026-05-14
95,95,0,Overnight (0–6),22,44.0,1.85,53.0,51.15,19.0,0.0,0.0,10.399999999999999,0.95,0.6880548829701373,74.53,"no recovery time, high schedule variability",2026-05-14
95,95,0,PM Peak (15–19),26,76.0,67.0,76.0,9.0,24.0,12.0,7.300000000000001,13.0,0.07307692307692307,0.2795899347623486,19.33,moderate,2026-05-14
95,95,1,AM Peak (6–9),19,70.0,65.0,71.0,6.0,18.0,8.0,6.7,9.0,0.10555555555555556,0.20554984583761568,16.03,moderate,2026-05-14
95,95,1,Evening (19–24),43,52.0,44.0,56.0,12.0,44.0,6.0,4.0,6.0,0.1357142857142857,0.3410059676044332,25.21,moderate,2026-05-14
95,95,1,Midday (9–15),37,64.0,64.0,64.4,0.4000000000000057,35.0,9.0,5.4,9.0,0.095,0.01695633743111512,4.34,moderate,2026-05-14
95,95,1,Overnight (0–6),16,48.0,43.0,63.0,20.0,14.0,6.0,4.3,8.700000000000001,0.1357142857142857,0.4630701551285021,32.53,moderate,2026-05-14
95,95,1,PM Peak (15–19),26,69.0,58.0,69.0,11.0,24.0,3.0,3.0,7.099999999999998,0.2375,0.32173150043872484,27.62,very low recovery time,2026-05-14
96,96,0,AM Peak (6–9),21,70.0,62.0,74.0,12.0,20.0,4.0,3.8000000000000003,4.100000000000001,0.19,0.3410059676044332,27.11,moderate,2026-05-14
96,96,0,Evening (19–24),30,58.5,55.0,62.0,7.0,30.0,4.0,4.0,6.100000000000001,0.19,0.2318648559125539,20.56,moderate,2026-05-14
96,96,0,Midday (9–15),37,73.0,69.0,80.0,11.0,36.0,4.0,2.5,4.0,0.19,0.32173150043872484,25.95,moderate,2026-05-14
96,96,0,Overnight (0–6),23,53.0,22.816666666666666,61.0,38.18333333333334,14.0,5.0,4.3,10.0,0.15833333333333333,0.6221485987399523,42.87,high schedule variability,2026-05-14
96,96,0,PM Peak (15–19),24,80.0,69.6,83.0,13.400000000000006,23.0,5.0,5.0,5.0,0.15833333333333333,0.36622027876469,27.51,moderate,2026-05-14
96,96,1,AM Peak (6–9),21,64.0,60.0,69.0,9.0,19.0,11.0,5.8,17.0,0.07916666666666666,0.2795899347623486,19.55,moderate,2026-05-14
96,96,1,Evening (19–24),30,62.0,54.0,65.0,11.0,27.0,12.0,6.0,16.0,0.07307692307692307,0.32173150043872484,21.86,moderate,2026-05-14
96,96,1,Midday (9–15),37,70.0,67.0,77.8,10.799999999999997,36.0,10.0,3.0,18.0,0.08636363636363636,0.31774051191526925,22.09,moderate,2026-05-14
96,96,1,Overnight (0–6),18,52.0,43.2,60.3,17.099999999999994,13.0,13.0,5.200000000000001,16.0,0.06785714285714285,0.4244229337304542,27.84,moderate,2026-05-14
96,96,1,PM Peak (15–19),24,77.0,73.6,81.0,7.400000000000006,23.0,18.0,11.0,18.0,0.049999999999999996,0.24190912062765632,16.26,moderate,2026-05-14
97,97,0,AM Peak (6–9),14,44.5,30.0,61.400000000000006,31.400000000000006,14.0,4.5,2.0,10.400000000000002,0.17272727272727273,0.5751969225132809,40.56,high schedule variability,2026-05-14
97,97,0,Evening (19–24),22,38.5,24.0,47.0,23.0,21.0,6.0,2.0,12.0,0.1357142857142857,0.49794327776575026,34.63,high schedule variability,2026-05-14
97,97,0,Midday (9–15),26,47.5,40.0,57.0,17.0,26.0,11.5,2.0,19.0,0.076,0.42299079372978365,28.04,moderate,2026-05-14
97,97,0,Overnight (0–6),9,41.0,23.8,60.4,36.599999999999994,6.0,7.0,6.0,8.0,0.11875,0.6121424987456097,40.88,high schedule variability,2026-05-14
97,97,0,PM Peak (15–19),16,46.5,36.0,71.0,35.0,17.0,2.0,2.0,20.0,0.31666666666666665,0.6014779171678983,47.17,"very low recovery time, high schedule variability",2026-05-14
97,97,1,AM Peak (6–9),15,41.833333333333336,35.0,55.2,20.200000000000003,13.0,3.0,2.0,8.0,0.2375,0.4655450564646233,36.25,very low recovery time,2026-05-14
97,97,1,Evening (19–24),21,36.0,31.0,48.0,17.0,21.0,7.0,3.0,16.0,0.11875,0.42299079372978365,29.54,moderate,2026-05-14
97,97,1,Midday (9–15),25,58.0,36.0,63.0,27.0,25.0,2.0,2.0,12.0,0.31666666666666665,0.5379557680812912,43.36,"very low recovery time, high schedule variability",2026-05-14
97,97,1,Overnight (0–6),10,33.0,30.4,45.0,14.600000000000001,6.0,12.0,3.0,18.5,0.07307692307692307,0.38634559407250607,25.74,moderate,2026-05-14
97,97,1,PM Peak (15–19),16,47.5,47.0,65.0,18.0,16.0,3.5,1.0,5.0,0.2111111111111111,0.43699927166788066,33.61,moderate,2026-05-14
98,98,0,AM Peak (6–9),8,38.5,33.0,40.0,7.0,7.0,5.0,2.4000000000000004,10.4,0.15833333333333333,0.2318648559125539,19.45,moderate,2026-05-14
98,98,0,Evening (19–24),13,29.0,29.0,31.400000000000002,2.400000000000002,11.0,9.0,7.0,9.0,0.095,0.09378663540445498,8.95,moderate,2026-05-14
98,98,0,Midday (9–15),13,35.0,35.0,37.400000000000006,2.4000000000000057,14.0,10.0,2.6,10.0,0.08636363636363636,0.0937866354044551,8.65,moderate,2026-05-14
98,98,0,Overnight (0–6),6,29.0,15.958333333333334,33.0,17.041666666666664,3.0,10.0,7.6,12.4,0.08636363636363636,0.42358838394299686,28.44,moderate,2026-05-14
98,98,0,PM Peak (15–19),12,40.0,34.0,40.0,6.0,11.0,7.0,1.0,10.0,0.11875,0.20554984583761568,16.49,moderate,2026-05-14
98,98,1,AM Peak (6–9),8,36.5,33.0,38.0,5.0,8.0,3.0,2.0,4.0,0.2375,0.17736786094359708,18.95,very low recovery time,2026-05-14
98,98,1,Evening (19–24),14,26.0,26.0,30.800000000000004,4.800000000000004,13.0,2.0,2.0,2.0,0.31666666666666665,0.1714898177920688,21.37,very low recovery time,2026-05-14
98,98,1,Midday (9–15),15,34.0,34.0,36.4,2.3999999999999986,13.0,2.0,2.0,2.0,0.31666666666666665,0.09378663540445485,16.71,very low recovery time,2026-05-14
98,98,1,Overnight (0–6),6,29.5,13.425,33.0,19.575,6.0,2.0,0.0,2.0,0.31666666666666665,0.4577341283760085,38.55,very low recovery time,2026-05-14
98,98,1,PM Peak (15–19),10,38.0,32.0,38.0,6.0,12.0,2.0,2.0,4.0,0.31666666666666665,0.20554984583761568,23.42,very low recovery time,2026-05-14
99,99,0,Evening (19–24),16,7.0,7.0,7.0,0.0,,10.0,,,0.08636363636363636,0.0,3.02,moderate,2026-05-14
99,99,0,Midday (9–15),22,7.0,7.0,7.0,0.0,,10.0,,,0.08636363636363636,0.0,3.02,moderate,2026-05-14
99,99,0,Overnight (0–6),8,7.0,7.0,7.0,0.0,,10.0,,,0.08636363636363636,0.0,3.02,moderate,2026-05-14
99,99,0,PM Peak (15–19),8,7.0,7.0,7.0,0.0,,10.0,,,0.08636363636363636,0.0,3.02,moderate,2026-05-14
99,99,1,Evening (19–24),15,12.916666666666666,12.916666666666666,12.916666666666666,0.0,16.0,3.0,2.0,3.0,0.2375,0.0,8.31,very low recovery time,2026-05-14
99,99,1,Midday (9–15),23,14.916666666666666,14.916666666666666,14.916666666666666,0.0,23.0,3.0,1.4000000000000004,3.0,0.2375,0.0,8.31,very low recovery time,2026-05-14
99,99,1,Overnight (0–6),9,12.916666666666666,12.916666666666666,12.916666666666666,0.0,8.0,7.0,0.0,7.015,0.11875,0.0,4.16,moderate,2026-05-14
99,99,1,PM Peak (15–19),9,12.916666666666666,12.916666666666666,12.916666666666666,0.0,8.0,3.0,0.0,3.0,0.2375,0.0,8.31,very low recovery time,2026-05-14
100,100,0,AM Peak (6–9),36,31.5,30.0,35.0,5.0,35.0,2.0,2.0,3.0,0.31666666666666665,0.17736786094359708,21.73,very low recovery time,2026-05-14
100,100,0,Evening (19–24),30,30.0,26.0,30.0,4.0,30.0,3.0,3.0,4.0,0.2375,0.14711290915777864,17.14,very low recovery time,2026-05-14
100,100,0,Midday (9–15),50,34.0,34.0,35.0,1.0,48.0,2.0,2.0,3.0,0.31666666666666665,0.041339396444811924,13.56,very low recovery time,2026-05-14
100,100,0,Overnight (0–6),15,25.75,25.75,26.0,0.25,9.0,4.0,2.0,4.4,0.19,0.010665529010238912,7.29,moderate,2026-05-14
100,100,0,PM Peak (15–19),40,35.0,35.0,35.0,0.0,40.0,3.0,3.0,3.0,0.2375,0.0,8.31,very low recovery time,2026-05-14
100,100,1,AM Peak (6–9),36,33.0,32.0,34.0,2.0,36.0,1.0,0.0,3.0,0.475,0.07939658594680432,21.39,no recovery time,2026-05-14
100,100,1,Evening (19–24),31,33.0,29.0,33.0,4.0,30.0,4.0,1.0,5.200000000000003,0.19,0.14711290915777864,15.48,moderate,2026-05-14
100,100,1,Midday (9–15),50,34.0,34.0,38.0,4.0,47.0,2.0,2.0,3.0,0.31666666666666665,0.14711290915777864,19.91,very low recovery time,2026-05-14
100,100,1,Overnight (0–6),13,29.0,21.75,31.400000000000002,9.650000000000002,7.0,1.0,1.0,1.8000000000000007,0.475,0.29384896467722305,34.26,no recovery time,2026-05-14
100,100,1,PM Peak (15–19),40,38.0,38.0,38.0,0.0,40.0,2.0,2.0,2.0,0.31666666666666665,0.0,11.08,very low recovery time,2026-05-14
101,101,0,AM Peak (6–9),7,40.0,38.2,40.0,1.7999999999999972,6.0,6.5,2.5,14.0,0.12666666666666665,0.07202881152460977,8.76,moderate,2026-05-14
101,101,0,Evening (19–24),10,20.0,19.0,21.499999999999993,2.499999999999993,10.0,11.0,9.2,18.5,0.07916666666666666,0.09731413001167748,8.61,moderate,2026-05-14
101,101,0,Midday (9–15),12,21.0,21.0,35.400000000000006,14.400000000000006,12.0,10.0,1.6000000000000005,12.9,0.08636363636363636,0.3830806065442939,26.01,moderate,2026-05-14
101,101,0,Overnight (0–6),5,19.0,19.0,32.373333333333335,13.373333333333335,4.0,0.0,0.0,10.500000000000004,0.95,0.36575804540067475,55.2,no recovery time,2026-05-14
101,101,0,PM Peak (15–19),10,44.0,28.1,44.0,15.899999999999999,9.0,13.0,7.2,19.0,0.06785714285714285,0.4067536454336148,26.78,moderate,2026-05-14
101,101,1,AM Peak (6–9),8,39.0,39.0,39.0,0.0,,10.0,,,0.08636363636363636,0.0,3.02,moderate,2026-05-14
101,101,1,Evening (19–24),9,21.0,20.0,23.6,3.6000000000000014,,10.0,,,0.08636363636363636,0.13437849944008967,11.09,moderate,2026-05-14
101,101,1,Midday (9–15),13,25.0,25.0,40.0,15.0,,10.0,,,0.08636363636363636,0.39277297721916743,26.59,moderate,2026-05-14
101,101,1,Overnight (0–6),6,20.0,1.9333333333333333,38.78333333333333,36.85,,10.0,,,0.08636363636363636,0.6137574950033312,39.85,high schedule variability,2026-05-14
101,101,1,PM Peak (15–19),10,45.0,27.3,45.0,17.7,2.0,10.0,10.0,10.0,0.08636363636363636,0.4328686720469554,28.99,moderate,2026-05-14
102,102,0,AM Peak (6–9),24,62.0,56.0,85.0,29.0,20.0,9.0,9.0,15.0,0.095,0.555662004215367,36.66,high schedule variability,2026-05-14
102,102,0,Evening (19–24),54,45.5,29.0,68.40000000000003,39.400000000000034,53.0,5.0,4.0,9.800000000000004,0.15833333333333333,0.6294935293177827,43.31,high schedule variability,2026-05-14
102,102,0,Midday (9–15),37,60.0,60.0,79.0,19.0,37.0,19.0,10.6,19.0,0.0475,0.4503436833372838,28.68,moderate,2026-05-14
102,102,0,Overnight (0–6),25,44.0,20.530000000000005,56.0,35.47,21.0,7.0,0.0,9.0,0.11875,0.6046709853392432,40.44,high schedule variability,2026-05-14
102,102,0,PM Peak (15–19),26,70.0,70.0,86.0,16.0,24.0,9.0,8.0,15.0,0.095,0.4082674151569279,27.82,moderate,2026-05-14
102,102,1,AM Peak (6–9),25,66.0,66.0,88.0,22.0,22.0,7.5,2.3000000000000003,36.0,0.11176470588235293,0.48683337021464934,33.12,high schedule variability,2026-05-14
102,102,1,Evening (19–24),56,49.0,35.0,70.5,35.5,53.0,8.0,0.0,16.0,0.10555555555555556,0.6048730618504005,39.99,high schedule variability,2026-05-14
102,102,1,Midday (9–15),38,61.0,61.0,88.0,27.0,36.0,1.0,0.0,14.0,0.475,0.5379557680812912,48.9,"no recovery time, high schedule variability",2026-05-14
102,102,1,Overnight (0–6),36,37.3,8.1,66.0,57.9,23.0,7.0,0.0,8.0,0.11875,0.7140214576396597,47.0,high schedule variability,2026-05-14
102,102,1,PM Peak (15–19),24,67.0,67.0,98.0,31.0,26.0,5.0,3.5,13.0,0.15833333333333333,0.5720612659162208,39.87,high schedule variability,2026-05-14
103,103,0,AM Peak (6–9),8,16.0,16.0,23.0,7.0,8.0,6.0,4.0,7.499999999999999,0.1357142857142857,0.2318648559125539,18.66,moderate,2026-05-14
103,103,0,Evening (19–24),13,15.0,13.0,15.0,2.0,14.0,5.0,2.0,5.0,0.15833333333333333,0.07939658594680432,10.31,moderate,2026-05-14
103,103,0,Midday (9–15),16,19.0,19.0,19.5,0.5,15.0,8.0,5.6000000000000005,8.0,0.10555555555555556,0.021105951878429726,4.96,moderate,2026-05-14
103,103,0,Overnight (0–6),5,13.0,6.25,16.0,9.75,3.0,2.0,2.0,6.0,0.31666666666666665,0.295992714025501,28.84,very low recovery time,2026-05-14
103,103,0,PM Peak (15–19),10,19.0,17.275,20.0,2.7250000000000014,9.0,4.0,3.6,6.0,0.19,0.10515145668531747,12.96,moderate,2026-05-14
103,103,1,AM Peak (6–9),8,15.0,15.0,20.0,5.0,7.0,3.0,3.0,5.000000000000002,0.2375,0.17736786094359708,18.95,very low recovery time,2026-05-14
103,103,1,Evening (19–24),13,15.0,14.0,15.0,1.0,13.0,5.0,1.0,6.600000000000001,0.15833333333333333,0.041339396444811924,8.02,moderate,2026-05-14
103,103,1,Midday (9–15),15,17.0,17.0,20.0,3.0,15.0,6.0,4.800000000000001,6.0,0.1357142857142857,0.11454753722794964,11.62,moderate,2026-05-14
103,103,1,Overnight (0–6),4,14.0,14.0,14.7,0.6999999999999993,4.0,1.0,0.30000000000000004,8.000000000000002,0.475,0.029300962745918778,18.38,no recovery time,2026-05-14
103,103,1,PM Peak (15–19),9,19.0,19.0,22.0,3.0,9.0,4.0,2.4000000000000004,6.0,0.19,0.11454753722794964,13.52,moderate,2026-05-14
104,104,0,AM Peak (6–9),6,26.0,24.0,26.0,2.0,,10.0,,,0.08636363636363636,0.07939658594680432,7.79,moderate,2026-05-14
104,104,0,Evening (19–24),12,24.0,20.0,24.0,4.0,,10.0,,,0.08636363636363636,0.14711290915777864,11.85,moderate,2026-05-14
104,104,0,Midday (9–15),14,25.0,25.0,26.700000000000003,1.7000000000000028,,10.0,,,0.08636363636363636,0.06830052229811183,7.12,moderate,2026-05-14
104,104,0,Overnight (0–6),5,20.0,20.0,22.4,2.3999999999999986,,10.0,,,0.08636363636363636,0.09378663540445485,8.65,moderate,2026-05-14
104,104,0,PM Peak (15–19),8,27.0,27.0,27.0,0.0,,10.0,,,0.08636363636363636,0.0,3.02,moderate,2026-05-14
104,104,1,AM Peak (6–9),6,30.0,27.0,30.0,3.0,6.0,2.5,1.0,4.0,0.2714285714285714,0.11454753722794964,16.37,very low recovery time,2026-05-14
104,104,1,Evening (19–24),12,26.0,23.0,26.0,3.0,12.0,1.0,0.10000000000000009,2.0,0.475,0.11454753722794964,23.5,no recovery time,2026-05-14
104,104,1,Midday (9–15),14,28.0,28.0,30.700000000000003,2.700000000000003,14.0,1.0,1.0,1.700000000000001,0.475,0.10428736964078808,22.88,no recovery time,2026-05-14
104,104,1,Overnight (0–6),4,23.0,23.0,25.8,2.8000000000000007,4.0,2.0,0.6000000000000001,2.0,0.31666666666666665,0.1077337437475953,17.55,very low recovery time,2026-05-14
104,104,1,PM Peak (15–19),8,31.0,31.0,31.0,0.0,8.0,2.0,1.7000000000000002,2.0,0.31666666666666665,0.0,11.08,very low recovery time,2026-05-14
105,105,0,AM Peak (6–9),16,12.0,11.0,13.0,2.0,16.0,5.0,4.0,6.0,0.15833333333333333,0.07939658594680432,10.31,moderate,2026-05-14
105,105,0,Evening (19–24),16,11.0,9.0,13.5,4.5,16.0,4.0,2.5,4.5,0.19,0.162513542795233,16.4,moderate,2026-05-14
105,105,0,Midday (9–15),22,13.0,13.0,13.0,0.0,21.0,8.0,2.0,8.0,0.10555555555555556,0.0,3.69,moderate,2026-05-14
105,105,0,Overnight (0–6),7,11.0,9.0,15.0,6.0,6.0,3.0,0.0,5.0,0.2375,0.20554984583761568,20.65,very low recovery time,2026-05-14
105,105,0,PM Peak (15–19),19,16.0,14.0,18.0,4.0,18.0,10.0,2.0,10.0,0.08636363636363636,0.14711290915777864,11.85,moderate,2026-05-14
105,105,1,AM Peak (6–9),16,13.5,13.0,15.0,2.0,16.0,2.0,1.5,2.0,0.31666666666666665,0.07939658594680432,15.85,very low recovery time,2026-05-14
105,105,1,Evening (19–24),16,12.0,11.0,12.0,1.0,17.0,3.0,1.0,5.0,0.2375,0.041339396444811924,10.79,very low recovery time,2026-05-14
105,105,1,Midday (9–15),21,14.0,14.0,15.0,1.0,22.0,1.0,1.0,2.0,0.475,0.041339396444811924,19.11,no recovery time,2026-05-14
105,105,1,Overnight (0–6),6,12.0,11.0,15.0,4.0,4.0,4.0,1.2000000000000002,5.4,0.19,0.14711290915777864,15.48,moderate,2026-05-14
105,105,1,PM Peak (15–19),21,16.0,15.0,19.0,4.0,19.0,1.0,1.0,5.0,0.475,0.14711290915777864,25.45,no recovery time,2026-05-14
106,106,0,AM Peak (6–9),10,27.0,24.0,27.0,3.0,10.0,4.5,2.8,6.499999999999998,0.17272727272727273,0.11454753722794964,12.92,moderate,2026-05-14
106,106,0,Evening (19–24),18,21.0,19.0,25.0,6.0,16.0,5.0,1.0,8.0,0.15833333333333333,0.20554984583761568,17.87,moderate,2026-05-14
106,106,0,Midday (9–15),19,23.0,23.0,26.599999999999998,3.599999999999998,18.0,6.0,6.0,8.600000000000001,0.1357142857142857,0.13437849944008956,12.81,moderate,2026-05-14
106,106,0,Overnight (0–6),9,19.0,19.0,24.0,5.0,7.0,2.0,1.6,4.4,0.31666666666666665,0.17736786094359708,21.73,very low recovery time,2026-05-14
106,106,0,PM Peak (15–19),18,29.0,23.055,29.0,5.945,16.0,6.0,4.0,8.5,0.1357142857142857,0.20405011154968258,16.99,moderate,2026-05-14
106,106,1,AM Peak (6–9),11,26.0,22.0,26.0,4.0,10.0,5.0,5.0,8.1,0.15833333333333333,0.14711290915777864,14.37,moderate,2026-05-14
106,106,1,Evening (19–24),16,22.0,20.0,25.0,5.0,17.0,6.0,5.0,6.0,0.1357142857142857,0.17736786094359708,15.39,moderate,2026-05-14
106,106,1,Midday (9–15),19,24.0,24.0,24.999999999999996,0.9999999999999964,19.0,7.0,5.8,7.0,0.11875,0.04133939644481178,6.64,moderate,2026-05-14
106,106,1,Overnight (0–6),8,20.0,19.865000000000002,22.0,2.134999999999998,7.0,7.0,5.0,19.0,0.11875,0.08430404738400786,9.21,moderate,2026-05-14
106,106,1,PM Peak (15–19),17,29.0,26.2,29.0,2.8000000000000007,17.0,6.0,5.0,7.0,0.1357142857142857,0.1077337437475953,11.21,moderate,2026-05-14
107,107,0,AM Peak (6–9),7,33.0,33.0,33.0,0.0,7.0,13.0,2.2,23.0,0.06785714285714285,0.0,2.38,moderate,2026-05-14
107,107,0,Evening (19–24),9,27.0,26.0,27.0,1.0,9.0,18.0,7.2,20.4,0.049999999999999996,0.041339396444811924,4.23,moderate,2026-05-14
107,107,0,Midday (9–15),12,31.0,31.0,31.0,0.0,11.0,4.0,0.0,22.0,0.19,0.0,6.65,moderate,2026-05-14
107,107,0,Overnight (0–6),5,26.0,26.0,33.0,7.0,4.0,0.5,0.0,16.400000000000006,0.6333333333333333,0.2318648559125539,36.08,no recovery time,2026-05-14
107,107,0,PM Peak (15–19),8,34.0,32.5,34.0,1.5,8.0,7.5,0.0,14.0,0.11176470588235293,0.06075334143377888,7.56,moderate,2026-05-14
107,107,1,AM Peak (6–9),7,34.0,34.0,34.0,0.0,,10.0,,,0.08636363636363636,0.0,3.02,moderate,2026-05-14
107,107,1,Evening (19–24),10,27.0,26.0,28.0,2.0,,10.0,,,0.08636363636363636,0.07939658594680432,7.79,moderate,2026-05-14
107,107,1,Midday (9–15),12,33.0,33.0,33.0,0.0,,10.0,,,0.08636363636363636,0.0,3.02,moderate,2026-05-14
107,107,1,Overnight (0–6),5,26.0,26.0,33.88666666666667,7.88666666666667,,10.0,,,0.08636363636363636,0.25378097179019643,18.25,moderate,2026-05-14
107,107,1,PM Peak (15–19),8,37.0,36.1,37.0,0.8999999999999986,,10.0,,,0.08636363636363636,0.03735990037359896,5.26,moderate,2026-05-14
108,108,0,AM Peak (6–9),19,34.0,30.0,38.0,8.0,18.0,9.0,7.4,13.0,0.095,0.25649246553382504,18.71,moderate,2026-05-14
108,108,0,Evening (19–24),21,31.0,28.0,34.0,6.0,21.0,6.0,6.0,15.0,0.1357142857142857,0.20554984583761568,17.08,moderate,2026-05-14
108,108,0,Midday (9–15),36,35.0,31.0,38.5,7.5,33.0,10.0,3.0,14.0,0.08636363636363636,0.24437927663734124,17.69,moderate,2026-05-14
108,108,0,Overnight (0–6),10,28.0,23.195,30.0,6.805,6.0,14.5,8.5,16.0,0.06129032258064516,0.2268711451908652,15.76,moderate,2026-05-14
108,108,0,PM Peak (15–19),22,36.0,36.0,42.0,6.0,21.0,14.0,14.0,14.0,0.06333333333333332,0.20554984583761568,14.55,moderate,2026-05-14
108,108,1,AM Peak (6–9),18,33.5,30.0,38.0,8.0,19.0,8.0,5.6,9.2,0.10555555555555556,0.25649246553382504,19.08,moderate,2026-05-14
108,108,1,Evening (19–24),22,31.5,27.0,34.0,7.0,22.0,7.0,3.0,9.900000000000002,0.11875,0.2318648559125539,18.07,moderate,2026-05-14
108,108,1,Midday (9–15),36,34.0,31.0,35.0,4.0,36.0,8.0,8.0,8.0,0.10555555555555556,0.14711290915777864,12.52,moderate,2026-05-14
108,108,1,Overnight (0–6),9,27.0,19.85,34.0,14.149999999999999,6.0,3.0,3.0,4.0,0.2375,0.3789501874665239,31.05,very low recovery time,2026-05-14
108,108,1,PM Peak (15–19),22,36.0,35.0,41.0,6.0,21.0,8.0,8.0,8.0,0.10555555555555556,0.20554984583761568,16.03,moderate,2026-05-14
109,109,0,AM Peak (6–9),11,29.0,9.95,32.0,22.05,10.0,2.0,0.0,4.0,0.31666666666666665,0.48740053050397886,40.33,"very low recovery time, high schedule variability",2026-05-14
109,109,0,Evening (19–24),11,22.0,19.0,24.0,5.0,12.0,7.0,4.0,7.9,0.11875,0.17736786094359708,14.8,moderate,2026-05-14
109,109,0,Midday (9–15),18,27.0,26.0,28.0,2.0,18.0,5.0,4.4,5.0,0.15833333333333333,0.07939658594680432,10.31,moderate,2026-05-14
109,109,0,Overnight (0–6),5,19.0,9.6,19.6,10.000000000000002,5.0,4.0,1.6,7.0,0.19,0.3012955709551071,24.73,moderate,2026-05-14
109,109,0,PM Peak (15–19),12,35.0,32.3,37.0,4.700000000000003,12.0,4.0,0.0,4.0,0.19,0.16851918250268927,16.76,moderate,2026-05-14
109,109,1,AM Peak (6–9),10,24.0,21.0,26.0,5.0,9.0,1.0,0.0,5.4,0.475,0.17736786094359708,27.27,no recovery time,2026-05-14
109,109,1,Evening (19–24),12,21.0,20.0,24.0,4.0,11.0,4.0,0.0,6.0,0.19,0.14711290915777864,15.48,moderate,2026-05-14
109,109,1,Midday (9–15),18,25.0,24.0,25.0,1.0,18.0,3.5,2.0,5.0,0.2111111111111111,0.041339396444811924,9.87,moderate,2026-05-14
109,109,1,Overnight (0–6),6,20.0,8.5,20.0,11.5,5.0,4.0,0.8,5.2,0.19,0.33150763908907477,26.54,moderate,2026-05-14
109,109,1,PM Peak (15–19),12,35.0,28.1,36.0,7.899999999999999,11.0,5.0,0.0,8.0,0.15833333333333333,0.2541009971051786,20.79,moderate,2026-05-14
110,110,0,AM Peak (6–9),31,23.0,18.15,26.0,7.850000000000001,14.0,4.5,3.3,7.0,0.17272727272727273,0.2528994845360826,21.22,moderate,2026-05-14
110,110,0,Evening (19–24),24,20.575,17.15,24.0,6.850000000000001,11.0,4.0,1.0,13.0,0.19,0.22802929427430105,20.33,moderate,2026-05-14
110,110,0,Midday (9–15),29,22.15,20.15,26.0,5.850000000000001,15.0,5.0,5.0,5.0,0.15833333333333333,0.20144628099173564,17.63,moderate,2026-05-14
110,110,0,Overnight (0–6),16,16.15,5.2,22.0,16.8,5.0,4.0,4.0,12.600000000000001,0.19,0.4201050262565642,31.86,moderate,2026-05-14
110,110,0,PM Peak (15–19),30,23.075,21.85,27.0,5.149999999999999,14.0,7.0,5.0,9.0,0.11875,0.18172194777699366,15.06,moderate,2026-05-14
110,110,1,AM Peak (6–9),30,23.0,20.0,29.0,9.0,29.0,3.0,2.0,7.0,0.2375,0.2795899347623486,25.09,very low recovery time,2026-05-14
110,110,1,Evening (19–24),23,21.0,20.0,25.0,5.0,22.0,8.0,1.0,10.0,0.10555555555555556,0.17736786094359708,14.34,moderate,2026-05-14
110,110,1,Midday (9–15),31,24.85,22.0,29.0,7.0,27.0,4.0,4.0,9.0,0.19,0.2318648559125539,20.56,moderate,2026-05-14
110,110,1,Overnight (0–6),15,20.0,8.503333333333334,23.0,14.496666666666666,12.0,1.0,1.0,9.8,0.475,0.38466301079073073,39.7,no recovery time,2026-05-14
110,110,1,PM Peak (15–19),31,25.0,21.0,30.0,9.0,30.0,7.5,5.9,11.100000000000001,0.11176470588235293,0.2795899347623486,20.69,moderate,2026-05-14
111,111,0,AM Peak (6–9),16,28.0,27.0,28.0,1.0,15.0,6.0,3.0,6.0,0.1357142857142857,0.041339396444811924,7.23,moderate,2026-05-14
111,111,0,Evening (19–24),14,23.0,20.0,23.0,3.0,13.0,5.0,5.0,5.0,0.15833333333333333,0.11454753722794964,12.41,moderate,2026-05-14
111,111,0,Midday (9–15),23,26.0,26.0,26.0,0.0,23.0,2.0,1.2000000000000002,5.200000000000003,0.31666666666666665,0.0,11.08,very low recovery time,2026-05-14
111,111,0,Overnight (0–6),7,24.0,20.0,24.0,4.0,6.0,4.0,1.5,5.0,0.19,0.14711290915777864,15.48,moderate,2026-05-14
111,111,0,PM Peak (15–19),21,29.0,29.0,29.0,0.0,20.0,5.0,5.0,5.0,0.15833333333333333,0.0,5.54,moderate,2026-05-14
111,111,1,AM Peak (6–9),17,31.0,26.4,31.0,4.600000000000001,16.0,1.0,1.0,5.0,0.475,0.16552716804605982,26.56,no recovery time,2026-05-14
111,111,1,Evening (19–24),14,29.0,27.0,31.1,4.100000000000001,13.0,3.0,2.0,3.0,0.2375,0.15023818248442664,17.33,very low recovery time,2026-05-14
111,111,1,Midday (9–15),24,29.0,29.0,29.0,0.0,23.0,7.0,1.4000000000000004,7.0,0.11875,0.0,4.16,moderate,2026-05-14
111,111,1,Overnight (0–6),10,24.0,3.8833333333333333,27.0,23.116666666666667,7.0,0.0,0.0,2.0,0.95,0.4992081773682696,63.2,"no recovery time, high schedule variability",2026-05-14
111,111,1,PM Peak (15–19),20,34.0,33.8,34.0,0.20000000000000284,21.0,4.0,4.0,6.0,0.19,0.008550662676357542,7.16,moderate,2026-05-14
112,112,0,AM Peak (6–9),16,38.0,34.0,42.0,8.0,15.0,7.0,6.4,7.0,0.11875,0.25649246553382504,19.55,moderate,2026-05-14
112,112,0,Evening (19–24),17,53.0,45.0,53.0,8.0,15.0,4.0,2.8000000000000003,6.199999999999999,0.19,0.25649246553382504,22.04,moderate,2026-05-14
112,112,0,Midday (9–15),36,30.0,30.0,60.0,30.0,32.0,6.0,0.10000000000000009,9.0,0.1357142857142857,0.5640157924421885,38.59,high schedule variability,2026-05-14
112,112,0,Overnight (0–6),10,45.0,34.0,45.0,11.0,6.0,5.0,3.0,5.5,0.15833333333333333,0.32173150043872484,24.85,moderate,2026-05-14
112,112,0,PM Peak (15–19),18,53.0,30.0,60.0,30.0,18.0,5.0,5.0,7.300000000000001,0.15833333333333333,0.5640157924421885,39.38,high schedule variability,2026-05-14
112,112,1,AM Peak (6–9),17,63.0,36.0,63.0,27.0,15.0,8.0,0.0,9.0,0.10555555555555556,0.5379557680812912,35.97,high schedule variability,2026-05-14
112,112,1,Evening (19–24),16,38.0,34.0,38.0,4.0,16.0,6.0,4.0,7.0,0.1357142857142857,0.14711290915777864,13.58,moderate,2026-05-14
112,112,1,Midday (9–15),31,37.0,32.0,55.0,23.0,33.0,9.0,0.0,12.0,0.095,0.49794327776575026,33.2,high schedule variability,2026-05-14
112,112,1,Overnight (0–6),8,34.0,18.983333333333334,62.556666666666665,43.57333333333333,7.0,4.0,2.4000000000000004,5.200000000000001,0.19,0.6526536522043038,45.81,high schedule variability,2026-05-14
112,112,1,PM Peak (15–19),19,38.0,37.0,43.0,6.0,19.0,5.0,0.0,12.0,0.15833333333333333,0.20554984583761568,17.87,moderate,2026-05-14
113,113,0,AM Peak (6–9),9,28.0,23.0,28.0,5.0,9.0,15.0,2.0,16.0,0.059375,0.17736786094359708,12.72,moderate,2026-05-14
113,113,0,Evening (19–24),11,27.0,23.0,27.0,4.0,11.0,10.0,6.0,15.0,0.08636363636363636,0.14711290915777864,11.85,moderate,2026-05-14
113,113,0,Midday (9–15),19,28.0,28.0,33.0,5.0,18.0,16.0,10.7,16.0,0.055882352941176466,0.17736786094359708,12.6,moderate,2026-05-14
113,113,0,Overnight (0–6),8,21.5,9.45,23.0,13.55,7.0,9.0,3.6,12.0,0.095,0.3688078388677192,25.45,moderate,2026-05-14
113,113,0,PM Peak (15–19),15,33.0,28.6,33.0,4.399999999999999,13.0,10.0,10.0,10.0,0.08636363636363636,0.15947807176513232,12.59,moderate,2026-05-14
113,113,1,AM Peak (6–9),9,29.0,22.0,29.0,7.0,10.0,8.0,7.0,8.0,0.10555555555555556,0.2318648559125539,17.61,moderate,2026-05-14
113,113,1,Evening (19–24),11,27.0,22.0,27.0,5.0,11.0,11.0,6.0,11.0,0.07916666666666666,0.17736786094359708,13.41,moderate,2026-05-14
113,113,1,Midday (9–15),19,28.0,28.0,31.0,3.0,18.0,8.0,6.0,8.0,0.10555555555555556,0.11454753722794964,10.57,moderate,2026-05-14
113,113,1,Overnight (0–6),8,22.0,10.116666666666667,22.0,11.883333333333333,5.0,6.0,6.0,7.0,0.1357142857142857,0.338813913704619,25.08,moderate,2026-05-14
113,113,1,PM Peak (15–19),14,31.0,28.9,31.0,2.1000000000000014,15.0,6.0,6.0,6.0,0.1357142857142857,0.08303677342823258,9.73,moderate,2026-05-14
114,114,0,AM Peak (6–9),17,25.0,23.0,25.0,2.0,15.0,20.0,9.4,22.0,0.04523809523809524,0.07939658594680432,6.35,moderate,2026-05-14
114,114,0,Evening (19–24),20,21.0,20.0,21.0,1.0,19.0,17.0,5.0,17.4,0.05277777777777778,0.041339396444811924,4.33,moderate,2026-05-14
114,114,0,Midday (9–15),25,24.0,24.0,28.800000000000004,4.800000000000004,24.0,12.0,9.9,12.0,0.07307692307692307,0.1714898177920688,12.85,moderate,2026-05-14
114,114,0,Overnight (0–6),9,20.0,20.0,20.0,0.0,7.0,5.0,5.0,9.200000000000003,0.15833333333333333,0.0,5.54,moderate,2026-05-14
114,114,0,PM Peak (15–19),20,32.0,32.0,32.0,0.0,19.0,25.0,15.0,25.0,0.036538461538461534,0.0,1.28,moderate,2026-05-14
114,114,1,AM Peak (6–9),18,21.0,17.0,21.0,4.0,16.0,2.0,0.0,2.0,0.31666666666666665,0.14711290915777864,19.91,very low recovery time,2026-05-14
114,114,1,Evening (19–24),20,19.0,18.0,19.0,1.0,20.0,3.0,1.9000000000000001,3.0,0.2375,0.041339396444811924,10.79,very low recovery time,2026-05-14
114,114,1,Midday (9–15),24,22.0,22.0,22.0,0.0,24.0,2.0,2.0,2.0,0.31666666666666665,0.0,11.08,very low recovery time,2026-05-14
114,114,1,Overnight (0–6),8,18.0,17.0,18.0,1.0,7.0,2.0,1.2000000000000002,5.4,0.31666666666666665,0.041339396444811924,13.56,very low recovery time,2026-05-14
114,114,1,PM Peak (15–19),20,24.0,24.0,24.0,0.0,20.0,3.0,3.0,3.1000000000000014,0.2375,0.0,8.31,very low recovery time,2026-05-14
115,115,0,AM Peak (6–9),9,26.0,20.0,26.0,6.0,8.0,0.0,0.0,0.0,0.95,0.20554984583761568,45.58,no recovery time,2026-05-14
115,115,0,Evening (19–24),9,19.0,19.0,24.200000000000003,5.200000000000003,10.0,0.0,0.0,1.3999999999999986,0.95,0.183163085593519,44.24,no recovery time,2026-05-14
115,115,0,Midday (9–15),15,20.0,20.0,24.2,4.199999999999999,15.0,0.0,0.0,1.5999999999999996,0.95,0.15334063526834615,42.45,no recovery time,2026-05-14
115,115,0,PM Peak (15–19),12,29.0,29.0,29.0,0.0,12.0,14.0,12.2,14.0,0.06333333333333332,0.0,2.22,moderate,2026-05-14
115,115,1,AM Peak (6–9),8,20.0,15.0,20.0,5.0,7.0,9.0,4.0,15.0,0.095,0.17736786094359708,13.97,moderate,2026-05-14
115,115,1,Evening (19–24),10,16.0,16.0,16.299999999999997,0.29999999999999716,8.0,5.0,2.0,5.0,0.15833333333333333,0.012771392081736796,6.31,moderate,2026-05-14
115,115,1,Midday (9–15),15,15.0,15.0,19.0,4.0,14.0,5.0,2.9000000000000004,11.30000000000001,0.15833333333333333,0.14711290915777864,14.37,moderate,2026-05-14
115,115,1,PM Peak (15–19),12,19.0,19.0,19.0,0.0,11.0,3.0,3.0,5.0,0.2375,0.0,8.31,very low recovery time,2026-05-14
116,116,0,AM Peak (6–9),29,53.0,48.0,54.0,6.0,25.0,3.0,2.0,7.600000000000001,0.2375,0.20554984583761568,20.65,very low recovery time,2026-05-14
116,116,0,Evening (19–24),37,51.0,47.0,57.8,10.799999999999997,34.0,6.5,3.0,8.0,0.12666666666666665,0.31774051191526925,23.5,moderate,2026-05-14
116,116,0,Midday (9–15),46,54.0,54.0,64.0,10.0,45.0,9.0,6.4,10.600000000000001,0.095,0.30129557095510706,21.4,moderate,2026-05-14
116,116,0,Overnight (0–6),26,41.0,8.65,47.5,38.85,17.0,3.0,0.0,7.4,0.2375,0.6262088974854934,45.89,"very low recovery time, high schedule variability",2026-05-14
116,116,0,PM Peak (15–19),32,64.0,64.0,64.0,0.0,30.0,4.0,4.0,4.0,0.19,0.0,6.65,moderate,2026-05-14
116,116,1,AM Peak (6–9),26,51.0,47.5,52.0,4.5,23.0,5.0,3.2,8.0,0.15833333333333333,0.162513542795233,15.29,moderate,2026-05-14
116,116,1,Evening (19–24),34,46.0,40.0,51.4,11.399999999999999,34.0,6.0,5.300000000000001,7.0,0.1357142857142857,0.3295750216825673,24.52,moderate,2026-05-14
116,116,1,Midday (9–15),46,51.0,51.0,52.0,1.0,45.0,6.0,4.0,8.0,0.1357142857142857,0.041339396444811924,7.23,moderate,2026-05-14
116,116,1,Overnight (0–6),17,40.0,39.0,47.0,8.0,15.0,6.0,6.0,10.0,0.1357142857142857,0.25649246553382504,20.14,moderate,2026-05-14
116,116,1,PM Peak (15–19),31,52.0,52.0,52.0,0.0,30.0,8.0,7.9,8.0,0.10555555555555556,0.0,3.69,moderate,2026-05-14
117,117,0,AM Peak (6–9),9,26.0,23.0,26.0,3.0,9.0,13.0,5.2,13.0,0.06785714285714285,0.11454753722794964,9.25,moderate,2026-05-14
117,117,0,Evening (19–24),15,25.0,19.0,25.0,6.0,14.0,9.0,0.30000000000000004,11.0,0.095,0.20554984583761568,15.66,moderate,2026-05-14
117,117,0,Midday (9–15),20,25.0,25.0,28.0,3.0,20.0,18.0,13.0,18.0,0.049999999999999996,0.11454753722794964,8.62,moderate,2026-05-14
117,117,0,Overnight (0–6),7,19.0,19.0,20.6,1.6000000000000014,5.0,1.0,1.0,1.0,0.475,0.06454215409439298,20.5,no recovery time,2026-05-14
117,117,0,PM Peak (15–19),13,28.0,25.0,28.0,3.0,13.0,4.0,4.0,11.0,0.19,0.11454753722794964,13.52,moderate,2026-05-14
117,117,1,AM Peak (6–9),10,26.0,19.611666666666668,26.0,6.388333333333332,8.0,3.0,2.4000000000000004,10.099999999999998,0.2375,0.21598016566180203,21.27,very low recovery time,2026-05-14
117,117,1,Evening (19–24),15,23.0,20.0,23.0,3.0,15.0,1.0,1.0,5.199999999999999,0.475,0.11454753722794964,23.5,no recovery time,2026-05-14
117,117,1,Midday (9–15),20,24.0,24.0,28.0,4.0,20.0,5.0,3.0,5.0,0.15833333333333333,0.14711290915777864,14.37,moderate,2026-05-14
117,117,1,Overnight (0–6),6,20.0,13.558333333333334,20.0,6.441666666666666,6.0,7.0,7.0,12.0,0.11875,0.21739130434782614,17.2,moderate,2026-05-14
117,117,1,PM Peak (15–19),13,28.0,23.0,28.0,5.0,14.0,1.0,1.0,4.100000000000003,0.475,0.17736786094359708,27.27,no recovery time,2026-05-14
118,118,0,AM Peak (6–9),8,38.0,35.0,38.0,3.0,7.0,11.0,6.0,15.4,0.07916666666666666,0.11454753722794964,9.64,moderate,2026-05-14
118,118,0,Evening (19–24),12,28.0,21.0,28.0,7.0,11.0,12.0,9.0,17.0,0.07307692307692307,0.2318648559125539,16.47,moderate,2026-05-14
118,118,0,Midday (9–15),13,36.0,36.0,36.0,0.0,13.0,12.0,9.600000000000001,12.0,0.07307692307692307,0.0,2.56,moderate,2026-05-14
118,118,0,Overnight (0–6),4,21.0,21.0,30.800000000000004,9.800000000000004,3.0,9.0,9.0,9.0,0.095,0.2970597150651714,21.15,moderate,2026-05-14
118,118,0,PM Peak (15–19),10,38.0,37.8,38.0,0.20000000000000284,8.0,16.0,5.1000000000000005,16.0,0.055882352941176466,0.008550662676357542,2.47,moderate,2026-05-14
118,118,1,AM Peak (6–9),8,31.0,29.0,31.0,2.0,8.0,0.0,0.0,0.0,0.95,0.07939658594680432,38.01,no recovery time,2026-05-14
118,118,1,Evening (19–24),12,35.0,30.0,35.0,5.0,12.0,0.0,0.0,0.0,0.95,0.17736786094359708,43.89,no recovery time,2026-05-14
118,118,1,Midday (9–15),13,33.0,33.0,33.0,0.0,13.0,0.0,0.0,0.0,0.95,0.0,33.25,no recovery time,2026-05-14
118,118,1,Overnight (0–6),5,30.0,29.0,30.0,1.0,4.0,0.0,0.0,0.0,0.95,0.041339396444811924,35.73,no recovery time,2026-05-14
118,118,1,PM Peak (15–19),10,42.0,42.0,42.0,0.0,10.0,0.0,0.0,0.0,0.95,0.0,33.25,no recovery time,2026-05-14
119,119,0,AM Peak (6–9),9,44.0,43.8,44.0,0.20000000000000284,9.0,2.0,2.0,3.0,0.31666666666666665,0.008550662676357542,11.6,very low recovery time,2026-05-14
119,119,0,Evening (19–24),2,7.0,7.0,7.0,0.0,,10.0,,,0.08636363636363636,0.0,3.02,moderate,2026-05-14
119,119,0,Midday (9–15),13,33.65,31.65,43.0,11.350000000000001,12.0,11.5,2.5000000000000004,12.0,0.076,0.3286045165026058,22.38,moderate,2026-05-14
119,119,0,Overnight (0–6),3,32.65,32.65,32.65,0.0,1.0,3.0,3.0,3.0,0.2375,0.0,8.31,very low recovery time,2026-05-14
119,119,0,PM Peak (15–19),10,52.0,52.0,52.0,0.0,10.0,7.0,6.8,11.0,0.11875,0.0,4.16,moderate,2026-05-14
119,119,1,AM Peak (6–9),9,52.0,47.663333333333334,52.0,4.336666666666666,9.0,2.0,1.0,3.000000000000001,0.31666666666666665,0.15754419956405913,20.54,very low recovery time,2026-05-14
119,119,1,Evening (19–24),1,32.31666666666667,32.31666666666667,32.31666666666667,0.0,2.0,2.0,0.4,3.6,0.31666666666666665,0.0,11.08,very low recovery time,2026-05-14
119,119,1,Midday (9–15),13,30.316666666666666,28.316666666666666,58.6,30.283333333333335,4.0,3.5,1.3,6.4,0.2111111111111111,0.5663258945268671,41.37,high schedule variability,2026-05-14
119,119,1,Overnight (0–6),3,37.0,23.666666666666664,49.0,25.333333333333336,,10.0,,,0.08636363636363636,0.5220855945593187,34.35,high schedule variability,2026-05-14
119,119,1,PM Peak (15–19),9,59.0,59.0,59.0,0.0,9.0,7.0,7.0,7.4,0.11875,0.0,4.16,moderate,2026-05-14
120,120,0,AM Peak (6–9),6,28.0,23.316666666666666,28.0,4.683333333333334,6.0,3.5,0.0,5.0,0.2111111111111111,0.1680220043051902,17.47,moderate,2026-05-14
120,120,0,Evening (19–24),10,24.0,21.0,24.0,3.0,10.0,6.0,6.0,9.0,0.1357142857142857,0.11454753722794964,11.62,moderate,2026-05-14
120,120,0,Midday (9–15),14,28.0,28.0,30.0,2.0,11.0,2.0,1.0,2.0,0.31666666666666665,0.07939658594680432,15.85,very low recovery time,2026-05-14
120,120,0,Overnight (0–6),4,11.891666666666666,2.783333333333333,21.0,18.21666666666667,3.0,3.0,0.6000000000000001,7.800000000000001,0.2375,0.4399452584124941,34.71,very low recovery time,2026-05-14
120,120,0,PM Peak (15–19),10,30.0,21.878333333333334,30.0,8.121666666666666,10.0,8.0,0.9,8.1,0.10555555555555556,0.25938148719859483,19.26,moderate,2026-05-14
120,120,1,AM Peak (6–9),5,25.0,25.0,25.0,0.0,5.0,2.0,2.0,3.8000000000000003,0.31666666666666665,0.0,11.08,very low recovery time,2026-05-14
120,120,1,Evening (19–24),10,24.0,21.0,24.0,3.0,10.0,6.0,5.4,9.0,0.1357142857142857,0.11454753722794964,11.62,moderate,2026-05-14
120,120,1,Midday (9–15),13,28.0,28.0,29.0,1.0,12.0,2.0,0.20000000000000018,2.0,0.31666666666666665,0.041339396444811924,13.56,very low recovery time,2026-05-14
120,120,1,Overnight (0–6),3,21.0,21.0,21.0,0.0,4.0,0.0,0.0,6.300000000000002,0.95,0.0,33.25,no recovery time,2026-05-14
120,120,1,PM Peak (15–19),10,29.0,24.0,29.0,5.0,10.0,8.0,0.0,8.0,0.10555555555555556,0.17736786094359708,14.34,moderate,2026-05-14
121,121,0,AM Peak (6–9),12,26.0,26.0,26.0,0.0,11.0,3.0,3.0,5.0,0.2375,0.0,8.31,very low recovery time,2026-05-14
121,121,0,Evening (19–24),14,29.0,24.0,29.0,5.0,14.0,4.5,4.0,6.0,0.17272727272727273,0.17736786094359708,16.69,moderate,2026-05-14
121,121,0,Midday (9–15),18,28.0,28.0,28.0,0.0,17.0,2.0,2.0,2.0,0.31666666666666665,0.0,11.08,very low recovery time,2026-05-14
121,121,0,Overnight (0–6),5,24.0,24.0,24.0,0.0,4.0,4.0,1.2000000000000002,4.0,0.19,0.0,6.65,moderate,2026-05-14
121,121,0,PM Peak (15–19),12,32.0,29.3,32.0,2.6999999999999993,13.0,1.0,1.0,3.0,0.475,0.10428736964078797,22.88,no recovery time,2026-05-14
121,121,1,AM Peak (6–9),11,29.0,28.0,29.0,1.0,10.0,2.0,2.0,3.1999999999999993,0.31666666666666665,0.041339396444811924,13.56,very low recovery time,2026-05-14
121,121,1,Evening (19–24),14,32.5,30.0,35.0,5.0,13.0,2.0,1.2000000000000002,2.0,0.31666666666666665,0.17736786094359708,21.73,very low recovery time,2026-05-14
121,121,1,Midday (9–15),18,29.0,29.0,29.0,0.0,18.0,1.0,0.0,1.0,0.475,0.0,16.62,no recovery time,2026-05-14
121,121,1,Overnight (0–6),4,30.0,29.498333333333335,30.0,0.5016666666666652,5.0,2.0,2.0,7.120000000000001,0.31666666666666665,0.021174815335912714,12.35,very low recovery time,2026-05-14
121,121,1,PM Peak (15–19),13,36.0,31.4,36.0,4.600000000000001,12.0,3.0,1.2000000000000002,11.700000000000001,0.2375,0.16552716804605982,18.24,very low recovery time,2026-05-14
122,122,0,AM Peak (6–9),15,29.0,26.0,33.0,7.0,14.0,1.0,1.0,1.0,0.475,0.2318648559125539,30.54,no recovery time,2026-05-14
122,122,0,Evening (19–24),14,25.0,22.0,25.0,3.0,16.0,1.0,1.0,1.0,0.475,0.11454753722794964,23.5,no recovery time,2026-05-14
122,122,0,Midday (9–15),20,28.0,27.0,30.1,3.1000000000000014,20.0,1.0,1.0,1.0,0.475,0.11791555724610127,23.7,no recovery time,2026-05-14
122,122,0,Overnight (0–6),6,22.0,9.0,24.0,15.0,5.0,1.0,1.0,1.0,0.475,0.39277297721916743,40.19,no recovery time,2026-05-14
122,122,0,PM Peak (15–19),24,31.0,31.0,31.0,0.0,24.0,1.0,1.0,1.0,0.475,0.0,16.62,no recovery time,2026-05-14
122,122,1,AM Peak (6–9),14,28.5,24.0,30.0,6.0,13.0,9.0,8.0,11.400000000000002,0.095,0.20554984583761568,15.66,moderate,2026-05-14
122,122,1,Evening (19–24),16,28.0,25.0,31.0,6.0,13.0,6.0,6.0,12.0,0.1357142857142857,0.20554984583761568,17.08,moderate,2026-05-14
122,122,1,Midday (9–15),20,27.0,25.0,30.0,5.0,18.0,6.5,4.0,9.800000000000004,0.12666666666666665,0.17736786094359708,15.08,moderate,2026-05-14
122,122,1,Overnight (0–6),5,25.0,24.4,25.0,0.6000000000000014,3.0,12.0,12.0,12.0,0.07307692307692307,0.025220680958385946,4.07,moderate,2026-05-14
122,122,1,PM Peak (15–19),24,31.0,31.0,31.0,0.0,22.0,7.0,7.0,7.0,0.11875,0.0,4.16,moderate,2026-05-14
123,123,0,AM Peak (6–9),35,15.0,15.0,26.0,11.0,31.0,6.0,5.0,7.0,0.1357142857142857,0.32173150043872484,24.05,moderate,2026-05-14
123,123,0,Evening (19–24),24,21.0,20.0,21.0,1.0,24.0,4.0,1.6000000000000005,7.0,0.19,0.041339396444811924,9.13,moderate,2026-05-14
123,123,0,Midday (9–15),34,16.5,16.0,27.0,11.0,34.0,7.0,3.0,9.0,0.11875,0.32173150043872484,23.46,moderate,2026-05-14
123,123,0,Overnight (0–6),13,20.0,10.106666666666667,21.0,10.893333333333333,10.0,5.0,3.9,11.1,0.15833333333333333,0.3196088019559903,24.72,moderate,2026-05-14
123,123,0,PM Peak (15–19),44,17.0,15.0,29.0,14.0,44.0,5.0,3.0,5.0,0.15833333333333333,0.3764452809895134,28.13,moderate,2026-05-14
123,123,1,AM Peak (6–9),33,16.0,16.0,32.0,16.0,33.0,6.0,3.0,7.0,0.1357142857142857,0.4082674151569279,29.25,moderate,2026-05-14
123,123,1,Evening (19–24),25,24.0,22.0,26.0,4.0,23.0,3.0,1.2000000000000002,3.0,0.2375,0.14711290915777864,17.14,very low recovery time,2026-05-14
123,123,1,Midday (9–15),35,19.0,16.0,32.0,16.0,33.0,3.0,3.0,5.0,0.2375,0.4082674151569279,32.81,very low recovery time,2026-05-14
123,123,1,Overnight (0–6),11,24.0,22.0,29.0,7.0,10.0,2.0,1.9,9.499999999999998,0.31666666666666665,0.2318648559125539,25.0,very low recovery time,2026-05-14
123,123,1,PM Peak (15–19),44,19.0,18.0,36.0,18.0,42.0,5.0,3.0,5.0,0.15833333333333333,0.43699927166788066,31.76,moderate,2026-05-14
124,124,0,AM Peak (6–9),19,15.0,13.0,15.0,2.0,18.0,3.0,3.0,3.0,0.2375,0.07939658594680432,13.08,very low recovery time,2026-05-14
124,124,0,Evening (19–24),16,11.0,10.0,11.0,1.0,16.0,3.0,3.0,4.0,0.2375,0.041339396444811924,10.79,very low recovery time,2026-05-14
124,124,0,Midday (9–15),20,14.0,14.0,14.0,0.0,22.0,3.0,3.0,3.0,0.2375,0.0,8.31,very low recovery time,2026-05-14
124,124,0,Overnight (0–6),7,12.0,10.0,14.0,4.0,5.0,4.0,1.6,4.0,0.19,0.14711290915777864,15.48,moderate,2026-05-14
124,124,0,PM Peak (15–19),26,15.0,13.5,15.0,1.5,24.0,3.0,3.0,3.0,0.2375,0.06075334143377888,11.96,very low recovery time,2026-05-14
124,124,1,AM Peak (6–9),19,13.0,10.0,13.0,3.0,18.0,5.0,4.7,7.0,0.15833333333333333,0.11454753722794964,12.41,moderate,2026-05-14
124,124,1,Evening (19–24),16,11.0,9.0,11.0,2.0,16.0,5.0,5.0,7.0,0.15833333333333333,0.07939658594680432,10.31,moderate,2026-05-14
124,124,1,Midday (9–15),22,13.0,13.0,13.0,0.0,21.0,6.0,4.0,6.0,0.1357142857142857,0.0,4.75,moderate,2026-05-14
124,124,1,Overnight (0–6),7,10.0,9.0,10.0,1.0,7.0,7.0,4.0,7.0,0.11875,0.041339396444811924,6.64,moderate,2026-05-14
124,124,1,PM Peak (15–19),24,15.0,13.0,15.0,2.0,22.0,3.0,3.0,4.900000000000002,0.2375,0.07939658594680432,13.08,very low recovery time,2026-05-14
125,125,0,AM Peak (6–9),21,15.0,15.0,15.0,0.0,19.0,0.0,0.0,1.0,0.95,0.0,33.25,no recovery time,2026-05-14
125,125,0,Evening (19–24),20,13.0,11.891666666666667,13.0,1.1083333333333325,18.0,5.0,3.8000000000000007,5.0,0.15833333333333333,0.04561355374168322,8.28,moderate,2026-05-14
125,125,0,Midday (9–15),26,14.0,14.0,14.0,0.0,26.0,2.0,2.0,2.5,0.31666666666666665,0.0,11.08,very low recovery time,2026-05-14
125,125,0,Overnight (0–6),4,13.0,5.241666666666667,14.4,9.158333333333333,3.0,5.0,3.4,5.0,0.15833333333333333,0.28311608016899387,22.53,moderate,2026-05-14
125,125,0,PM Peak (15–19),24,15.0,15.0,15.0,0.0,23.0,0.0,0.0,0.0,0.95,0.0,33.25,no recovery time,2026-05-14
125,125,1,AM Peak (6–9),22,15.0,15.0,15.0,0.0,21.0,0.0,0.0,0.0,0.95,0.0,33.25,no recovery time,2026-05-14
125,125,1,Evening (19–24),18,12.0,12.0,12.0,0.0,19.0,0.0,0.0,0.0,0.95,0.0,33.25,no recovery time,2026-05-14
125,125,1,Midday (9–15),25,14.0,14.0,14.0,0.0,26.0,0.0,0.0,1.0,0.95,0.0,33.25,no recovery time,2026-05-14
125,125,1,Overnight (0–6),5,12.0,2.1166666666666667,12.0,9.883333333333333,4.0,0.0,0.0,0.0,0.95,0.29883088087079224,51.18,no recovery time,2026-05-14
125,125,1,PM Peak (15–19),25,15.0,14.4,15.0,0.5999999999999996,25.0,0.0,0.0,0.0,0.95,0.02522068095838587,34.76,no recovery time,2026-05-14
126,126,0,AM Peak (6–9),9,16.0,11.0,16.0,5.0,8.0,2.0,0.0,2.0,0.31666666666666665,0.17736786094359708,21.73,very low recovery time,2026-05-14
126,126,0,Evening (19–24),10,13.0,11.0,13.0,2.0,11.0,2.0,2.0,4.0,0.31666666666666665,0.07939658594680432,15.85,very low recovery time,2026-05-14
126,126,0,Midday (9–15),13,14.0,14.0,15.600000000000001,1.6000000000000014,13.0,0.0,0.0,0.0,0.95,0.06454215409439298,37.12,no recovery time,2026-05-14
126,126,0,Overnight (0–6),3,11.0,11.0,11.0,0.0,3.0,4.0,0.8,4.0,0.19,0.0,6.65,moderate,2026-05-14
126,126,0,PM Peak (15–19),13,16.0,16.0,16.0,0.0,13.0,0.0,0.0,0.0,0.95,0.0,33.25,no recovery time,2026-05-14
126,126,1,AM Peak (6–9),8,16.0,12.0,16.0,4.0,8.0,2.0,2.0,7.0,0.31666666666666665,0.14711290915777864,19.91,very low recovery time,2026-05-14
126,126,1,Evening (19–24),10,13.0,11.0,13.0,2.0,10.0,2.0,1.8,4.0,0.31666666666666665,0.07939658594680432,15.85,very low recovery time,2026-05-14
126,126,1,Midday (9–15),13,16.0,16.0,18.400000000000002,2.400000000000002,12.0,0.0,0.0,2.700000000000001,0.95,0.09378663540445498,38.88,no recovery time,2026-05-14
126,126,1,Overnight (0–6),4,11.0,11.0,11.7,0.6999999999999993,2.0,4.0,4.0,4.0,0.19,0.029300962745918778,8.41,moderate,2026-05-14
126,126,1,PM Peak (15–19),13,19.0,19.0,19.0,0.0,12.0,1.0,1.0,1.0,0.475,0.0,16.62,no recovery time,2026-05-14
127,127,0,AM Peak (6–9),8,36.0,25.0,36.0,11.0,6.0,3.0,1.0,6.0,0.2375,0.32173150043872484,27.62,very low recovery time,2026-05-14
127,127,0,Evening (19–24),12,21.5,20.0,25.0,5.0,12.0,4.0,0.30000000000000027,6.0,0.19,0.17736786094359708,17.29,moderate,2026-05-14
127,127,0,Midday (9–15),16,29.0,29.0,29.0,0.0,17.0,7.0,3.0,7.0,0.11875,0.0,4.16,moderate,2026-05-14
127,127,0,Overnight (0–6),3,20.0,20.0,20.0,0.0,3.0,4.0,4.0,4.0,0.19,0.0,6.65,moderate,2026-05-14
127,127,0,PM Peak (15–19),9,29.0,28.6,29.0,0.3999999999999986,9.0,7.0,6.6,7.0,0.11875,0.016956337431114826,5.17,moderate,2026-05-14
127,127,1,AM Peak (6–9),8,25.0,21.0,25.0,4.0,8.0,2.0,0.7000000000000001,2.0,0.31666666666666665,0.14711290915777864,19.91,very low recovery time,2026-05-14
127,127,1,Evening (19–24),12,23.5,21.0,26.0,5.0,12.0,3.0,0.0,3.0,0.2375,0.17736786094359708,18.95,very low recovery time,2026-05-14
127,127,1,Midday (9–15),17,27.0,26.2,34.2,8.000000000000004,16.0,3.0,2.0,3.5,0.2375,0.2564924655338251,23.7,very low recovery time,2026-05-14
127,127,1,Overnight (0–6),4,21.0,21.0,21.0,0.0,3.0,3.0,3.0,3.0,0.2375,0.0,8.31,very low recovery time,2026-05-14
127,127,1,PM Peak (15–19),9,39.0,38.0,39.0,1.0,9.0,3.0,3.0,3.6000000000000005,0.2375,0.041339396444811924,10.79,very low recovery time,2026-05-14
129,129,0,AM Peak (6–9),20,70.5,41.0,72.0,31.0,19.0,8.0,7.2,8.0,0.10555555555555556,0.5720612659162208,38.02,high schedule variability,2026-05-14
129,129,0,Evening (19–24),33,35.0,33.0,56.0,23.0,29.0,7.0,5.0,8.0,0.11875,0.49794327776575026,34.03,high schedule variability,2026-05-14
129,129,0,Midday (9–15),39,39.0,39.0,66.60000000000001,27.60000000000001,35.0,8.0,8.0,15.0,0.10555555555555556,0.5434140578854106,36.3,high schedule variability,2026-05-14
129,129,0,Overnight (0–6),16,34.0,31.0,59.0,28.0,13.0,8.0,2.8000000000000007,9.600000000000001,0.10555555555555556,0.5469818323891386,36.51,high schedule variability,2026-05-14
129,129,0,PM Peak (15–19),26,68.5,41.0,69.0,28.0,25.0,9.0,9.0,10.200000000000003,0.095,0.5469818323891386,36.14,high schedule variability,2026-05-14
129,129,1,AM Peak (6–9),19,67.0,37.8,67.0,29.200000000000003,18.0,9.5,3.0,18.0,0.09047619047619047,0.5573582744798627,36.61,high schedule variability,2026-05-14
129,129,1,Evening (19–24),32,35.0,32.0,62.60000000000001,30.60000000000001,33.0,9.0,6.0,16.0,0.095,0.5688789737869494,37.46,high schedule variability,2026-05-14
129,129,1,Midday (9–15),39,39.0,39.0,72.20000000000002,33.20000000000002,32.0,4.0,3.0,16.50000000000001,0.19,0.5887568717857778,41.98,high schedule variability,2026-05-14
129,129,1,Overnight (0–6),20,30.0,28.766666666666666,34.80000000000004,6.033333333333374,13.0,7.0,0.6000000000000005,17.8,0.11875,0.20645602828789897,16.54,moderate,2026-05-14
129,129,1,PM Peak (15–19),27,70.0,42.4,79.0,36.6,27.0,11.0,7.800000000000001,18.0,0.07916666666666666,0.6121424987456098,39.5,high schedule variability,2026-05-14
130,130,0,AM Peak (6–9),9,22.0,20.0,22.0,2.0,,10.0,,,0.08636363636363636,0.07939658594680432,7.79,moderate,2026-05-14
130,130,0,Evening (19–24),11,22.0,20.0,22.0,2.0,,10.0,,,0.08636363636363636,0.07939658594680432,7.79,moderate,2026-05-14
130,130,0,Midday (9–15),14,21.0,21.0,21.0,0.0,,10.0,,,0.08636363636363636,0.0,3.02,moderate,2026-05-14
130,130,0,Overnight (0–6),3,20.0,20.0,20.0,0.0,,10.0,,,0.08636363636363636,0.0,3.02,moderate,2026-05-14
130,130,0,PM Peak (15–19),11,24.0,22.0,24.0,2.0,,10.0,,,0.08636363636363636,0.07939658594680432,7.79,moderate,2026-05-14
130,130,1,AM Peak (6–9),8,24.0,20.0,24.0,4.0,8.0,7.0,5.5,12.5,0.11875,0.14711290915777864,12.98,moderate,2026-05-14
130,130,1,Evening (19–24),12,22.0,20.0,22.0,2.0,11.0,6.0,0.0,15.0,0.1357142857142857,0.07939658594680432,9.51,moderate,2026-05-14
130,130,1,Midday (9–15),15,20.0,20.0,20.0,0.0,14.0,3.0,3.0,3.0,0.2375,0.0,8.31,very low recovery time,2026-05-14
130,130,1,Overnight (0–6),4,20.0,20.0,20.0,0.0,2.0,0.0,0.0,0.0,0.95,0.0,33.25,no recovery time,2026-05-14
130,130,1,PM Peak (15–19),10,23.0,23.0,23.0,0.0,10.0,8.5,7.2,10.399999999999999,0.09999999999999999,0.0,3.5,moderate,2026-05-14
131,131,0,AM Peak (6–9),16,51.0,26.5,51.0,24.5,14.0,6.0,3.9000000000000004,9.400000000000002,0.1357142857142857,0.5137345355420424,35.57,high schedule variability,2026-05-14
131,131,0,Evening (19–24),16,47.0,44.0,47.0,3.0,19.0,4.0,0.0,4.199999999999999,0.19,0.11454753722794964,13.52,moderate,2026-05-14
131,131,0,Midday (9–15),21,51.0,51.0,52.0,1.0,22.0,6.0,6.0,10.50000000000001,0.1357142857142857,0.041339396444811924,7.23,moderate,2026-05-14
131,131,0,Overnight (0–6),9,41.93333333333333,2.0,44.6,42.6,9.0,0.0,0.0,0.6000000000000005,0.95,0.647514819881441,72.1,"no recovery time, high schedule variability",2026-05-14
131,131,0,PM Peak (15–19),20,55.0,55.0,55.0,0.0,18.0,6.0,5.4,7.200000000000003,0.1357142857142857,0.0,4.75,moderate,2026-05-14
131,131,1,AM Peak (6–9),13,50.0,50.0,50.0,0.0,14.0,10.0,4.0,10.0,0.08636363636363636,0.0,3.02,moderate,2026-05-14
131,131,1,Evening (19–24),19,41.0,31.0,41.0,10.0,16.0,10.0,9.0,17.5,0.08636363636363636,0.30129557095510706,21.1,moderate,2026-05-14
131,131,1,Midday (9–15),23,50.0,50.0,50.0,0.0,21.0,12.0,9.0,12.0,0.07307692307692307,0.0,2.56,moderate,2026-05-14
131,131,1,Overnight (0–6),9,38.0,3.0,43.0,40.0,2.0,1.5,1.1,1.9,0.38,0.6330115524608325,51.28,"very low recovery time, high schedule variability",2026-05-14
131,131,1,PM Peak (15–19),18,43.0,43.0,43.0,0.0,18.0,13.0,7.500000000000001,14.200000000000003,0.06785714285714285,0.0,2.38,moderate,2026-05-14
132,132,0,AM Peak (6–9),10,25.0,22.94,25.0,2.0599999999999987,8.0,0.0,0.0,2.0,0.95,0.08158415841584157,38.15,no recovery time,2026-05-14
132,132,0,Evening (19–24),11,24.0,24.0,27.0,3.0,11.0,0.0,0.0,3.0,0.95,0.11454753722794964,40.12,no recovery time,2026-05-14
132,132,0,Midday (9–15),14,24.0,24.0,24.0,0.0,15.0,0.0,0.0,0.0,0.95,0.0,33.25,no recovery time,2026-05-14
132,132,0,Overnight (0–6),4,24.0,10.280000000000001,24.0,13.719999999999999,5.0,0.0,0.0,3.0,0.95,0.3717149823895964,55.55,no recovery time,2026-05-14
132,132,0,PM Peak (15–19),11,27.0,27.0,27.0,0.0,11.0,0.0,0.0,0.0,0.95,0.0,33.25,no recovery time,2026-05-14
132,132,1,AM Peak (6–9),8,24.0,24.0,24.0,0.0,,10.0,,,0.08636363636363636,0.0,3.02,moderate,2026-05-14
132,132,1,Evening (19–24),11,21.0,18.0,23.0,5.0,,10.0,,,0.08636363636363636,0.17736786094359708,13.66,moderate,2026-05-14
132,132,1,Midday (9–15),15,24.0,24.0,24.0,0.0,,10.0,,,0.08636363636363636,0.0,3.02,moderate,2026-05-14
132,132,1,Overnight (0–6),5,18.0,7.960000000000001,21.6,13.64,,10.0,,,0.08636363636363636,0.3703502579418953,25.24,moderate,2026-05-14
132,132,1,PM Peak (15–19),11,22.0,22.0,22.0,0.0,,10.0,,,0.08636363636363636,0.0,3.02,moderate,2026-05-14
133,133,0,AM Peak (6–9),15,50.0,50.0,50.0,0.0,14.0,11.0,6.800000000000001,11.0,0.07916666666666666,0.0,2.77,moderate,2026-05-14
133,133,0,Evening (19–24),19,46.0,41.0,46.0,5.0,19.0,6.0,5.0,9.399999999999999,0.1357142857142857,0.17736786094359708,15.39,moderate,2026-05-14
133,133,0,Midday (9–15),32,50.0,49.0,53.0,4.0,30.0,11.0,10.9,12.0,0.07916666666666666,0.14711290915777864,11.6,moderate,2026-05-14
133,133,0,Overnight (0–6),9,41.0,36.0,44.2,8.200000000000003,8.0,5.0,5.0,11.5,0.15833333333333333,0.2612296909843901,21.22,moderate,2026-05-14
133,133,0,PM Peak (15–19),24,53.0,51.3,53.0,1.7000000000000028,24.0,11.0,11.0,11.0,0.07916666666666666,0.06830052229811183,6.87,moderate,2026-05-14
133,133,1,AM Peak (6–9),29,14.0,14.0,47.0,33.0,28.0,0.0,0.0,10.0,0.95,0.5872931126534972,68.49,"no recovery time, high schedule variability",2026-05-14
133,133,1,Evening (19–24),21,60.0,52.0,60.0,8.0,18.0,8.0,2.0,8.0,0.10555555555555556,0.25649246553382504,19.08,moderate,2026-05-14
133,133,1,Midday (9–15),48,46.0,14.0,64.0,50.0,48.0,9.0,0.0,11.0,0.095,0.6831534362617844,44.31,high schedule variability,2026-05-14
133,133,1,Overnight (0–6),16,36.5,10.0,50.0,40.0,9.0,0.0,0.0,3.000000000000001,0.95,0.6330115524608325,71.23,"no recovery time, high schedule variability",2026-05-14
133,133,1,PM Peak (15–19),24,64.0,64.0,64.0,0.0,24.0,12.0,10.600000000000001,12.0,0.07307692307692307,0.0,2.56,moderate,2026-05-14
134,134,0,AM Peak (6–9),12,23.0,23.0,23.0,0.0,11.0,4.0,4.0,4.0,0.19,0.0,6.65,moderate,2026-05-14
134,134,0,Evening (19–24),21,25.0,25.0,25.0,0.0,19.0,3.0,0.0,5.0,0.2375,0.0,8.31,very low recovery time,2026-05-14
134,134,0,Midday (9–15),24,27.0,23.0,30.0,7.0,24.0,2.0,2.0,5.0,0.31666666666666665,0.2318648559125539,25.0,very low recovery time,2026-05-14
134,134,0,Overnight (0–6),7,25.0,23.0,25.0,2.0,6.0,0.0,0.0,9.5,0.95,0.07939658594680432,38.01,no recovery time,2026-05-14
134,134,0,PM Peak (15–19),16,22.0,22.0,22.0,0.0,17.0,3.0,0.6000000000000001,3.0,0.2375,0.0,8.31,very low recovery time,2026-05-14
134,134,1,AM Peak (6–9),12,47.0,47.0,47.0,0.0,12.0,1.0,1.0,1.0,0.475,0.0,16.62,no recovery time,2026-05-14
134,134,1,Evening (19–24),19,25.0,25.0,25.0,0.0,21.0,5.0,0.0,6.0,0.15833333333333333,0.0,5.54,moderate,2026-05-14
134,134,1,Midday (9–15),25,30.0,27.0,47.0,20.0,24.0,1.0,0.30000000000000027,1.0,0.475,0.4630701551285021,44.41,no recovery time,2026-05-14
134,134,1,Overnight (0–6),10,25.0,22.15,47.0,24.85,7.0,0.0,0.0,0.0,0.95,0.517277268942548,64.29,"no recovery time, high schedule variability",2026-05-14
134,134,1,PM Peak (15–19),17,48.0,45.6,48.0,2.3999999999999986,16.0,2.0,0.0,2.0,0.31666666666666665,0.09378663540445485,16.71,very low recovery time,2026-05-14
135,135,0,AM Peak (6–9),8,17.0,17.0,17.0,0.0,9.0,6.0,4.0,6.0,0.1357142857142857,0.0,4.75,moderate,2026-05-14
135,135,0,Evening (19–24),14,17.0,16.0,17.0,1.0,14.0,3.0,3.0,4.0,0.2375,0.041339396444811924,10.79,very low recovery time,2026-05-14
135,135,0,Midday (9–15),17,18.0,18.0,19.200000000000003,1.2000000000000028,16.0,5.0,5.0,5.0,0.15833333333333333,0.04920049200492018,8.49,moderate,2026-05-14
135,135,0,Overnight (0–6),8,16.0,16.0,17.0,1.0,6.0,4.0,2.0,6.5,0.19,0.041339396444811924,9.13,moderate,2026-05-14
135,135,0,PM Peak (15–19),9,21.0,21.0,21.0,0.0,9.0,5.0,5.0,5.0,0.15833333333333333,0.0,5.54,moderate,2026-05-14
135,135,1,AM Peak (6–9),8,19.0,16.0,19.0,3.0,8.0,2.5,2.0,5.6,0.2714285714285714,0.11454753722794964,16.37,very low recovery time,2026-05-14
135,135,1,Evening (19–24),14,16.0,16.0,16.0,0.0,14.0,8.0,4.0,8.0,0.10555555555555556,0.0,3.69,moderate,2026-05-14
135,135,1,Midday (9–15),17,16.0,16.0,19.4,3.3999999999999986,17.0,5.0,3.2,5.0,0.15833333333333333,0.12786761940579164,13.21,moderate,2026-05-14
135,135,1,Overnight (0–6),6,16.0,15.5,16.0,0.5,6.0,4.0,2.0,4.0,0.19,0.021105951878429726,7.92,moderate,2026-05-14
135,135,1,PM Peak (15–19),9,20.0,20.0,20.0,0.0,9.0,4.0,4.0,4.0,0.19,0.0,6.65,moderate,2026-05-14
149,149,0,AM Peak (6–9),8,21.0,16.0,21.0,5.0,8.0,6.0,4.4,7.499999999999999,0.1357142857142857,0.17736786094359708,15.39,moderate,2026-05-14
149,149,0,Evening (19–24),13,20.0,16.0,20.0,4.0,14.0,6.5,6.0,10.0,0.12666666666666665,0.14711290915777864,13.26,moderate,2026-05-14
149,149,0,Midday (9–15),14,22.0,22.0,22.0,0.0,14.0,6.0,6.0,6.0,0.1357142857142857,0.0,4.75,moderate,2026-05-14
149,149,0,Overnight (0–6),5,16.0,16.0,16.0,0.0,4.0,6.0,6.0,6.0,0.1357142857142857,0.0,4.75,moderate,2026-05-14
149,149,0,PM Peak (15–19),8,28.0,28.0,28.0,0.0,8.0,5.0,5.0,5.3,0.15833333333333333,0.0,5.54,moderate,2026-05-14
149,149,1,AM Peak (6–9),8,18.0,14.0,18.0,4.0,7.0,5.0,5.0,7.800000000000001,0.15833333333333333,0.14711290915777864,14.37,moderate,2026-05-14
149,149,1,Evening (19–24),13,15.0,13.0,15.0,2.0,14.0,5.0,5.0,5.0,0.15833333333333333,0.07939658594680432,10.31,moderate,2026-05-14
149,149,1,Midday (9–15),14,17.0,17.0,17.0,0.0,14.0,5.0,5.0,5.0,0.15833333333333333,0.0,5.54,moderate,2026-05-14
149,149,1,Overnight (0–6),6,13.0,12.5,13.0,0.5,3.0,5.0,5.0,5.0,0.15833333333333333,0.021105951878429726,6.81,moderate,2026-05-14
149,149,1,PM Peak (15–19),8,22.0,22.0,22.0,0.0,8.0,5.0,5.0,5.0,0.15833333333333333,0.0,5.54,moderate,2026-05-14
151,151,0,AM Peak (6–9),10,22.0,15.0,22.0,7.0,9.0,9.0,6.0,10.0,0.095,0.2318648559125539,17.24,moderate,2026-05-14
151,151,0,Evening (19–24),13,14.0,12.0,14.0,2.0,13.0,7.0,1.0,7.0,0.11875,0.07939658594680432,8.92,moderate,2026-05-14
151,151,0,Midday (9–15),15,19.0,19.0,20.0,1.0,14.0,6.0,6.0,8.400000000000002,0.1357142857142857,0.041339396444811924,7.23,moderate,2026-05-14
151,151,0,Overnight (0–6),8,12.0,12.0,15.0,3.0,9.0,2.0,0.0,6.0,0.31666666666666665,0.11454753722794964,17.96,very low recovery time,2026-05-14
151,151,0,PM Peak (15–19),13,20.0,20.0,20.0,0.0,13.0,7.0,7.0,7.0,0.11875,0.0,4.16,moderate,2026-05-14
151,151,1,AM Peak (6–9),9,20.0,17.0,21.0,4.0,9.0,8.0,2.0,10.4,0.10555555555555556,0.14711290915777864,12.52,moderate,2026-05-14
151,151,1,Evening (19–24),13,17.0,16.0,17.0,1.0,12.0,2.0,1.0,2.0,0.31666666666666665,0.041339396444811924,13.56,very low recovery time,2026-05-14
151,151,1,Midday (9–15),16,19.0,19.0,20.0,1.0,16.0,6.0,6.0,7.0,0.1357142857142857,0.041339396444811924,7.23,moderate,2026-05-14
151,151,1,Overnight (0–6),8,16.0,16.0,17.0,1.0,6.0,0.0,0.0,1.5,0.95,0.041339396444811924,35.73,no recovery time,2026-05-14
151,151,1,PM Peak (15–19),13,20.0,20.0,20.0,0.0,13.0,7.0,7.0,7.0,0.11875,0.0,4.16,moderate,2026-05-14
154,154,0,AM Peak (6–9),7,41.0,39.0,41.0,2.0,6.0,5.0,5.0,5.0,0.15833333333333333,0.07939658594680432,10.31,moderate,2026-05-14
154,154,0,Evening (19–24),12,39.0,37.0,39.0,2.0,13.0,5.0,1.0,5.0,0.15833333333333333,0.07939658594680432,10.31,moderate,2026-05-14
154,154,0,Midday (9–15),15,40.0,40.0,40.0,0.0,15.0,5.0,4.4,5.0,0.15833333333333333,0.0,5.54,moderate,2026-05-14
154,154,0,Overnight (0–6),10,37.0,15.883333333333333,37.2,21.31666666666667,10.0,5.0,0.0,5.0,0.15833333333333333,0.47895446375074907,34.28,moderate,2026-05-14
154,154,0,PM Peak (15–19),10,43.0,43.0,43.0,0.0,10.0,5.0,5.0,8.0,0.15833333333333333,0.0,5.54,moderate,2026-05-14
154,154,1,AM Peak (6–9),6,40.0,34.0,40.0,6.0,7.0,10.0,3.6000000000000005,12.0,0.08636363636363636,0.20554984583761568,15.36,moderate,2026-05-14
154,154,1,Evening (19–24),13,36.0,29.0,36.0,7.0,12.0,16.0,4.300000000000001,16.0,0.055882352941176466,0.2318648559125539,15.87,moderate,2026-05-14
154,154,1,Midday (9–15),15,42.0,42.0,42.0,0.0,14.0,9.0,9.0,9.0,0.095,0.0,3.32,moderate,2026-05-14
154,154,1,Overnight (0–6),10,29.0,29.0,34.0,5.0,6.0,7.0,7.0,8.5,0.11875,0.17736786094359708,14.8,moderate,2026-05-14
154,154,1,PM Peak (15–19),10,44.0,44.0,44.0,0.0,10.0,4.0,4.0,9.0,0.19,0.0,6.65,moderate,2026-05-14
156,156,0,AM Peak (6–9),6,25.0,25.0,25.0,0.0,6.0,4.0,4.0,4.0,0.19,0.0,6.65,moderate,2026-05-14
156,156,0,Evening (19–24),2,17.5,8.3,26.7,18.4,1.0,0.0,0.0,0.0,0.95,0.44241404183698013,59.79,no recovery time,2026-05-14
156,156,0,Midday (9–15),12,25.0,25.0,25.0,0.0,12.0,4.0,4.0,4.0,0.19,0.0,6.65,moderate,2026-05-14
156,156,0,Overnight (0–6),2,25.0,25.0,25.0,0.0,2.0,4.0,4.0,4.0,0.19,0.0,6.65,moderate,2026-05-14
156,156,0,PM Peak (15–19),8,29.0,28.4,29.0,0.6000000000000014,7.0,0.0,0.0,0.8000000000000007,0.95,0.025220680958385946,34.76,no recovery time,2026-05-14
156,156,1,AM Peak (6–9),6,26.0,26.0,26.0,0.0,6.0,5.0,5.0,5.0,0.15833333333333333,0.0,5.54,moderate,2026-05-14
156,156,1,Evening (19–24),1,30.0,30.0,30.0,0.0,2.0,1.0,1.0,1.0,0.475,0.0,16.62,no recovery time,2026-05-14
156,156,1,Midday (9–15),12,27.0,27.0,27.0,0.0,11.0,4.0,4.0,4.0,0.19,0.0,6.65,moderate,2026-05-14
156,156,1,Overnight (0–6),1,26.0,26.0,26.0,0.0,1.0,5.0,5.0,5.0,0.15833333333333333,0.0,5.54,moderate,2026-05-14
156,156,1,PM Peak (15–19),8,30.0,30.0,30.0,0.0,8.0,1.0,1.0,1.8999999999999995,0.475,0.0,16.62,no recovery time,2026-05-14
158,158,0,AM Peak (6–9),18,23.0,19.0,23.0,4.0,17.0,7.0,3.0,11.0,0.11875,0.14711290915777864,12.98,moderate,2026-05-14
158,158,0,Evening (19–24),17,19.0,15.0,19.0,4.0,16.0,8.0,5.0,9.0,0.10555555555555556,0.14711290915777864,12.52,moderate,2026-05-14
158,158,0,Midday (9–15),25,24.0,24.0,24.0,0.0,24.0,9.0,7.6000000000000005,9.0,0.095,0.0,3.32,moderate,2026-05-14
158,158,0,Overnight (0–6),9,15.0,15.0,19.0,4.0,5.0,5.0,5.0,7.0,0.15833333333333333,0.14711290915777864,14.37,moderate,2026-05-14
158,158,0,PM Peak (15–19),16,27.0,27.0,27.0,0.0,16.0,14.0,9.0,14.0,0.06333333333333332,0.0,2.22,moderate,2026-05-14
158,158,1,AM Peak (6–9),18,22.0,20.0,22.3,2.3000000000000007,17.0,4.0,4.0,4.0,0.19,0.09023146331894867,12.06,moderate,2026-05-14
158,158,1,Evening (19–24),16,23.0,18.0,23.0,5.0,18.0,2.0,0.0,3.0,0.31666666666666665,0.17736786094359708,21.73,very low recovery time,2026-05-14
158,158,1,Midday (9–15),24,24.0,24.0,24.0,0.0,25.0,3.0,3.0,3.0,0.2375,0.0,8.31,very low recovery time,2026-05-14
158,158,1,Overnight (0–6),9,20.0,18.0,20.0,2.0,7.0,2.0,1.6,6.4,0.31666666666666665,0.07939658594680432,15.85,very low recovery time,2026-05-14
158,158,1,PM Peak (15–19),16,29.0,29.0,29.0,0.0,16.0,5.0,3.0,5.0,0.15833333333333333,0.0,5.54,moderate,2026-05-14
160,160,0,AM Peak (6–9),9,37.0,35.0,37.0,2.0,7.0,3.0,3.0,7.0000000000000036,0.2375,0.07939658594680432,13.08,very low recovery time,2026-05-14
160,160,0,Evening (19–24),10,26.0,26.0,26.0,0.0,7.0,1.0,0.0,4.200000000000001,0.475,0.0,16.62,no recovery time,2026-05-14
160,160,0,Midday (9–15),16,28.0,28.0,32.5,4.5,15.0,3.0,2.4000000000000004,5.399999999999999,0.2375,0.162513542795233,18.06,very low recovery time,2026-05-14
160,160,0,PM Peak (15–19),9,34.0,29.6,34.0,4.399999999999999,10.0,2.0,1.9,9.1,0.31666666666666665,0.15947807176513232,20.65,very low recovery time,2026-05-14
160,160,1,AM Peak (6–9),9,40.0,40.0,40.0,0.0,9.0,0.0,0.0,0.0,0.95,0.0,33.25,no recovery time,2026-05-14
160,160,1,Evening (19–24),7,45.0,45.0,46.6,1.6000000000000014,10.0,0.0,0.0,0.1999999999999993,0.95,0.06454215409439298,37.12,no recovery time,2026-05-14
160,160,1,Midday (9–15),16,44.0,40.0,46.5,6.5,16.0,0.0,0.0,1.0,0.95,0.21892893230043792,46.39,no recovery time,2026-05-14
160,160,1,Overnight (0–6),2,40.0,40.0,40.0,0.0,,10.0,,,0.08636363636363636,0.0,3.02,moderate,2026-05-14
160,160,1,PM Peak (15–19),10,60.0,55.0,60.0,5.0,9.0,0.0,0.0,1.2000000000000002,0.95,0.17736786094359708,43.89,no recovery time,2026-05-14
161,161,0,AM Peak (6–9),13,34.0,27.0,36.0,9.0,13.0,4.0,4.0,11.0,0.19,0.2795899347623486,23.43,moderate,2026-05-14
161,161,0,Evening (19–24),15,25.0,20.0,25.0,5.0,16.0,4.5,4.0,7.0,0.17272727272727273,0.17736786094359708,16.69,moderate,2026-05-14
161,161,0,Midday (9–15),21,29.0,29.0,34.0,5.0,20.0,10.0,4.800000000000001,10.0,0.08636363636363636,0.17736786094359708,13.66,moderate,2026-05-14
161,161,0,Overnight (0–6),6,23.5,20.0,27.0,7.0,4.0,7.0,4.9,7.0,0.11875,0.2318648559125539,18.07,moderate,2026-05-14
161,161,0,PM Peak (15–19),16,34.0,33.0,34.0,1.0,16.0,8.0,8.0,8.0,0.10555555555555556,0.041339396444811924,6.17,moderate,2026-05-14
161,161,1,AM Peak (6–9),12,29.5,24.0,31.0,7.0,12.0,5.0,0.5000000000000004,12.0,0.15833333333333333,0.2318648559125539,19.45,moderate,2026-05-14
161,161,1,Evening (19–24),17,27.0,22.0,27.0,5.0,15.0,4.0,4.0,11.0,0.19,0.17736786094359708,17.29,moderate,2026-05-14
161,161,1,Midday (9–15),20,30.0,30.0,40.0,10.0,17.0,11.0,3.6,11.0,0.07916666666666666,0.30129557095510706,20.85,moderate,2026-05-14
161,161,1,Overnight (0–6),6,22.0,13.716666666666667,23.0,9.283333333333333,4.0,12.0,3.3000000000000007,13.7,0.07307692307692307,0.2858755902278794,19.71,moderate,2026-05-14
161,161,1,PM Peak (15–19),16,40.0,38.0,40.0,2.0,16.0,8.0,8.0,8.0,0.10555555555555556,0.07939658594680432,8.46,moderate,2026-05-14
162,162,0,AM Peak (6–9),6,30.0,30.0,30.0,0.0,6.0,1.0,1.0,1.0,0.475,0.0,16.62,no recovery time,2026-05-14
162,162,0,Evening (19–24),6,30.0,30.0,30.0,0.0,6.0,1.0,1.0,1.0,0.475,0.0,16.62,no recovery time,2026-05-14
162,162,0,Midday (9–15),12,30.0,30.0,30.0,0.0,12.0,1.0,1.0,1.0,0.475,0.0,16.62,no recovery time,2026-05-14
162,162,0,Overnight (0–6),2,19.03333333333333,10.26,27.80666666666667,17.546666666666667,1.0,3.0,3.0,3.0,0.2375,0.4307339824891581,34.16,very low recovery time,2026-05-14
162,162,0,PM Peak (15–19),8,30.0,30.0,30.0,0.0,8.0,1.0,1.0,1.0,0.475,0.0,16.62,no recovery time,2026-05-14
162,162,1,AM Peak (6–9),6,28.0,28.0,28.0,0.0,6.0,1.0,1.0,1.0,0.475,0.0,16.62,no recovery time,2026-05-14
162,162,1,Evening (19–24),7,28.0,28.0,28.0,0.0,6.0,1.0,1.0,1.0,0.475,0.0,16.62,no recovery time,2026-05-14
162,162,1,Midday (9–15),12,28.0,28.0,28.0,0.0,12.0,1.0,1.0,1.0,0.475,0.0,16.62,no recovery time,2026-05-14
162,162,1,PM Peak (15–19),8,28.0,28.0,28.0,0.0,8.0,1.0,1.0,1.0,0.475,0.0,16.62,no recovery time,2026-05-14
164,164,0,AM Peak (6–9),7,28.0,25.2,28.0,2.8000000000000007,7.0,2.0,1.0,5.0,0.31666666666666665,0.1077337437475953,17.55,very low recovery time,2026-05-14
164,164,0,Evening (19–24),11,24.0,22.0,24.0,2.0,11.0,6.0,3.0,8.0,0.1357142857142857,0.07939658594680432,9.51,moderate,2026-05-14
164,164,0,Midday (9–15),13,26.0,26.0,26.0,0.0,13.0,4.0,4.0,4.0,0.19,0.0,6.65,moderate,2026-05-14
164,164,0,Overnight (0–6),5,22.0,22.0,24.0,2.0,4.0,3.0,0.9000000000000001,3.0,0.2375,0.07939658594680432,13.08,very low recovery time,2026-05-14
164,164,0,PM Peak (15–19),9,30.0,30.0,30.0,0.0,9.0,5.0,5.0,5.2,0.15833333333333333,0.0,5.54,moderate,2026-05-14
164,164,1,AM Peak (6–9),7,31.0,29.0,31.4,2.3999999999999986,7.0,5.0,4.6,7.600000000000001,0.15833333333333333,0.09378663540445485,11.17,moderate,2026-05-14
164,164,1,Evening (19–24),11,27.0,24.0,27.0,3.0,10.0,3.0,1.0,15.799999999999997,0.2375,0.11454753722794964,15.19,very low recovery time,2026-05-14
164,164,1,Midday (9–15),12,26.0,26.0,26.0,0.0,12.0,4.0,4.0,18.300000000000004,0.19,0.0,6.65,moderate,2026-05-14
164,164,1,Overnight (0–6),5,24.0,24.0,25.0,1.0,4.0,1.0,1.0,8.700000000000003,0.475,0.041339396444811924,19.11,no recovery time,2026-05-14
164,164,1,PM Peak (15–19),10,32.0,31.8,32.0,0.1999999999999993,9.0,8.0,8.0,8.0,0.10555555555555556,0.00855066267635739,4.21,moderate,2026-05-14
165,165,0,AM Peak (6–9),33,61.0,56.0,62.0,6.0,30.0,4.0,3.0,6.100000000000001,0.19,0.20554984583761568,18.98,moderate,2026-05-14
165,165,0,Evening (19–24),38,43.0,3.433333333333333,48.0,44.56666666666667,30.0,4.0,4.0,5.100000000000001,0.19,0.6577458552663945,46.11,high schedule variability,2026-05-14
165,165,0,Midday (9–15),44,60.0,52.3,70.0,17.700000000000003,35.0,4.0,3.4000000000000004,7.0,0.19,0.4328686720469554,32.62,moderate,2026-05-14
165,165,0,Overnight (0–6),26,31.125,2.716666666666667,56.0,53.28333333333333,14.0,5.0,2.3,8.0,0.15833333333333333,0.6967570394908901,47.35,high schedule variability,2026-05-14
165,165,0,PM Peak (15–19),34,70.0,51.69,70.0,18.310000000000002,30.0,5.0,5.0,5.100000000000001,0.15833333333333333,0.4412048192771086,32.01,moderate,2026-05-14
165,165,1,AM Peak (6–9),33,63.0,58.0,68.6,10.599999999999994,32.0,7.0,5.0,8.0,0.11875,0.31370227878070434,22.98,moderate,2026-05-14
165,165,1,Evening (19–24),32,56.0,51.0,61.0,10.0,37.0,3.0,0.6000000000000001,7.399999999999999,0.2375,0.30129557095510706,26.39,very low recovery time,2026-05-14
165,165,1,Midday (9–15),42,70.0,70.0,76.0,6.0,42.0,6.0,3.1000000000000005,7.899999999999999,0.1357142857142857,0.20554984583761568,17.08,moderate,2026-05-14
165,165,1,Overnight (0–6),26,49.0,15.516666666666667,58.0,42.483333333333334,21.0,1.0,0.0,5.0,0.475,0.6468886407471325,55.44,"no recovery time, high schedule variability",2026-05-14
165,165,1,PM Peak (15–19),33,76.0,67.0,76.0,9.0,34.0,6.5,6.0,7.0,0.12666666666666665,0.2795899347623486,21.21,moderate,2026-05-14
166,166,0,AM Peak (6–9),7,24.0,24.0,24.0,0.0,7.0,18.0,18.0,18.0,0.049999999999999996,0.0,1.75,moderate,2026-05-14
166,166,0,Evening (19–24),1,7.0,7.0,7.0,0.0,,10.0,,,0.08636363636363636,0.0,3.02,moderate,2026-05-14
166,166,0,Midday (9–15),2,17.0,8.2,25.8,17.6,,10.0,,,0.08636363636363636,0.43147830350576133,28.91,moderate,2026-05-14
166,166,0,Overnight (0–6),2,24.0,24.0,24.0,0.0,1.0,18.0,18.0,18.0,0.049999999999999996,0.0,1.75,moderate,2026-05-14
166,166,0,PM Peak (15–19),10,28.0,28.0,28.0,0.0,10.0,6.0,6.0,6.0,0.1357142857142857,0.0,4.75,moderate,2026-05-14
166,166,1,AM Peak (6–9),8,31.0,25.6,31.0,5.399999999999999,7.0,2.0,2.0,2.0,0.31666666666666665,0.18887722980062963,22.42,very low recovery time,2026-05-14
166,166,1,Evening (19–24),1,35.15,35.15,35.15,0.0,1.0,2.0,2.0,2.0,0.31666666666666665,0.0,11.08,very low recovery time,2026-05-14
166,166,1,Midday (9–15),4,22.058333333333334,16.0,35.735,19.735,2.0,2.0,2.0,2.0,0.31666666666666665,0.45975538730343635,38.67,very low recovery time,2026-05-14
166,166,1,Overnight (0–6),1,13.0,13.0,13.0,0.0,1.0,2.0,2.0,2.0,0.31666666666666665,0.0,11.08,very low recovery time,2026-05-14
166,166,1,PM Peak (15–19),9,39.0,39.0,39.0,0.0,10.0,2.0,2.0,2.0,0.31666666666666665,0.0,11.08,very low recovery time,2026-05-14
167,167,0,AM Peak (6–9),6,26.0,26.0,26.0,0.0,6.0,4.0,4.0,4.0,0.19,0.0,6.65,moderate,2026-05-14
167,167,0,Evening (19–24),10,26.0,22.0,26.0,4.0,10.0,4.0,4.0,8.0,0.19,0.14711290915777864,15.48,moderate,2026-05-14
167,167,0,Midday (9–15),12,28.0,28.0,28.0,0.0,12.0,2.0,2.0,2.0,0.31666666666666665,0.0,11.08,very low recovery time,2026-05-14
167,167,0,Overnight (0–6),4,22.0,22.0,24.8,2.8000000000000007,4.0,8.0,5.2,8.0,0.10555555555555556,0.1077337437475953,10.16,moderate,2026-05-14
167,167,0,PM Peak (15–19),9,29.0,23.21,29.0,5.789999999999999,8.0,1.0,1.0,9.399999999999997,0.475,0.19979296066252591,28.61,no recovery time,2026-05-14
167,167,1,AM Peak (6–9),6,24.0,24.0,24.0,0.0,6.0,6.0,6.0,6.0,0.1357142857142857,0.0,4.75,moderate,2026-05-14
167,167,1,Evening (19–24),10,23.0,23.0,25.0,2.0,10.0,7.0,5.0,7.0,0.11875,0.07939658594680432,8.92,moderate,2026-05-14
167,167,1,Midday (9–15),12,25.0,25.0,25.0,0.0,12.0,5.0,5.0,5.0,0.15833333333333333,0.0,5.54,moderate,2026-05-14
167,167,1,Overnight (0–6),5,23.0,23.0,23.6,0.6000000000000014,3.0,7.0,6.2,7.0,0.11875,0.025220680958385946,5.67,moderate,2026-05-14
167,167,1,PM Peak (15–19),8,25.0,25.0,25.0,0.0,8.0,5.0,5.0,5.0,0.15833333333333333,0.0,5.54,moderate,2026-05-14
168,168,0,AM Peak (6–9),15,28.0,23.0,28.0,5.0,15.0,7.0,2.0,8.0,0.11875,0.17736786094359708,14.8,moderate,2026-05-14
168,168,0,Evening (19–24),17,20.0,18.0,27.0,9.0,18.0,4.5,2.0,9.0,0.17272727272727273,0.2795899347623486,22.82,moderate,2026-05-14
168,168,0,Midday (9–15),26,26.0,26.0,30.5,4.5,26.0,11.0,6.5,11.0,0.07916666666666666,0.162513542795233,12.52,moderate,2026-05-14
168,168,0,Overnight (0–6),12,20.5,18.0,23.0,5.0,10.0,4.0,1.9,8.299999999999999,0.19,0.17736786094359708,17.29,moderate,2026-05-14
168,168,0,PM Peak (15–19),19,32.0,27.0,32.0,5.0,19.0,9.0,6.4,9.0,0.095,0.17736786094359708,13.97,moderate,2026-05-14
168,168,1,AM Peak (6–9),15,28.0,21.0,28.0,7.0,14.0,8.0,5.6,8.0,0.10555555555555556,0.2318648559125539,17.61,moderate,2026-05-14
168,168,1,Evening (19–24),18,23.0,19.0,28.3,9.3,16.0,5.0,2.5,10.0,0.15833333333333333,0.2862419205909511,22.72,moderate,2026-05-14
168,168,1,Midday (9–15),25,28.0,28.0,31.800000000000004,3.8000000000000043,24.0,10.0,5.0,10.0,0.08636363636363636,0.1407928862541684,11.47,moderate,2026-05-14
168,168,1,Overnight (0–6),11,19.0,17.0,21.0,4.0,9.0,4.0,3.0,14.0,0.19,0.14711290915777864,15.48,moderate,2026-05-14
168,168,1,PM Peak (15–19),20,33.0,29.0,33.0,4.0,19.0,10.0,9.8,10.0,0.08636363636363636,0.14711290915777864,11.85,moderate,2026-05-14
169,169,0,AM Peak (6–9),6,36.0,33.5,36.0,2.5,6.0,10.0,9.0,12.0,0.08636363636363636,0.09731413001167773,8.86,moderate,2026-05-14
169,169,0,Evening (19–24),10,39.0,37.0,39.0,2.0,10.0,6.0,5.9,8.0,0.1357142857142857,0.07939658594680432,9.51,moderate,2026-05-14
169,169,0,Midday (9–15),12,38.0,38.0,39.8,1.7999999999999972,12.0,7.0,7.0,7.0,0.11875,0.07202881152460977,8.48,moderate,2026-05-14
169,169,0,Overnight (0–6),4,37.0,34.2,37.0,2.799999999999997,2.0,8.0,8.0,8.0,0.10555555555555556,0.10773374374759517,10.16,moderate,2026-05-14
169,169,0,PM Peak (15–19),8,40.0,40.0,40.0,0.0,8.0,5.0,5.0,5.0,0.15833333333333333,0.0,5.54,moderate,2026-05-14
169,169,1,AM Peak (6–9),6,40.0,36.0,41.0,5.0,6.0,7.0,4.0,10.5,0.11875,0.17736786094359708,14.8,moderate,2026-05-14
169,169,1,Evening (19–24),10,37.0,36.0,37.0,1.0,10.0,8.0,7.4,9.0,0.10555555555555556,0.041339396444811924,6.17,moderate,2026-05-14
169,169,1,Midday (9–15),12,39.0,39.0,42.8,3.799999999999997,12.0,6.0,4.0,6.0,0.1357142857142857,0.14079288625416816,13.2,moderate,2026-05-14
169,169,1,Overnight (0–6),5,36.0,29.39,36.0,6.609999999999999,4.0,9.0,3.4000000000000004,9.0,0.095,0.22181208053691281,16.63,moderate,2026-05-14
169,169,1,PM Peak (15–19),8,43.0,43.0,43.0,0.0,8.0,2.0,2.0,2.0,0.31666666666666665,0.0,11.08,very low recovery time,2026-05-14
171,171,0,AM Peak (6–9),8,13.95,11.95,13.95,2.0,8.0,1.0,1.0,1.0,0.475,0.07939658594680432,21.39,no recovery time,2026-05-14
171,171,0,Evening (19–24),15,11.95,11.1,11.95,0.8499999999999996,15.0,1.0,0.40000000000000013,1.0,0.475,0.03535773710482529,18.75,no recovery time,2026-05-14
171,171,0,Midday (9–15),14,12.95,12.95,15.140000000000002,2.190000000000003,14.0,1.0,1.0,1.0,0.475,0.08628841607565026,21.8,no recovery time,2026-05-14
171,171,0,Overnight (0–6),10,8.341666666666667,5.316666666666666,11.95,6.633333333333333,10.0,1.0,0.21666666666666667,1.0333333333333334,0.475,0.22242092321448537,29.97,no recovery time,2026-05-14
171,171,0,PM Peak (15–19),8,15.65,15.05,15.65,0.5999999999999996,8.0,1.0,1.0,1.0,0.475,0.02522068095838587,18.14,no recovery time,2026-05-14
171,171,1,AM Peak (6–9),8,22.866666666666667,17.083333333333332,22.866666666666667,5.783333333333335,,10.0,,,0.08636363636363636,0.19960883571099872,15.0,moderate,2026-05-14
171,171,1,Evening (19–24),15,18.983333333333334,17.083333333333332,18.983333333333334,1.9000000000000021,,10.0,,,0.08636363636363636,0.0757273814268634,7.57,moderate,2026-05-14
171,171,1,Midday (9–15),14,22.866666666666667,22.866666666666667,25.333333333333336,2.4666666666666686,,10.0,,,0.08636363636363636,0.09614135377419784,8.79,moderate,2026-05-14
171,171,1,Overnight (0–6),11,17.083333333333332,5.833333333333333,17.083333333333332,11.25,,10.0,,,0.08636363636363636,0.32665505226480845,22.62,moderate,2026-05-14
171,171,1,PM Peak (15–19),8,25.633333333333333,24.838333333333335,25.633333333333333,0.7949999999999982,,10.0,,,0.08636363636363636,0.03314571607254528,5.01,moderate,2026-05-14
184,184,0,AM Peak (6–9),6,11.0,11.0,11.0,0.0,,10.0,,,0.08636363636363636,0.0,3.02,moderate,2026-05-14
184,184,0,Evening (19–24),12,10.0,9.0,10.0,1.0,,10.0,,,0.08636363636363636,0.041339396444811924,5.5,moderate,2026-05-14
184,184,0,Midday (9–15),13,10.0,10.0,11.8,1.8000000000000007,,10.0,,,0.08636363636363636,0.0720288115246099,7.34,moderate,2026-05-14
184,184,0,Overnight (0–6),5,9.0,9.0,9.0,0.0,,10.0,,,0.08636363636363636,0.0,3.02,moderate,2026-05-14
184,184,0,PM Peak (15–19),8,12.0,12.0,12.0,0.0,,10.0,,,0.08636363636363636,0.0,3.02,moderate,2026-05-14
184,184,1,AM Peak (6–9),6,8.0,8.0,8.0,0.0,6.0,0.0,0.0,0.0,0.95,0.0,33.25,no recovery time,2026-05-14
184,184,1,Evening (19–24),13,8.0,8.0,8.0,0.0,12.0,0.0,0.0,0.0,0.95,0.0,33.25,no recovery time,2026-05-14
184,184,1,Midday (9–15),13,8.0,8.0,8.8,0.8000000000000007,13.0,0.0,0.0,0.0,0.95,0.03334722801167157,35.25,no recovery time,2026-05-14
184,184,1,Overnight (0–6),4,8.0,8.0,8.0,0.0,5.0,0.0,0.0,0.0,0.95,0.0,33.25,no recovery time,2026-05-14
184,184,1,PM Peak (15–19),8,9.0,9.0,9.0,0.0,8.0,0.0,0.0,0.0,0.95,0.0,33.25,no recovery time,2026-05-14
185,185,0,AM Peak (6–9),8,19.0,14.0,19.3,5.300000000000001,8.0,5.0,3.0,5.0,0.15833333333333333,0.18603018603018612,16.7,moderate,2026-05-14
185,185,0,Evening (19–24),15,17.0,13.0,17.0,4.0,16.0,3.0,3.0,5.0,0.2375,0.14711290915777864,17.14,very low recovery time,2026-05-14
185,185,0,Midday (9–15),14,19.0,19.0,19.700000000000003,0.7000000000000028,14.0,5.0,4.3,5.0,0.15833333333333333,0.02930096274591892,7.3,moderate,2026-05-14
185,185,0,Overnight (0–6),10,13.0,11.986666666666666,14.0,2.0133333333333336,8.0,4.0,2.0,5.6,0.19,0.07988361327866687,11.44,moderate,2026-05-14
185,185,0,PM Peak (15–19),10,22.0,21.8,22.0,0.1999999999999993,10.0,3.0,3.0,3.0,0.2375,0.00855066267635739,8.83,very low recovery time,2026-05-14
185,185,1,AM Peak (6–9),8,22.0,17.0,22.0,5.0,8.0,3.5,2.0,4.0,0.2111111111111111,0.17736786094359708,18.03,moderate,2026-05-14
185,185,1,Evening (19–24),15,18.0,16.0,18.0,2.0,16.0,2.0,2.0,2.0,0.31666666666666665,0.07939658594680432,15.85,very low recovery time,2026-05-14
185,185,1,Midday (9–15),14,21.0,21.0,21.0,0.0,14.0,5.0,4.0,5.0,0.15833333333333333,0.0,5.54,moderate,2026-05-14
185,185,1,Overnight (0–6),9,16.0,13.0,17.0,4.0,8.0,2.0,1.4000000000000001,3.015,0.31666666666666665,0.14711290915777864,19.91,very low recovery time,2026-05-14
185,185,1,PM Peak (15–19),10,23.0,22.8,23.0,0.1999999999999993,10.0,2.0,2.0,2.0,0.31666666666666665,0.00855066267635739,11.6,very low recovery time,2026-05-14
189,189,0,AM Peak (6–9),7,25.0,25.0,25.0,0.0,,10.0,,,0.08636363636363636,0.0,3.02,moderate,2026-05-14
189,189,0,Evening (19–24),11,19.0,17.0,19.0,2.0,,10.0,,,0.08636363636363636,0.07939658594680432,7.79,moderate,2026-05-14
189,189,0,Midday (9–15),14,24.0,24.0,24.0,0.0,,10.0,,,0.08636363636363636,0.0,3.02,moderate,2026-05-14
189,189,0,Overnight (0–6),5,17.0,12.8,24.6,11.8,1.0,0.0,0.0,0.0,0.95,0.337239211203201,53.48,no recovery time,2026-05-14
189,189,0,PM Peak (15–19),9,29.0,23.0,29.0,6.0,,10.0,,,0.08636363636363636,0.20554984583761568,15.36,moderate,2026-05-14
189,189,1,AM Peak (6–9),7,18.0,18.0,18.0,0.0,7.0,0.0,0.0,0.0,0.95,0.0,33.25,no recovery time,2026-05-14
189,189,1,Evening (19–24),10,16.0,13.0,16.0,3.0,11.0,0.0,0.0,0.0,0.95,0.11454753722794964,40.12,no recovery time,2026-05-14
189,189,1,Midday (9–15),14,19.0,19.0,19.0,0.0,14.0,0.0,0.0,0.0,0.95,0.0,33.25,no recovery time,2026-05-14
189,189,1,Overnight (0–6),5,13.0,8.8,15.4,6.6,4.0,0.0,0.0,0.0,0.95,0.22155085599194366,46.54,no recovery time,2026-05-14
189,189,1,PM Peak (15–19),9,21.0,18.4,21.0,2.6000000000000014,9.0,0.0,0.0,0.0,0.95,0.10081426909654914,39.3,no recovery time,2026-05-14
191,191,0,AM Peak (6–9),9,21.0,17.0,21.0,4.0,7.0,15.0,3.0000000000000004,19.4,0.059375,0.14711290915777864,10.9,moderate,2026-05-14
191,191,0,Evening (19–24),16,14.0,14.0,14.0,0.0,15.0,8.0,8.0,10.0,0.10555555555555556,0.0,3.69,moderate,2026-05-14
191,191,0,Midday (9–15),14,19.0,19.0,19.0,0.0,14.0,9.0,5.6,9.0,0.095,0.0,3.32,moderate,2026-05-14
191,191,0,Overnight (0–6),5,14.0,9.91,15.8,5.890000000000001,4.0,10.0,10.0,12.100000000000001,0.08636363636363636,0.20254470426409912,15.18,moderate,2026-05-14
191,191,0,PM Peak (15–19),12,21.0,20.0,22.0,2.0,12.0,12.0,11.0,17.0,0.07307692307692307,0.07939658594680432,7.32,moderate,2026-05-14
191,191,1,AM Peak (6–9),9,24.0,22.0,24.0,2.0,9.0,0.0,0.0,2.0,0.95,0.07939658594680432,38.01,no recovery time,2026-05-14
191,191,1,Evening (19–24),15,18.0,16.0,18.0,2.0,16.0,0.0,0.0,0.0,0.95,0.07939658594680432,38.01,no recovery time,2026-05-14
191,191,1,Midday (9–15),14,22.0,22.0,23.400000000000002,1.4000000000000021,14.0,0.0,0.0,0.0,0.95,0.05693371289141938,36.67,no recovery time,2026-05-14
191,191,1,Overnight (0–6),6,16.0,9.65,16.0,6.35,5.0,0.0,0.0,2.4000000000000004,0.95,0.21496276235612732,46.15,no recovery time,2026-05-14
191,191,1,PM Peak (15–19),12,25.0,23.0,27.0,4.0,12.0,0.0,0.0,0.0,0.95,0.14711290915777864,42.08,no recovery time,2026-05-14
202,202,0,Evening (19–24),12,20.0,20.0,25.0,5.0,13.0,4.0,2.4000000000000004,7.600000000000001,0.19,0.17736786094359708,17.29,moderate,2026-05-14
202,202,0,Midday (9–15),14,22.0,22.0,26.200000000000006,4.200000000000006,14.0,4.0,4.0,4.0,0.19,0.15334063526834635,15.85,moderate,2026-05-14
202,202,0,PM Peak (15–19),9,28.0,25.0,28.0,3.0,8.0,4.0,4.0,10.099999999999998,0.19,0.11454753722794964,13.52,moderate,2026-05-14
202,202,1,Evening (19–24),13,17.0,17.0,18.0,1.0,11.0,4.0,4.0,9.0,0.19,0.041339396444811924,9.13,moderate,2026-05-14
202,202,1,Midday (9–15),14,19.0,19.0,21.800000000000004,2.8000000000000043,14.0,5.0,5.0,5.0,0.15833333333333333,0.10773374374759541,12.01,moderate,2026-05-14
202,202,1,PM Peak (15–19),10,23.0,18.0,23.0,5.0,9.0,5.0,5.0,9.0,0.15833333333333333,0.17736786094359708,16.18,moderate,2026-05-14
203,203,0,AM Peak (6–9),3,7.0,7.0,7.0,0.0,3.0,0.0,0.0,0.0,0.95,0.0,33.25,no recovery time,2026-05-14
203,203,0,Evening (19–24),1,7.0,7.0,7.0,0.0,1.0,0.0,0.0,0.0,0.95,0.0,33.25,no recovery time,2026-05-14
203,203,0,Midday (9–15),18,7.0,7.0,7.0,0.0,18.0,0.0,0.0,0.0,0.95,0.0,33.25,no recovery time,2026-05-14
203,203,0,PM Peak (15–19),12,7.0,7.0,7.0,0.0,12.0,0.0,0.0,0.0,0.95,0.0,33.25,no recovery time,2026-05-14
203,203,1,AM Peak (6–9),3,10.0,10.0,10.0,0.0,3.0,3.0,3.0,3.0,0.2375,0.0,8.31,very low recovery time,2026-05-14
203,203,1,Evening (19–24),1,10.0,10.0,10.0,0.0,,10.0,,,0.08636363636363636,0.0,3.02,moderate,2026-05-14
203,203,1,Midday (9–15),18,10.0,10.0,10.0,0.0,18.0,3.0,3.0,3.0,0.2375,0.0,8.31,very low recovery time,2026-05-14
203,203,1,PM Peak (15–19),12,10.0,10.0,10.0,0.0,12.0,3.0,3.0,3.0,0.2375,0.0,8.31,very low recovery time,2026-05-14
300,300,0,Overnight (0–6),50,73.0,3.0,76.0,73.0,32.0,10.0,0.0,15.0,0.08636363636363636,0.7589146480923173,48.56,high schedule variability,2026-05-14
300,300,1,Overnight (0–6),38,80.0,53.900000000000006,85.0,31.099999999999994,10.0,9.0,0.0,9.0,0.095,0.572849511880641,37.7,high schedule variability,2026-05-14
307,307,0,Overnight (0–6),9,44.0,41.77666666666667,50.6,8.82333333333333,7.0,16.0,3.2,16.0,0.055882352941176466,0.27561432736359853,18.49,moderate,2026-05-14
307,307,1,Overnight (0–6),15,46.0,18.473333333333333,54.599999999999994,36.126666666666665,6.0,6.5,5.0,14.0,0.12666666666666665,0.6090474852486655,40.98,high schedule variability,2026-05-14
315,315,0,Overnight (0–6),7,27.95,27.95,28.37,0.4200000000000017,1.0,2.0,2.0,2.0,0.31666666666666665,0.017789072426937818,12.15,very low recovery time,2026-05-14
315,315,1,Overnight (0–6),8,27.883333333333333,27.883333333333333,29.0,1.1166666666666671,6.0,0.0,0.0,7.0,0.95,0.04594075699396603,36.01,no recovery time,2026-05-14
316,316,0,Overnight (0–6),6,41.0,41.0,41.0,0.0,5.0,8.0,8.0,8.0,0.10555555555555556,0.0,3.69,moderate,2026-05-14
316,316,1,Overnight (0–6),6,41.0,41.0,41.0,0.0,4.0,0.0,0.0,0.0,0.95,0.0,33.25,no recovery time,2026-05-14
320,320,0,Overnight (0–6),39,45.88333333333333,40.15,54.2,14.050000000000004,30.0,8.0,8.0,12.100000000000001,0.10555555555555556,0.37728249194414626,26.33,moderate,2026-05-14
320,320,1,Overnight (0–6),34,47.0,25.433333333333334,48.0,22.566666666666666,7.0,4.0,2.2,4.0,0.19,0.49318860639615364,36.24,high schedule variability,2026-05-14
322,322,0,Overnight (0–6),7,23.0,20.2,23.0,2.8000000000000007,5.0,9.0,3.6,9.0,0.095,0.1077337437475953,9.79,moderate,2026-05-14
322,322,1,Overnight (0–6),7,23.0,14.71,23.0,8.29,1.0,1.0333333333333334,1.0333333333333334,1.0333333333333334,0.4672131147540984,0.2633418043202034,32.15,very low recovery time,2026-05-14
324,324,0,Overnight (0–6),7,36.0,36.0,36.0,0.0,6.0,5.0,5.0,5.0,0.15833333333333333,0.0,5.54,moderate,2026-05-14
324,324,1,Overnight (0–6),6,36.0,36.0,38.5,2.5,4.0,13.0,13.0,13.7,0.06785714285714285,0.09731413001167773,8.21,moderate,2026-05-14
325,325,0,Overnight (0–6),9,51.0,38.58,51.4,12.82,3.0,7.0,7.0,10.2,0.11875,0.3560122188281034,25.52,moderate,2026-05-14
325,325,1,Overnight (0–6),8,51.0,34.65,51.0,16.35,7.0,7.0,3.6133333333333333,7.800000000000001,0.11875,0.4135053110773901,28.97,moderate,2026-05-14
329,329,0,Overnight (0–6),13,41.86666666666667,19.043333333333333,59.0,39.95666666666666,11.0,2.0,1.0,9.0,0.31666666666666665,0.6327597128378379,49.05,"very low recovery time, high schedule variability",2026-05-14
329,329,1,Overnight (0–6),15,46.63333333333333,18.946666666666673,59.0,40.05333333333333,4.0,0.0,0.0,0.0,0.95,0.6333210351552206,71.25,"no recovery time, high schedule variability",2026-05-14
334,334,0,Overnight (0–6),26,71.0,0.5833333333333334,88.0,87.41666666666667,12.0,0.0,0.0,0.0,0.95,0.7903381351335063,80.67,"no recovery time, high schedule variability",2026-05-14
334,334,1,Overnight (0–6),29,81.0,1.6,96.99999999999999,95.39999999999999,3.0,10.0,8.4,13.2,0.08636363636363636,0.8044523146976981,51.29,high schedule variability,2026-05-14
335,335,0,Overnight (0–6),12,42.0,8.0,42.0,34.0,6.0,4.0,0.0,18.0,0.19,0.5945095296380487,42.32,high schedule variability,2026-05-14
335,335,1,Overnight (0–6),11,40.0,5.0,40.0,35.0,11.0,9.0,6.0,10.0,0.095,0.6014779171678983,39.41,high schedule variability,2026-05-14
336,336,0,Overnight (0–6),18,40.9,24.486666666666668,53.0,28.513333333333332,12.0,0.0,0.0,6.800000000000001,0.95,0.5514795951260397,66.34,"no recovery time, high schedule variability",2026-05-14
336,336,1,Overnight (0–6),19,33.0,27.6,54.0,26.4,,10.0,,,0.08636363636363636,0.5323653962492438,34.96,high schedule variability,2026-05-14
337,337,0,Overnight (0–6),7,43.0,43.0,44.373333333333335,1.3733333333333348,4.0,3.0,0.9466666666666668,3.0,0.2375,0.05590989279413768,11.67,very low recovery time,2026-05-14
337,337,1,Overnight (0–6),7,44.0,42.95333333333333,45.4,2.4466666666666654,6.0,0.0,0.0,13.0,0.95,0.09543622415810687,38.98,no recovery time,2026-05-14
339,339,0,Overnight (0–6),14,35.0,5.0,35.0,30.0,13.0,0.0,0.0,0.0,0.95,0.5640157924421885,67.09,"no recovery time, high schedule variability",2026-05-14
339,339,1,AM Peak (6–9),1,1.75,1.75,1.75,0.0,,10.0,,,0.08636363636363636,0.0,3.02,moderate,2026-05-14
339,339,1,Overnight (0–6),17,34.0,1.75,39.0,37.25,9.0,0.0,0.0,0.0,0.95,0.6163136995367308,70.23,"no recovery time, high schedule variability",2026-05-14
340,340,0,Overnight (0–6),9,14.0,14.0,14.600000000000001,0.6000000000000014,8.0,3.0,2.1,3.0,0.2375,0.025220680958385946,9.83,very low recovery time,2026-05-14
340,340,1,Overnight (0–6),9,13.0,12.67,13.0,0.33000000000000007,8.0,0.0,0.0,0.0,0.95,0.01403061224489797,34.09,no recovery time,2026-05-14
341,341,0,Overnight (0–6),5,41.083333333333336,41.083333333333336,41.083333333333336,0.0,,10.0,,,0.08636363636363636,0.0,3.02,moderate,2026-05-14
341,341,1,Overnight (0–6),7,43.9,43.9,43.94,0.03999999999999915,7.0,4.0,2.4000000000000004,12.0,0.19,0.0017219113215669033,6.75,moderate,2026-05-14
343,343,0,Overnight (0–6),7,27.0,27.0,27.0,0.0,7.0,3.0,3.0,3.0,0.2375,0.0,8.31,very low recovery time,2026-05-14
343,343,1,Overnight (0–6),8,27.0,19.78,27.0,7.219999999999999,6.0,3.0,1.5,6.0,0.2375,0.23742190069056235,22.56,very low recovery time,2026-05-14
352,352,0,Overnight (0–6),14,29.5,4.0,55.0,51.0,9.0,1.0,0.0,7.2,0.475,0.6874241811564901,57.87,"no recovery time, high schedule variability",2026-05-14
352,352,1,Overnight (0–6),7,60.0,60.0,65.2,5.200000000000003,6.0,0.0,0.0,0.0,0.95,0.183163085593519,44.24,no recovery time,2026-05-14
353,353,0,Overnight (0–6),14,60.0,1.15,60.0,58.85,12.0,1.0,1.0,1.0,0.475,0.7173330082886398,59.66,"no recovery time, high schedule variability",2026-05-14
353,353,1,AM Peak (6–9),2,5.833333333333333,5.833333333333333,5.833333333333333,0.0,,10.0,,,0.08636363636363636,0.0,3.02,moderate,2026-05-14
353,353,1,Overnight (0–6),12,58.0,5.833333333333333,58.0,52.166666666666664,7.0,1.0,1.0,1.0,0.475,0.6922634582209051,58.16,"no recovery time, high schedule variability",2026-05-14
354,354,0,Overnight (0–6),14,48.0,2.0,75.29000000000002,73.29000000000002,10.0,0.0,0.0,11.699999999999998,0.95,0.7596393034825871,78.83,"no recovery time, high schedule variability",2026-05-14
354,354,1,Overnight (0–6),17,47.333333333333336,2.0,50.85666666666667,48.85666666666667,7.0,11.0,9.8,17.800000000000004,0.07916666666666666,0.6781252891644306,43.46,high schedule variability,2026-05-14
363,363,0,Overnight (0–6),8,25.0,25.0,25.3,0.3000000000000007,8.0,8.0,0.0,8.0,0.10555555555555556,0.012771392081736945,4.46,moderate,2026-05-14
363,363,1,Overnight (0–6),9,24.0,20.0,31.400000000000002,11.400000000000002,,10.0,,,0.08636363636363636,0.32957502168256736,22.8,moderate,2026-05-14
365,365,0,Overnight (0–6),7,13.266666666666667,13.266666666666667,13.266666666666667,0.0,7.0,0.0,0.0,0.0,0.95,0.0,33.25,no recovery time,2026-05-14
365,365,1,Overnight (0–6),7,13.566666666666666,13.566666666666666,13.566666666666666,0.0,,10.0,,,0.08636363636363636,0.0,3.02,moderate,2026-05-14
384,384,0,Overnight (0–6),7,39.0,36.0,39.4,3.3999999999999986,2.0,14.0,14.0,14.0,0.06333333333333332,0.12786761940579164,9.89,moderate,2026-05-14
384,384,1,Overnight (0–6),6,35.63333333333333,30.59166666666667,37.5,6.908333333333331,3.0,12.0,11.053333333333333,14.4,0.07307692307692307,0.22952544437676506,16.33,moderate,2026-05-14
385,385,0,Overnight (0–6),7,50.86666666666667,46.46666666666667,52.31666666666667,5.850000000000001,4.0,6.5,3.9000000000000004,9.100000000000001,0.12666666666666665,0.20144628099173564,16.52,moderate,2026-05-14
385,385,1,Overnight (0–6),8,51.86666666666667,39.09166666666667,51.86666666666667,12.774999999999999,,10.0,,,0.08636363636363636,0.35520645071597395,24.34,moderate,2026-05-14
386,386,0,Overnight (0–6),7,29.0,29.0,31.6,2.6000000000000014,4.0,3.0,0.0,8.8,0.2375,0.10081426909654914,14.36,very low recovery time,2026-05-14
386,386,1,Overnight (0–6),9,28.0,28.0,28.0,0.0,7.0,3.0,3.0,15.200000000000001,0.2375,0.0,8.31,very low recovery time,2026-05-14
395,395,0,Overnight (0–6),12,47.03333333333333,7.0,55.03333333333333,48.03333333333333,5.0,8.0,6.8,9.8,0.10555555555555556,0.6744044554687134,44.16,high schedule variability,2026-05-14
395,395,1,Overnight (0–6),7,47.28333333333333,44.88333333333333,50.900000000000006,6.016666666666673,,10.0,,,0.08636363636363636,0.20600319561743918,15.38,moderate,2026-05-14
396,396,0,Overnight (0–6),9,43.53333333333333,36.666666666666664,43.53333333333333,6.866666666666667,,10.0,,,0.08636363636363636,0.22845735832316744,16.73,moderate,2026-05-14
396,396,1,Overnight (0–6),10,44.2,44.2,44.28,0.0799999999999983,5.0,5.0,5.0,5.0,0.15833333333333333,0.00343790287924359,5.75,moderate,2026-05-14
403,403,0,Midday (9–15),4,37.0,37.0,37.0,0.0,3.0,0.0,0.0,24.0,0.95,0.0,33.25,no recovery time,2026-05-14
403,403,0,PM Peak (15–19),2,32.391666666666666,28.705000000000002,36.07833333333333,7.373333333333331,2.0,0.0,0.0,0.0,0.95,0.2412476824081143,47.72,no recovery time,2026-05-14
403,403,1,Midday (9–15),4,38.0,31.338333333333335,38.0,6.661666666666665,4.0,0.0,0.0,0.0,0.95,0.22315895259896157,46.64,no recovery time,2026-05-14
403,403,1,PM Peak (15–19),2,38.0,38.0,38.0,0.0,2.0,0.0,0.0,0.0,0.95,0.0,33.25,no recovery time,2026-05-14
404,404,0,Midday (9–15),6,60.0,60.0,60.0,0.0,5.0,0.0,0.0,0.0,0.95,0.0,33.25,no recovery time,2026-05-14
404,404,0,PM Peak (15–19),2,60.0,60.0,60.0,0.0,2.0,0.0,0.0,0.0,0.95,0.0,33.25,no recovery time,2026-05-14
404,404,1,Midday (9–15),6,60.0,60.0,65.0,5.0,5.0,5.0,0.0,33.0,0.15833333333333333,0.17736786094359708,16.18,moderate,2026-05-14
404,404,1,PM Peak (15–19),2,65.0,65.0,65.0,0.0,2.0,5.0,5.0,5.0,0.15833333333333333,0.0,5.54,moderate,2026-05-14
405,405,0,Midday (9–15),6,80.0,39.30833333333334,80.0,40.69166666666666,3.0,0.0,0.0,0.0,0.95,0.6369850504839678,71.47,"no recovery time, high schedule variability",2026-05-14
405,405,0,PM Peak (15–19),1,80.0,80.0,80.0,0.0,2.0,0.0,0.0,0.0,0.95,0.0,33.25,no recovery time,2026-05-14
405,405,1,Midday (9–15),5,70.0,32.14333333333333,70.0,37.85666666666667,5.0,0.0,0.0,17.96,0.95,0.620126679043355,70.46,"no recovery time, high schedule variability",2026-05-14
405,405,1,PM Peak (15–19),2,70.0,70.0,70.0,0.0,1.0,0.0,0.0,0.0,0.95,0.0,33.25,no recovery time,2026-05-14
830,830,0,AM Peak (6–9),1,15.0,15.0,15.0,0.0,,10.0,,,0.08636363636363636,0.0,3.02,moderate,2026-05-14
830,830,1,PM Peak (15–19),1,15.0,15.0,15.0,0.0,1.0,2.0,2.0,2.0,0.31666666666666665,0.0,11.08,very low recovery time,2026-05-14
900,900,0,AM Peak (6–9),35,3.0,3.0,16.0,13.0,35.0,3.0,1.0,8.0,0.2375,0.3592152528322742,29.87,very low recovery time,2026-05-14
900,900,0,Evening (19–24),66,8.0,3.0,14.0,11.0,63.0,1.0,1.0,8.0,0.475,0.32173150043872484,35.93,no recovery time,2026-05-14
900,900,0,Midday (9–15),80,8.5,3.0,14.0,11.0,78.0,2.0,1.0,8.0,0.31666666666666665,0.32173150043872484,30.39,very low recovery time,2026-05-14
900,900,0,Overnight (0–6),20,8.0,3.0,13.0,10.0,19.0,5.0,0.0,10.999999999999996,0.15833333333333333,0.30129557095510706,23.62,moderate,2026-05-14
900,900,0,PM Peak (15–19),53,17.0,3.0,17.0,14.0,52.0,2.0,2.0,8.0,0.31666666666666665,0.3764452809895134,33.67,very low recovery time,2026-05-14
900,900,1,AM Peak (6–9),19,19.0,17.0,19.0,2.0,17.0,1.0,1.0,1.0,0.475,0.07939658594680432,21.39,no recovery time,2026-05-14
900,900,1,Evening (19–24),32,18.0,17.0,18.0,1.0,32.0,1.0,1.0,1.0,0.475,0.041339396444811924,19.11,no recovery time,2026-05-14
900,900,1,Midday (9–15),40,18.0,18.0,18.0,0.0,40.0,1.0,1.0,1.0,0.475,0.0,16.62,no recovery time,2026-05-14
900,900,1,Overnight (0–6),12,17.0,17.0,17.0,0.0,14.0,1.0,1.0,1.0,0.475,0.0,16.62,no recovery time,2026-05-14
900,900,1,PM Peak (15–19),27,23.0,23.0,23.0,0.0,27.0,1.0,1.0,1.0,0.475,0.0,16.62,no recovery time,2026-05-14
902,902,0,AM Peak (6–9),13,56.0,56.0,56.0,0.0,8.0,4.0,4.0,4.0,0.19,0.0,6.65,moderate,2026-05-14
902,902,0,Evening (19–24),5,6.283333333333333,6.283333333333333,6.283333333333333,0.0,,10.0,,,0.08636363636363636,0.0,3.02,moderate,2026-05-14
902,902,0,Midday (9–15),30,53.0,53.0,53.0,0.0,31.0,7.0,4.0,7.0,0.11875,0.0,4.16,moderate,2026-05-14
902,902,0,PM Peak (15–19),21,61.0,61.0,61.0,0.0,19.0,11.0,1.8,11.0,0.07916666666666666,0.0,2.77,moderate,2026-05-14
902,902,1,AM Peak (6–9),18,57.0,8.1,57.0,48.9,13.0,3.0,0.0,3.0,0.2375,0.6783187682064087,49.01,"very low recovery time, high schedule variability",2026-05-14
902,902,1,Midday (9–15),30,53.0,53.0,56.0,3.0,30.0,7.0,3.0,7.0,0.11875,0.11454753722794964,11.03,moderate,2026-05-14
902,902,1,PM Peak (15–19),20,60.0,59.9,60.0,0.10000000000000142,20.0,0.0,0.0,4.0,0.95,0.004293688278231063,33.51,no recovery time,2026-05-14
903,903,0,AM Peak (6–9),18,15.0,15.0,26.0,11.0,18.0,12.0,12.0,12.0,0.07307692307692307,0.32173150043872484,21.86,moderate,2026-05-14
903,903,0,Evening (19–24),15,24.0,15.0,24.0,9.0,14.0,12.0,5.5,12.0,0.07307692307692307,0.2795899347623486,19.33,moderate,2026-05-14
903,903,0,Midday (9–15),37,26.0,15.0,26.0,11.0,36.0,12.0,12.0,12.0,0.07307692307692307,0.32173150043872484,21.86,moderate,2026-05-14
903,903,0,Overnight (0–6),2,15.0,15.0,15.0,0.0,1.0,3.0,3.0,3.0,0.2375,0.0,8.31,very low recovery time,2026-05-14
903,903,0,PM Peak (15–19),25,16.0,16.0,27.0,11.0,24.0,12.0,12.0,12.0,0.07307692307692307,0.32173150043872484,21.86,moderate,2026-05-14
903,903,1,AM Peak (6–9),19,16.0,13.0,25.0,12.0,17.0,7.0,7.0,7.4,0.11875,0.3410059676044332,24.62,moderate,2026-05-14
903,903,1,Evening (19–24),15,24.0,13.0,24.0,11.0,14.0,8.0,5.9,12.0,0.10555555555555556,0.32173150043872484,23.0,moderate,2026-05-14
903,903,1,Midday (9–15),36,20.5,16.0,25.0,9.0,36.0,7.0,6.0,7.0,0.11875,0.2795899347623486,20.93,moderate,2026-05-14
903,903,1,PM Peak (15–19),24,21.5,16.0,27.0,11.0,24.0,11.0,6.0,24.0,0.07916666666666666,0.32173150043872484,22.07,moderate,2026-05-14
904,904,0,AM Peak (6–9),10,45.0,40.0,45.0,5.0,7.0,9.0,9.0,14.0,0.095,0.17736786094359708,13.97,moderate,2026-05-14
904,904,0,Evening (19–24),20,42.0,39.0,42.0,3.0,20.0,21.0,9.0,21.0,0.04318181818181818,0.11454753722794964,8.38,moderate,2026-05-14
904,904,0,Midday (9–15),30,45.0,45.0,45.0,0.0,29.0,12.0,12.0,12.0,0.07307692307692307,0.0,2.56,moderate,2026-05-14
904,904,0,Overnight (0–6),5,39.0,39.0,39.0,0.0,1.0,9.0,9.0,9.0,0.095,0.0,3.32,moderate,2026-05-14
904,904,0,PM Peak (15–19),16,50.0,50.0,50.0,0.0,16.0,13.0,12.5,15.5,0.06785714285714285,0.0,2.38,moderate,2026-05-14
904,904,1,AM Peak (6–9),11,47.0,43.0,47.0,4.0,8.0,4.0,4.0,9.5,0.19,0.14711290915777864,15.48,moderate,2026-05-14
904,904,1,Evening (19–24),20,40.0,37.0,40.0,3.0,20.0,2.0,2.0,7.0,0.31666666666666665,0.11454753722794964,17.96,very low recovery time,2026-05-14
904,904,1,Midday (9–15),30,45.0,45.0,45.0,0.0,30.0,6.0,6.0,6.0,0.1357142857142857,0.0,4.75,moderate,2026-05-14
904,904,1,Overnight (0–6),2,37.0,37.0,37.0,0.0,4.0,5.0,5.0,5.0,0.15833333333333333,0.0,5.54,moderate,2026-05-14
904,904,1,PM Peak (15–19),16,50.0,50.0,50.0,0.0,16.0,7.0,7.0,8.0,0.11875,0.0,4.16,moderate,2026-05-14
905,905,0,AM Peak (6–9),12,30.0,30.0,30.0,0.0,12.0,4.0,4.0,4.0,0.19,0.0,6.65,moderate,2026-05-14
905,905,0,Evening (19–24),13,30.0,30.0,30.0,0.0,15.0,5.0,5.0,5.0,0.15833333333333333,0.0,5.54,moderate,2026-05-14
905,905,0,Midday (9–15),35,31.0,30.0,31.0,1.0,34.0,3.0,3.0,3.0,0.2375,0.041339396444811924,10.79,very low recovery time,2026-05-14
905,905,0,Overnight (0–6),2,30.0,30.0,30.0,0.0,,10.0,,,0.08636363636363636,0.0,3.02,moderate,2026-05-14
905,905,0,PM Peak (15–19),16,36.0,33.0,36.0,3.0,16.0,2.0,2.0,2.0,0.31666666666666665,0.11454753722794964,17.96,very low recovery time,2026-05-14
905,905,1,AM Peak (6–9),12,31.0,31.0,31.0,0.0,9.0,10.0,8.8,10.0,0.08636363636363636,0.0,3.02,moderate,2026-05-14
905,905,1,Evening (19–24),15,30.0,30.0,30.0,0.0,13.0,10.0,5.800000000000001,10.0,0.08636363636363636,0.0,3.02,moderate,2026-05-14
905,905,1,Midday (9–15),35,30.0,30.0,31.0,1.0,35.0,6.0,6.0,6.0,0.1357142857142857,0.041339396444811924,7.23,moderate,2026-05-14
905,905,1,PM Peak (15–19),16,32.0,31.0,32.0,1.0,15.0,5.0,5.0,5.0,0.15833333333333333,0.041339396444811924,8.02,moderate,2026-05-14
906,906,0,AM Peak (6–9),12,28.0,28.0,28.0,0.0,12.0,8.0,8.0,8.0,0.10555555555555556,0.0,3.69,moderate,2026-05-14
906,906,0,Evening (19–24),20,27.0,26.0,27.0,1.0,20.0,7.5,2.9000000000000004,9.0,0.11176470588235293,0.041339396444811924,6.39,moderate,2026-05-14
906,906,0,Midday (9–15),24,29.0,29.0,29.0,0.0,24.0,5.0,5.0,5.0,0.15833333333333333,0.0,5.54,moderate,2026-05-14
906,906,0,Overnight (0–6),9,26.0,26.0,28.0,2.0,7.0,8.0,3.0,13.8,0.10555555555555556,0.07939658594680432,8.46,moderate,2026-05-14
906,906,0,PM Peak (15–19),16,30.0,29.5,30.0,0.5,15.0,4.0,4.0,4.6,0.19,0.021105951878429726,7.92,moderate,2026-05-14
906,906,1,AM Peak (6–9),12,31.0,31.0,31.0,0.0,12.0,8.0,8.0,8.0,0.10555555555555556,0.0,3.69,moderate,2026-05-14
906,906,1,Evening (19–24),21,30.0,28.0,30.0,2.0,20.0,9.0,3.0,9.0,0.095,0.07939658594680432,8.09,moderate,2026-05-14
906,906,1,Midday (9–15),24,36.0,36.0,36.0,0.0,23.0,5.0,5.0,5.0,0.15833333333333333,0.0,5.54,moderate,2026-05-14
906,906,1,Overnight (0–6),10,29.5,28.0,31.0,3.0,8.0,6.5,2.4000000000000004,17.5,0.12666666666666665,0.11454753722794964,11.31,moderate,2026-05-14
906,906,1,PM Peak (15–19),16,38.0,38.0,38.0,0.0,14.0,3.0,3.0,3.700000000000001,0.2375,0.0,8.31,very low recovery time,2026-05-14
924,924,0,AM Peak (6–9),18,47.0,39.0,47.0,8.0,13.0,8.0,0.0,8.0,0.10555555555555556,0.25649246553382504,19.08,moderate,2026-05-14
924,924,0,Midday (9–15),6,44.0,44.0,44.0,0.0,2.0,6.0,6.0,6.0,0.1357142857142857,0.0,4.75,moderate,2026-05-14
924,924,0,PM Peak (15–19),24,44.0,43.0,44.0,1.0,23.0,6.0,6.0,7.0,0.1357142857142857,0.041339396444811924,7.23,moderate,2026-05-14
924,924,1,AM Peak (6–9),18,38.0,33.0,38.0,5.0,13.0,7.0,0.0,7.0,0.11875,0.17736786094359708,14.8,moderate,2026-05-14
924,924,1,Midday (9–15),6,44.0,44.0,44.0,0.0,2.0,6.0,6.0,6.0,0.1357142857142857,0.0,4.75,moderate,2026-05-14
924,924,1,PM Peak (15–19),24,44.0,40.0,44.0,4.0,23.0,6.0,6.0,10.0,0.1357142857142857,0.14711290915777864,13.58,moderate,2026-05-14
925,925,0,AM Peak (6–9),20,51.0,51.0,51.0,0.0,16.0,5.0,5.0,5.5,0.15833333333333333,0.0,5.54,moderate,2026-05-14
925,925,0,Evening (19–24),14,44.0,44.0,44.0,0.0,14.0,3.0,3.0,7.400000000000002,0.2375,0.0,8.31,very low recovery time,2026-05-14
925,925,0,Midday (9–15),28,47.0,47.0,47.0,0.0,28.0,9.0,9.0,9.0,0.095,0.0,3.32,moderate,2026-05-14
925,925,0,Overnight (0–6),1,17.1,17.1,17.1,0.0,,10.0,,,0.08636363636363636,0.0,3.02,moderate,2026-05-14
925,925,0,PM Peak (15–19),26,50.0,50.0,50.0,0.0,24.0,5.0,5.0,5.0,0.15833333333333333,0.0,5.54,moderate,2026-05-14
925,925,1,AM Peak (6–9),18,53.0,53.0,53.0,0.0,14.0,5.0,3.6,5.0,0.15833333333333333,0.0,5.54,moderate,2026-05-14
925,925,1,Evening (19–24),15,53.0,53.0,54.2,1.2000000000000028,13.0,4.0,2.4000000000000004,8.600000000000001,0.19,0.04920049200492018,9.6,moderate,2026-05-14
925,925,1,Midday (9–15),28,54.0,54.0,54.0,0.0,28.0,7.0,6.0,7.300000000000001,0.11875,0.0,4.16,moderate,2026-05-14
925,925,1,Overnight (0–6),1,51.0,51.0,51.0,0.0,,10.0,,,0.08636363636363636,0.0,3.02,moderate,2026-05-14
925,925,1,PM Peak (15–19),25,62.0,62.0,62.0,0.0,23.0,3.0,3.0,4.0,0.2375,0.0,8.31,very low recovery time,2026-05-14
927,927,0,AM Peak (6–9),43,26.0,21.0,46.0,25.0,39.0,3.0,2.8000000000000003,7.0,0.2375,0.5187798298402159,39.44,"very low recovery time, high schedule variability",2026-05-14
927,927,0,Evening (19–24),39,35.0,21.0,39.60000000000001,18.60000000000001,40.0,8.0,3.0,8.0,0.10555555555555556,0.4450825556353197,30.4,moderate,2026-05-14
927,927,0,Midday (9–15),59,41.0,22.0,48.400000000000006,26.400000000000006,54.0,8.0,2.0,9.700000000000003,0.10555555555555556,0.532365396249244,35.64,high schedule variability,2026-05-14
927,927,0,Overnight (0–6),13,35.0,21.8,37.8,15.999999999999996,11.0,8.0,7.0,11.0,0.10555555555555556,0.4082674151569279,28.19,moderate,2026-05-14
927,927,0,PM Peak (15–19),56,28.0,25.0,53.0,28.0,53.0,5.0,2.0,8.0,0.15833333333333333,0.5469818323891386,38.36,high schedule variability,2026-05-14
927,927,1,AM Peak (6–9),42,33.0,26.0,49.0,23.0,39.0,10.0,4.0,12.0,0.08636363636363636,0.49794327776575026,32.9,high schedule variability,2026-05-14
927,927,1,Evening (19–24),39,37.0,23.0,40.0,17.0,38.0,4.0,3.0,9.0,0.19,0.42299079372978365,32.03,moderate,2026-05-14
927,927,1,Midday (9–15),57,43.0,25.0,55.0,30.0,51.0,3.0,2.0,12.0,0.2375,0.5640157924421885,42.15,"very low recovery time, high schedule variability",2026-05-14
927,927,1,Overnight (0–6),17,28.0,23.0,39.800000000000004,16.800000000000004,7.0,9.0,5.2,15.800000000000002,0.095,0.4201050262565643,28.53,moderate,2026-05-14
927,927,1,PM Peak (15–19),55,34.0,30.0,55.0,25.0,55.0,5.0,0.8000000000000007,6.0,0.15833333333333333,0.5187798298402159,36.67,high schedule variability,2026-05-14
929,929,0,AM Peak (6–9),23,45.0,38.2,45.0,6.799999999999997,17.0,4.0,4.0,7.0,0.19,0.22674224741580526,20.25,moderate,2026-05-14
929,929,0,Evening (19–24),23,42.0,40.2,42.0,1.7999999999999972,23.0,5.0,5.0,5.800000000000001,0.15833333333333333,0.07202881152460977,9.86,moderate,2026-05-14
929,929,0,Midday (9–15),46,47.0,47.0,50.5,3.5,45.0,4.0,4.0,5.0,0.19,0.1311352566504309,14.52,moderate,2026-05-14
929,929,0,PM Peak (15–19),29,57.0,50.8,57.0,6.200000000000003,30.0,2.0,1.0,2.0,0.31666666666666665,0.21095610751956462,23.74,very low recovery time,2026-05-14
929,929,1,AM Peak (6–9),22,41.0,38.1,46.0,7.899999999999999,16.0,5.0,2.5,7.0,0.15833333333333333,0.2541009971051786,20.79,moderate,2026-05-14
929,929,1,Evening (19–24),23,44.0,43.0,44.0,1.0,22.0,5.0,5.0,6.900000000000002,0.15833333333333333,0.041339396444811924,8.02,moderate,2026-05-14
929,929,1,Midday (9–15),46,49.0,49.0,50.5,1.5,45.0,4.0,2.0,7.400000000000006,0.19,0.06075334143377888,10.3,moderate,2026-05-14
929,929,1,PM Peak (15–19),31,59.0,50.0,59.0,9.0,29.0,10.0,5.0,11.0,0.08636363636363636,0.2795899347623486,19.8,moderate,2026-05-14
935,935,0,AM Peak (6–9),22,45.0,42.0,45.0,3.0,20.0,9.0,4.800000000000001,10.0,0.095,0.11454753722794964,10.2,moderate,2026-05-14
935,935,0,Evening (19–24),19,37.0,36.8,37.0,0.20000000000000284,16.0,7.0,2.5,7.0,0.11875,0.008550662676357542,4.67,moderate,2026-05-14
935,935,0,Midday (9–15),42,44.0,42.0,54.599999999999994,12.599999999999994,34.0,8.0,7.0,9.0,0.10555555555555556,0.35205364626990776,24.82,moderate,2026-05-14
935,935,0,Overnight (0–6),5,40.083333333333336,35.68333333333334,40.63333333333333,4.949999999999996,2.0,9.0,7.4,10.6,0.095,0.17590618336886987,13.88,moderate,2026-05-14
935,935,0,PM Peak (15–19),29,51.0,45.800000000000004,55.0,9.199999999999996,29.0,11.0,6.0,11.0,0.07916666666666666,0.2840382834208089,19.81,moderate,2026-05-14
935,935,1,AM Peak (6–9),23,44.0,40.0,44.0,4.0,22.0,10.0,8.1,10.0,0.08636363636363636,0.14711290915777864,11.85,moderate,2026-05-14
935,935,1,Evening (19–24),17,39.0,38.6,39.0,0.3999999999999986,18.0,7.0,4.4,7.0,0.11875,0.016956337431114826,5.17,moderate,2026-05-14
935,935,1,Midday (9–15),41,45.0,42.0,51.0,9.0,41.0,10.0,7.0,27.0,0.08636363636363636,0.2795899347623486,19.8,moderate,2026-05-14
935,935,1,Overnight (0–6),6,40.0,38.5,40.0,1.5,1.0,0.0,0.0,0.0,0.95,0.06075334143377888,36.9,no recovery time,2026-05-14
935,935,1,PM Peak (15–19),30,48.0,45.7,54.0,8.299999999999997,28.0,11.5,7.7,24.0,0.076,0.26357573832962844,18.47,moderate,2026-05-14
937,937,0,AM Peak (6–9),10,41.0,37.0,41.0,4.0,8.0,7.0,7.0,9.6,0.11875,0.14711290915777864,12.98,moderate,2026-05-14
937,937,0,Evening (19–24),6,40.0,40.0,40.0,0.0,1.0,11.0,11.0,11.0,0.07916666666666666,0.0,2.77,moderate,2026-05-14
937,937,0,Midday (9–15),2,41.0,41.0,41.0,0.0,1.0,7.0,7.0,7.0,0.11875,0.0,4.16,moderate,2026-05-14
937,937,0,PM Peak (15–19),15,44.0,40.0,44.0,4.0,12.0,7.0,4.1,7.0,0.11875,0.14711290915777864,12.98,moderate,2026-05-14
937,937,1,AM Peak (6–9),12,40.0,35.0,40.0,5.0,11.0,8.0,4.0,8.0,0.10555555555555556,0.17736786094359708,14.34,moderate,2026-05-14
937,937,1,Evening (19–24),2,50.0,50.0,50.0,0.0,5.0,7.0,3.4000000000000004,7.0,0.11875,0.0,4.16,moderate,2026-05-14
937,937,1,Midday (9–15),2,40.0,40.0,40.0,0.0,1.0,8.0,8.0,8.0,0.10555555555555556,0.0,3.69,moderate,2026-05-14
937,937,1,Overnight (0–6),1,35.0,35.0,35.0,0.0,,10.0,,,0.08636363636363636,0.0,3.02,moderate,2026-05-14
937,937,1,PM Peak (15–19),17,56.0,50.0,56.0,6.0,14.0,5.0,2.3,7.0,0.15833333333333333,0.20554984583761568,17.87,moderate,2026-05-14
939,939,0,AM Peak (6–9),48,49.0,25.96666666666667,81.0,55.03333333333333,36.0,4.5,2.0,5.0,0.17272727272727273,0.7035411428814932,48.26,high schedule variability,2026-05-14
939,939,0,Evening (19–24),31,59.0,19.0,78.0,59.0,29.0,10.0,0.0,11.0,0.08636363636363636,0.7178488867258791,46.09,high schedule variability,2026-05-14
939,939,0,Midday (9–15),59,62.0,18.853333333333335,84.60000000000001,65.74666666666667,55.0,9.0,2.0,10.0,0.095,0.7392526516997114,47.68,high schedule variability,2026-05-14
939,939,0,Overnight (0–6),11,29.266666666666666,18.266666666666666,50.0,31.733333333333334,7.0,10.0,1.2000000000000002,10.0,0.08636363636363636,0.5777750804151243,37.69,high schedule variability,2026-05-14
939,939,0,PM Peak (15–19),33,57.0,57.0,100.0,43.0,30.0,15.5,13.0,18.1,0.05757575757575757,0.649644961474543,40.99,high schedule variability,2026-05-14
939,939,1,AM Peak (6–9),41,65.0,51.0,87.0,36.0,35.0,8.0,1.4000000000000004,10.0,0.10555555555555556,0.6082108464267614,40.19,high schedule variability,2026-05-14
939,939,1,Evening (19–24),30,57.0,13.0,74.0,61.0,29.0,12.0,5.0,17.0,0.07307692307692307,0.7245516094548047,46.03,high schedule variability,2026-05-14
939,939,1,Midday (9–15),55,65.0,27.22000000000001,86.0,58.77999999999999,50.0,14.0,5.0,21.0,0.06333333333333332,0.717091618884958,45.24,high schedule variability,2026-05-14
939,939,1,Overnight (0–6),13,57.0,50.0,63.0,13.0,4.0,10.0,10.0,13.5,0.08636363636363636,0.3592152528322742,24.58,moderate,2026-05-14
939,939,1,PM Peak (15–19),31,60.0,60.0,93.0,33.0,33.0,7.0,5.0,16.0,0.11875,0.5872931126534972,39.39,high schedule variability,2026-05-14
941,941,0,AM Peak (6–9),10,43.71666666666667,42.5,43.71666666666667,1.2166666666666686,7.0,6.0,0.6000000000000001,8.0,0.1357142857142857,0.049849767822999276,7.74,moderate,2026-05-14
941,941,0,Evening (19–24),3,40.71666666666667,40.71666666666667,40.71666666666667,0.0,2.0,2.0,0.4,3.6,0.31666666666666665,0.0,11.08,very low recovery time,2026-05-14
941,941,0,Midday (9–15),5,48.71666666666667,45.71666666666667,48.71666666666667,3.0,1.0,13.0,13.0,13.0,0.06785714285714285,0.11454753722794964,9.25,moderate,2026-05-14
941,941,0,PM Peak (15–19),17,48.71666666666667,40.71666666666667,48.71666666666667,8.0,16.0,8.0,4.5,9.0,0.10555555555555556,0.25649246553382504,19.08,moderate,2026-05-14
941,941,1,AM Peak (6–9),12,44.35,37.540000000000006,44.35,6.809999999999995,,10.0,,,0.08636363636363636,0.22699999999999995,16.64,moderate,2026-05-14
941,941,1,Evening (19–24),3,46.35,46.35,46.35,0.0,,10.0,,,0.08636363636363636,0.0,3.02,moderate,2026-05-14
941,941,1,Midday (9–15),4,53.35,53.35,53.35,0.0,,10.0,,,0.08636363636363636,0.0,3.02,moderate,2026-05-14
941,941,1,PM Peak (15–19),16,53.35,46.35,53.35,7.0,,10.0,,,0.08636363636363636,0.2318648559125539,16.93,moderate,2026-05-14
944,944,0,AM Peak (6–9),22,19.0,19.0,19.0,0.0,21.0,4.0,1.0,4.0,0.19,0.0,6.65,moderate,2026-05-14
944,944,0,Midday (9–15),48,19.0,19.0,19.0,0.0,48.0,5.0,5.0,6.0,0.15833333333333333,0.0,5.54,moderate,2026-05-14
944,944,0,Overnight (0–6),2,19.0,19.0,19.0,0.0,1.0,3.0,3.0,3.0,0.2375,0.0,8.31,very low recovery time,2026-05-14
944,944,0,PM Peak (15–19),32,19.0,19.0,19.0,0.0,31.0,2.0,2.0,3.0,0.31666666666666665,0.0,11.08,very low recovery time,2026-05-14
944,944,1,AM Peak (6–9),23,15.0,15.0,15.0,0.0,22.0,2.0,1.0,5.0,0.31666666666666665,0.0,11.08,very low recovery time,2026-05-14
944,944,1,Midday (9–15),48,16.0,16.0,16.0,0.0,48.0,1.0,0.0,1.0,0.475,0.0,16.62,no recovery time,2026-05-14
944,944,1,Overnight (0–6),4,15.0,15.0,15.0,0.0,3.0,5.0,4.2,5.0,0.15833333333333333,0.0,5.54,moderate,2026-05-14
944,944,1,PM Peak (15–19),31,18.0,18.0,18.0,0.0,31.0,1.0,0.0,1.0,0.475,0.0,16.62,no recovery time,2026-05-14
945,945,0,AM Peak (6–9),19,40.1,34.8,41.1,6.300000000000004,15.0,11.0,10.4,12.0,0.07916666666666666,0.2136317395727367,15.59,moderate,2026-05-14
945,945,0,Evening (19–24),1,34.8,34.8,34.8,0.0,5.0,7.0,4.4,7.0,0.11875,0.0,4.16,moderate,2026-05-14
945,945,0,Midday (9–15),5,38.45,38.45,39.050000000000004,0.6000000000000014,1.0,10.0,10.0,10.0,0.08636363636363636,0.025220680958385946,4.54,moderate,2026-05-14
945,945,0,PM Peak (15–19),24,40.1,40.1,40.1,0.0,24.0,8.0,5.300000000000001,8.0,0.10555555555555556,0.0,3.69,moderate,2026-05-14
945,945,1,AM Peak (6–9),17,36.266666666666666,34.266666666666666,36.266666666666666,2.0,,10.0,,,0.08636363636363636,0.07939658594680432,7.79,moderate,2026-05-14
945,945,1,Evening (19–24),6,33.35,33.35,33.35,0.0,,10.0,,,0.08636363636363636,0.0,3.02,moderate,2026-05-14
945,945,1,Midday (9–15),4,37.21666666666667,36.266666666666666,39.56666666666666,3.299999999999997,,10.0,,,0.08636363636363636,0.12457531143827855,10.5,moderate,2026-05-14
945,945,1,PM Peak (15–19),24,41.166666666666664,39.195,41.166666666666664,1.971666666666664,,10.0,,,0.08636363636363636,0.07835993906074047,7.72,moderate,2026-05-14
952,952,0,AM Peak (6–9),30,5.0,5.0,60.0,55.0,24.0,5.5,1.5000000000000013,12.0,0.14615384615384613,0.7034147589205781,47.32,high schedule variability,2026-05-14
952,952,0,Evening (19–24),1,60.0,60.0,60.0,0.0,,10.0,,,0.08636363636363636,0.0,3.02,moderate,2026-05-14
952,952,0,Midday (9–15),5,60.0,5.0,60.0,55.0,3.0,12.0,6.4,12.0,0.07307692307692307,0.7034147589205781,44.76,high schedule variability,2026-05-14
952,952,0,PM Peak (15–19),40,32.5,5.0,68.0,63.0,35.0,1.0,0.0,8.0,0.475,0.7309432648799165,60.48,"no recovery time, high schedule variability",2026-05-14
952,952,1,AM Peak (6–9),17,62.0,41.6,62.0,20.4,12.0,0.0,0.0,0.0,0.95,0.4679972470750173,61.33,no recovery time,2026-05-14
952,952,1,Midday (9–15),2,67.5,62.3,72.7,10.400000000000006,1.0,0.0,0.0,0.0,0.95,0.30961595713009843,51.83,no recovery time,2026-05-14
952,952,1,PM Peak (15–19),20,74.0,64.0,74.0,10.0,15.0,0.0,0.0,0.0,0.95,0.30129557095510706,51.33,no recovery time,2026-05-14
953,953,0,AM Peak (6–9),13,59.0,59.0,59.0,0.0,9.0,5.0,3.4000000000000004,5.0,0.15833333333333333,0.0,5.54,moderate,2026-05-14
953,953,0,Midday (9–15),3,71.0,71.0,71.0,0.0,3.0,7.0,2.2,7.0,0.11875,0.0,4.16,moderate,2026-05-14
953,953,0,PM Peak (15–19),16,71.0,71.0,71.0,0.0,15.0,5.0,2.2,5.0,0.15833333333333333,0.0,5.54,moderate,2026-05-14
953,953,1,AM Peak (6–9),13,56.0,56.0,56.0,0.0,12.0,10.0,10.0,10.0,0.08636363636363636,0.0,3.02,moderate,2026-05-14
953,953,1,Midday (9–15),2,66.0,66.0,66.0,0.0,,10.0,,,0.08636363636363636,0.0,3.02,moderate,2026-05-14
953,953,1,Overnight (0–6),4,56.0,56.0,56.0,0.0,,10.0,,,0.08636363636363636,0.0,3.02,moderate,2026-05-14
953,953,1,PM Peak (15–19),14,66.0,66.0,66.0,0.0,12.0,12.0,12.0,12.0,0.07307692307692307,0.0,2.56,moderate,2026-05-14
954,954,0,AM Peak (6–9),19,59.0,54.0,59.0,5.0,12.0,14.0,11.0,14.0,0.06333333333333332,0.17736786094359708,12.86,moderate,2026-05-14
954,954,0,Midday (9–15),1,68.0,68.0,68.0,0.0,,10.0,,,0.08636363636363636,0.0,3.02,moderate,2026-05-14
954,954,0,PM Peak (15–19),22,65.5,55.0,68.0,13.0,16.0,14.0,10.0,14.0,0.06333333333333332,0.3592152528322742,23.77,moderate,2026-05-14
954,954,1,AM Peak (6–9),19,62.0,48.0,62.0,14.0,10.0,9.0,4.5,12.0,0.095,0.3764452809895134,25.91,moderate,2026-05-14
954,954,1,PM Peak (15–19),22,55.5,52.0,63.0,11.0,13.0,12.0,12.0,14.600000000000001,0.07307692307692307,0.32173150043872484,21.86,moderate,2026-05-14
960,960,0,AM Peak (6–9),27,63.0,61.8,63.0,1.2000000000000028,25.0,19.0,16.0,19.0,0.0475,0.04920049200492018,4.61,moderate,2026-05-14
960,960,0,Evening (19–24),18,45.0,45.0,57.900000000000006,12.900000000000006,17.0,7.0,2.0,12.4,0.11875,0.35743973399833767,25.6,moderate,2026-05-14
960,960,0,Midday (9–15),42,60.0,60.0,69.0,9.0,41.0,16.0,14.0,19.0,0.055882352941176466,0.2795899347623486,18.73,moderate,2026-05-14
960,960,0,Overnight (0–6),7,60.0,60.0,60.0,0.0,,10.0,,,0.08636363636363636,0.0,3.02,moderate,2026-05-14
960,960,0,PM Peak (15–19),30,69.0,69.0,69.0,0.0,29.0,15.0,11.0,15.0,0.059375,0.0,2.08,moderate,2026-05-14
960,960,1,AM Peak (6–9),26,57.0,52.5,57.0,4.5,23.0,8.0,5.0,8.0,0.10555555555555556,0.162513542795233,13.45,moderate,2026-05-14
960,960,1,Evening (19–24),18,42.0,42.0,61.5,19.5,22.0,9.5,4.1,16.0,0.09047619047619047,0.4567814476458188,30.57,moderate,2026-05-14
960,960,1,Midday (9–15),44,56.0,56.0,70.0,14.0,40.0,11.5,7.9,13.0,0.076,0.3764452809895134,25.25,moderate,2026-05-14
960,960,1,Overnight (0–6),5,53.0,53.0,53.0,0.0,,10.0,,,0.08636363636363636,0.0,3.02,moderate,2026-05-14
960,960,1,PM Peak (15–19),31,70.0,70.0,70.0,0.0,28.0,6.0,3.0,6.300000000000001,0.1357142857142857,0.0,4.75,moderate,2026-05-14
968,968,0,AM Peak (6–9),14,35.0,35.0,35.0,0.0,11.0,3.0,3.0,3.0,0.2375,0.0,8.31,very low recovery time,2026-05-14
968,968,0,Midday (9–15),5,35.0,35.0,35.0,0.0,4.0,3.0,3.0,3.0,0.2375,0.0,8.31,very low recovery time,2026-05-14
968,968,0,PM Peak (15–19),12,40.0,40.0,40.0,0.0,11.0,3.0,3.0,3.0,0.2375,0.0,8.31,very low recovery time,2026-05-14
968,968,1,AM Peak (6–9),12,30.0,30.0,30.0,0.0,10.0,10.0,7.7,10.0,0.08636363636363636,0.0,3.02,moderate,2026-05-14
968,968,1,Midday (9–15),4,30.0,30.0,30.0,0.0,4.0,9.5,8.3,10.0,0.09047619047619047,0.0,3.17,moderate,2026-05-14
968,968,1,PM Peak (15–19),13,41.0,41.0,41.0,0.0,9.0,6.0,2.0,6.0,0.1357142857142857,0.0,4.75,moderate,2026-05-14
984,984,0,AM Peak (6–9),16,35.0,34.0,35.0,1.0,12.0,1.0,1.0,1.0,0.475,0.041339396444811924,19.11,no recovery time,2026-05-14
984,984,0,Midday (9–15),6,40.0,40.0,40.0,0.0,4.0,4.5,0.30000000000000004,8.0,0.17272727272727273,0.0,6.05,moderate,2026-05-14
984,984,0,PM Peak (15–19),23,40.0,35.2,40.0,4.799999999999997,24.0,7.0,7.0,8.0,0.11875,0.17148981779206857,14.45,moderate,2026-05-14
984,984,1,AM Peak (6–9),20,36.0,2.033333333333333,38.0,35.96666666666667,16.0,7.5,0.0,8.0,0.11176470588235293,0.6079900828309011,40.39,high schedule variability,2026-05-14
984,984,1,Evening (19–24),4,38.0,38.0,38.0,0.0,,10.0,,,0.08636363636363636,0.0,3.02,moderate,2026-05-14
984,984,1,Midday (9–15),12,39.0,2.033333333333333,40.0,37.96666666666667,6.0,0.0,0.0,1.0,0.95,0.6208099416798388,70.5,"no recovery time, high schedule variability",2026-05-14
984,984,1,PM Peak (15–19),24,40.0,38.6,40.0,1.3999999999999986,23.0,3.0,3.0,3.0,0.2375,0.05693371289141924,11.73,very low recovery time,2026-05-14
985,985,0,AM Peak (6–9),13,39.0,14.25,39.0,24.75,8.0,4.5,2.0,11.3,0.17272727272727273,0.5162703379224031,37.02,high schedule variability,2026-05-14
985,985,0,Midday (9–15),5,14.25,14.25,14.25,0.0,4.0,2.0,2.0,3.4000000000000004,0.31666666666666665,0.0,11.08,very low recovery time,2026-05-14
985,985,0,PM Peak (15–19),18,48.0,37.87500000000001,48.0,10.124999999999993,12.0,2.0,2.0,2.0,0.31666666666666665,0.30391715443493916,29.32,very low recovery time,2026-05-14
985,985,1,AM Peak (6–9),12,49.0,24.633333333333333,49.0,24.366666666666667,10.0,10.0,9.5,10.399999999999999,0.08636363636363636,0.5123712062802273,33.76,high schedule variability,2026-05-14
985,985,1,Midday (9–15),4,50.0,50.0,50.0,0.0,,10.0,,,0.08636363636363636,0.0,3.02,moderate,2026-05-14
985,985,1,PM Peak (15–19),12,50.0,50.0,50.0,0.0,16.0,5.0,5.0,5.0,0.15833333333333333,0.0,5.54,moderate,2026-05-14
986,986,0,AM Peak (6–9),30,33.0,33.0,33.0,0.0,18.0,6.0,6.0,6.0,0.1357142857142857,0.0,4.75,moderate,2026-05-14
986,986,0,Midday (9–15),1,38.0,38.0,38.0,0.0,,10.0,,,0.08636363636363636,0.0,3.02,moderate,2026-05-14
986,986,0,PM Peak (15–19),18,38.0,38.0,38.0,0.0,11.0,8.0,8.0,8.0,0.10555555555555556,0.0,3.69,moderate,2026-05-14
986,986,1,AM Peak (6–9),24,33.0,33.0,33.0,0.0,24.0,6.0,6.0,6.0,0.1357142857142857,0.0,4.75,moderate,2026-05-14
986,986,1,PM Peak (15–19),17,34.0,34.0,34.0,0.0,17.0,4.0,4.0,4.0,0.19,0.0,6.65,moderate,2026-05-14
989,989,0,AM Peak (6–9),12,48.5,47.0,55.0,8.0,8.0,5.0,5.0,14.899999999999999,0.15833333333333333,0.25649246553382504,20.93,moderate,2026-05-14
989,989,0,Evening (19–24),1,53.0,53.0,53.0,0.0,,10.0,,,0.08636363636363636,0.0,3.02,moderate,2026-05-14
989,989,0,Midday (9–15),5,59.0,59.0,59.0,0.0,1.0,12.0,12.0,12.0,0.07307692307692307,0.0,2.56,moderate,2026-05-14
989,989,0,PM Peak (15–19),15,59.0,59.0,59.0,0.0,16.0,15.0,15.0,15.0,0.059375,0.0,2.08,moderate,2026-05-14
989,989,1,AM Peak (6–9),12,47.0,46.0,53.0,7.0,8.0,14.5,7.0,22.0,0.06129032258064516,0.2318648559125539,16.06,moderate,2026-05-14
989,989,1,Evening (19–24),1,52.0,52.0,52.0,0.0,,10.0,,,0.08636363636363636,0.0,3.02,moderate,2026-05-14
989,989,1,Midday (9–15),5,62.0,56.6,62.0,5.399999999999999,,10.0,,,0.08636363636363636,0.18887722980062963,14.36,moderate,2026-05-14
989,989,1,PM Peak (15–19),16,62.0,62.0,62.0,0.0,15.0,14.0,14.0,14.0,0.06333333333333332,0.0,2.22,moderate,2026-05-14
995,995,0,AM Peak (6–9),15,50.0,48.4,50.0,1.6000000000000014,10.0,8.0,6.0,13.1,0.10555555555555556,0.06454215409439298,7.57,moderate,2026-05-14
995,995,0,Evening (19–24),1,49.0,49.0,49.0,0.0,5.0,6.0,4.0,8.6,0.1357142857142857,0.0,4.75,moderate,2026-05-14
995,995,0,Midday (9–15),36,49.0,49.0,49.5,0.5,36.0,15.0,14.0,15.0,0.059375,0.021105951878429726,3.34,moderate,2026-05-14
995,995,0,PM Peak (15–19),24,57.0,56.0,57.0,1.0,23.0,8.0,8.0,13.400000000000002,0.10555555555555556,0.041339396444811924,6.17,moderate,2026-05-14
995,995,1,AM Peak (6–9),17,59.0,55.0,59.0,4.0,16.0,6.0,5.0,8.0,0.1357142857142857,0.14711290915777864,13.58,moderate,2026-05-14
995,995,1,Evening (19–24),1,49.0,49.0,49.0,0.0,,10.0,,,0.08636363636363636,0.0,3.02,moderate,2026-05-14
995,995,1,Midday (9–15),37,51.0,51.0,51.0,0.0,36.0,5.0,5.0,5.0,0.15833333333333333,0.0,5.54,moderate,2026-05-14
995,995,1,Overnight (0–6),4,57.0,57.0,57.0,0.0,,10.0,,,0.08636363636363636,0.0,3.02,moderate,2026-05-14
995,995,1,PM Peak (15–19),23,54.0,52.0,54.0,2.0,24.0,11.0,9.3,11.0,0.07916666666666666,0.07939658594680432,7.53,moderate,2026-05-14
996,996,0,AM Peak (6–9),20,102.0,92.96833333333333,103.1,10.13166666666666,17.0,8.0,3.0,8.0,0.10555555555555556,0.3040564197469114,21.94,moderate,2026-05-14
996,996,0,Midday (9–15),33,98.0,98.0,106.0,8.0,33.0,8.0,7.0,10.8,0.10555555555555556,0.25649246553382504,19.08,moderate,2026-05-14
996,996,0,Overnight (0–6),9,47.68333333333333,42.449999999999996,98.2,55.75000000000001,2.0,6.0,2.8,9.2,0.1357142857142857,0.7062325817076262,47.12,high schedule variability,2026-05-14
996,996,0,PM Peak (15–19),24,106.0,59.9,106.0,46.1,23.0,7.0,7.0,7.800000000000001,0.11875,0.6653196709481889,44.08,high schedule variability,2026-05-14
996,996,1,AM Peak (6–9),21,103.0,57.46666666666667,107.0,49.53333333333333,12.0,2.5,2.0,5.700000000000001,0.2714285714285714,0.6811202273456479,50.37,"very low recovery time, high schedule variability",2026-05-14
996,996,1,Evening (19–24),5,43.93333333333333,43.93333333333333,43.93333333333333,0.0,,10.0,,,0.08636363636363636,0.0,3.02,moderate,2026-05-14
996,996,1,Midday (9–15),32,103.0,103.0,105.0,2.0,29.0,4.0,2.8000000000000003,9.0,0.19,0.07939658594680432,11.41,moderate,2026-05-14
996,996,1,Overnight (0–6),2,75.73333333333333,58.72,92.74666666666667,34.02666666666667,,10.0,,,0.08636363636363636,0.5946985144188758,38.7,high schedule variability,2026-05-14
996,996,1,PM Peak (15–19),24,105.0,48.23333333333333,105.0,56.76666666666667,23.0,2.0,2.0,3.8000000000000007,0.31666666666666665,0.7099678992787761,53.68,"very low recovery time, high schedule variability",2026-05-14
