route_id,route_short_name,direction_id,time_band,trips,median_runtime_min,p10_runtime_min,p90_runtime_min,runtime_spread_min,layovers,median_layover_min,p10_layover_min,p90_layover_min,layover_score,runtime_score,fragility_score,why,data_updated_date
7,7,0,AM Peak (6–9),19,63.0,57.8,63.0,5.200000000000003,18.0,10.0,5.7,10.0,0.08636363636363636,0.18309859154929584,14.01,moderate,2026-06-11
7,7,0,Evening (19–24),30,41.0,33.0,48.0,15.0,30.0,9.0,5.800000000000001,15.100000000000001,0.095,0.3926701570680628,26.89,moderate,2026-06-11
7,7,0,Midday (9–15),39,56.0,56.0,64.0,8.0,38.0,9.0,4.0,11.0,0.095,0.2564102564102564,18.71,moderate,2026-06-11
7,7,0,Overnight (0–6),14,33.0,33.0,49.800000000000004,16.800000000000004,10.0,4.0,4.0,9.299999999999999,0.19,0.42000000000000004,31.85,moderate,2026-06-11
7,7,0,PM Peak (15–19),24,61.5,52.3,64.0,11.700000000000003,24.0,10.0,7.200000000000001,11.399999999999999,0.08636363636363636,0.33524355300859604,23.14,moderate,2026-06-11
7,7,1,AM Peak (6–9),22,57.0,27.795,57.0,29.205,16.0,10.0,4.5,12.0,0.08636363636363636,0.5572941513214388,36.46,high schedule variability,2026-06-11
7,7,1,Evening (19–24),30,48.0,38.0,55.0,17.0,29.0,8.0,5.0,15.0,0.10555555555555556,0.42288557213930345,29.07,moderate,2026-06-11
7,7,1,Midday (9–15),38,61.0,61.0,81.0,20.0,37.0,12.0,8.6,12.0,0.07307692307692307,0.4629629629629629,30.34,moderate,2026-06-11
7,7,1,Overnight (0–6),11,38.0,31.0,38.0,7.0,10.0,5.0,5.0,8.599999999999998,0.15833333333333333,0.23178807947019867,19.45,moderate,2026-06-11
7,7,1,PM Peak (15–19),24,78.0,61.9,81.0,19.1,24.0,15.0,9.0,15.0,0.059375,0.4515366430260047,29.17,moderate,2026-06-11
8,8,0,AM Peak (6–9),8,44.0,44.0,44.0,0.0,8.0,3.0,3.0,3.8999999999999995,0.2375,0.0,8.31,very low recovery time,2026-06-11
8,8,0,Evening (19–24),13,33.0,29.0,33.0,4.0,13.0,2.0,2.0,5.0,0.31666666666666665,0.14705882352941174,19.91,very low recovery time,2026-06-11
8,8,0,Midday (9–15),16,38.0,38.0,41.0,3.0,16.0,6.0,3.0,6.0,0.1357142857142857,0.11450381679389311,11.62,moderate,2026-06-11
8,8,0,Overnight (0–6),7,29.0,29.0,44.0,15.0,5.0,5.0,2.0,5.0,0.15833333333333333,0.3926701570680628,29.1,moderate,2026-06-11
8,8,0,PM Peak (15–19),10,38.5,37.8,39.0,1.2000000000000028,11.0,6.0,2.0,6.0,0.1357142857142857,0.04918032786885256,7.7,moderate,2026-06-11
8,8,1,AM Peak (6–9),8,36.0,36.0,36.0,0.0,8.0,5.0,5.0,5.0,0.15833333333333333,0.0,5.54,moderate,2026-06-11
8,8,1,Evening (19–24),12,33.0,29.0,33.0,4.0,12.0,4.0,4.0,9.0,0.19,0.14705882352941174,15.47,moderate,2026-06-11
8,8,1,Midday (9–15),16,35.0,35.0,35.0,0.0,17.0,9.0,7.4,9.0,0.095,0.0,3.32,moderate,2026-06-11
8,8,1,Overnight (0–6),10,29.0,29.0,36.0,7.0,7.0,9.0,3.8000000000000003,9.0,0.095,0.23178807947019867,17.23,moderate,2026-06-11
8,8,1,PM Peak (15–19),11,43.0,39.0,43.0,4.0,10.0,5.0,4.0,8.499999999999998,0.15833333333333333,0.14705882352941174,14.37,moderate,2026-06-11
9,9,0,AM Peak (6–9),10,42.0,40.0,44.0,4.0,10.0,4.5,2.0,5.1,0.17272727272727273,0.14705882352941174,14.87,moderate,2026-06-11
9,9,0,Evening (19–24),13,36.0,36.0,36.0,0.0,11.0,2.0,0.0,2.0,0.31666666666666665,0.0,11.08,very low recovery time,2026-06-11
9,9,0,Midday (9–15),14,39.0,39.0,44.0,5.0,13.0,4.0,0.40000000000000036,4.0,0.19,0.17730496453900707,17.29,moderate,2026-06-11
9,9,0,Overnight (0–6),6,35.5,31.0,40.0,9.0,4.0,4.5,4.0,11.3,0.17272727272727273,0.2795031055900621,22.82,moderate,2026-06-11
9,9,0,PM Peak (15–19),13,41.0,41.0,41.0,0.0,13.0,4.0,0.20000000000000018,5.0,0.19,0.0,6.65,moderate,2026-06-11
9,9,1,AM Peak (6–9),10,44.0,38.0,44.0,6.0,10.0,1.5,0.0,3.1999999999999993,0.38,0.2054794520547945,25.63,very low recovery time,2026-06-11
9,9,1,Evening (19–24),11,40.0,40.0,40.0,0.0,13.0,0.0,0.0,0.0,0.95,0.0,33.25,no recovery time,2026-06-11
9,9,1,Midday (9–15),14,41.0,41.0,47.0,6.0,12.0,0.0,0.0,0.0,0.95,0.2054794520547945,45.58,no recovery time,2026-06-11
9,9,1,Overnight (0–6),7,38.0,34.0,38.0,4.0,5.0,4.0,0.0,8.4,0.19,0.14705882352941174,15.47,moderate,2026-06-11
9,9,1,PM Peak (15–19),15,44.0,44.0,47.0,3.0,13.0,0.0,0.0,2.8000000000000007,0.95,0.11450381679389311,40.12,no recovery time,2026-06-11
10,10,0,AM Peak (6–9),6,15.0,14.0,15.0,1.0,6.0,0.0,0.0,1.0,0.95,0.04132231404958677,35.73,no recovery time,2026-06-11
10,10,0,Midday (9–15),3,15.0,15.0,15.0,0.0,2.0,0.0,0.0,0.0,0.95,0.0,33.25,no recovery time,2026-06-11
10,10,0,Overnight (0–6),2,8.966666666666667,4.9399999999999995,12.993333333333334,8.053333333333335,2.0,0.5,0.1,0.9,0.6333333333333333,0.257679180887372,37.63,no recovery time,2026-06-11
10,10,0,PM Peak (15–19),8,15.0,15.0,15.0,0.0,8.0,0.0,0.0,0.0,0.95,0.0,33.25,no recovery time,2026-06-11
10,10,1,AM Peak (6–9),6,12.0,11.5,12.0,0.5,6.0,3.0,3.0,3.5,0.2375,0.02109704641350211,9.58,very low recovery time,2026-06-11
10,10,1,Evening (19–24),1,12.0,12.0,12.0,0.0,,10.0,,,0.08636363636363636,0.0,3.02,moderate,2026-06-11
10,10,1,Midday (9–15),2,12.0,12.0,12.0,0.0,1.0,3.0,3.0,3.0,0.2375,0.0,8.31,very low recovery time,2026-06-11
10,10,1,Overnight (0–6),2,11.0,11.0,11.0,0.0,2.0,4.0,4.0,4.0,0.19,0.0,6.65,moderate,2026-06-11
10,10,1,PM Peak (15–19),8,12.0,12.0,12.0,0.0,8.0,3.0,3.0,3.0,0.2375,0.0,8.31,very low recovery time,2026-06-11
11,11,0,AM Peak (6–9),19,52.0,21.0,66.0,45.0,15.0,2.0,0.0,7.599999999999998,0.31666666666666665,0.6598240469208211,50.67,"very low recovery time, high schedule variability",2026-06-11
11,11,0,Evening (19–24),26,25.0,13.0,46.0,33.0,25.0,4.0,0.8000000000000007,4.0,0.19,0.5871886120996441,41.88,high schedule variability,2026-06-11
11,11,0,Midday (9–15),36,36.5,20.0,56.0,36.0,33.0,3.0,2.2,3.8000000000000007,0.2375,0.6081081081081081,44.8,"very low recovery time, high schedule variability",2026-06-11
11,11,0,Overnight (0–6),8,24.5,13.0,32.0,19.0,7.0,2.0,1.2000000000000002,3.200000000000001,0.31666666666666665,0.45023696682464454,38.1,very low recovery time,2026-06-11
11,11,0,PM Peak (15–19),24,35.5,25.0,56.0,31.0,24.0,3.0,3.0,4.0,0.2375,0.5719557195571956,42.63,"very low recovery time, high schedule variability",2026-06-11
11,11,1,AM Peak (6–9),18,42.0,18.4,51.0,32.6,15.0,1.0,0.0,7.799999999999997,0.475,0.5842293906810035,51.68,"no recovery time, high schedule variability",2026-06-11
11,11,1,Evening (19–24),25,18.0,13.0,46.0,33.0,25.0,2.0,0.40000000000000036,2.0,0.31666666666666665,0.5871886120996441,46.31,"very low recovery time, high schedule variability",2026-06-11
11,11,1,Midday (9–15),34,35.5,19.0,53.3,34.3,34.0,5.0,2.0,12.0,0.15833333333333333,0.5965217391304347,41.33,high schedule variability,2026-06-11
11,11,1,Overnight (0–6),10,34.0,13.0,42.0,29.0,8.0,2.0,2.0,3.5999999999999996,0.31666666666666665,0.5555555555555556,44.42,"very low recovery time, high schedule variability",2026-06-11
11,11,1,PM Peak (15–19),24,36.0,22.0,61.0,39.0,24.0,2.5,2.0,8.799999999999997,0.2714285714285714,0.6270096463022508,47.12,"very low recovery time, high schedule variability",2026-06-11
12,12,0,AM Peak (6–9),16,43.0,36.0,51.0,15.0,13.0,3.0,0.20000000000000018,16.400000000000002,0.2375,0.3926701570680628,31.87,very low recovery time,2026-06-11
12,12,0,Evening (19–24),22,33.0,28.0,45.0,17.0,19.0,0.0,0.0,3.0,0.95,0.42288557213930345,58.62,no recovery time,2026-06-11
12,12,0,Midday (9–15),25,43.0,38.0,49.0,11.0,24.0,0.5,0.0,5.0,0.6333333333333333,0.3216374269005848,41.46,no recovery time,2026-06-11
12,12,0,Overnight (0–6),8,28.0,22.0,30.703333333333333,8.703333333333333,6.0,0.0,0.0,15.0,0.95,0.27280325984745585,49.62,no recovery time,2026-06-11
12,12,0,PM Peak (15–19),23,56.0,43.0,56.0,13.0,23.0,3.0,0.0,10.0,0.2375,0.3591160220994475,29.86,very low recovery time,2026-06-11
12,12,1,AM Peak (6–9),16,45.0,38.0,52.0,14.0,13.0,19.0,14.2,19.0,0.0475,0.3763440860215054,24.24,moderate,2026-06-11
12,12,1,Evening (19–24),21,34.0,27.0,43.0,16.0,20.0,10.0,5.0,17.0,0.08636363636363636,0.4081632653061224,27.51,moderate,2026-06-11
12,12,1,Midday (9–15),33,38.0,21.266666666666666,52.0,30.733333333333334,25.0,14.0,10.8,14.0,0.06333333333333332,0.5698393077873918,36.41,high schedule variability,2026-06-11
12,12,1,Overnight (0–6),9,27.0,26.236666666666668,34.0,7.763333333333332,8.0,5.0,4.945,15.0,0.15833333333333333,0.25072666594897186,20.59,moderate,2026-06-11
12,12,1,PM Peak (15–19),23,44.0,44.0,54.0,10.0,23.0,10.0,10.0,15.600000000000001,0.08636363636363636,0.3012048192771084,21.1,moderate,2026-06-11
13,13,0,AM Peak (6–9),9,30.0,20.0,30.0,10.0,9.0,0.0,0.0,0.0,0.95,0.3012048192771084,51.32,no recovery time,2026-06-11
13,13,0,Evening (19–24),12,22.0,22.0,24.9,2.8999999999999986,13.0,1.0,0.0,1.0,0.475,0.11111111111111105,23.29,no recovery time,2026-06-11
13,13,0,Midday (9–15),15,32.0,31.0,32.0,1.0,15.0,0.0,0.0,0.0,0.95,0.04132231404958677,35.73,no recovery time,2026-06-11
13,13,0,Overnight (0–6),6,22.0,21.0,22.0,1.0,5.0,1.0,1.0,1.0,0.475,0.04132231404958677,19.1,no recovery time,2026-06-11
13,13,0,PM Peak (15–19),9,31.0,31.0,31.0,0.0,9.0,0.0,0.0,0.0,0.95,0.0,33.25,no recovery time,2026-06-11
13,13,1,AM Peak (6–9),9,27.0,21.0,27.0,6.0,7.0,3.0,2.2,8.600000000000001,0.2375,0.2054794520547945,20.64,very low recovery time,2026-06-11
13,13,1,Evening (19–24),13,25.0,25.0,29.000000000000004,4.0000000000000036,12.0,2.0,1.1,3.8000000000000007,0.31666666666666665,0.14705882352941185,19.91,very low recovery time,2026-06-11
13,13,1,Midday (9–15),15,34.0,34.0,37.599999999999994,3.5999999999999943,15.0,9.0,4.4,9.0,0.095,0.13432835820895503,11.38,moderate,2026-06-11
13,13,1,Overnight (0–6),5,25.0,12.82,25.0,12.18,4.0,2.0,2.0,2.0,0.31666666666666665,0.3442622950819672,31.74,very low recovery time,2026-06-11
13,13,1,PM Peak (15–19),9,40.0,40.0,40.0,0.0,10.0,4.0,4.0,4.0,0.19,0.0,6.65,moderate,2026-06-11
14,14,0,AM Peak (6–9),6,35.0,26.0,35.0,9.0,7.0,3.0,0.0,5.400000000000002,0.2375,0.2795031055900621,25.08,very low recovery time,2026-06-11
14,14,0,Evening (19–24),10,23.0,22.0,23.0,1.0,10.0,5.0,4.0,5.0,0.15833333333333333,0.04132231404958677,8.02,moderate,2026-06-11
14,14,0,Midday (9–15),13,26.0,26.0,30.0,4.0,12.0,0.0,0.0,1.8000000000000007,0.95,0.14705882352941174,42.07,no recovery time,2026-06-11
14,14,0,Overnight (0–6),5,22.0,22.0,26.0,4.0,3.0,2.0,0.4,3.6,0.31666666666666665,0.14705882352941174,19.91,very low recovery time,2026-06-11
14,14,0,PM Peak (15–19),10,30.0,29.3,30.0,0.6999999999999993,9.0,0.0,0.0,0.0,0.95,0.029288702928870262,35.01,no recovery time,2026-06-11
14,14,1,AM Peak (6–9),7,27.0,23.0,27.0,4.0,6.0,12.5,6.5,13.0,0.07037037037037036,0.14705882352941174,11.29,moderate,2026-06-11
14,14,1,Evening (19–24),10,23.0,21.0,23.0,2.0,10.0,6.0,4.0,6.0,0.1357142857142857,0.07936507936507936,9.51,moderate,2026-06-11
14,14,1,Midday (9–15),13,25.0,25.0,30.200000000000003,5.200000000000003,11.0,6.0,0.0,6.0,0.1357142857142857,0.18309859154929584,15.74,moderate,2026-06-11
14,14,1,Overnight (0–6),3,21.0,21.0,21.0,0.0,3.0,0.0,0.0,3.2,0.95,0.0,33.25,no recovery time,2026-06-11
14,14,1,PM Peak (15–19),10,31.0,30.2,31.0,0.8000000000000007,10.0,13.0,11.7,13.0,0.06785714285714285,0.03333333333333336,4.38,moderate,2026-06-11
15,15,0,AM Peak (6–9),8,23.0,20.0,23.0,3.0,8.0,5.0,1.0,6.199999999999999,0.15833333333333333,0.11450381679389311,12.41,moderate,2026-06-11
15,15,0,Evening (19–24),11,21.0,18.0,21.0,3.0,7.0,4.0,4.0,6.8000000000000025,0.19,0.11450381679389311,13.52,moderate,2026-06-11
15,15,0,Midday (9–15),14,22.0,22.0,25.0,3.0,14.0,8.0,5.6,8.0,0.10555555555555556,0.11450381679389311,10.56,moderate,2026-06-11
15,15,0,Overnight (0–6),6,18.0,18.0,20.0,2.0,1.0,1.0,1.0,1.0,0.475,0.07936507936507936,21.39,no recovery time,2026-06-11
15,15,0,PM Peak (15–19),16,25.0,25.0,25.0,0.0,15.0,7.0,7.0,7.0,0.11875,0.0,4.16,moderate,2026-06-11
15,15,1,AM Peak (6–9),9,23.0,22.0,23.0,1.0,9.0,7.0,5.4,9.0,0.11875,0.04132231404958677,6.64,moderate,2026-06-11
15,15,1,Evening (19–24),11,22.0,19.0,22.0,3.0,11.0,3.0,3.0,3.0,0.2375,0.11450381679389311,15.18,very low recovery time,2026-06-11
15,15,1,Midday (9–15),14,23.0,23.0,26.0,3.0,13.0,7.0,6.2,9.400000000000002,0.11875,0.11450381679389311,11.03,moderate,2026-06-11
15,15,1,Overnight (0–6),4,19.0,19.0,21.1,2.1000000000000014,4.0,3.0,3.0,3.0,0.2375,0.08300395256917001,13.29,very low recovery time,2026-06-11
15,15,1,PM Peak (15–19),16,26.0,26.0,26.0,0.0,15.0,6.0,6.0,6.0,0.1357142857142857,0.0,4.75,moderate,2026-06-11
16,16,0,AM Peak (6–9),17,34.0,34.0,34.0,0.0,16.0,6.0,2.0,6.5,0.1357142857142857,0.0,4.75,moderate,2026-06-11
16,16,0,Evening (19–24),24,30.0,26.0,30.0,4.0,24.0,5.0,4.0,6.0,0.15833333333333333,0.14705882352941174,14.37,moderate,2026-06-11
16,16,0,Midday (9–15),37,32.0,32.0,32.0,0.0,36.0,3.0,3.0,3.0,0.2375,0.0,8.31,very low recovery time,2026-06-11
16,16,0,Overnight (0–6),9,26.0,23.0,34.0,11.0,8.0,5.0,3.7,10.0,0.15833333333333333,0.3216374269005848,24.84,moderate,2026-06-11
16,16,0,PM Peak (15–19),24,36.0,34.6,36.0,1.3999999999999986,24.0,4.0,3.0,4.0,0.19,0.056910569105691,10.06,moderate,2026-06-11
16,16,1,AM Peak (6–9),17,34.0,34.0,34.0,0.0,16.0,6.0,2.0,6.5,0.1357142857142857,0.0,4.75,moderate,2026-06-11
16,16,1,Evening (19–24),24,30.0,27.0,30.0,3.0,24.0,5.0,1.0,5.0,0.15833333333333333,0.11450381679389311,12.41,moderate,2026-06-11
16,16,1,Midday (9–15),36,32.0,32.0,32.0,0.0,36.0,3.0,3.0,3.0,0.2375,0.0,8.31,very low recovery time,2026-06-11
16,16,1,Overnight (0–6),11,27.0,26.0,34.0,8.0,7.0,2.0,1.0,11.000000000000004,0.31666666666666665,0.2564102564102564,26.47,very low recovery time,2026-06-11
16,16,1,PM Peak (15–19),24,36.0,34.6,36.0,1.3999999999999986,23.0,4.0,4.0,4.0,0.19,0.056910569105691,10.06,moderate,2026-06-11
17,17,0,AM Peak (6–9),18,43.0,43.0,57.0,14.0,16.0,6.0,6.0,8.0,0.1357142857142857,0.3763440860215054,27.33,moderate,2026-06-11
17,17,0,Evening (19–24),14,36.0,33.0,41.60000000000001,8.600000000000009,14.0,8.0,3.6,8.0,0.10555555555555556,0.2704402515723272,19.92,moderate,2026-06-11
17,17,0,Midday (9–15),20,42.0,42.0,46.000000000000014,4.000000000000014,23.0,6.0,3.0,6.0,0.1357142857142857,0.14705882352941219,13.57,moderate,2026-06-11
17,17,0,Overnight (0–6),10,33.0,33.0,52.5,19.5,7.0,6.0,3.6000000000000005,8.400000000000002,0.1357142857142857,0.45667447306791564,32.15,moderate,2026-06-11
17,17,0,PM Peak (15–19),26,44.0,44.0,60.0,16.0,22.0,10.0,5.1,10.0,0.08636363636363636,0.4081632653061224,27.51,moderate,2026-06-11
17,17,1,AM Peak (6–9),18,43.0,42.0,51.0,9.0,19.0,8.0,8.0,16.0,0.10555555555555556,0.2795031055900621,20.46,moderate,2026-06-11
17,17,1,Evening (19–24),15,40.0,35.0,40.0,5.0,14.0,0.0,0.0,18.400000000000013,0.95,0.17730496453900707,43.89,no recovery time,2026-06-11
17,17,1,Midday (9–15),25,42.0,31.866666666666667,49.0,17.133333333333333,18.0,5.0,5.0,5.0,0.15833333333333333,0.424793388429752,31.03,moderate,2026-06-11
17,17,1,Overnight (0–6),16,35.0,3.8,45.5,41.7,10.0,2.0,0.0,7.099999999999996,0.31666666666666665,0.6425269645608629,49.63,"very low recovery time, high schedule variability",2026-06-11
17,17,1,PM Peak (15–19),24,49.0,49.0,59.0,10.0,25.0,7.0,7.0,11.0,0.11875,0.3012048192771084,22.23,moderate,2026-06-11
18,18,0,AM Peak (6–9),12,20.0,15.2,21.0,5.800000000000001,12.0,4.0,3.0,9.0,0.19,0.2,18.65,moderate,2026-06-11
18,18,0,Evening (19–24),16,16.0,16.0,17.5,1.5,17.0,3.0,3.0,4.0,0.2375,0.060728744939271245,11.96,very low recovery time,2026-06-11
18,18,0,Midday (9–15),20,19.5,19.0,23.0,4.0,19.0,4.0,3.0,4.0,0.19,0.14705882352941174,15.47,moderate,2026-06-11
18,18,0,Overnight (0–6),7,16.0,15.6,17.0,1.4000000000000004,5.0,3.0,3.0,7.2,0.2375,0.05691056910569107,11.73,very low recovery time,2026-06-11
18,18,0,PM Peak (15–19),17,22.0,19.0,23.0,4.0,17.0,4.0,3.2,5.800000000000001,0.19,0.14705882352941174,15.47,moderate,2026-06-11
18,18,1,AM Peak (6–9),12,18.0,17.0,19.0,2.0,12.0,2.0,2.0,3.0,0.31666666666666665,0.07936507936507936,15.85,very low recovery time,2026-06-11
18,18,1,Evening (19–24),17,14.0,14.0,16.6,2.6000000000000014,17.0,3.0,3.0,4.0,0.2375,0.10077519379844965,14.36,very low recovery time,2026-06-11
18,18,1,Midday (9–15),20,17.0,17.0,25.0,8.0,18.0,4.0,4.0,7.0,0.19,0.2564102564102564,22.03,moderate,2026-06-11
18,18,1,Overnight (0–6),6,14.0,14.0,17.0,3.0,4.0,3.0,1.6,7.200000000000001,0.2375,0.11450381679389311,15.18,very low recovery time,2026-06-11
18,18,1,PM Peak (15–19),16,23.0,19.5,25.0,5.5,17.0,6.0,4.0,7.0,0.1357142857142857,0.19163763066202089,16.25,moderate,2026-06-11
19,19,0,AM Peak (6–9),8,29.5,26.0,31.0,5.0,6.0,6.0,2.0,10.0,0.1357142857142857,0.17730496453900707,15.39,moderate,2026-06-11
19,19,0,Evening (19–24),11,29.0,23.0,29.0,6.0,11.0,7.0,5.0,11.0,0.11875,0.2054794520547945,16.49,moderate,2026-06-11
19,19,0,Midday (9–15),14,35.0,35.0,35.0,0.0,15.0,4.0,3.4000000000000004,4.0,0.19,0.0,6.65,moderate,2026-06-11
19,19,0,Overnight (0–6),4,24.5,23.0,26.0,3.0,5.0,10.0,9.4,11.0,0.08636363636363636,0.11450381679389311,9.89,moderate,2026-06-11
19,19,0,PM Peak (15–19),11,39.0,34.0,39.0,5.0,9.0,13.0,13.0,16.2,0.06785714285714285,0.17730496453900707,13.01,moderate,2026-06-11
19,19,1,AM Peak (6–9),7,25.0,24.0,31.0,7.0,7.0,0.0,0.0,3.200000000000003,0.95,0.23178807947019867,47.16,no recovery time,2026-06-11
19,19,1,Evening (19–24),10,24.0,24.0,26.1,2.1000000000000014,11.0,0.0,0.0,0.0,0.95,0.08300395256917001,38.23,no recovery time,2026-06-11
19,19,1,Midday (9–15),15,36.0,36.0,36.6,0.6000000000000014,14.0,0.0,0.0,0.0,0.95,0.0252100840336135,34.76,no recovery time,2026-06-11
19,19,1,Overnight (0–6),5,26.0,24.8,26.0,1.1999999999999993,2.0,0.0,0.0,0.0,0.95,0.04918032786885242,36.2,no recovery time,2026-06-11
19,19,1,PM Peak (15–19),10,36.0,35.7,36.0,0.29999999999999716,11.0,0.0,0.0,0.0,0.95,0.01276595744680839,34.02,no recovery time,2026-06-11
20,20,0,AM Peak (6–9),9,35.0,31.0,35.0,4.0,9.0,3.0,2.0,5.6000000000000005,0.2375,0.14705882352941174,17.14,very low recovery time,2026-06-11
20,20,0,Evening (19–24),12,31.5,27.0,32.0,5.0,11.0,1.0,0.0,12.0,0.475,0.17730496453900707,27.26,no recovery time,2026-06-11
20,20,0,Midday (9–15),18,35.0,35.0,38.0,3.0,18.0,5.0,4.7,9.3,0.15833333333333333,0.11450381679389311,12.41,moderate,2026-06-11
20,20,0,Overnight (0–6),8,31.0,27.0,31.0,4.0,6.0,4.0,0.5,8.0,0.19,0.14705882352941174,15.47,moderate,2026-06-11
20,20,0,PM Peak (15–19),16,38.0,34.0,38.0,4.0,13.0,14.0,9.200000000000001,15.0,0.06333333333333332,0.14705882352941174,11.04,moderate,2026-06-11
20,20,1,AM Peak (6–9),10,34.0,28.0,35.0,7.0,9.0,8.0,7.0,8.2,0.10555555555555556,0.23178807947019867,17.6,moderate,2026-06-11
20,20,1,Evening (19–24),11,32.0,26.0,32.0,6.0,12.0,10.0,6.0,11.0,0.08636363636363636,0.2054794520547945,15.35,moderate,2026-06-11
20,20,1,Midday (9–15),19,32.0,32.0,38.0,6.0,19.0,8.0,5.8,8.0,0.10555555555555556,0.2054794520547945,16.02,moderate,2026-06-11
20,20,1,Overnight (0–6),5,26.0,26.0,28.0,2.0,4.0,7.0,4.6,9.4,0.11875,0.07936507936507936,8.92,moderate,2026-06-11
20,20,1,PM Peak (15–19),14,38.0,34.9,38.0,3.1000000000000014,14.0,6.0,6.0,6.0,0.1357142857142857,0.11787072243346011,11.82,moderate,2026-06-11
21,21,0,AM Peak (6–9),10,40.125,38.65,41.6,2.950000000000003,10.0,13.5,12.9,21.2,0.06551724137931034,0.11281070745697905,9.06,moderate,2026-06-11
21,21,0,Evening (19–24),15,35.65,31.7,39.6,7.900000000000002,13.0,10.0,8.4,14.0,0.08636363636363636,0.2540192926045016,18.26,moderate,2026-06-11
21,21,0,Midday (9–15),21,38.65,38.65,44.6,5.950000000000003,19.0,9.0,8.8,18.0,0.095,0.2041166380789023,15.57,moderate,2026-06-11
21,21,0,Overnight (0–6),7,31.7,31.7,38.65,6.949999999999999,4.0,11.5,10.0,16.5,0.076,0.23051409618573793,16.49,moderate,2026-06-11
21,21,0,PM Peak (15–19),14,44.6,39.6,44.6,5.0,12.0,18.0,9.4,18.9,0.049999999999999996,0.17730496453900707,12.39,moderate,2026-06-11
21,21,1,AM Peak (6–9),11,40.7,36.7,40.7,4.0,,10.0,,,0.08636363636363636,0.14705882352941174,11.85,moderate,2026-06-11
21,21,1,Evening (19–24),14,36.7,33.7,42.7,9.0,,10.0,,,0.08636363636363636,0.2795031055900621,19.79,moderate,2026-06-11
21,21,1,Midday (9–15),21,38.7,38.7,47.7,9.0,,10.0,,,0.08636363636363636,0.2795031055900621,19.79,moderate,2026-06-11
21,21,1,Overnight (0–6),5,33.7,33.7,36.7,3.0,,10.0,,,0.08636363636363636,0.11450381679389311,9.89,moderate,2026-06-11
21,21,1,PM Peak (15–19),14,47.7,42.7,47.7,5.0,,10.0,,,0.08636363636363636,0.17730496453900707,13.66,moderate,2026-06-11
22,22,0,AM Peak (6–9),18,11.0,9.0,11.0,2.0,17.0,1.0,1.0,1.0,0.475,0.07936507936507936,21.39,no recovery time,2026-06-11
22,22,0,Evening (19–24),30,11.0,9.0,11.0,2.0,31.0,1.0,1.0,5.0,0.475,0.07936507936507936,21.39,no recovery time,2026-06-11
22,22,0,Midday (9–15),36,11.0,11.0,11.0,0.0,36.0,1.0,1.0,1.0,0.475,0.0,16.62,no recovery time,2026-06-11
22,22,0,Overnight (0–6),15,9.0,7.0,9.0,2.0,15.0,5.0,0.40000000000000013,5.0,0.15833333333333333,0.07936507936507936,10.3,moderate,2026-06-11
22,22,0,PM Peak (15–19),24,11.0,11.0,11.0,0.0,24.0,1.0,1.0,1.0,0.475,0.0,16.62,no recovery time,2026-06-11
22,22,1,AM Peak (6–9),18,12.0,11.0,12.0,1.0,18.0,6.0,6.0,9.0,0.1357142857142857,0.04132231404958677,7.23,moderate,2026-06-11
22,22,1,Evening (19–24),30,11.0,7.0,11.0,4.0,29.0,7.0,7.0,9.0,0.11875,0.14705882352941174,12.98,moderate,2026-06-11
22,22,1,Midday (9–15),36,11.0,11.0,12.0,1.0,36.0,7.0,6.0,7.0,0.11875,0.04132231404958677,6.64,moderate,2026-06-11
22,22,1,Overnight (0–6),15,7.0,5.0,11.0,6.0,13.0,9.0,3.0,9.0,0.095,0.2054794520547945,15.65,moderate,2026-06-11
22,22,1,PM Peak (15–19),24,12.0,12.0,12.0,0.0,24.0,6.0,6.0,6.0,0.1357142857142857,0.0,4.75,moderate,2026-06-11
23,23,0,AM Peak (6–9),21,17.0,13.0,17.0,4.0,19.0,8.0,5.0,9.0,0.10555555555555556,0.14705882352941174,12.52,moderate,2026-06-11
23,23,0,Evening (19–24),24,14.0,11.0,14.0,3.0,23.0,6.0,6.0,6.0,0.1357142857142857,0.11450381679389311,11.62,moderate,2026-06-11
23,23,0,Midday (9–15),36,16.0,16.0,16.0,0.0,36.0,9.0,7.0,9.0,0.095,0.0,3.32,moderate,2026-06-11
23,23,0,Overnight (0–6),11,11.0,3.8,13.0,9.2,9.0,6.0,5.0,7.000000000000001,0.1357142857142857,0.28395061728395055,21.79,moderate,2026-06-11
23,23,0,PM Peak (15–19),24,18.0,15.200000000000001,18.0,2.799999999999999,23.0,9.0,3.6000000000000005,9.0,0.095,0.10769230769230766,9.79,moderate,2026-06-11
23,23,1,AM Peak (6–9),22,14.0,13.0,14.0,1.0,21.0,1.0,1.0,1.0,0.475,0.04132231404958677,19.1,no recovery time,2026-06-11
23,23,1,Evening (19–24),23,15.0,12.0,15.0,3.0,24.0,1.0,1.0,1.0,0.475,0.11450381679389311,23.5,no recovery time,2026-06-11
23,23,1,Midday (9–15),36,14.0,14.0,14.0,0.0,36.0,1.0,1.0,1.0,0.475,0.0,16.62,no recovery time,2026-06-11
23,23,1,Overnight (0–6),12,12.0,12.0,13.0,1.0,11.0,1.0,0.0,1.0,0.475,0.04132231404958677,19.1,no recovery time,2026-06-11
23,23,1,PM Peak (15–19),23,20.0,20.0,20.0,0.0,24.0,3.0,3.0,3.0,0.2375,0.0,8.31,very low recovery time,2026-06-11
24,24,0,AM Peak (6–9),27,46.0,38.88333333333333,56.0,17.116666666666667,26.0,8.133333333333333,8.116666666666667,8.183333333333334,0.10401459854014598,0.42455560148821825,29.11,moderate,2026-06-11
24,24,0,Evening (19–24),36,43.0,36.0,43.0,7.0,33.0,7.133333333333334,2.1333333333333333,8.166666666666666,0.1168032786885246,0.23178807947019867,18.0,moderate,2026-06-11
24,24,0,Midday (9–15),53,50.0,41.88333333333333,53.800000000000004,11.916666666666671,48.0,8.183333333333334,7.5166666666666675,12.136666666666667,0.10344827586206896,0.33934504034171814,23.98,moderate,2026-06-11
24,24,0,Overnight (0–6),17,36.0,34.8,46.0,11.200000000000003,13.0,7.133333333333334,3.933333333333334,9.926666666666668,0.1168032786885246,0.32558139534883723,23.62,moderate,2026-06-11
24,24,0,PM Peak (15–19),35,52.0,41.85,54.0,12.149999999999999,32.0,8.175,6.183333333333334,8.183333333333334,0.10354223433242506,0.34370579915134364,24.25,moderate,2026-06-11
24,24,1,AM Peak (6–9),27,44.0,38.92,47.81666666666667,8.896666666666668,23.0,5.0,2.0,8.0,0.15833333333333333,0.2771835081524561,22.17,moderate,2026-06-11
24,24,1,Evening (19–24),35,42.833333333333336,36.86666666666667,42.833333333333336,5.966666666666669,35.0,2.0,0.0,4.600000000000001,0.31666666666666665,0.2045714285714286,23.36,very low recovery time,2026-06-11
24,24,1,Midday (9–15),51,47.81666666666667,46.0,54.81666666666667,8.81666666666667,51.0,4.0,0.0,8.0,0.19,0.2753774076002083,23.17,moderate,2026-06-11
24,24,1,Overnight (0–6),18,36.86666666666667,30.9,40.86666666666667,9.966666666666669,12.0,2.0,0.0,7.600000000000001,0.31666666666666665,0.3005025125628141,29.11,very low recovery time,2026-06-11
24,24,1,PM Peak (15–19),35,54.81666666666667,49.81666666666667,55.0,5.18333333333333,35.0,3.0,1.4000000000000004,6.200000000000003,0.2375,0.18261890780974738,19.27,very low recovery time,2026-06-11
25,25,0,AM Peak (6–9),45,46.0,14.0,46.0,32.0,46.0,4.316666666666666,3.0,7.0,0.1786833855799373,0.5797101449275363,41.04,high schedule variability,2026-06-11
25,25,0,Evening (19–24),57,41.0,13.0,48.0,35.0,55.0,4.0,1.0,8.316666666666666,0.19,0.6013745704467354,42.73,high schedule variability,2026-06-11
25,25,0,Midday (9–15),81,21.833333333333332,12.0,43.0,31.0,78.0,2.316666666666667,1.0,3.316666666666667,0.28643216080402006,0.5719557195571956,44.34,"very low recovery time, high schedule variability",2026-06-11
25,25,0,Overnight (0–6),21,43.0,8.0,48.0,40.0,11.0,4.0,4.0,9.0,0.19,0.6329113924050632,44.62,high schedule variability,2026-06-11
25,25,0,PM Peak (15–19),75,21.833333333333332,14.0,46.0,32.0,72.0,4.316666666666666,2.0,5.316666666666666,0.1786833855799373,0.5797101449275363,41.04,high schedule variability,2026-06-11
25,25,1,AM Peak (6–9),45,41.0,17.683333333333334,42.0,24.316666666666666,43.0,4.0,0.0,7.0,0.19,0.511750263065591,37.36,high schedule variability,2026-06-11
25,25,1,Evening (19–24),56,40.0,18.683333333333334,48.0,29.316666666666666,55.0,2.0,0.0,7.0,0.31666666666666665,0.5582354807997462,44.58,"very low recovery time, high schedule variability",2026-06-11
25,25,1,Midday (9–15),81,42.0,17.683333333333334,42.0,24.316666666666666,80.0,4.0,4.0,4.0,0.19,0.511750263065591,37.36,high schedule variability,2026-06-11
25,25,1,Overnight (0–6),19,38.0,10.783333333333333,48.0,37.21666666666667,15.0,0.0,0.0,5.6,0.95,0.616,70.21,"no recovery time, high schedule variability",2026-06-11
25,25,1,PM Peak (15–19),77,41.0,19.683333333333334,48.0,28.316666666666666,73.0,4.0,0.0,8.0,0.19,0.5496603041087027,39.63,high schedule variability,2026-06-11
26,26,0,AM Peak (6–9),7,44.0,34.0,44.0,10.0,7.0,12.0,2.0,16.400000000000002,0.07307692307692307,0.3012048192771084,20.63,moderate,2026-06-11
26,26,0,Evening (19–24),12,34.0,27.0,34.0,7.0,10.0,6.5,3.0,20.4,0.12666666666666665,0.23178807947019867,18.34,moderate,2026-06-11
26,26,0,Midday (9–15),13,41.0,41.0,43.400000000000006,2.4000000000000057,13.0,6.0,3.6000000000000005,12.0,0.1357142857142857,0.0937500000000002,10.38,moderate,2026-06-11
26,26,0,Overnight (0–6),6,27.0,27.0,31.0,4.0,5.0,3.0,3.0,3.6,0.2375,0.14705882352941174,17.14,very low recovery time,2026-06-11
26,26,0,PM Peak (15–19),8,45.0,45.0,45.0,0.0,9.0,11.0,9.6,12.4,0.07916666666666666,0.0,2.77,moderate,2026-06-11
26,26,1,AM Peak (6–9),8,39.0,28.0,39.0,11.0,7.0,6.0,1.0,8.4,0.1357142857142857,0.3216374269005848,24.05,moderate,2026-06-11
26,26,1,Evening (19–24),11,36.0,28.0,36.0,8.0,11.0,5.0,1.0,5.0,0.15833333333333333,0.2564102564102564,20.93,moderate,2026-06-11
26,26,1,Midday (9–15),13,40.0,40.0,42.400000000000006,2.4000000000000057,12.0,3.0,3.0,17.9,0.2375,0.0937500000000002,13.94,very low recovery time,2026-06-11
26,26,1,Overnight (0–6),6,28.0,28.0,28.0,0.0,4.0,2.0,1.3,2.0,0.31666666666666665,0.0,11.08,very low recovery time,2026-06-11
26,26,1,PM Peak (15–19),8,51.0,45.1,51.0,5.899999999999999,9.0,8.0,3.6,14.4,0.10555555555555556,0.20274914089347074,15.86,moderate,2026-06-11
27,27,0,AM Peak (6–9),18,20.0,17.0,20.0,3.0,18.0,4.5,3.7,5.0,0.17272727272727273,0.11450381679389311,12.92,moderate,2026-06-11
27,27,0,Evening (19–24),34,16.0,14.0,17.0,3.0,35.0,8.0,6.0,8.0,0.10555555555555556,0.11450381679389311,10.56,moderate,2026-06-11
27,27,0,Midday (9–15),36,22.0,21.0,24.0,3.0,36.0,5.0,3.0,5.0,0.15833333333333333,0.11450381679389311,12.41,moderate,2026-06-11
27,27,0,Overnight (0–6),20,14.0,12.0,17.0,5.0,17.0,6.0,5.6,14.000000000000002,0.1357142857142857,0.17730496453900707,15.39,moderate,2026-06-11
27,27,0,PM Peak (15–19),24,22.5,22.0,24.0,2.0,24.0,5.5,5.0,8.0,0.14615384615384613,0.07936507936507936,9.88,moderate,2026-06-11
27,27,1,AM Peak (6–9),18,20.0,16.0,20.0,4.0,18.0,5.0,3.0,5.0,0.15833333333333333,0.14705882352941174,14.37,moderate,2026-06-11
27,27,1,Evening (19–24),35,17.0,15.0,17.0,2.0,16.0,8.0,3.5,8.0,0.10555555555555556,0.07936507936507936,8.46,moderate,2026-06-11
27,27,1,Midday (9–15),36,19.5,18.0,27.0,9.0,35.0,6.0,4.0,6.0,0.1357142857142857,0.2795031055900621,21.52,moderate,2026-06-11
27,27,1,Overnight (0–6),18,15.0,12.0,16.0,4.0,2.0,6.0,4.4,7.6,0.1357142857142857,0.14705882352941174,13.57,moderate,2026-06-11
27,27,1,PM Peak (15–19),23,24.0,23.0,27.0,4.0,23.0,4.0,4.0,7.0,0.19,0.14705882352941174,15.47,moderate,2026-06-11
28,28,0,AM Peak (6–9),7,14.0,11.0,14.0,3.0,7.0,2.0,2.0,4.4,0.31666666666666665,0.11450381679389311,17.95,very low recovery time,2026-06-11
28,28,0,Evening (19–24),10,12.0,11.0,12.0,1.0,11.0,5.0,4.0,7.0,0.15833333333333333,0.04132231404958677,8.02,moderate,2026-06-11
28,28,0,Midday (9–15),13,13.0,13.0,13.8,0.8000000000000007,13.0,2.0,2.0,2.8000000000000007,0.31666666666666665,0.03333333333333336,13.08,very low recovery time,2026-06-11
28,28,0,Overnight (0–6),3,11.0,11.0,11.0,0.0,3.0,1.0,0.2,3.4000000000000004,0.475,0.0,16.62,no recovery time,2026-06-11
28,28,0,PM Peak (15–19),11,14.0,14.0,14.0,0.0,10.0,4.0,4.0,4.0,0.19,0.0,6.65,moderate,2026-06-11
28,28,1,AM Peak (6–9),7,18.0,14.0,18.0,4.0,6.0,3.0,3.0,3.0,0.2375,0.14705882352941174,17.14,very low recovery time,2026-06-11
28,28,1,Evening (19–24),11,14.0,14.0,14.0,0.0,10.0,0.0,0.0,4.0,0.95,0.0,33.25,no recovery time,2026-06-11
28,28,1,Midday (9–15),13,13.0,13.0,18.8,5.800000000000001,13.0,5.0,0.20000000000000018,5.0,0.15833333333333333,0.2,17.54,moderate,2026-06-11
28,28,1,Overnight (0–6),3,14.0,14.0,14.0,0.0,3.0,0.0,0.0,3.2,0.95,0.0,33.25,no recovery time,2026-06-11
28,28,1,PM Peak (15–19),10,19.0,18.5,19.0,0.5,10.0,4.0,3.7,4.599999999999998,0.19,0.02109704641350211,7.92,moderate,2026-06-11
29,29,0,AM Peak (6–9),23,50.0,40.2,52.0,11.799999999999997,21.0,7.0,4.0,10.0,0.11875,0.3371428571428571,24.38,moderate,2026-06-11
29,29,0,Evening (19–24),34,50.0,42.0,50.0,8.0,32.0,4.0,2.0,5.0,0.19,0.2564102564102564,22.03,moderate,2026-06-11
29,29,0,Midday (9–15),46,54.0,54.0,56.0,2.0,45.0,4.0,4.0,4.0,0.19,0.07936507936507936,11.41,moderate,2026-06-11
29,29,0,Overnight (0–6),12,41.0,38.445,42.0,3.5549999999999997,11.0,2.0,2.0,4.0,0.31666666666666665,0.13287236030648475,19.06,very low recovery time,2026-06-11
29,29,0,PM Peak (15–19),30,63.0,57.9,63.0,5.100000000000001,30.0,3.0,2.0,3.0,0.2375,0.18021201413427565,19.13,very low recovery time,2026-06-11
29,29,1,AM Peak (6–9),23,52.0,40.6,54.8,14.199999999999996,17.0,6.0,2.6,9.0,0.1357142857142857,0.37967914438502665,27.53,moderate,2026-06-11
29,29,1,Evening (19–24),35,49.0,41.0,49.0,8.0,34.0,8.0,5.0,9.0,0.10555555555555556,0.2564102564102564,19.08,moderate,2026-06-11
29,29,1,Midday (9–15),46,55.0,55.0,59.0,4.0,45.0,7.0,6.0,7.0,0.11875,0.14705882352941174,12.98,moderate,2026-06-11
29,29,1,Overnight (0–6),12,40.5,34.88,41.0,6.119999999999997,8.0,5.0,4.4,6.499999999999999,0.15833333333333333,0.20873124147339692,18.07,moderate,2026-06-11
29,29,1,PM Peak (15–19),30,65.0,54.9,65.0,10.100000000000001,30.0,5.0,5.0,7.100000000000001,0.15833333333333333,0.3033033033033033,23.74,moderate,2026-06-11
30,30,0,AM Peak (6–9),7,7.0,7.0,7.0,0.0,,10.0,,,0.08636363636363636,0.0,3.02,moderate,2026-06-11
30,30,0,Evening (19–24),11,7.0,7.0,7.0,0.0,,10.0,,,0.08636363636363636,0.0,3.02,moderate,2026-06-11
30,30,0,Midday (9–15),15,7.0,7.0,7.0,0.0,,10.0,,,0.08636363636363636,0.0,3.02,moderate,2026-06-11
30,30,0,Overnight (0–6),3,7.0,7.0,7.0,0.0,,10.0,,,0.08636363636363636,0.0,3.02,moderate,2026-06-11
30,30,0,PM Peak (15–19),9,8.0,8.0,8.0,0.0,,10.0,,,0.08636363636363636,0.0,3.02,moderate,2026-06-11
30,30,1,AM Peak (6–9),8,9.0,9.0,9.0,0.0,7.0,0.0,0.0,0.0,0.95,0.0,33.25,no recovery time,2026-06-11
30,30,1,Evening (19–24),11,9.0,8.0,9.0,1.0,11.0,0.0,0.0,0.0,0.95,0.04132231404958677,35.73,no recovery time,2026-06-11
30,30,1,Midday (9–15),14,9.0,9.0,9.0,0.0,15.0,0.0,0.0,0.0,0.95,0.0,33.25,no recovery time,2026-06-11
30,30,1,Overnight (0–6),4,8.0,7.3,8.0,0.7000000000000002,3.0,0.0,0.0,0.8,0.95,0.029288702928870296,35.01,no recovery time,2026-06-11
30,30,1,PM Peak (15–19),9,10.0,10.0,10.0,0.0,9.0,0.0,0.0,0.0,0.95,0.0,33.25,no recovery time,2026-06-11
31,31,0,AM Peak (6–9),12,19.35,19.35,19.35,0.0,,10.0,,,0.08636363636363636,0.0,3.02,moderate,2026-06-11
31,31,0,Evening (19–24),18,16.5,14.5,16.5,2.0,,10.0,,,0.08636363636363636,0.07936507936507936,7.78,moderate,2026-06-11
31,31,0,Midday (9–15),24,17.5,17.5,17.5,0.0,,10.0,,,0.08636363636363636,0.0,3.02,moderate,2026-06-11
31,31,0,Overnight (0–6),8,14.5,14.5,17.35,2.8500000000000014,,10.0,,,0.08636363636363636,0.10940499040307106,9.59,moderate,2026-06-11
31,31,0,PM Peak (15–19),16,21.35,21.35,21.35,0.0,,10.0,,,0.08636363636363636,0.0,3.02,moderate,2026-06-11
31,31,1,AM Peak (6–9),12,19.116666666666667,19.116666666666667,19.116666666666667,0.0,12.0,4.0,4.0,4.0,0.19,0.0,6.65,moderate,2026-06-11
31,31,1,Evening (19–24),19,15.116666666666667,12.116666666666667,15.116666666666667,3.0,18.0,7.0,4.4,7.0,0.11875,0.11450381679389311,11.03,moderate,2026-06-11
31,31,1,Midday (9–15),24,18.116666666666667,18.116666666666667,18.116666666666667,0.0,24.0,5.0,5.0,5.0,0.15833333333333333,0.0,5.54,moderate,2026-06-11
31,31,1,Overnight (0–6),8,12.116666666666667,12.116666666666667,17.116666666666667,5.0,6.0,7.0,7.0,15.0,0.11875,0.17730496453900707,14.79,moderate,2026-06-11
31,31,1,PM Peak (15–19),16,18.116666666666667,18.116666666666667,18.116666666666667,0.0,16.0,3.0,3.0,3.0,0.2375,0.0,8.31,very low recovery time,2026-06-11
32,32,0,AM Peak (6–9),24,30.0,25.0,30.0,5.0,15.0,8.0,8.0,10.2,0.10555555555555556,0.17730496453900707,14.33,moderate,2026-06-11
32,32,0,Evening (19–24),22,21.0,20.0,21.0,1.0,17.0,8.0,4.0,8.4,0.10555555555555556,0.04132231404958677,6.17,moderate,2026-06-11
32,32,0,Midday (9–15),42,27.0,27.0,34.0,7.0,36.0,8.0,7.0,10.0,0.10555555555555556,0.23178807947019867,17.6,moderate,2026-06-11
32,32,0,Overnight (0–6),8,21.5,20.0,25.0,5.0,6.0,4.0,4.0,4.0,0.19,0.17730496453900707,17.29,moderate,2026-06-11
32,32,0,PM Peak (15–19),24,30.0,28.6,34.0,5.399999999999999,24.0,8.0,8.0,12.0,0.10555555555555556,0.18881118881118875,15.02,moderate,2026-06-11
32,32,1,AM Peak (6–9),18,30.0,29.1,30.0,0.8999999999999986,14.0,7.0,7.0,9.100000000000003,0.11875,0.0373443983402489,6.4,moderate,2026-06-11
32,32,1,Evening (19–24),20,23.0,20.0,23.0,3.0,21.0,8.0,1.0,10.0,0.10555555555555556,0.11450381679389311,10.56,moderate,2026-06-11
32,32,1,Midday (9–15),38,28.0,28.0,31.0,3.0,38.0,7.0,7.0,7.300000000000004,0.11875,0.11450381679389311,11.03,moderate,2026-06-11
32,32,1,Overnight (0–6),5,20.0,20.0,20.0,0.0,5.0,1.0,1.0,1.0,0.475,0.0,16.62,no recovery time,2026-06-11
32,32,1,PM Peak (15–19),24,28.5,28.0,31.0,3.0,24.0,7.0,7.0,10.0,0.11875,0.11450381679389311,11.03,moderate,2026-06-11
33,33,0,AM Peak (6–9),10,16.0,12.771666666666667,17.0,4.2283333333333335,9.0,4.0,3.2,6.2,0.19,0.1541593242996901,15.9,moderate,2026-06-11
33,33,0,Evening (19–24),10,12.0,11.0,12.0,1.0,10.0,6.0,6.0,7.0,0.1357142857142857,0.04132231404958677,7.23,moderate,2026-06-11
33,33,0,Midday (9–15),12,14.0,14.0,14.0,0.0,12.0,2.0,1.1,2.0,0.31666666666666665,0.0,11.08,very low recovery time,2026-06-11
33,33,0,Overnight (0–6),4,10.858333333333334,5.7,11.0,5.3,3.0,7.0,3.8,7.8,0.11875,0.18596491228070172,15.31,moderate,2026-06-11
33,33,0,PM Peak (15–19),14,15.0,12.0,15.0,3.0,13.0,5.0,5.0,5.0,0.15833333333333333,0.11450381679389311,12.41,moderate,2026-06-11
33,33,1,AM Peak (6–9),9,15.0,11.0,15.0,4.0,9.0,0.0,0.0,1.0000000000000009,0.95,0.14705882352941174,42.07,no recovery time,2026-06-11
33,33,1,Evening (19–24),10,12.0,11.0,12.0,1.0,10.0,0.0,0.0,1.0,0.95,0.04132231404958677,35.73,no recovery time,2026-06-11
33,33,1,Midday (9–15),12,14.0,14.0,14.0,0.0,12.0,0.0,0.0,0.0,0.95,0.0,33.25,no recovery time,2026-06-11
33,33,1,Overnight (0–6),3,11.0,11.0,11.0,0.0,3.0,0.0,0.0,0.8,0.95,0.0,33.25,no recovery time,2026-06-11
33,33,1,PM Peak (15–19),13,16.0,16.0,16.0,0.0,13.0,0.0,0.0,0.0,0.95,0.0,33.25,no recovery time,2026-06-11
34,34,0,AM Peak (6–9),10,88.0,73.6,90.1,16.5,7.0,15.0,14.0,18.8,0.059375,0.41561712846347604,27.02,moderate,2026-06-11
34,34,0,Evening (19–24),16,63.5,53.0,71.0,18.0,13.0,12.0,10.0,23.400000000000002,0.07307692307692307,0.4368932038834951,28.77,moderate,2026-06-11
34,34,0,Midday (9–15),19,86.0,86.0,102.0,16.0,18.0,17.0,13.0,19.900000000000002,0.05277777777777778,0.4081632653061224,26.34,moderate,2026-06-11
34,34,0,Overnight (0–6),6,53.0,43.0,61.0,18.0,4.0,10.0,10.0,10.0,0.08636363636363636,0.4368932038834951,29.24,moderate,2026-06-11
34,34,0,PM Peak (15–19),13,97.0,80.4,102.0,21.599999999999994,12.0,16.0,16.0,19.8,0.055882352941176466,0.48214285714285704,30.88,high schedule variability,2026-06-11
34,34,1,AM Peak (6–9),10,86.0,75.5,88.0,12.5,5.0,27.0,27.0,28.8,0.033928571428571426,0.35014005602240894,22.2,moderate,2026-06-11
34,34,1,Evening (19–24),15,64.0,58.0,72.0,14.0,16.0,25.0,19.0,28.0,0.036538461538461534,0.3763440860215054,23.86,moderate,2026-06-11
34,34,1,Midday (9–15),20,88.0,88.0,107.0,19.0,19.0,28.0,21.2,32.2,0.03275862068965517,0.45023696682464454,28.16,moderate,2026-06-11
34,34,1,Overnight (0–6),5,58.0,52.0,64.0,12.0,5.0,19.0,14.4,19.0,0.0475,0.3409090909090909,22.12,moderate,2026-06-11
34,34,1,PM Peak (15–19),12,97.5,79.8,106.9,27.10000000000001,12.0,35.0,20.3,35.0,0.02638888888888889,0.5387673956262425,33.25,high schedule variability,2026-06-11
35,35,0,AM Peak (6–9),26,47.0,43.5,50.0,6.5,26.0,8.0,7.0,12.0,0.10555555555555556,0.21885521885521883,16.83,moderate,2026-06-11
35,35,0,Evening (19–24),48,39.0,36.0,43.0,7.0,28.0,6.0,5.0,12.0,0.1357142857142857,0.23178807947019867,18.66,moderate,2026-06-11
35,35,0,Midday (9–15),44,48.0,44.0,61.7,17.700000000000003,41.0,7.0,6.0,10.0,0.11875,0.43276283618581907,30.12,moderate,2026-06-11
35,35,0,Overnight (0–6),23,37.0,32.2,43.6,11.399999999999999,4.0,11.5,10.3,12.0,0.076,0.3294797687861271,22.43,moderate,2026-06-11
35,35,0,PM Peak (15–19),37,56.0,46.2,62.8,16.599999999999994,32.0,11.5,10.0,16.0,0.076,0.41708542713567825,27.69,moderate,2026-06-11
35,35,1,AM Peak (6–9),26,47.0,41.0,52.0,11.0,26.0,11.0,2.5,15.5,0.07916666666666666,0.3216374269005848,22.07,moderate,2026-06-11
35,35,1,Evening (19–24),48,41.0,35.0,44.0,9.0,48.0,10.0,6.0,16.0,0.08636363636363636,0.2795031055900621,19.79,moderate,2026-06-11
35,35,1,Midday (9–15),45,53.0,48.0,58.6,10.600000000000001,42.0,12.0,4.0,16.0,0.07307692307692307,0.3136094674556213,21.37,moderate,2026-06-11
35,35,1,Overnight (0–6),22,37.0,32.0,45.800000000000004,13.800000000000004,16.0,8.0,2.0,13.5,0.10555555555555556,0.372972972972973,26.07,moderate,2026-06-11
35,35,1,PM Peak (15–19),35,54.0,51.4,62.0,10.600000000000001,30.0,11.5,10.0,16.1,0.076,0.3136094674556213,21.48,moderate,2026-06-11
36,36,0,AM Peak (6–9),41,24.0,21.0,24.0,3.0,40.0,3.0,2.0,4.0,0.2375,0.11450381679389311,15.18,very low recovery time,2026-06-11
36,36,0,Evening (19–24),49,22.0,18.0,22.0,4.0,51.0,6.0,1.0,6.0,0.1357142857142857,0.14705882352941174,13.57,moderate,2026-06-11
36,36,0,Midday (9–15),78,22.0,22.0,31.0,9.0,76.0,2.0,2.0,5.0,0.31666666666666665,0.2795031055900621,27.85,very low recovery time,2026-06-11
36,36,0,Overnight (0–6),19,18.0,17.0,21.0,4.0,15.0,1.0,1.0,5.199999999999999,0.475,0.14705882352941174,25.45,no recovery time,2026-06-11
36,36,0,PM Peak (15–19),53,31.0,25.0,31.0,6.0,55.0,5.0,3.0,5.0,0.15833333333333333,0.2054794520547945,17.87,moderate,2026-06-11
36,36,1,AM Peak (6–9),40,23.0,18.0,23.0,5.0,39.0,4.0,2.0,4.0,0.19,0.17730496453900707,17.29,moderate,2026-06-11
36,36,1,Evening (19–24),51,20.0,19.0,20.0,1.0,47.0,7.0,2.0,8.0,0.11875,0.04132231404958677,6.64,moderate,2026-06-11
36,36,1,Midday (9–15),76,22.0,22.0,23.0,1.0,73.0,2.0,2.0,6.0,0.31666666666666665,0.04132231404958677,13.56,very low recovery time,2026-06-11
36,36,1,Overnight (0–6),24,18.0,15.3,19.0,3.6999999999999993,18.0,2.0,2.0,5.300000000000001,0.31666666666666665,0.13754646840148696,19.34,very low recovery time,2026-06-11
36,36,1,PM Peak (15–19),56,23.0,21.0,23.0,2.0,49.0,6.0,5.0,6.200000000000003,0.1357142857142857,0.07936507936507936,9.51,moderate,2026-06-11
37,37,0,AM Peak (6–9),18,45.0,36.0,54.0,18.0,18.0,8.0,7.4,10.3,0.10555555555555556,0.4368932038834951,29.91,moderate,2026-06-11
37,37,0,Evening (19–24),25,34.0,31.0,49.0,18.0,25.0,8.0,3.0,9.0,0.10555555555555556,0.4368932038834951,29.91,moderate,2026-06-11
37,37,0,Midday (9–15),36,50.0,39.0,55.0,16.0,35.0,8.0,8.0,11.0,0.10555555555555556,0.4081632653061224,28.18,moderate,2026-06-11
37,37,0,Overnight (0–6),16,36.0,29.0,47.5,18.5,12.0,9.0,8.0,9.0,0.095,0.4436450839328537,29.94,moderate,2026-06-11
37,37,0,PM Peak (15–19),26,49.0,39.0,61.0,22.0,24.0,8.0,7.300000000000001,9.0,0.10555555555555556,0.48672566371681414,32.9,high schedule variability,2026-06-11
37,37,1,AM Peak (6–9),19,47.0,34.0,53.0,19.0,17.0,12.0,3.0,16.8,0.07307692307692307,0.45023696682464454,29.57,moderate,2026-06-11
37,37,1,Evening (19–24),25,46.0,33.0,49.0,16.0,25.0,5.0,2.0,12.0,0.15833333333333333,0.4081632653061224,30.03,moderate,2026-06-11
37,37,1,Midday (9–15),38,50.0,39.0,53.0,14.0,36.0,11.0,4.0,15.0,0.07916666666666666,0.3763440860215054,25.35,moderate,2026-06-11
37,37,1,Overnight (0–6),15,33.0,27.8,46.0,18.2,13.0,2.0,0.40000000000000036,5.0,0.31666666666666665,0.4396135265700482,37.46,very low recovery time,2026-06-11
37,37,1,PM Peak (15–19),24,53.5,42.0,62.0,20.0,24.0,9.0,9.0,17.0,0.095,0.4629629629629629,31.1,moderate,2026-06-11
38,38,0,AM Peak (6–9),14,46.0,41.0,48.0,7.0,13.0,10.0,6.4,10.8,0.08636363636363636,0.23178807947019867,16.93,moderate,2026-06-11
38,38,0,Evening (19–24),21,46.0,41.0,46.0,5.0,20.0,8.0,7.9,14.0,0.10555555555555556,0.17730496453900707,14.33,moderate,2026-06-11
38,38,0,Midday (9–15),29,47.0,47.0,47.0,0.0,30.0,11.0,10.0,11.0,0.07916666666666666,0.0,2.77,moderate,2026-06-11
38,38,0,Overnight (0–6),11,41.0,35.93333333333333,41.0,5.06666666666667,7.0,8.0,0.6000000000000001,8.8,0.10555555555555556,0.179245283018868,14.45,moderate,2026-06-11
38,38,0,PM Peak (15–19),20,52.0,52.0,52.0,0.0,19.0,13.0,7.0,13.0,0.06785714285714285,0.0,2.38,moderate,2026-06-11
38,38,1,AM Peak (6–9),14,53.0,45.0,53.0,8.0,12.0,9.0,6.300000000000001,9.0,0.095,0.2564102564102564,18.71,moderate,2026-06-11
38,38,1,Evening (19–24),21,46.0,42.0,46.0,4.0,19.0,8.0,7.8,13.0,0.10555555555555556,0.14705882352941174,12.52,moderate,2026-06-11
38,38,1,Midday (9–15),30,51.0,51.0,51.0,0.0,30.0,11.0,9.0,11.0,0.07916666666666666,0.0,2.77,moderate,2026-06-11
38,38,1,Overnight (0–6),10,43.5,42.0,45.0,3.0,7.0,9.0,6.0,9.0,0.095,0.11450381679389311,10.2,moderate,2026-06-11
38,38,1,PM Peak (15–19),20,54.0,54.0,54.0,0.0,21.0,13.0,12.0,13.0,0.06785714285714285,0.0,2.38,moderate,2026-06-11
39,39,0,AM Peak (6–9),33,47.0,7.2933333333333366,55.8,48.50666666666666,31.0,5.0,0.0,9.0,0.15833333333333333,0.6764596504276682,46.13,high schedule variability,2026-06-11
39,39,0,Evening (19–24),37,42.0,22.14666666666667,50.0,27.85333333333333,37.0,6.0,0.0,13.399999999999999,0.1357142857142857,0.5455732567249935,37.48,high schedule variability,2026-06-11
39,39,0,Midday (9–15),49,53.0,30.600000000000005,60.400000000000006,29.8,47.0,6.0,4.6000000000000005,12.0,0.1357142857142857,0.5622641509433962,38.49,high schedule variability,2026-06-11
39,39,0,Overnight (0–6),27,35.0,2.8666666666666667,41.400000000000006,38.53333333333334,24.0,1.0,0.0,14.0,0.475,0.6241900647948164,54.08,"no recovery time, high schedule variability",2026-06-11
39,39,0,PM Peak (15–19),39,54.0,32.0,67.0,35.0,41.0,8.0,2.0,8.0,0.10555555555555556,0.6013745704467354,39.78,high schedule variability,2026-06-11
39,39,1,AM Peak (6–9),31,49.0,28.0,58.0,30.0,26.0,11.0,6.5,13.0,0.07916666666666666,0.5639097744360902,36.61,high schedule variability,2026-06-11
39,39,1,Evening (19–24),35,39.0,33.0,44.6,11.600000000000001,34.0,7.0,4.300000000000001,7.699999999999999,0.11875,0.3333333333333333,24.16,moderate,2026-06-11
39,39,1,Midday (9–15),47,53.0,31.0,56.8,25.799999999999997,42.0,8.0,7.0,11.899999999999999,0.10555555555555556,0.5265306122448979,35.29,high schedule variability,2026-06-11
39,39,1,Overnight (0–6),23,36.0,3.15,40.0,36.85,15.0,8.0,5.4,12.6,0.10555555555555556,0.6136552872606161,40.51,high schedule variability,2026-06-11
39,39,1,PM Peak (15–19),41,51.0,30.0,59.0,29.0,37.0,14.0,10.0,15.0,0.06333333333333332,0.5555555555555556,35.55,high schedule variability,2026-06-11
40,40,0,AM Peak (6–9),16,22.0,14.5,37.0,22.5,15.0,12.0,8.4,12.0,0.07307692307692307,0.49234135667396056,32.1,high schedule variability,2026-06-11
40,40,0,Evening (19–24),20,22.5,12.0,31.000000000000014,19.000000000000014,19.0,6.0,4.2,11.599999999999998,0.1357142857142857,0.4502369668246447,31.76,moderate,2026-06-11
40,40,0,Midday (9–15),32,27.5,17.0,35.0,18.0,33.0,9.0,9.0,9.0,0.095,0.4368932038834951,29.54,moderate,2026-06-11
40,40,0,Overnight (0–6),9,22.55,10.003333333333334,25.4,15.396666666666665,6.0,6.0,6.0,6.5,0.1357142857142857,0.39891182312807666,28.68,moderate,2026-06-11
40,40,0,PM Peak (15–19),20,30.0,20.0,40.0,20.0,20.0,8.0,6.0,8.0,0.10555555555555556,0.4629629629629629,31.47,moderate,2026-06-11
40,40,1,AM Peak (6–9),16,22.5,12.0,36.0,24.0,16.0,2.0,0.0,9.0,0.31666666666666665,0.5084745762711864,41.59,"very low recovery time, high schedule variability",2026-06-11
40,40,1,Evening (19–24),20,23.0,12.0,33.20000000000002,21.200000000000017,20.0,2.0,0.0,10.600000000000009,0.31666666666666665,0.47747747747747765,39.73,very low recovery time,2026-06-11
40,40,1,Midday (9–15),33,20.0,18.0,37.0,19.0,33.0,6.0,0.0,7.0,0.1357142857142857,0.45023696682464454,31.76,moderate,2026-06-11
40,40,1,Overnight (0–6),8,24.541666666666664,12.0,27.2,15.2,7.0,3.0,0.0,8.200000000000005,0.2375,0.39583333333333326,32.06,very low recovery time,2026-06-11
40,40,1,PM Peak (15–19),20,32.0,20.0,44.0,24.0,19.0,1.0,0.0,4.0,0.475,0.5084745762711864,47.13,"no recovery time, high schedule variability",2026-06-11
41,41,0,AM Peak (6–9),18,70.5,64.0,71.0,7.0,18.0,8.0,8.0,11.3,0.10555555555555556,0.23178807947019867,17.6,moderate,2026-06-11
41,41,0,Evening (19–24),23,61.0,49.0,61.0,12.0,24.0,8.0,8.0,9.0,0.10555555555555556,0.3409090909090909,24.15,moderate,2026-06-11
41,41,0,Midday (9–15),37,67.0,67.0,77.0,10.0,36.0,8.0,8.0,8.0,0.10555555555555556,0.3012048192771084,21.77,moderate,2026-06-11
41,41,0,Overnight (0–6),15,45.983333333333334,44.02666666666667,60.0,15.97333333333333,8.0,9.0,0.0,12.899999999999999,0.095,0.40776038121170854,27.79,moderate,2026-06-11
41,41,0,PM Peak (15–19),25,77.0,65.4,77.0,11.599999999999994,24.0,8.0,8.0,8.0,0.10555555555555556,0.3333333333333332,23.69,moderate,2026-06-11
41,41,1,AM Peak (6–9),19,67.0,62.8,67.0,4.200000000000003,18.0,4.0,4.0,8.0,0.19,0.15328467153284678,15.85,moderate,2026-06-11
41,41,1,Evening (19–24),24,58.0,51.0,58.0,7.0,22.0,4.5,3.0,12.0,0.17272727272727273,0.23178807947019867,19.95,moderate,2026-06-11
41,41,1,Midday (9–15),37,66.0,66.0,75.0,9.0,36.0,9.0,7.5,9.0,0.095,0.2795031055900621,20.1,moderate,2026-06-11
41,41,1,Overnight (0–6),12,51.4,45.1,61.75,16.65,6.0,2.0,0.0,12.0,0.31666666666666665,0.4178168130489335,36.15,very low recovery time,2026-06-11
41,41,1,PM Peak (15–19),24,75.0,65.5,75.0,9.5,24.0,10.0,10.0,10.0,0.08636363636363636,0.290519877675841,20.45,moderate,2026-06-11
42,42,0,AM Peak (6–9),22,49.0,11.6,50.0,38.4,16.0,6.0,0.0,6.0,0.1357142857142857,0.6233766233766234,42.15,high schedule variability,2026-06-11
42,42,0,Evening (19–24),19,43.0,42.0,43.599999999999994,1.5999999999999943,18.0,5.0,2.7,5.300000000000001,0.15833333333333333,0.06451612903225784,9.41,moderate,2026-06-11
42,42,0,Midday (9–15),25,46.0,46.0,47.2,1.2000000000000028,23.0,6.0,2.2,6.0,0.1357142857142857,0.04918032786885256,7.7,moderate,2026-06-11
42,42,0,Overnight (0–6),4,42.0,42.0,42.0,0.0,3.0,4.0,4.0,7.2,0.19,0.0,6.65,moderate,2026-06-11
42,42,0,PM Peak (15–19),26,54.0,52.5,54.0,1.5,24.0,6.0,4.300000000000001,6.0,0.1357142857142857,0.060728744939271245,8.39,moderate,2026-06-11
42,42,1,AM Peak (6–9),21,52.0,46.0,52.0,6.0,19.0,6.0,2.0,10.0,0.1357142857142857,0.2054794520547945,17.08,moderate,2026-06-11
42,42,1,Evening (19–24),19,42.0,38.0,42.599999999999994,4.599999999999994,17.0,6.0,3.2,8.0,0.1357142857142857,0.16546762589928038,14.68,moderate,2026-06-11
42,42,1,Midday (9–15),23,46.0,46.0,46.0,0.0,23.0,14.0,10.8,14.0,0.06333333333333332,0.0,2.22,moderate,2026-06-11
42,42,1,Overnight (0–6),7,52.0,38.0,52.0,14.0,4.0,4.0,4.0,6.800000000000001,0.19,0.3763440860215054,29.23,moderate,2026-06-11
42,42,1,PM Peak (15–19),25,52.0,52.0,52.0,0.0,24.0,8.0,7.300000000000001,8.0,0.10555555555555556,0.0,3.69,moderate,2026-06-11
43,43,0,AM Peak (6–9),39,25.0,22.0,38.0,16.0,37.0,4.0,1.0,8.0,0.19,0.4081632653061224,31.14,moderate,2026-06-11
43,43,0,Evening (19–24),38,32.0,26.0,33.50000000000002,7.500000000000021,36.0,10.0,8.0,10.0,0.08636363636363636,0.24429967426710147,17.68,moderate,2026-06-11
43,43,0,Midday (9–15),56,38.0,25.0,43.0,18.0,54.0,7.0,6.0,10.0,0.11875,0.4368932038834951,30.37,moderate,2026-06-11
43,43,0,Overnight (0–6),18,27.0,25.5,30.0,4.5,17.0,10.0,4.0,10.0,0.08636363636363636,0.16245487364620936,12.77,moderate,2026-06-11
43,43,0,PM Peak (15–19),47,37.0,26.0,43.0,17.0,46.0,10.0,3.5,10.0,0.08636363636363636,0.42288557213930345,28.4,moderate,2026-06-11
43,43,1,AM Peak (6–9),39,24.0,17.0,36.0,19.0,35.0,4.0,0.0,12.0,0.19,0.45023696682464454,33.66,moderate,2026-06-11
43,43,1,Evening (19–24),38,32.0,24.0,37.0,13.0,36.0,7.0,4.0,9.0,0.11875,0.3591160220994475,25.7,moderate,2026-06-11
43,43,1,Midday (9–15),55,37.0,24.0,42.0,18.0,54.0,4.0,0.3000000000000007,8.0,0.19,0.4368932038834951,32.86,moderate,2026-06-11
43,43,1,Overnight (0–6),22,27.0,3.85,27.0,23.15,18.0,6.0,0.0,8.0,0.1357142857142857,0.49946062567421784,34.72,high schedule variability,2026-06-11
43,43,1,PM Peak (15–19),47,37.0,20.0,42.0,22.0,45.0,5.0,2.0,13.0,0.15833333333333333,0.48672566371681414,34.75,high schedule variability,2026-06-11
44,44,0,AM Peak (6–9),22,22.0,19.0,22.0,3.0,21.0,4.0,0.0,5.0,0.19,0.11450381679389311,13.52,moderate,2026-06-11
44,44,0,Evening (19–24),30,18.0,15.0,18.0,3.0,28.0,1.0,1.0,3.0,0.475,0.11450381679389311,23.5,no recovery time,2026-06-11
44,44,0,Midday (9–15),48,21.0,21.0,21.0,0.0,48.0,4.0,4.0,5.0,0.19,0.0,6.65,moderate,2026-06-11
44,44,0,Overnight (0–6),16,15.0,15.0,18.683333333333334,3.6833333333333336,13.0,3.0,0.0,4.600000000000001,0.2375,0.1370117792932424,16.53,very low recovery time,2026-06-11
44,44,0,PM Peak (15–19),32,23.0,23.0,23.0,0.0,31.0,2.0,1.0,3.0,0.31666666666666665,0.0,11.08,very low recovery time,2026-06-11
44,44,1,AM Peak (6–9),22,18.0,16.0,18.0,2.0,22.0,6.0,5.0,6.0,0.1357142857142857,0.07936507936507936,9.51,moderate,2026-06-11
44,44,1,Evening (19–24),30,16.0,14.0,16.0,2.0,31.0,5.0,5.0,8.0,0.15833333333333333,0.07936507936507936,10.3,moderate,2026-06-11
44,44,1,Midday (9–15),50,18.0,18.0,18.0,0.0,48.0,6.0,5.0,6.0,0.1357142857142857,0.0,4.75,moderate,2026-06-11
44,44,1,Overnight (0–6),18,14.0,14.0,16.0,2.0,13.0,5.0,1.0,8.0,0.15833333333333333,0.07936507936507936,10.3,moderate,2026-06-11
44,44,1,PM Peak (15–19),33,20.0,20.0,20.0,0.0,30.0,6.0,6.0,6.0,0.1357142857142857,0.0,4.75,moderate,2026-06-11
45,45,0,AM Peak (6–9),18,35.4,30.7,46.1,15.400000000000002,18.0,4.0,4.0,8.0,0.19,0.39896373056994816,30.59,moderate,2026-06-11
45,45,0,Evening (19–24),30,34.8,32.13333333333333,34.8,2.6666666666666643,30.0,5.0,5.0,8.0,0.15833333333333333,0.10309278350515455,11.73,moderate,2026-06-11
45,45,0,Midday (9–15),45,41.45,32.0,41.45,9.450000000000003,38.0,8.0,8.0,8.0,0.10555555555555556,0.28943338437978566,21.06,moderate,2026-06-11
45,45,0,Overnight (0–6),19,32.13333333333333,31.166666666666668,34.46666666666666,3.2999999999999936,13.0,7.0,4.0,8.0,0.11875,0.12452830188679223,11.63,moderate,2026-06-11
45,45,0,PM Peak (15–19),24,38.05,38.0,46.1,8.100000000000001,24.0,8.0,8.0,8.0,0.10555555555555556,0.2587859424920128,19.22,moderate,2026-06-11
45,45,1,AM Peak (6–9),18,34.0,31.7,39.11666666666667,7.416666666666668,9.0,7.0,4.8,8.0,0.11875,0.2422427871529668,18.69,moderate,2026-06-11
45,45,1,Evening (19–24),30,34.28333333333333,31.333333333333332,35.233333333333334,3.900000000000002,,10.0,,,0.08636363636363636,0.1439114391143912,11.66,moderate,2026-06-11
45,45,1,Midday (9–15),46,38.11666666666667,32.0,38.11666666666667,6.116666666666667,22.0,8.0,7.1,8.0,0.10555555555555556,0.20864127345082434,16.21,moderate,2026-06-11
45,45,1,Overnight (0–6),20,31.333333333333332,30.595,32.88333333333333,2.288333333333334,1.0,5.0,5.0,5.0,0.15833333333333333,0.08977963774275814,10.93,moderate,2026-06-11
45,45,1,PM Peak (15–19),24,38.733333333333334,33.0,45.016666666666666,12.016666666666666,12.0,11.0,11.0,11.0,0.07916666666666666,0.3412210127780407,23.24,moderate,2026-06-11
46,46,0,AM Peak (6–9),14,47.0,45.0,47.0,2.0,11.0,5.0,4.0,8.0,0.15833333333333333,0.07936507936507936,10.3,moderate,2026-06-11
46,46,0,Evening (19–24),14,42.0,42.0,42.0,0.0,14.0,4.0,4.0,6.800000000000004,0.19,0.0,6.65,moderate,2026-06-11
46,46,0,Midday (9–15),20,45.0,45.0,47.0,2.0,19.0,3.0,1.6,3.0,0.2375,0.07936507936507936,13.07,very low recovery time,2026-06-11
46,46,0,Overnight (0–6),7,47.0,42.0,47.0,5.0,5.0,4.0,4.0,5.0,0.19,0.17730496453900707,17.29,moderate,2026-06-11
46,46,0,PM Peak (15–19),18,47.0,44.0,47.0,3.0,18.0,5.0,4.7,7.300000000000001,0.15833333333333333,0.11450381679389311,12.41,moderate,2026-06-11
46,46,1,AM Peak (6–9),12,47.0,45.0,47.0,2.0,13.0,5.0,2.0,5.0,0.15833333333333333,0.07936507936507936,10.3,moderate,2026-06-11
46,46,1,Evening (19–24),17,44.0,44.0,44.0,0.0,13.0,2.0,1.2000000000000002,2.0,0.31666666666666665,0.0,11.08,very low recovery time,2026-06-11
46,46,1,Midday (9–15),20,45.0,45.0,47.0,2.0,19.0,2.0,2.0,2.0,0.31666666666666665,0.07936507936507936,15.85,very low recovery time,2026-06-11
46,46,1,Overnight (0–6),9,46.4,44.0,47.0,3.0,5.0,2.0,1.0,5.0,0.31666666666666665,0.11450381679389311,17.95,very low recovery time,2026-06-11
46,46,1,PM Peak (15–19),20,47.0,47.0,47.0,0.0,17.0,5.0,1.2000000000000002,5.0,0.15833333333333333,0.0,5.54,moderate,2026-06-11
47,47,0,AM Peak (6–9),61,15.0,6.0,18.0,12.0,57.0,2.0,1.0,2.0,0.31666666666666665,0.3409090909090909,31.54,very low recovery time,2026-06-11
47,47,0,Evening (19–24),71,7.0,6.0,14.0,8.0,71.0,2.0,1.0,2.0,0.31666666666666665,0.2564102564102564,26.47,very low recovery time,2026-06-11
47,47,0,Midday (9–15),104,12.0,7.0,16.0,9.0,104.0,1.5,1.0,2.0,0.38,0.2795031055900621,30.07,very low recovery time,2026-06-11
47,47,0,Overnight (0–6),30,11.0,6.0,17.400000000000006,11.400000000000006,28.0,2.0,0.0,2.3000000000000007,0.31666666666666665,0.3294797687861272,30.85,very low recovery time,2026-06-11
47,47,0,PM Peak (15–19),92,8.0,8.0,17.0,9.0,96.0,2.0,1.0,2.0,0.31666666666666665,0.2795031055900621,27.85,very low recovery time,2026-06-11
47,47,1,AM Peak (6–9),57,10.0,8.0,18.0,10.0,52.0,2.0,2.0,7.0,0.31666666666666665,0.3012048192771084,29.16,very low recovery time,2026-06-11
47,47,1,Evening (19–24),73,14.0,7.0,14.0,7.0,73.0,2.0,2.0,7.0,0.31666666666666665,0.23178807947019867,24.99,very low recovery time,2026-06-11
47,47,1,Midday (9–15),103,10.0,9.0,17.0,8.0,99.0,3.0,2.0,6.0,0.2375,0.2564102564102564,23.7,very low recovery time,2026-06-11
47,47,1,Overnight (0–6),29,14.0,7.0,16.599999999999994,9.599999999999994,24.0,2.5,2.0,8.0,0.2714285714285714,0.29268292682926816,27.06,very low recovery time,2026-06-11
47,47,1,PM Peak (15–19),97,14.0,10.0,23.0,13.0,93.0,3.0,3.0,6.0,0.2375,0.3591160220994475,29.86,very low recovery time,2026-06-11
48,48,0,AM Peak (6–9),8,26.0,21.0,26.0,5.0,8.0,5.0,4.0,6.8999999999999995,0.15833333333333333,0.17730496453900707,16.18,moderate,2026-06-11
48,48,0,Evening (19–24),11,22.0,19.0,22.0,3.0,7.0,8.0,7.6,10.000000000000002,0.10555555555555556,0.11450381679389311,10.56,moderate,2026-06-11
48,48,0,Midday (9–15),16,21.0,21.0,22.5,1.5,15.0,4.0,4.0,5.799999999999999,0.19,0.060728744939271245,10.29,moderate,2026-06-11
48,48,0,Overnight (0–6),5,19.0,19.0,21.0,2.0,1.0,2.0,2.0,2.0,0.31666666666666665,0.07936507936507936,15.85,very low recovery time,2026-06-11
48,48,0,PM Peak (15–19),10,23.0,22.8,23.0,0.1999999999999993,8.0,7.0,7.0,7.0,0.11875,0.008547008547008517,4.67,moderate,2026-06-11
48,48,1,AM Peak (6–9),8,25.0,19.0,25.0,6.0,8.0,5.0,3.1,10.0,0.15833333333333333,0.2054794520547945,17.87,moderate,2026-06-11
48,48,1,Evening (19–24),11,20.0,18.0,20.0,2.0,11.0,0.0,0.0,2.0,0.95,0.07936507936507936,38.01,no recovery time,2026-06-11
48,48,1,Midday (9–15),14,21.0,21.0,23.800000000000004,2.8000000000000043,14.0,4.0,4.0,5.0,0.19,0.10769230769230782,13.11,moderate,2026-06-11
48,48,1,Overnight (0–6),4,18.0,18.0,18.7,0.6999999999999993,3.0,2.0,2.0,2.0,0.31666666666666665,0.029288702928870262,12.84,very low recovery time,2026-06-11
48,48,1,PM Peak (15–19),8,25.0,25.0,25.0,0.0,8.0,5.0,3.5000000000000004,5.0,0.15833333333333333,0.0,5.54,moderate,2026-06-11
49,49,0,AM Peak (6–9),11,18.0,17.0,18.0,1.0,11.0,3.0,3.0,3.0,0.2375,0.04132231404958677,10.79,very low recovery time,2026-06-11
49,49,0,Evening (19–24),10,13.0,11.0,13.0,2.0,10.0,6.0,6.0,8.0,0.1357142857142857,0.07936507936507936,9.51,moderate,2026-06-11
49,49,0,Midday (9–15),12,14.0,14.0,14.0,0.0,12.0,5.0,5.0,5.0,0.15833333333333333,0.0,5.54,moderate,2026-06-11
49,49,0,Overnight (0–6),9,11.0,7.633333333333334,14.0,6.366666666666666,7.0,8.0,6.800000000000001,10.0,0.10555555555555556,0.21533258173618935,16.61,moderate,2026-06-11
49,49,0,PM Peak (15–19),15,16.0,16.0,16.0,0.0,12.0,5.0,5.0,5.0,0.15833333333333333,0.0,5.54,moderate,2026-06-11
49,49,1,AM Peak (6–9),12,11.0,9.2,11.0,1.8000000000000007,11.0,0.0,0.0,1.0,0.95,0.07200000000000002,37.57,no recovery time,2026-06-11
49,49,1,Evening (19–24),10,10.5,9.0,11.0,2.0,10.0,0.0,0.0,2.0,0.95,0.07936507936507936,38.01,no recovery time,2026-06-11
49,49,1,Midday (9–15),12,11.0,11.0,11.0,0.0,12.0,0.0,0.0,0.0,0.95,0.0,33.25,no recovery time,2026-06-11
49,49,1,Overnight (0–6),6,9.0,8.0,9.0,1.0,7.0,2.0,1.2000000000000002,3.4000000000000004,0.31666666666666665,0.04132231404958677,13.56,very low recovery time,2026-06-11
49,49,1,PM Peak (15–19),15,13.0,13.0,13.0,0.0,15.0,0.0,0.0,0.0,0.95,0.0,33.25,no recovery time,2026-06-11
50,50,0,AM Peak (6–9),13,19.0,15.0,19.0,4.0,12.0,6.0,3.1,7.0,0.1357142857142857,0.14705882352941174,13.57,moderate,2026-06-11
50,50,0,Evening (19–24),15,16.0,13.0,16.0,3.0,15.0,3.0,3.0,3.0,0.2375,0.11450381679389311,15.18,very low recovery time,2026-06-11
50,50,0,Midday (9–15),16,17.0,17.0,17.0,0.0,16.0,7.0,7.0,7.0,0.11875,0.0,4.16,moderate,2026-06-11
50,50,0,Overnight (0–6),9,13.0,11.0,15.0,4.0,8.0,4.0,3.0,5.0,0.19,0.14705882352941174,15.47,moderate,2026-06-11
50,50,0,PM Peak (15–19),16,19.0,19.0,19.0,0.0,16.0,7.0,7.0,9.0,0.11875,0.0,4.16,moderate,2026-06-11
50,50,1,AM Peak (6–9),12,19.0,14.0,20.0,6.0,12.0,2.0,2.0,2.0,0.31666666666666665,0.2054794520547945,23.41,very low recovery time,2026-06-11
50,50,1,Evening (19–24),15,16.0,14.0,16.0,2.0,15.0,5.0,5.0,10.0,0.15833333333333333,0.07936507936507936,10.3,moderate,2026-06-11
50,50,1,Midday (9–15),16,18.0,18.0,18.0,0.0,16.0,2.0,2.0,2.0,0.31666666666666665,0.0,11.08,very low recovery time,2026-06-11
50,50,1,Overnight (0–6),9,14.0,13.0,14.0,1.0,6.0,8.0,0.5,10.0,0.10555555555555556,0.04132231404958677,6.17,moderate,2026-06-11
50,50,1,PM Peak (15–19),14,20.0,18.6,20.0,1.3999999999999986,15.0,2.0,2.0,4.199999999999999,0.31666666666666665,0.056910569105691,14.5,very low recovery time,2026-06-11
51,51,0,AM Peak (6–9),16,31.0,27.5,40.0,12.5,15.0,9.0,7.800000000000001,11.6,0.095,0.35014005602240894,24.33,moderate,2026-06-11
51,51,0,Evening (19–24),25,27.0,23.0,31.0,8.0,24.0,7.0,4.0,8.399999999999999,0.11875,0.2564102564102564,19.54,moderate,2026-06-11
51,51,0,Midday (9–15),30,34.0,27.0,37.2,10.200000000000003,30.0,10.0,5.9,13.100000000000001,0.08636363636363636,0.30538922155688625,21.35,moderate,2026-06-11
51,51,0,Overnight (0–6),14,25.0,14.066666666666666,29.800000000000004,15.733333333333338,9.0,4.0,3.0,7.4,0.19,0.40410958904109595,30.9,moderate,2026-06-11
51,51,0,PM Peak (15–19),22,35.0,26.5,39.0,12.5,21.0,9.0,9.0,12.0,0.095,0.35014005602240894,24.33,moderate,2026-06-11
51,51,1,AM Peak (6–9),16,33.0,27.5,41.0,13.5,15.0,9.0,4.4,12.6,0.095,0.3678474114441417,25.4,moderate,2026-06-11
51,51,1,Evening (19–24),25,27.0,23.0,33.0,10.0,24.0,6.0,0.0,16.099999999999998,0.1357142857142857,0.3012048192771084,22.82,moderate,2026-06-11
51,51,1,Midday (9–15),31,40.0,33.0,45.0,12.0,30.0,8.0,1.9000000000000004,11.0,0.10555555555555556,0.3409090909090909,24.15,moderate,2026-06-11
51,51,1,Overnight (0–6),14,23.625,4.791666666666667,27.0,22.208333333333332,14.0,1.0,0.0,17.0,0.475,0.4890805652413287,45.97,"no recovery time, high schedule variability",2026-06-11
51,51,1,PM Peak (15–19),22,40.0,33.2,50.0,16.799999999999997,23.0,8.0,4.0,12.8,0.10555555555555556,0.41999999999999993,28.89,moderate,2026-06-11
52,52,0,AM Peak (6–9),50,44.0,5.0,77.30000000000001,72.30000000000001,35.0,5.133333333333334,0.0,10.133333333333333,0.15489130434782608,0.7570680628272252,50.85,high schedule variability,2026-06-11
52,52,0,Evening (19–24),62,39.0,3.0,62.9,59.9,44.0,5.0,0.2999999999999998,8.135,0.15833333333333333,0.7208182912154032,48.79,high schedule variability,2026-06-11
52,52,0,Midday (9–15),96,42.0,5.0,78.0,73.0,68.0,8.133333333333333,5.093333333333334,14.0,0.10401459854014598,0.7588357588357588,49.17,high schedule variability,2026-06-11
52,52,0,Overnight (0–6),35,36.0,3.4000000000000004,59.0,55.6,22.0,4.583333333333333,0.0,9.860000000000005,0.1701492537313433,0.7055837563451776,48.29,high schedule variability,2026-06-11
52,52,0,PM Peak (15–19),68,48.5,5.0,78.0,73.0,52.0,8.183333333333334,7.015,10.0,0.10344827586206896,0.7588357588357588,49.15,high schedule variability,2026-06-11
52,52,1,AM Peak (6–9),38,64.91666666666667,44.0,81.46666666666667,37.46666666666667,35.0,1.0,0.0,15.0,0.475,0.6175824175824176,53.68,"no recovery time, high schedule variability",2026-06-11
52,52,1,Evening (19–24),45,59.9,35.0,67.9,32.900000000000006,45.0,0.0,0.0,11.400000000000006,0.95,0.5864527629233511,68.44,"no recovery time, high schedule variability",2026-06-11
52,52,1,Midday (9–15),75,60.0,42.0,79.86666666666666,37.86666666666666,74.0,2.0,0.0,14.0,0.31666666666666665,0.6200873362445414,48.29,"very low recovery time, high schedule variability",2026-06-11
52,52,1,Overnight (0–6),30,50.93333333333333,26.45500000000001,64.91666666666667,38.46166666666666,21.0,0.0,0.0,6.0,0.95,0.6237532772927534,70.68,"no recovery time, high schedule variability",2026-06-11
52,52,1,PM Peak (15–19),53,71.85,47.4,86.21666666666667,38.81666666666667,47.0,7.0,0.0,16.0,0.11875,0.6259070142434829,41.71,high schedule variability,2026-06-11
53,53,0,AM Peak (6–9),28,60.0,57.0,60.0,3.0,21.0,11.0,8.0,11.0,0.07916666666666666,0.11450381679389311,9.64,moderate,2026-06-11
53,53,0,Evening (19–24),52,54.0,32.88333333333333,57.0,24.116666666666667,39.0,3.0,2.0,13.0,0.2375,0.5096865093342726,38.89,"very low recovery time, high schedule variability",2026-06-11
53,53,0,Midday (9–15),56,56.0,56.0,66.0,10.0,53.0,3.0,3.0,9.0,0.2375,0.3012048192771084,26.38,very low recovery time,2026-06-11
53,53,0,Overnight (0–6),19,50.0,32.88333333333333,57.0,24.116666666666667,10.0,1.0,1.0,13.0,0.475,0.5096865093342726,47.21,"no recovery time, high schedule variability",2026-06-11
53,53,0,PM Peak (15–19),40,68.0,54.0,68.0,14.0,32.0,11.0,5.1,11.0,0.07916666666666666,0.3763440860215054,25.35,moderate,2026-06-11
53,53,1,AM Peak (6–9),28,58.0,52.0,58.0,6.0,27.0,10.0,4.0,10.0,0.08636363636363636,0.2054794520547945,15.35,moderate,2026-06-11
53,53,1,Evening (19–24),42,49.0,41.0,58.0,17.0,49.0,4.0,2.0,4.0,0.19,0.42288557213930345,32.02,moderate,2026-06-11
53,53,1,Midday (9–15),56,54.0,54.0,64.0,10.0,55.0,4.0,4.0,4.0,0.19,0.3012048192771084,24.72,moderate,2026-06-11
53,53,1,Overnight (0–6),24,52.0,41.0,52.0,11.0,20.0,4.0,1.8000000000000003,4.6000000000000085,0.19,0.3216374269005848,25.95,moderate,2026-06-11
53,53,1,PM Peak (15–19),40,60.0,49.0,60.0,11.0,37.0,4.0,3.6,7.399999999999999,0.19,0.3216374269005848,25.95,moderate,2026-06-11
54,54,0,AM Peak (6–9),36,61.35,54.53333333333333,71.0,16.46666666666667,11.0,12.0,12.0,12.0,0.07307692307692307,0.4151260504201681,27.47,moderate,2026-06-11
54,54,0,Evening (19–24),36,50.36666666666667,38.016666666666666,62.0,23.983333333333334,17.0,10.0,0.0,10.4,0.08636363636363636,0.5083009537265983,33.52,high schedule variability,2026-06-11
54,54,0,Midday (9–15),54,68.85,57.36666666666667,79.10000000000001,21.73333333333334,25.0,18.0,13.0,19.0,0.049999999999999996,0.483679525222552,30.77,high schedule variability,2026-06-11
54,54,0,Overnight (0–6),10,38.19166666666666,30.266666666666666,49.0,18.733333333333334,6.0,0.0,0.0,0.0,0.95,0.4467408585055644,60.05,no recovery time,2026-06-11
54,54,0,PM Peak (15–19),36,67.7,58.36666666666667,81.5,23.133333333333333,18.0,15.0,12.5,17.0,0.059375,0.4992805755395683,32.03,high schedule variability,2026-06-11
54,54,1,AM Peak (6–9),36,56.05833333333334,48.11666666666667,67.0,18.883333333333333,35.0,9.0,8.0,10.0,0.095,0.44871287128712867,30.25,moderate,2026-06-11
54,54,1,Evening (19–24),42,41.11666666666667,2.0,52.0,50.0,39.0,10.0,5.0,11.200000000000003,0.08636363636363636,0.6830601092896175,44.01,high schedule variability,2026-06-11
54,54,1,Midday (9–15),52,62.55833333333334,53.11666666666667,71.9,18.78333333333334,50.0,8.0,7.0,11.0,0.10555555555555556,0.4473997618102422,30.54,moderate,2026-06-11
54,54,1,Overnight (0–6),23,44.0,8.623333333333338,59.0,50.376666666666665,13.0,10.0,5.0,14.200000000000003,0.08636363636363636,0.6846826439541521,44.1,high schedule variability,2026-06-11
54,54,1,PM Peak (15–19),37,59.11666666666667,51.11666666666667,72.0,20.883333333333333,36.0,11.0,10.5,12.5,0.07916666666666666,0.4737240075614366,31.19,moderate,2026-06-11
55,55,0,AM Peak (6–9),8,19.0,14.0,19.0,5.0,8.0,7.0,2.0,8.5,0.11875,0.17730496453900707,14.79,moderate,2026-06-11
55,55,0,Evening (19–24),11,14.0,12.0,14.0,2.0,9.0,2.0,2.0,4.4,0.31666666666666665,0.07936507936507936,15.85,very low recovery time,2026-06-11
55,55,0,Midday (9–15),12,15.0,15.0,15.0,0.0,12.0,1.0,1.0,1.0,0.475,0.0,16.62,no recovery time,2026-06-11
55,55,0,Overnight (0–6),5,12.0,12.0,14.0,2.0,5.0,4.0,2.8,5.800000000000001,0.19,0.07936507936507936,11.41,moderate,2026-06-11
55,55,0,PM Peak (15–19),12,19.0,19.0,19.0,0.0,11.0,6.0,6.0,6.0,0.1357142857142857,0.0,4.75,moderate,2026-06-11
55,55,1,AM Peak (6–9),8,13.0,11.0,13.0,2.0,8.0,1.0,1.0,3.0,0.475,0.07936507936507936,21.39,no recovery time,2026-06-11
55,55,1,Evening (19–24),10,13.0,11.0,13.0,2.0,11.0,1.0,1.0,3.0,0.475,0.07936507936507936,21.39,no recovery time,2026-06-11
55,55,1,Midday (9–15),13,13.0,13.0,13.0,0.0,12.0,1.0,1.0,1.0,0.475,0.0,16.62,no recovery time,2026-06-11
55,55,1,Overnight (0–6),5,11.0,5.63,11.0,5.37,5.0,3.0,1.8,3.0,0.2375,0.18795939796989847,19.59,very low recovery time,2026-06-11
55,55,1,PM Peak (15–19),12,15.0,15.0,15.0,0.0,12.0,0.0,0.0,0.0,0.95,0.0,33.25,no recovery time,2026-06-11
57,57,0,AM Peak (6–9),16,37.75,31.5,37.75,6.25,14.0,8.0,2.9000000000000004,8.0,0.10555555555555556,0.2122241086587436,16.43,moderate,2026-06-11
57,57,0,Evening (19–24),17,33.75,30.5,33.75,3.25,17.0,4.0,4.0,7.0,0.19,0.12287334593572778,14.02,moderate,2026-06-11
57,57,0,Midday (9–15),32,37.5,37.5,37.5,0.0,33.0,4.0,3.0,4.0,0.19,0.0,6.65,moderate,2026-06-11
57,57,0,Overnight (0–6),9,31.5,30.5,31.5,1.0,7.0,5.0,5.0,7.0,0.15833333333333333,0.04132231404958677,8.02,moderate,2026-06-11
57,57,0,PM Peak (15–19),19,39.75,33.75,39.75,6.0,19.0,4.0,4.0,5.199999999999999,0.19,0.2054794520547945,18.98,moderate,2026-06-11
57,57,1,AM Peak (6–9),16,39.31666666666667,35.05,39.31666666666667,4.266666666666673,,10.0,,,0.08636363636363636,0.1553398058252429,12.34,moderate,2026-06-11
57,57,1,Evening (19–24),17,34.05,31.05,34.05,2.9999999999999964,,10.0,,,0.08636363636363636,0.114503816793893,9.89,moderate,2026-06-11
57,57,1,Midday (9–15),34,38.05,38.05,38.93666666666667,0.8866666666666703,,10.0,,,0.08636363636363636,0.03681151397730432,5.23,moderate,2026-06-11
57,57,1,Overnight (0–6),8,34.8,31.05,34.8,3.7499999999999964,,10.0,,,0.08636363636363636,0.13914656771799616,11.37,moderate,2026-06-11
57,57,1,PM Peak (15–19),19,42.31666666666667,34.05,42.31666666666667,8.266666666666673,,10.0,,,0.08636363636363636,0.2627118644067798,18.79,moderate,2026-06-11
59,59,0,AM Peak (6–9),12,35.0,33.2,37.0,3.799999999999997,10.0,4.0,4.0,8.2,0.19,0.14074074074074064,15.09,moderate,2026-06-11
59,59,0,Evening (19–24),13,28.0,25.4,30.8,5.400000000000002,12.0,6.5,0.20000000000000018,12.600000000000001,0.12666666666666665,0.18881118881118886,15.76,moderate,2026-06-11
59,59,0,Midday (9–15),16,33.0,32.0,34.5,2.5,15.0,7.0,0.40000000000000013,9.399999999999999,0.11875,0.09727626459143968,9.99,moderate,2026-06-11
59,59,0,Overnight (0–6),3,7.4,7.013333333333334,21.48,14.466666666666667,2.0,6.0,5.2,6.8,0.1357142857142857,0.38407079646017694,27.79,moderate,2026-06-11
59,59,0,PM Peak (15–19),13,36.0,36.0,37.0,1.0,11.0,12.0,8.0,12.0,0.07307692307692307,0.04132231404958677,5.04,moderate,2026-06-11
59,59,1,AM Peak (6–9),12,30.0,28.2,32.0,3.8000000000000007,12.0,4.0,2.0,6.0,0.19,0.14074074074074075,15.09,moderate,2026-06-11
59,59,1,Evening (19–24),11,28.0,25.0,28.0,3.0,13.0,2.0,0.0,4.0,0.31666666666666665,0.11450381679389311,17.95,very low recovery time,2026-06-11
59,59,1,Midday (9–15),16,32.0,31.0,33.0,2.0,15.0,5.0,2.4000000000000004,6.6,0.15833333333333333,0.07936507936507936,10.3,moderate,2026-06-11
59,59,1,Overnight (0–6),5,25.0,17.12,27.2,10.079999999999998,4.0,4.5,4.0,5.0,0.17272727272727273,0.3028846153846153,24.22,moderate,2026-06-11
59,59,1,PM Peak (15–19),13,37.0,37.0,39.0,2.0,13.0,4.0,2.0,5.0,0.19,0.07936507936507936,11.41,moderate,2026-06-11
60,60,0,AM Peak (6–9),26,34.0,30.0,34.0,4.0,26.0,7.0,4.0,8.0,0.11875,0.14705882352941174,12.98,moderate,2026-06-11
60,60,0,Evening (19–24),27,34.0,26.8,45.0,18.2,29.0,6.0,4.0,10.0,0.1357142857142857,0.4396135265700482,31.13,moderate,2026-06-11
60,60,0,Midday (9–15),43,35.0,34.0,38.0,4.0,41.0,9.0,5.0,9.0,0.095,0.14705882352941174,12.15,moderate,2026-06-11
60,60,0,Overnight (0–6),19,27.0,23.776666666666667,45.06666666666667,21.290000000000003,11.0,10.0,2.0,13.0,0.08636363636363636,0.4785345021353113,31.73,moderate,2026-06-11
60,60,0,PM Peak (15–19),30,41.0,38.9,41.0,2.1000000000000014,28.0,7.0,7.0,7.0,0.11875,0.08300395256917001,9.14,moderate,2026-06-11
60,60,1,AM Peak (6–9),27,31.45,27.583333333333332,31.45,3.866666666666667,28.0,4.55,4.416666666666667,4.55,0.17117117117117117,0.14285714285714285,14.56,moderate,2026-06-11
60,60,1,Evening (19–24),28,28.45,22.583333333333332,45.0,22.416666666666668,24.0,1.55,1.55,8.0,0.37254901960784315,0.4914139568871026,42.52,"very low recovery time, high schedule variability",2026-06-11
60,60,1,Midday (9–15),42,32.45,31.45,35.45,4.0000000000000036,42.0,4.55,4.55,4.55,0.17117117117117117,0.14705882352941185,14.81,moderate,2026-06-11
60,60,1,Overnight (0–6),22,30.283333333333335,21.683333333333334,47.10000000000001,25.416666666666675,16.0,4.208333333333334,1.7083333333333335,8.0,0.18239999999999998,0.5227973945834763,37.75,high schedule variability,2026-06-11
60,60,1,PM Peak (15–19),29,38.45,35.45,38.45,3.0,29.0,1.55,1.55,3.55,0.37254901960784315,0.11450381679389311,19.91,very low recovery time,2026-06-11
61,61,0,AM Peak (6–9),10,22.5,15.0,23.0,8.0,9.0,10.0,5.0,13.600000000000001,0.08636363636363636,0.2564102564102564,18.41,moderate,2026-06-11
61,61,0,Evening (19–24),15,15.0,14.0,18.6,4.600000000000001,14.0,5.0,2.0,8.100000000000003,0.15833333333333333,0.1654676258992806,15.47,moderate,2026-06-11
61,61,0,Midday (9–15),19,20.0,20.0,20.4,0.3999999999999986,19.0,8.0,7.8,9.0,0.10555555555555556,0.01694915254237282,4.71,moderate,2026-06-11
61,61,0,Overnight (0–6),7,14.0,14.0,15.0,1.0,7.0,6.0,6.0,7.0,0.1357142857142857,0.04132231404958677,7.23,moderate,2026-06-11
61,61,0,PM Peak (15–19),14,22.0,19.0,22.0,3.0,13.0,15.0,8.0,15.0,0.059375,0.11450381679389311,8.95,moderate,2026-06-11
61,61,1,AM Peak (6–9),10,23.0,16.0,23.0,7.0,9.0,2.0,2.0,4.0,0.31666666666666665,0.23178807947019867,24.99,very low recovery time,2026-06-11
61,61,1,Evening (19–24),15,18.0,15.0,21.2,6.199999999999999,15.0,5.0,5.0,5.6,0.15833333333333333,0.21088435374149656,18.19,moderate,2026-06-11
61,61,1,Midday (9–15),21,21.0,21.0,23.0,2.0,20.0,5.0,4.0,7.0,0.15833333333333333,0.07936507936507936,10.3,moderate,2026-06-11
61,61,1,Overnight (0–6),6,15.0,15.0,15.5,0.5,5.0,5.0,3.2,5.0,0.15833333333333333,0.02109704641350211,6.81,moderate,2026-06-11
61,61,1,PM Peak (15–19),13,31.0,22.6,31.0,8.399999999999999,13.0,4.0,2.4000000000000004,5.0,0.19,0.2658227848101265,22.6,moderate,2026-06-11
62,62,0,AM Peak (6–9),11,27.0,22.0,27.0,5.0,11.0,1.0,0.0,7.0,0.475,0.17730496453900707,27.26,no recovery time,2026-06-11
62,62,0,Evening (19–24),16,23.0,20.0,23.0,3.0,15.0,7.0,6.0,8.0,0.11875,0.11450381679389311,11.03,moderate,2026-06-11
62,62,0,Midday (9–15),19,25.0,25.0,25.4,0.3999999999999986,17.0,3.0,3.0,3.0,0.2375,0.01694915254237282,9.33,very low recovery time,2026-06-11
62,62,0,Overnight (0–6),5,20.0,20.0,22.0,2.0,4.0,8.0,2.4000000000000004,8.0,0.10555555555555556,0.07936507936507936,8.46,moderate,2026-06-11
62,62,0,PM Peak (15–19),13,30.0,30.0,30.0,0.0,13.0,6.0,2.8000000000000007,6.0,0.1357142857142857,0.0,4.75,moderate,2026-06-11
62,62,1,AM Peak (6–9),10,31.0,24.0,31.0,7.0,9.0,7.0,6.0,8.0,0.11875,0.23178807947019867,18.06,moderate,2026-06-11
62,62,1,Evening (19–24),15,22.0,20.0,22.0,2.0,15.0,2.0,0.0,2.0,0.31666666666666665,0.07936507936507936,15.85,very low recovery time,2026-06-11
62,62,1,Midday (9–15),18,27.0,27.0,27.0,0.0,19.0,5.0,2.6,5.0,0.15833333333333333,0.0,5.54,moderate,2026-06-11
62,62,1,Overnight (0–6),5,20.0,20.0,24.0,4.0,4.0,0.0,0.0,5.600000000000001,0.95,0.14705882352941174,42.07,no recovery time,2026-06-11
62,62,1,PM Peak (15–19),14,30.0,30.0,30.0,0.0,13.0,6.0,6.0,6.0,0.1357142857142857,0.0,4.75,moderate,2026-06-11
63,63,0,AM Peak (6–9),67,19.0,7.266666666666667,24.0,16.733333333333334,61.0,2.0,1.0,2.0,0.31666666666666665,0.41903171953255425,36.23,very low recovery time,2026-06-11
63,63,0,Evening (19–24),60,18.0,13.0,21.0,8.0,62.0,1.5,0.0,2.0,0.38,0.2564102564102564,28.68,very low recovery time,2026-06-11
63,63,0,Midday (9–15),93,19.0,18.0,24.0,6.0,93.0,2.0,1.0,3.0,0.31666666666666665,0.2054794520547945,23.41,very low recovery time,2026-06-11
63,63,0,Overnight (0–6),27,14.0,13.0,20.0,7.0,27.0,2.0,0.0,4.200000000000006,0.31666666666666665,0.23178807947019867,24.99,very low recovery time,2026-06-11
63,63,0,PM Peak (15–19),90,22.5,8.516666666666667,24.0,15.483333333333333,93.0,1.0,1.0,2.0,0.475,0.4002585092632485,40.64,no recovery time,2026-06-11
63,63,1,AM Peak (6–9),55,17.0,11.916666666666666,28.0,16.083333333333336,40.0,2.0,2.0,7.0,0.31666666666666665,0.4094187526516759,35.65,very low recovery time,2026-06-11
63,63,1,Evening (19–24),65,25.0,13.0,26.0,13.0,61.0,2.0,2.0,8.0,0.31666666666666665,0.3591160220994475,32.63,very low recovery time,2026-06-11
63,63,1,Midday (9–15),92,19.0,16.0,28.0,12.0,82.0,2.0,2.0,8.0,0.31666666666666665,0.3409090909090909,31.54,very low recovery time,2026-06-11
63,63,1,Overnight (0–6),28,13.0,10.0,25.0,15.0,23.0,2.0,2.0,5.0,0.31666666666666665,0.3926701570680628,34.64,very low recovery time,2026-06-11
63,63,1,PM Peak (15–19),96,19.0,16.866666666666667,37.0,20.133333333333333,72.0,2.0,2.0,6.0,0.31666666666666665,0.4646153846153846,38.96,very low recovery time,2026-06-11
64,64,0,AM Peak (6–9),18,8.0,8.0,11.0,3.0,17.0,4.0,0.0,4.0,0.19,0.11450381679389311,13.52,moderate,2026-06-11
64,64,0,Evening (19–24),16,9.0,8.0,9.0,1.0,16.0,0.0,0.0,0.0,0.95,0.04132231404958677,35.73,no recovery time,2026-06-11
64,64,0,Midday (9–15),37,9.0,9.0,9.0,0.0,37.0,0.0,0.0,0.0,0.95,0.0,33.25,no recovery time,2026-06-11
64,64,0,Overnight (0–6),7,8.0,8.0,8.0,0.0,8.0,0.0,0.0,2.5999999999999996,0.95,0.0,33.25,no recovery time,2026-06-11
64,64,0,PM Peak (15–19),24,10.0,10.0,10.0,0.0,24.0,0.0,0.0,0.0,0.95,0.0,33.25,no recovery time,2026-06-11
64,64,1,AM Peak (6–9),18,9.0,9.0,10.0,1.0,,10.0,,,0.08636363636363636,0.04132231404958677,5.5,moderate,2026-06-11
64,64,1,Evening (19–24),16,9.0,8.0,9.0,1.0,6.0,4.0,4.0,4.0,0.19,0.04132231404958677,9.13,moderate,2026-06-11
64,64,1,Midday (9–15),37,9.0,9.0,9.399999999999999,0.3999999999999986,,10.0,,,0.08636363636363636,0.01694915254237282,4.04,moderate,2026-06-11
64,64,1,Overnight (0–6),7,8.0,8.0,9.0,1.0,3.0,4.0,4.0,4.0,0.19,0.04132231404958677,9.13,moderate,2026-06-11
64,64,1,PM Peak (15–19),24,11.0,11.0,11.0,0.0,,10.0,,,0.08636363636363636,0.0,3.02,moderate,2026-06-11
65,65,0,AM Peak (6–9),18,21.0,17.0,21.0,4.0,18.0,2.0,1.0,3.3000000000000007,0.31666666666666665,0.14705882352941174,19.91,very low recovery time,2026-06-11
65,65,0,Evening (19–24),22,19.0,16.0,19.0,3.0,21.0,1.0,1.0,2.0,0.475,0.11450381679389311,23.5,no recovery time,2026-06-11
65,65,0,Midday (9–15),29,21.0,21.0,23.0,2.0,28.0,3.0,2.0,3.0,0.2375,0.07936507936507936,13.07,very low recovery time,2026-06-11
65,65,0,Overnight (0–6),14,16.0,16.0,17.0,1.0,13.0,2.0,1.2000000000000002,2.8000000000000007,0.31666666666666665,0.04132231404958677,13.56,very low recovery time,2026-06-11
65,65,0,PM Peak (15–19),21,23.0,23.0,23.0,0.0,21.0,2.0,2.0,2.0,0.31666666666666665,0.0,11.08,very low recovery time,2026-06-11
65,65,1,AM Peak (6–9),17,21.0,18.0,21.0,3.0,18.0,5.0,4.0,6.0,0.15833333333333333,0.11450381679389311,12.41,moderate,2026-06-11
65,65,1,Evening (19–24),22,21.0,17.0,21.0,4.0,21.0,4.0,4.0,4.0,0.19,0.14705882352941174,15.47,moderate,2026-06-11
65,65,1,Midday (9–15),28,22.0,22.0,25.0,3.0,27.0,6.0,5.0,6.0,0.1357142857142857,0.11450381679389311,11.62,moderate,2026-06-11
65,65,1,Overnight (0–6),13,17.0,17.0,18.0,1.0,10.0,4.0,1.8,4.0,0.19,0.04132231404958677,9.13,moderate,2026-06-11
65,65,1,PM Peak (15–19),22,25.0,25.0,25.0,0.0,22.0,5.0,5.0,5.0,0.15833333333333333,0.0,5.54,moderate,2026-06-11
66,66,0,AM Peak (6–9),31,19.0,13.916666666666666,23.0,9.083333333333334,29.0,1.0,0.8000000000000003,5.0,0.475,0.28136293236964377,33.51,no recovery time,2026-06-11
66,66,0,Evening (19–24),22,19.433333333333334,14.9,24.0,9.1,22.0,1.0,0.0,3.0,0.475,0.28173374613003094,33.53,no recovery time,2026-06-11
66,66,0,Midday (9–15),28,17.4,16.9,23.0,6.100000000000001,27.0,8.0,0.0,8.0,0.10555555555555556,0.2081911262798635,16.19,moderate,2026-06-11
66,66,0,Overnight (0–6),9,14.9,12.133333333333333,22.0,9.866666666666667,6.0,1.5,0.0,3.5,0.38,0.2983870967741935,31.2,very low recovery time,2026-06-11
66,66,0,PM Peak (15–19),40,25.0,18.866666666666667,25.0,6.133333333333333,39.0,1.0,1.0,4.0,0.475,0.20909090909090905,29.17,no recovery time,2026-06-11
66,66,1,AM Peak (6–9),28,17.433333333333334,16.33,19.866666666666667,3.536666666666669,19.0,6.133333333333334,6.1,6.133333333333334,0.13317757009345793,0.13227777085151482,12.6,moderate,2026-06-11
66,66,1,Evening (19–24),23,14.9,12.0,16.866666666666667,4.866666666666667,,10.0,,,0.08636363636363636,0.17339667458432304,13.43,moderate,2026-06-11
66,66,1,Midday (9–15),28,16.933333333333334,16.0,17.866666666666667,1.8666666666666671,1.0,7.133333333333334,7.133333333333334,7.133333333333334,0.1168032786885246,0.07446808510638299,8.56,moderate,2026-06-11
66,66,1,Overnight (0–6),9,14.9,12.0,15.38,3.380000000000001,1.0,21.083333333333332,21.083333333333332,21.083333333333332,0.0430188679245283,0.127163280662152,9.14,moderate,2026-06-11
66,66,1,PM Peak (15–19),40,17.866666666666667,16.0,17.866666666666667,1.8666666666666671,38.0,6.133333333333334,6.133333333333334,6.133333333333334,0.13317757009345793,0.07446808510638299,9.13,moderate,2026-06-11
67,67,0,AM Peak (6–9),23,15.0,15.0,30.0,15.0,21.0,0.0,0.0,0.0,0.95,0.3926701570680628,56.81,no recovery time,2026-06-11
67,67,0,Evening (19–24),15,24.0,22.0,24.0,2.0,14.0,2.0,0.6000000000000001,4.800000000000004,0.31666666666666665,0.07936507936507936,15.85,very low recovery time,2026-06-11
67,67,0,Midday (9–15),26,28.0,28.0,28.0,0.0,24.0,4.0,4.0,4.0,0.19,0.0,6.65,moderate,2026-06-11
67,67,0,Overnight (0–6),5,22.0,16.6,28.0,11.399999999999999,4.0,3.0,2.0,4.0,0.2375,0.3294797687861271,28.08,very low recovery time,2026-06-11
67,67,0,PM Peak (15–19),23,30.0,30.0,30.0,0.0,24.0,5.0,5.0,5.0,0.15833333333333333,0.0,5.54,moderate,2026-06-11
67,67,1,AM Peak (6–9),21,18.0,18.0,30.0,12.0,21.0,7.0,7.0,12.0,0.11875,0.3409090909090909,24.61,moderate,2026-06-11
67,67,1,Evening (19–24),15,26.0,24.0,26.0,2.0,15.0,2.0,2.0,4.0,0.31666666666666665,0.07936507936507936,15.85,very low recovery time,2026-06-11
67,67,1,Midday (9–15),24,27.0,27.0,27.0,0.0,24.0,1.0,1.0,1.0,0.475,0.0,16.62,no recovery time,2026-06-11
67,67,1,Overnight (0–6),6,25.0,24.0,26.0,2.0,3.0,2.0,0.4,9.200000000000001,0.31666666666666665,0.07936507936507936,15.85,very low recovery time,2026-06-11
67,67,1,PM Peak (15–19),24,31.0,31.0,31.0,0.0,22.0,4.0,4.0,4.0,0.19,0.0,6.65,moderate,2026-06-11
68,68,0,AM Peak (6–9),23,42.0,42.0,65.0,23.0,20.0,11.0,8.8,11.0,0.07916666666666666,0.4978354978354978,32.64,high schedule variability,2026-06-11
68,68,0,Evening (19–24),20,36.0,33.0,52.0,19.0,18.0,6.0,6.0,16.0,0.1357142857142857,0.45023696682464454,31.76,moderate,2026-06-11
68,68,0,Midday (9–15),36,43.0,43.0,62.0,19.0,36.0,6.0,5.5,6.5,0.1357142857142857,0.45023696682464454,31.76,moderate,2026-06-11
68,68,0,Overnight (0–6),12,37.0,33.0,37.0,4.0,9.0,2.0,1.6,6.2,0.31666666666666665,0.14705882352941174,19.91,very low recovery time,2026-06-11
68,68,0,PM Peak (15–19),23,50.0,42.0,71.0,29.0,24.0,8.0,3.3000000000000003,8.7,0.10555555555555556,0.5555555555555556,37.03,high schedule variability,2026-06-11
68,68,1,AM Peak (6–9),22,50.5,41.0,62.0,21.0,19.0,10.0,9.2,15.599999999999998,0.08636363636363636,0.4751131221719457,31.53,moderate,2026-06-11
68,68,1,Evening (19–24),19,39.0,35.0,54.0,19.0,19.0,5.0,3.0,14.0,0.15833333333333333,0.45023696682464454,32.56,moderate,2026-06-11
68,68,1,Midday (9–15),36,43.0,43.0,60.0,17.0,34.0,8.0,2.0,10.0,0.10555555555555556,0.42288557213930345,29.07,moderate,2026-06-11
68,68,1,Overnight (0–6),13,35.0,35.0,50.0,15.0,9.0,8.0,2.4000000000000004,12.400000000000002,0.10555555555555556,0.3926701570680628,27.25,moderate,2026-06-11
68,68,1,PM Peak (15–19),22,52.5,45.6,69.0,23.4,21.0,9.0,7.0,10.0,0.095,0.502145922746781,33.45,high schedule variability,2026-06-11
69,69,0,AM Peak (6–9),9,25.0,22.0,25.0,3.0,9.0,1.0,0.0,1.0,0.475,0.11450381679389311,23.5,no recovery time,2026-06-11
69,69,0,Evening (19–24),15,23.0,19.0,23.0,4.0,16.0,1.0,0.5,6.5,0.475,0.14705882352941174,25.45,no recovery time,2026-06-11
69,69,0,Midday (9–15),20,24.0,24.0,25.0,1.0,20.0,1.0,0.9000000000000001,1.1000000000000014,0.475,0.04132231404958677,19.1,no recovery time,2026-06-11
69,69,0,Overnight (0–6),8,19.0,2.0833333333333335,19.9,17.816666666666666,8.0,1.0,0.0,1.0,0.475,0.4343762698090207,42.69,no recovery time,2026-06-11
69,69,0,PM Peak (15–19),14,25.0,23.0,25.0,2.0,13.0,1.0,1.0,1.0,0.475,0.07936507936507936,21.39,no recovery time,2026-06-11
69,69,1,AM Peak (6–9),9,29.0,21.0,29.0,8.0,8.0,3.0,1.7000000000000002,6.799999999999999,0.2375,0.2564102564102564,23.7,very low recovery time,2026-06-11
69,69,1,Evening (19–24),16,28.0,19.0,28.0,9.0,14.0,8.5,1.3,16.0,0.09999999999999999,0.2795031055900621,20.27,moderate,2026-06-11
69,69,1,Midday (9–15),20,26.0,26.0,29.0,3.0,20.0,3.0,3.0,3.1000000000000014,0.2375,0.11450381679389311,15.18,very low recovery time,2026-06-11
69,69,1,Overnight (0–6),8,19.0,14.200000000000001,21.0,6.799999999999999,7.0,2.0,2.0,7.600000000000003,0.31666666666666665,0.22666666666666663,24.68,very low recovery time,2026-06-11
69,69,1,PM Peak (15–19),13,29.0,28.0,29.0,1.0,13.0,10.0,10.0,11.600000000000001,0.08636363636363636,0.04132231404958677,5.5,moderate,2026-06-11
70,70,0,AM Peak (6–9),15,25.0,21.0,25.0,4.0,13.0,0.0,0.0,2.0,0.95,0.14705882352941174,42.07,no recovery time,2026-06-11
70,70,0,Evening (19–24),24,22.0,20.0,28.099999999999998,8.099999999999998,23.0,0.0,0.0,4.800000000000001,0.95,0.2587859424920127,48.78,no recovery time,2026-06-11
70,70,0,Midday (9–15),32,25.0,25.0,25.0,0.0,33.0,0.0,0.0,0.0,0.95,0.0,33.25,no recovery time,2026-06-11
70,70,0,Overnight (0–6),10,20.0,20.0,21.066666666666666,1.0666666666666664,10.0,0.0,0.0,0.0,0.95,0.04395604395604394,35.89,no recovery time,2026-06-11
70,70,0,PM Peak (15–19),24,32.0,32.0,32.0,0.0,23.0,0.0,0.0,0.0,0.95,0.0,33.25,no recovery time,2026-06-11
70,70,1,AM Peak (6–9),14,27.0,20.0,27.0,7.0,13.0,8.0,4.0,8.0,0.10555555555555556,0.23178807947019867,17.6,moderate,2026-06-11
70,70,1,Evening (19–24),23,20.0,18.0,25.400000000000002,7.400000000000002,23.0,6.0,0.40000000000000036,7.0,0.1357142857142857,0.24183006535947715,19.26,moderate,2026-06-11
70,70,1,Midday (9–15),33,24.0,24.0,26.0,2.0,33.0,6.0,3.2,6.0,0.1357142857142857,0.07936507936507936,9.51,moderate,2026-06-11
70,70,1,Overnight (0–6),10,18.0,17.985,20.0,2.0150000000000006,7.0,7.0,4.0,13.000000000000005,0.11875,0.07991275034701567,8.95,moderate,2026-06-11
70,70,1,PM Peak (15–19),26,26.0,26.0,26.0,0.0,24.0,2.0,2.0,2.0,0.31666666666666665,0.0,11.08,very low recovery time,2026-06-11
71,71,0,AM Peak (6–9),16,31.5,28.0,34.0,6.0,15.0,6.0,3.2,6.0,0.1357142857142857,0.2054794520547945,17.08,moderate,2026-06-11
71,71,0,Evening (19–24),18,27.0,22.0,27.0,5.0,19.0,4.0,2.8,5.0,0.19,0.17730496453900707,17.29,moderate,2026-06-11
71,71,0,Midday (9–15),25,30.0,30.0,30.0,0.0,25.0,3.0,3.0,4.0,0.2375,0.0,8.31,very low recovery time,2026-06-11
71,71,0,Overnight (0–6),8,22.0,15.73,28.0,12.27,5.0,5.0,0.8,5.0,0.15833333333333333,0.34592613476177053,26.3,moderate,2026-06-11
71,71,0,PM Peak (15–19),20,33.0,27.0,33.0,6.0,21.0,3.0,0.0,3.0,0.2375,0.2054794520547945,20.64,very low recovery time,2026-06-11
71,71,1,AM Peak (6–9),15,32.0,26.0,32.6,6.600000000000001,13.0,12.0,9.4,13.0,0.07307692307692307,0.2214765100671141,15.85,moderate,2026-06-11
71,71,1,Evening (19–24),18,29.0,25.0,29.0,4.0,17.0,14.0,5.6,15.0,0.06333333333333332,0.14705882352941174,11.04,moderate,2026-06-11
71,71,1,Midday (9–15),25,33.0,33.0,33.0,0.0,24.0,9.0,2.6000000000000005,9.0,0.095,0.0,3.32,moderate,2026-06-11
71,71,1,Overnight (0–6),7,25.0,25.0,26.0,1.0,4.0,8.0,8.0,11.5,0.10555555555555556,0.04132231404958677,6.17,moderate,2026-06-11
71,71,1,PM Peak (15–19),21,41.0,29.0,41.0,12.0,19.0,7.0,5.4,7.0,0.11875,0.3409090909090909,24.61,moderate,2026-06-11
72,72,0,AM Peak (6–9),25,52.0,43.0,52.0,9.0,22.0,4.0,1.0,5.0,0.19,0.2795031055900621,23.42,moderate,2026-06-11
72,72,0,Evening (19–24),32,46.0,41.0,46.0,5.0,33.0,5.0,3.0,5.0,0.15833333333333333,0.17730496453900707,16.18,moderate,2026-06-11
72,72,0,Midday (9–15),42,51.0,51.0,55.0,4.0,34.0,4.0,3.0,5.399999999999999,0.19,0.14705882352941174,15.47,moderate,2026-06-11
72,72,0,Overnight (0–6),14,41.0,34.0,42.61666666666667,8.616666666666667,9.0,3.0,2.8,7.2,0.2375,0.27082242011524355,24.56,very low recovery time,2026-06-11
72,72,0,PM Peak (15–19),32,55.0,46.9,55.0,8.100000000000001,31.0,4.0,4.0,5.0,0.19,0.2587859424920128,22.18,moderate,2026-06-11
72,72,1,AM Peak (6–9),24,50.0,41.0,50.0,9.0,22.0,5.0,5.0,7.0,0.15833333333333333,0.2795031055900621,22.31,moderate,2026-06-11
72,72,1,Evening (19–24),32,48.0,40.0,48.0,8.0,31.0,9.0,4.0,9.0,0.095,0.2564102564102564,18.71,moderate,2026-06-11
72,72,1,Midday (9–15),42,55.0,55.0,60.0,5.0,40.0,7.0,5.9,7.100000000000001,0.11875,0.17730496453900707,14.79,moderate,2026-06-11
72,72,1,Overnight (0–6),17,40.0,24.74666666666667,41.0,16.25333333333333,9.0,6.0,4.8,10.0,0.1357142857142857,0.411963501182832,29.47,moderate,2026-06-11
72,72,1,PM Peak (15–19),32,60.0,60.0,60.0,0.0,31.0,8.0,8.0,8.0,0.10555555555555556,0.0,3.69,moderate,2026-06-11
73,73,0,AM Peak (6–9),24,30.0,22.0,53.0,31.0,23.0,6.0,6.0,9.0,0.1357142857142857,0.5719557195571956,39.07,high schedule variability,2026-06-11
73,73,0,Evening (19–24),26,24.0,21.0,42.0,21.0,26.0,7.0,2.0,9.0,0.11875,0.4751131221719457,32.66,moderate,2026-06-11
73,73,0,Midday (9–15),34,30.5,26.200000000000003,50.0,23.799999999999997,33.0,9.0,2.0,9.0,0.095,0.5063829787234042,33.71,high schedule variability,2026-06-11
73,73,0,Overnight (0–6),14,29.5,21.0,43.0,22.0,7.0,7.0,2.0,9.0,0.11875,0.48672566371681414,33.36,high schedule variability,2026-06-11
73,73,0,PM Peak (15–19),30,32.0,25.0,53.0,28.0,30.0,2.0,2.0,2.0,0.31666666666666665,0.546875,43.9,"very low recovery time, high schedule variability",2026-06-11
73,73,1,AM Peak (6–9),23,34.0,21.8,48.0,26.2,23.0,6.0,2.0,25.0,0.1357142857142857,0.5303643724696355,36.57,high schedule variability,2026-06-11
73,73,1,Evening (19–24),26,32.5,25.0,46.0,21.0,26.0,5.0,2.0,13.5,0.15833333333333333,0.4751131221719457,34.05,moderate,2026-06-11
73,73,1,Midday (9–15),35,36.0,32.0,48.0,16.0,31.0,5.0,0.0,13.0,0.15833333333333333,0.4081632653061224,30.03,moderate,2026-06-11
73,73,1,Overnight (0–6),13,27.0,25.0,44.0,19.0,11.0,5.0,2.0,9.0,0.15833333333333333,0.45023696682464454,32.56,moderate,2026-06-11
73,73,1,PM Peak (15–19),30,36.0,26.0,56.0,30.0,30.0,7.0,2.0,21.0,0.11875,0.5639097744360902,37.99,high schedule variability,2026-06-11
74,74,0,AM Peak (6–9),9,25.0,17.0,26.6,9.600000000000001,9.0,2.0,1.6,8.4,0.31666666666666665,0.2926829268292683,28.64,very low recovery time,2026-06-11
74,74,0,Evening (19–24),14,16.0,14.0,16.0,2.0,14.0,3.0,3.0,5.0,0.2375,0.07936507936507936,13.07,very low recovery time,2026-06-11
74,74,0,Midday (9–15),15,19.0,19.0,20.799999999999997,1.7999999999999972,14.0,6.0,4.6,6.0,0.1357142857142857,0.07199999999999988,9.07,moderate,2026-06-11
74,74,0,Overnight (0–6),6,14.0,14.0,16.6,2.6000000000000014,5.0,5.0,2.0,12.200000000000001,0.15833333333333333,0.10077519379844965,11.59,moderate,2026-06-11
74,74,0,PM Peak (15–19),13,22.0,20.0,22.0,2.0,14.0,4.0,4.0,10.0,0.19,0.07936507936507936,11.41,moderate,2026-06-11
74,74,1,AM Peak (6–9),10,21.891666666666666,18.0,22.0,4.0,8.0,4.0,3.0,8.399999999999999,0.19,0.14705882352941174,15.47,moderate,2026-06-11
74,74,1,Evening (19–24),15,18.0,15.0,18.0,3.0,14.0,3.0,3.0,6.0,0.2375,0.11450381679389311,15.18,very low recovery time,2026-06-11
74,74,1,Midday (9–15),15,20.0,20.0,20.0,0.0,14.0,5.0,5.0,5.0,0.15833333333333333,0.0,5.54,moderate,2026-06-11
74,74,1,Overnight (0–6),6,15.0,15.0,15.0,0.0,5.0,6.0,0.0,6.0,0.1357142857142857,0.0,4.75,moderate,2026-06-11
74,74,1,PM Peak (15–19),13,28.0,24.0,28.0,4.0,13.0,6.0,2.8000000000000007,6.0,0.1357142857142857,0.14705882352941174,13.57,moderate,2026-06-11
75,75,0,AM Peak (6–9),26,29.0,20.783333333333335,29.0,8.216666666666665,23.0,5.0,2.0,8.0,0.15833333333333333,0.2615384615384615,21.23,moderate,2026-06-11
75,75,0,Evening (19–24),14,26.0,23.0,26.0,3.0,17.0,8.0,2.0,12.0,0.10555555555555556,0.11450381679389311,10.56,moderate,2026-06-11
75,75,0,Midday (9–15),42,28.0,28.0,28.0,0.0,43.0,7.0,6.0,7.0,0.11875,0.0,4.16,moderate,2026-06-11
75,75,0,Overnight (0–6),6,23.0,15.866666666666667,23.0,7.133333333333333,5.0,3.0,2.0,6.6,0.2375,0.23516483516483513,22.42,very low recovery time,2026-06-11
75,75,0,PM Peak (15–19),28,31.0,31.0,31.0,0.0,27.0,13.0,6.0,13.0,0.06785714285714285,0.0,2.38,moderate,2026-06-11
75,75,1,AM Peak (6–9),23,20.0,17.0,20.0,3.0,20.0,3.0,3.0,5.0,0.2375,0.11450381679389311,15.18,very low recovery time,2026-06-11
75,75,1,Evening (19–24),17,18.0,17.0,18.0,1.0,14.0,4.0,2.0,6.700000000000001,0.19,0.04132231404958677,9.13,moderate,2026-06-11
75,75,1,Midday (9–15),42,22.0,22.0,22.0,0.0,42.0,3.0,2.0,3.0,0.2375,0.0,8.31,very low recovery time,2026-06-11
75,75,1,Overnight (0–6),5,17.0,17.0,17.0,0.0,4.0,2.0,0.6000000000000001,9.700000000000003,0.31666666666666665,0.0,11.08,very low recovery time,2026-06-11
75,75,1,PM Peak (15–19),28,24.0,24.0,24.0,0.0,27.0,4.0,4.0,4.0,0.19,0.0,6.65,moderate,2026-06-11
76,76,0,AM Peak (6–9),40,18.0,9.85,24.0,14.15,27.0,0.0,0.0,5.0,0.95,0.3788487282463186,55.98,no recovery time,2026-06-11
76,76,0,Evening (19–24),36,17.0,13.0,19.0,6.0,38.0,0.0,0.0,0.0,0.95,0.2054794520547945,45.58,no recovery time,2026-06-11
76,76,0,Midday (9–15),50,21.0,11.0,21.0,10.0,48.0,5.0,0.0,5.0,0.15833333333333333,0.3012048192771084,23.61,moderate,2026-06-11
76,76,0,Overnight (0–6),20,17.0,8.183333333333334,19.98,11.796666666666667,18.0,0.0,0.0,0.6000000000000014,0.95,0.3370797218782741,53.47,no recovery time,2026-06-11
76,76,0,PM Peak (15–19),36,22.0,15.0,22.0,7.0,36.0,1.0,1.0,4.0,0.475,0.23178807947019867,30.53,no recovery time,2026-06-11
76,76,1,AM Peak (6–9),38,18.0,7.85,19.0,11.15,35.0,4.0,4.0,6.200000000000003,0.19,0.3245997088791849,26.13,moderate,2026-06-11
76,76,1,Evening (19–24),39,11.0,9.0,13.0,4.0,36.0,8.0,2.0,8.0,0.10555555555555556,0.14705882352941174,12.52,moderate,2026-06-11
76,76,1,Midday (9–15),53,16.0,11.0,16.0,5.0,50.0,8.0,4.0,8.0,0.10555555555555556,0.17730496453900707,14.33,moderate,2026-06-11
76,76,1,Overnight (0–6),18,11.0,8.830000000000002,14.0,5.169999999999998,15.0,2.0,2.0,4.6,0.31666666666666665,0.18223475502291145,22.02,very low recovery time,2026-06-11
76,76,1,PM Peak (15–19),38,19.0,13.0,19.0,6.0,36.0,8.0,7.0,8.0,0.10555555555555556,0.2054794520547945,16.02,moderate,2026-06-11
77,77,0,AM Peak (6–9),18,15.0,15.0,15.0,0.0,18.0,3.0,3.0,3.0,0.2375,0.0,8.31,very low recovery time,2026-06-11
77,77,0,Evening (19–24),12,14.0,13.0,14.0,1.0,12.0,3.0,3.0,4.0,0.2375,0.04132231404958677,10.79,very low recovery time,2026-06-11
77,77,0,Midday (9–15),13,16.0,16.0,16.0,0.0,13.0,3.0,3.0,3.0,0.2375,0.0,8.31,very low recovery time,2026-06-11
77,77,0,Overnight (0–6),7,13.0,11.916666666666666,15.0,3.083333333333334,7.0,3.0,1.2000000000000002,4.0,0.2375,0.11731135066582118,15.35,very low recovery time,2026-06-11
77,77,0,PM Peak (15–19),16,18.0,17.0,18.0,1.0,16.0,2.0,2.0,3.0,0.31666666666666665,0.04132231404958677,13.56,very low recovery time,2026-06-11
77,77,1,AM Peak (6–9),18,8.0,8.0,8.0,0.0,18.0,4.0,4.0,4.0,0.19,0.0,6.65,moderate,2026-06-11
77,77,1,Evening (19–24),12,7.0,6.0,7.0,1.0,11.0,3.0,3.0,4.0,0.2375,0.04132231404958677,10.79,very low recovery time,2026-06-11
77,77,1,Midday (9–15),13,8.0,8.0,8.0,0.0,12.0,3.0,3.0,3.0,0.2375,0.0,8.31,very low recovery time,2026-06-11
77,77,1,Overnight (0–6),7,6.0,6.0,8.0,2.0,5.0,6.0,4.0,7.6,0.1357142857142857,0.07936507936507936,9.51,moderate,2026-06-11
77,77,1,PM Peak (15–19),16,8.0,8.0,8.0,0.0,16.0,2.0,2.0,2.0,0.31666666666666665,0.0,11.08,very low recovery time,2026-06-11
78,78,0,AM Peak (6–9),9,18.0,3.0,18.0,15.0,9.0,0.0,0.0,0.0,0.95,0.3926701570680628,56.81,no recovery time,2026-06-11
78,78,0,Evening (19–24),11,16.0,14.0,16.0,2.0,12.0,0.0,0.0,0.0,0.95,0.07936507936507936,38.01,no recovery time,2026-06-11
78,78,0,Midday (9–15),15,17.0,17.0,17.6,0.6000000000000014,14.0,0.0,0.0,0.0,0.95,0.0252100840336135,34.76,no recovery time,2026-06-11
78,78,0,Overnight (0–6),3,14.0,14.0,14.0,0.0,2.0,0.5,0.1,0.9,0.6333333333333333,0.0,22.17,no recovery time,2026-06-11
78,78,0,PM Peak (15–19),12,19.0,19.0,19.0,0.0,12.0,0.0,0.0,0.0,0.95,0.0,33.25,no recovery time,2026-06-11
78,78,1,AM Peak (6–9),9,11.0,11.0,11.0,0.0,8.0,2.0,1.0,3.3,0.31666666666666665,0.0,11.08,very low recovery time,2026-06-11
78,78,1,Evening (19–24),12,12.0,11.1,12.0,0.9000000000000004,12.0,6.0,2.1,7.0,0.1357142857142857,0.037344398340248976,6.99,moderate,2026-06-11
78,78,1,Midday (9–15),14,12.0,12.0,12.700000000000001,0.7000000000000011,15.0,6.0,5.0,6.0,0.1357142857142857,0.02928870292887033,6.51,moderate,2026-06-11
78,78,1,Overnight (0–6),2,11.0,11.0,11.0,0.0,2.0,4.5,4.1,4.9,0.17272727272727273,0.0,6.05,moderate,2026-06-11
78,78,1,PM Peak (15–19),12,13.0,13.0,13.0,0.0,12.0,3.0,3.0,3.0,0.2375,0.0,8.31,very low recovery time,2026-06-11
79,79,0,AM Peak (6–9),26,31.0,27.0,37.0,10.0,23.0,7.0,5.2,8.0,0.11875,0.3012048192771084,22.23,moderate,2026-06-11
79,79,0,Evening (19–24),22,25.5,22.0,29.0,7.0,20.0,3.0,0.0,8.200000000000003,0.2375,0.23178807947019867,22.22,very low recovery time,2026-06-11
79,79,0,Midday (9–15),26,30.0,29.0,35.0,6.0,24.0,3.0,2.0,9.099999999999998,0.2375,0.2054794520547945,20.64,very low recovery time,2026-06-11
79,79,0,Overnight (0–6),14,25.5,7.253333333333335,29.0,21.746666666666666,7.0,5.0,2.6,10.600000000000001,0.15833333333333333,0.48383269059626216,34.57,high schedule variability,2026-06-11
79,79,0,PM Peak (15–19),23,36.0,36.0,39.0,3.0,23.0,6.0,6.0,8.0,0.1357142857142857,0.11450381679389311,11.62,moderate,2026-06-11
79,79,1,AM Peak (6–9),25,28.0,26.0,28.0,2.0,24.0,0.0,0.0,2.6999999999999993,0.95,0.07936507936507936,38.01,no recovery time,2026-06-11
79,79,1,Evening (19–24),21,28.0,25.0,29.0,4.0,22.0,3.0,0.0,8.0,0.2375,0.14705882352941174,17.14,very low recovery time,2026-06-11
79,79,1,Midday (9–15),25,28.0,28.0,32.6,4.600000000000001,25.0,0.0,0.0,0.0,0.95,0.1654676258992806,43.18,no recovery time,2026-06-11
79,79,1,Overnight (0–6),7,26.0,25.0,28.0,3.0,7.0,8.0,0.0,9.200000000000001,0.10555555555555556,0.11450381679389311,10.56,moderate,2026-06-11
79,79,1,PM Peak (15–19),24,35.5,35.0,36.0,1.0,24.0,0.0,0.0,2.0,0.95,0.04132231404958677,35.73,no recovery time,2026-06-11
80,80,0,AM Peak (6–9),14,30.0,21.0,39.0,18.0,15.0,5.0,1.2000000000000004,9.6,0.15833333333333333,0.4368932038834951,31.76,moderate,2026-06-11
80,80,0,Evening (19–24),12,35.5,29.0,36.0,7.0,14.0,5.0,4.3,6.0,0.15833333333333333,0.23178807947019867,19.45,moderate,2026-06-11
80,80,0,Midday (9–15),15,42.0,41.4,45.0,3.6000000000000014,14.0,6.0,3.6,6.0,0.1357142857142857,0.13432835820895525,12.81,moderate,2026-06-11
80,80,0,Overnight (0–6),8,29.0,17.7,33.9,16.2,6.0,6.0,0.5,8.5,0.1357142857142857,0.41116751269035523,29.42,moderate,2026-06-11
80,80,0,PM Peak (15–19),18,30.5,24.0,45.0,21.0,17.0,4.0,2.0,10.4,0.19,0.4751131221719457,35.16,moderate,2026-06-11
80,80,1,AM Peak (6–9),16,46.5,44.0,53.5,9.5,13.0,8.0,3.4000000000000004,13.600000000000001,0.10555555555555556,0.290519877675841,21.13,moderate,2026-06-11
80,80,1,Evening (19–24),14,38.0,34.0,41.0,7.0,12.0,6.0,6.0,12.0,0.1357142857142857,0.23178807947019867,18.66,moderate,2026-06-11
80,80,1,Midday (9–15),14,46.0,46.0,47.0,1.0,14.0,6.0,3.0,6.0,0.1357142857142857,0.04132231404958677,7.23,moderate,2026-06-11
80,80,1,Overnight (0–6),9,34.0,28.916666666666668,45.0,16.083333333333332,4.0,11.0,7.5,12.4,0.07916666666666666,0.4094187526516758,27.34,moderate,2026-06-11
80,80,1,PM Peak (15–19),18,47.0,45.415,54.0,8.585,16.0,5.0,1.0,13.0,0.15833333333333333,0.2700959572125216,21.75,moderate,2026-06-11
82,82,0,AM Peak (6–9),7,12.0,11.0,12.0,1.0,7.0,0.0,0.0,0.40000000000000036,0.95,0.04132231404958677,35.73,no recovery time,2026-06-11
82,82,0,Evening (19–24),13,11.0,10.0,11.0,1.0,13.0,0.0,0.0,0.0,0.95,0.04132231404958677,35.73,no recovery time,2026-06-11
82,82,0,Midday (9–15),15,12.0,12.0,12.0,0.0,14.0,0.0,0.0,0.0,0.95,0.0,33.25,no recovery time,2026-06-11
82,82,0,Overnight (0–6),2,10.0,10.0,10.0,0.0,1.0,2.0,2.0,2.0,0.31666666666666665,0.0,11.08,very low recovery time,2026-06-11
82,82,0,PM Peak (15–19),9,12.0,11.0,12.0,1.0,10.0,0.0,0.0,0.0,0.95,0.04132231404958677,35.73,no recovery time,2026-06-11
82,82,1,AM Peak (6–9),7,9.0,8.0,9.0,1.0,6.0,4.0,2.0,4.5,0.19,0.04132231404958677,9.13,moderate,2026-06-11
82,82,1,Evening (19–24),13,8.0,7.0,8.0,1.0,13.0,6.0,3.0,6.0,0.1357142857142857,0.04132231404958677,7.23,moderate,2026-06-11
82,82,1,Midday (9–15),14,9.0,9.0,9.0,0.0,15.0,4.0,4.0,4.0,0.19,0.0,6.65,moderate,2026-06-11
82,82,1,Overnight (0–6),1,7.0,7.0,7.0,0.0,1.0,1.0,1.0,1.0,0.475,0.0,16.62,no recovery time,2026-06-11
82,82,1,PM Peak (15–19),10,9.0,8.0,9.0,1.0,10.0,4.0,4.0,6.0,0.19,0.04132231404958677,9.13,moderate,2026-06-11
83,83,0,AM Peak (6–9),13,19.0,19.0,19.0,0.0,13.0,4.0,4.0,4.0,0.19,0.0,6.65,moderate,2026-06-11
83,83,0,Evening (19–24),16,17.0,16.0,17.0,1.0,15.0,2.0,2.0,2.0,0.31666666666666665,0.04132231404958677,13.56,very low recovery time,2026-06-11
83,83,0,Midday (9–15),18,20.0,20.0,20.0,0.0,17.0,4.0,4.0,4.0,0.19,0.0,6.65,moderate,2026-06-11
83,83,0,Overnight (0–6),5,16.0,15.4,16.0,0.5999999999999996,5.0,2.0,0.8,2.0,0.31666666666666665,0.025210084033613425,12.6,very low recovery time,2026-06-11
83,83,0,PM Peak (15–19),18,20.0,20.0,20.0,0.0,19.0,12.0,12.0,12.0,0.07307692307692307,0.0,2.56,moderate,2026-06-11
83,83,1,AM Peak (6–9),14,18.0,18.0,18.0,0.0,12.0,1.0,1.0,1.0,0.475,0.0,16.62,no recovery time,2026-06-11
83,83,1,Evening (19–24),16,16.5,15.0,18.0,3.0,16.0,2.5,1.0,3.0,0.2714285714285714,0.11450381679389311,16.37,very low recovery time,2026-06-11
83,83,1,Midday (9–15),17,19.0,19.0,19.0,0.0,17.0,1.0,1.0,3.0000000000000018,0.475,0.0,16.62,no recovery time,2026-06-11
83,83,1,Overnight (0–6),6,15.0,15.0,15.0,0.0,4.0,1.0,1.0,2.4000000000000004,0.475,0.0,16.62,no recovery time,2026-06-11
83,83,1,PM Peak (15–19),18,19.0,19.0,19.0,0.0,17.0,1.0,1.0,1.8000000000000007,0.475,0.0,16.62,no recovery time,2026-06-11
84,84,0,AM Peak (6–9),42,41.0,35.0,54.9,19.9,33.0,5.0,5.0,5.0,0.15833333333333333,0.46171693735498837,33.24,moderate,2026-06-11
84,84,0,Evening (19–24),44,29.0,28.0,34.0,6.0,45.0,5.0,3.0,7.0,0.15833333333333333,0.2054794520547945,17.87,moderate,2026-06-11
84,84,0,Midday (9–15),63,37.0,37.0,45.0,8.0,58.0,7.0,2.0,7.0,0.11875,0.2564102564102564,19.54,moderate,2026-06-11
84,84,0,Overnight (0–6),18,28.0,25.0,35.0,10.0,15.0,7.0,4.0,9.6,0.11875,0.3012048192771084,22.23,moderate,2026-06-11
84,84,0,PM Peak (15–19),40,45.0,34.0,66.0,32.0,34.0,7.0,3.3000000000000003,9.0,0.11875,0.5797101449275363,38.94,high schedule variability,2026-06-11
84,84,1,AM Peak (6–9),44,42.0,37.0,55.10000000000001,18.10000000000001,38.0,5.0,1.0,10.0,0.15833333333333333,0.4382566585956417,31.84,moderate,2026-06-11
84,84,1,Evening (19–24),48,33.3,31.0,37.0,6.0,44.0,9.0,4.0,9.0,0.095,0.2054794520547945,15.65,moderate,2026-06-11
84,84,1,Midday (9–15),62,40.0,40.0,46.0,6.0,62.0,7.0,1.1000000000000005,7.0,0.11875,0.2054794520547945,16.49,moderate,2026-06-11
84,84,1,Overnight (0–6),22,30.0,2.750000000000001,35.500000000000014,32.750000000000014,18.0,4.0,0.0,9.600000000000001,0.19,0.5853440571939232,41.77,high schedule variability,2026-06-11
84,84,1,PM Peak (15–19),38,46.0,37.0,69.0,32.0,37.0,8.0,6.0,14.0,0.10555555555555556,0.5797101449275363,38.48,high schedule variability,2026-06-11
85,85,0,AM Peak (6–9),20,51.0,43.9,59.2,15.300000000000004,20.0,8.5,5.0,10.0,0.09999999999999999,0.3974025974025974,27.34,moderate,2026-06-11
85,85,0,Evening (19–24),36,50.5,42.0,60.0,18.0,35.0,9.0,1.0,11.600000000000001,0.095,0.4368932038834951,29.54,moderate,2026-06-11
85,85,0,Midday (9–15),47,54.0,49.0,61.0,12.0,42.0,7.5,3.0,10.799999999999997,0.11176470588235293,0.3409090909090909,24.37,moderate,2026-06-11
85,85,0,Overnight (0–6),18,42.0,33.0,51.6,18.6,13.0,9.0,3.4000000000000004,13.200000000000003,0.095,0.4449760765550239,30.02,moderate,2026-06-11
85,85,0,PM Peak (15–19),27,60.0,53.2,66.0,12.799999999999997,26.0,10.0,4.0,16.0,0.08636363636363636,0.35555555555555546,24.36,moderate,2026-06-11
85,85,1,AM Peak (6–9),20,55.0,50.6,64.0,13.399999999999999,20.0,6.5,5.0,10.0,0.12666666666666665,0.36612021857923494,26.4,moderate,2026-06-11
85,85,1,Evening (19–24),36,45.0,35.0,54.0,19.0,34.0,10.0,4.0,12.0,0.08636363636363636,0.45023696682464454,30.04,moderate,2026-06-11
85,85,1,Midday (9–15),48,57.5,50.0,62.60000000000001,12.600000000000009,45.0,10.0,8.0,11.600000000000001,0.08636363636363636,0.35195530726256996,24.14,moderate,2026-06-11
85,85,1,Overnight (0–6),20,41.0,23.67166666666667,53.300000000000004,29.628333333333334,16.0,4.0,4.0,10.5,0.19,0.5608417200365965,40.3,high schedule variability,2026-06-11
85,85,1,PM Peak (15–19),26,53.0,47.0,64.0,17.0,28.0,7.0,7.0,9.0,0.11875,0.42288557213930345,29.53,moderate,2026-06-11
86,86,0,AM Peak (6–9),30,37.0,30.6,43.1,12.5,28.0,6.0,2.7,12.0,0.1357142857142857,0.35014005602240894,25.76,moderate,2026-06-11
86,86,0,Evening (19–24),38,39.0,35.0,42.0,7.0,40.0,4.0,2.9000000000000004,7.200000000000003,0.19,0.23178807947019867,20.56,moderate,2026-06-11
86,86,0,Midday (9–15),47,38.0,34.0,47.0,13.0,45.0,11.0,2.0,14.0,0.07916666666666666,0.3591160220994475,24.32,moderate,2026-06-11
86,86,0,Overnight (0–6),19,33.0,11.0,39.0,28.0,15.0,5.0,2.000000000000001,12.0,0.15833333333333333,0.546875,38.35,high schedule variability,2026-06-11
86,86,0,PM Peak (15–19),41,40.0,36.0,50.0,14.0,40.0,2.0,0.0,9.0,0.31666666666666665,0.3763440860215054,33.66,very low recovery time,2026-06-11
86,86,1,AM Peak (6–9),30,32.0,29.9,43.0,13.100000000000001,28.0,4.0,4.0,4.300000000000001,0.19,0.3608815426997245,28.3,moderate,2026-06-11
86,86,1,Evening (19–24),39,30.0,27.8,36.0,8.2,37.0,6.0,6.0,6.0,0.1357142857142857,0.26114649681528657,20.42,moderate,2026-06-11
86,86,1,Midday (9–15),48,30.0,29.0,41.0,12.0,47.0,6.0,4.0,6.0,0.1357142857142857,0.3409090909090909,25.2,moderate,2026-06-11
86,86,1,Overnight (0–6),20,30.0,28.0,36.0,8.0,16.0,6.0,4.5,9.0,0.1357142857142857,0.2564102564102564,20.13,moderate,2026-06-11
86,86,1,PM Peak (15–19),41,31.0,30.0,42.0,12.0,41.0,4.0,4.0,4.0,0.19,0.3409090909090909,27.1,moderate,2026-06-11
87,87,0,AM Peak (6–9),18,22.0,22.0,26.0,4.0,,10.0,,,0.08636363636363636,0.14705882352941174,11.85,moderate,2026-06-11
87,87,0,Evening (19–24),30,22.0,19.0,22.0,3.0,19.0,4.0,4.0,9.0,0.19,0.11450381679389311,13.52,moderate,2026-06-11
87,87,0,Midday (9–15),36,26.0,26.0,26.0,0.0,,10.0,,,0.08636363636363636,0.0,3.02,moderate,2026-06-11
87,87,0,Overnight (0–6),15,19.0,18.0,22.0,4.0,9.0,4.0,4.0,9.0,0.19,0.14705882352941174,15.47,moderate,2026-06-11
87,87,0,PM Peak (15–19),24,29.0,29.0,29.0,0.0,,10.0,,,0.08636363636363636,0.0,3.02,moderate,2026-06-11
87,87,1,AM Peak (6–9),18,23.0,23.0,29.0,6.0,18.0,8.0,8.0,8.0,0.10555555555555556,0.2054794520547945,16.02,moderate,2026-06-11
87,87,1,Evening (19–24),30,21.0,19.0,21.0,2.0,30.0,8.0,8.0,8.0,0.10555555555555556,0.07936507936507936,8.46,moderate,2026-06-11
87,87,1,Midday (9–15),36,27.0,27.0,27.5,0.5,36.0,8.0,8.0,8.0,0.10555555555555556,0.02109704641350211,4.96,moderate,2026-06-11
87,87,1,Overnight (0–6),16,19.0,17.0,23.0,6.0,11.0,8.0,3.0,8.0,0.10555555555555556,0.2054794520547945,16.02,moderate,2026-06-11
87,87,1,PM Peak (15–19),24,28.0,28.0,28.0,0.0,24.0,8.0,8.0,8.0,0.10555555555555556,0.0,3.69,moderate,2026-06-11
88,88,0,AM Peak (6–9),24,20.0,18.0,24.0,6.0,23.0,0.0,0.0,0.0,0.95,0.2054794520547945,45.58,no recovery time,2026-06-11
88,88,0,Evening (19–24),15,20.0,17.0,21.0,4.0,15.0,1.0,0.0,1.0,0.475,0.14705882352941174,25.45,no recovery time,2026-06-11
88,88,0,Midday (9–15),21,24.0,23.0,29.0,6.0,20.0,0.0,0.0,0.0,0.95,0.2054794520547945,45.58,no recovery time,2026-06-11
88,88,0,Overnight (0–6),10,11.358333333333334,3.81,18.0,14.19,8.0,0.5,0.0,9.2,0.6333333333333333,0.3795132388339128,44.94,no recovery time,2026-06-11
88,88,0,PM Peak (15–19),19,29.0,25.0,31.0,6.0,20.0,1.5,0.0,4.0,0.38,0.2054794520547945,25.63,very low recovery time,2026-06-11
88,88,1,AM Peak (6–9),24,28.0,27.0,29.0,2.0,23.0,6.0,5.0,7.800000000000001,0.1357142857142857,0.07936507936507936,9.51,moderate,2026-06-11
88,88,1,Evening (19–24),15,23.0,20.0,23.0,3.0,15.0,10.0,5.2,10.0,0.08636363636363636,0.11450381679389311,9.89,moderate,2026-06-11
88,88,1,Midday (9–15),21,26.0,25.0,26.0,1.0,19.0,11.0,10.0,11.2,0.07916666666666666,0.04132231404958677,5.25,moderate,2026-06-11
88,88,1,Overnight (0–6),10,27.0,18.4,28.0,9.600000000000001,6.0,7.0,5.0,15.5,0.11875,0.2926829268292683,21.72,moderate,2026-06-11
88,88,1,PM Peak (15–19),20,27.0,26.0,27.0,1.0,18.0,13.5,6.7,14.0,0.06551724137931034,0.04132231404958677,4.77,moderate,2026-06-11
89,89,0,AM Peak (6–9),19,47.0,40.0,49.0,9.0,18.0,8.0,8.0,8.3,0.10555555555555556,0.2795031055900621,20.46,moderate,2026-06-11
89,89,0,Evening (19–24),29,37.0,31.0,40.0,9.0,30.0,8.0,8.0,8.0,0.10555555555555556,0.2795031055900621,20.46,moderate,2026-06-11
89,89,0,Midday (9–15),37,48.0,48.0,57.0,9.0,36.0,8.0,8.0,8.0,0.10555555555555556,0.2795031055900621,20.46,moderate,2026-06-11
89,89,0,Overnight (0–6),18,31.0,28.033333333333335,40.0,11.966666666666665,12.0,8.0,4.300000000000001,11.600000000000001,0.10555555555555556,0.34028436018957336,24.11,moderate,2026-06-11
89,89,0,PM Peak (15–19),24,57.0,50.2,57.0,6.799999999999997,24.0,8.0,8.0,8.0,0.10555555555555556,0.22666666666666657,17.29,moderate,2026-06-11
89,89,1,AM Peak (6–9),18,46.0,39.0,47.0,8.0,17.0,7.0,5.2,13.0,0.11875,0.2564102564102564,19.54,moderate,2026-06-11
89,89,1,Evening (19–24),30,42.5,34.0,43.0,9.0,29.0,9.0,7.0,10.0,0.095,0.2795031055900621,20.1,moderate,2026-06-11
89,89,1,Midday (9–15),36,49.0,49.0,61.0,12.0,34.0,5.0,5.0,9.7,0.15833333333333333,0.3409090909090909,26.0,moderate,2026-06-11
89,89,1,Overnight (0–6),17,34.0,31.0,37.76,6.759999999999998,13.0,7.0,7.0,11.0,0.11875,0.22563417890520687,17.69,moderate,2026-06-11
89,89,1,PM Peak (15–19),24,61.0,56.3,61.0,4.700000000000003,23.0,14.0,14.0,14.0,0.06333333333333332,0.16845878136200723,12.32,moderate,2026-06-11
90,90,0,AM Peak (6–9),15,20.0,14.0,20.0,6.0,13.0,8.0,4.0,8.0,0.10555555555555556,0.2054794520547945,16.02,moderate,2026-06-11
90,90,0,Evening (19–24),20,14.0,13.0,14.0,1.0,21.0,2.0,2.0,7.0,0.31666666666666665,0.04132231404958677,13.56,very low recovery time,2026-06-11
90,90,0,Midday (9–15),36,16.0,16.0,17.0,1.0,36.0,5.0,5.0,8.0,0.15833333333333333,0.04132231404958677,8.02,moderate,2026-06-11
90,90,0,Overnight (0–6),8,13.0,12.66,13.3,0.6400000000000006,7.0,7.0,4.200000000000001,8.200000000000001,0.11875,0.026845637583892638,5.77,moderate,2026-06-11
90,90,0,PM Peak (15–19),24,17.0,17.0,17.0,0.0,24.0,4.0,4.0,4.0,0.19,0.0,6.65,moderate,2026-06-11
90,90,1,AM Peak (6–9),13,18.0,15.0,18.0,3.0,12.0,4.0,3.0,6.9,0.19,0.11450381679389311,13.52,moderate,2026-06-11
90,90,1,Evening (19–24),21,16.0,14.0,16.0,2.0,21.0,4.0,4.0,6.0,0.19,0.07936507936507936,11.41,moderate,2026-06-11
90,90,1,Midday (9–15),37,17.0,17.0,21.599999999999994,4.599999999999994,35.0,2.0,2.0,7.0,0.31666666666666665,0.16546762589928038,21.01,very low recovery time,2026-06-11
90,90,1,Overnight (0–6),9,14.0,13.61,14.546666666666667,0.9366666666666674,6.0,6.0,6.0,11.5,0.1357142857142857,0.038806794641624114,7.08,moderate,2026-06-11
90,90,1,PM Peak (15–19),23,24.0,24.0,24.0,0.0,24.0,5.0,5.0,5.0,0.15833333333333333,0.0,5.54,moderate,2026-06-11
91,91,0,AM Peak (6–9),11,28.0,25.0,28.0,3.0,11.0,13.0,6.0,13.0,0.06785714285714285,0.11450381679389311,9.25,moderate,2026-06-11
91,91,0,Evening (19–24),12,23.0,20.0,23.0,3.0,12.0,3.0,3.0,5.0,0.2375,0.11450381679389311,15.18,very low recovery time,2026-06-11
91,91,0,Midday (9–15),18,25.0,25.0,25.3,0.3000000000000007,17.0,5.0,4.6,9.000000000000004,0.15833333333333333,0.01276595744680854,6.31,moderate,2026-06-11
91,91,0,Overnight (0–6),7,20.0,14.720000000000002,25.0,10.279999999999998,4.0,5.0,5.0,5.7,0.15833333333333333,0.3070489844683392,23.96,moderate,2026-06-11
91,91,0,PM Peak (15–19),12,26.0,25.0,31.400000000000002,6.400000000000002,11.0,10.0,1.0,10.0,0.08636363636363636,0.21621621621621626,16.0,moderate,2026-06-11
91,91,1,AM Peak (6–9),13,32.0,27.2,36.0,8.8,10.0,2.0,1.8,2.599999999999998,0.31666666666666665,0.275,27.58,very low recovery time,2026-06-11
91,91,1,Evening (19–24),12,26.0,23.0,26.0,3.0,11.0,0.0,0.0,2.0,0.95,0.11450381679389311,40.12,no recovery time,2026-06-11
91,91,1,Midday (9–15),19,29.0,29.0,36.0,7.0,18.0,1.0,1.0,4.0,0.475,0.23178807947019867,30.53,no recovery time,2026-06-11
91,91,1,Overnight (0–6),6,24.875,23.0,26.875,3.875,6.0,2.0,1.0,2.0,0.31666666666666665,0.14312096029547552,19.67,very low recovery time,2026-06-11
91,91,1,PM Peak (15–19),11,37.0,34.0,40.0,6.0,11.0,4.0,4.0,11.0,0.19,0.2054794520547945,18.98,moderate,2026-06-11
92,92,0,AM Peak (6–9),16,10.0,9.0,10.0,1.0,16.0,4.0,3.0,4.5,0.19,0.04132231404958677,9.13,moderate,2026-06-11
92,92,0,Evening (19–24),21,9.0,9.0,11.0,2.0,22.0,2.0,1.0,3.0,0.31666666666666665,0.07936507936507936,15.85,very low recovery time,2026-06-11
92,92,0,Midday (9–15),26,10.0,10.0,10.0,0.0,26.0,3.0,3.0,3.0,0.2375,0.0,8.31,very low recovery time,2026-06-11
92,92,0,Overnight (0–6),7,9.0,9.0,9.0,0.0,6.0,2.5,1.5,3.0,0.2714285714285714,0.0,9.5,very low recovery time,2026-06-11
92,92,0,PM Peak (15–19),24,11.0,11.0,11.0,0.0,24.0,2.0,2.0,2.0,0.31666666666666665,0.0,11.08,very low recovery time,2026-06-11
92,92,1,AM Peak (6–9),16,9.0,9.0,11.0,2.0,15.0,3.0,3.0,6.199999999999999,0.2375,0.07936507936507936,13.07,very low recovery time,2026-06-11
92,92,1,Evening (19–24),23,9.0,8.0,13.400000000000002,5.400000000000002,21.0,3.0,2.0,3.0,0.2375,0.18881118881118886,19.64,very low recovery time,2026-06-11
92,92,1,Midday (9–15),26,11.0,11.0,11.0,0.0,26.0,4.0,4.0,4.0,0.19,0.0,6.65,moderate,2026-06-11
92,92,1,Overnight (0–6),6,8.5,8.0,9.0,1.0,5.0,3.0,2.4,8.200000000000001,0.2375,0.04132231404958677,10.79,very low recovery time,2026-06-11
92,92,1,PM Peak (15–19),23,14.0,14.0,14.0,0.0,17.0,3.0,3.0,3.0,0.2375,0.0,8.31,very low recovery time,2026-06-11
93,93,0,AM Peak (6–9),6,11.5,11.0,12.0,1.0,6.0,8.0,3.0,8.0,0.10555555555555556,0.04132231404958677,6.17,moderate,2026-06-11
93,93,0,Evening (19–24),11,11.0,10.0,15.0,5.0,11.0,4.0,0.0,5.0,0.19,0.17730496453900707,17.29,moderate,2026-06-11
93,93,0,Midday (9–15),12,12.0,12.0,12.0,0.0,12.0,7.0,7.0,7.0,0.11875,0.0,4.16,moderate,2026-06-11
93,93,0,Overnight (0–6),4,10.0,10.0,10.0,0.0,3.0,1.0,0.2,4.2,0.475,0.0,16.62,no recovery time,2026-06-11
93,93,0,PM Peak (15–19),8,15.0,14.1,15.0,0.9000000000000004,2.0,1.5,0.30000000000000004,2.7,0.38,0.037344398340248976,15.54,very low recovery time,2026-06-11
93,93,1,AM Peak (6–9),7,9.0,6.193333333333333,9.0,2.8066666666666666,7.0,1.0,0.0,1.0,0.475,0.10792104588567034,23.1,no recovery time,2026-06-11
93,93,1,Evening (19–24),11,11.0,9.0,14.0,5.0,10.0,1.0,1.0,4.0,0.475,0.17730496453900707,27.26,no recovery time,2026-06-11
93,93,1,Midday (9–15),12,10.0,10.0,10.0,0.0,12.0,1.0,1.0,1.0,0.475,0.0,16.62,no recovery time,2026-06-11
93,93,1,Overnight (0–6),3,9.0,9.0,9.0,0.0,4.0,1.0,0.30000000000000004,1.0,0.475,0.0,16.62,no recovery time,2026-06-11
93,93,1,PM Peak (15–19),8,14.0,14.0,14.0,0.0,8.0,1.0,1.0,1.0,0.475,0.0,16.62,no recovery time,2026-06-11
94,94,0,AM Peak (6–9),19,29.0,11.8,34.0,22.2,18.0,0.0,0.0,0.0,0.95,0.4889867841409691,62.59,"no recovery time, high schedule variability",2026-06-11
94,94,0,Evening (19–24),31,25.0,9.0,30.0,21.0,30.0,0.0,0.0,0.0,0.95,0.4751131221719457,61.76,no recovery time,2026-06-11
94,94,0,Midday (9–15),36,24.5,13.0,34.0,21.0,36.0,0.0,0.0,0.0,0.95,0.4751131221719457,61.76,no recovery time,2026-06-11
94,94,0,Overnight (0–6),9,25.0,9.0,25.8,16.8,6.0,0.0,0.0,0.0,0.95,0.42000000000000004,58.45,no recovery time,2026-06-11
94,94,0,PM Peak (15–19),24,22.5,15.0,37.0,22.0,24.0,0.0,0.0,0.0,0.95,0.48672566371681414,62.45,"no recovery time, high schedule variability",2026-06-11
94,94,1,AM Peak (6–9),18,20.5,11.0,36.0,25.0,18.0,4.0,0.0,9.0,0.19,0.5186721991701244,37.77,high schedule variability,2026-06-11
94,94,1,Evening (19–24),30,18.5,9.0,29.0,20.0,32.0,8.0,0.0,12.0,0.10555555555555556,0.4629629629629629,31.47,moderate,2026-06-11
94,94,1,Midday (9–15),36,24.5,14.0,35.0,21.0,36.0,1.0,1.0,3.0,0.475,0.4751131221719457,45.13,no recovery time,2026-06-11
94,94,1,Overnight (0–6),8,25.0,9.0,25.6,16.6,6.0,0.0,0.0,12.0,0.95,0.41708542713567837,58.28,no recovery time,2026-06-11
94,94,1,PM Peak (15–19),24,25.0,15.0,40.0,25.0,23.0,0.0,0.0,13.0,0.95,0.5186721991701244,64.37,"no recovery time, high schedule variability",2026-06-11
95,95,0,AM Peak (6–9),20,67.0,54.27666666666667,68.0,13.72333333333333,15.0,5.0,2.0,9.6,0.15833333333333333,0.37167103006229113,27.84,moderate,2026-06-11
95,95,0,Evening (19–24),48,50.0,44.0,61.0,17.0,37.0,7.0,1.2000000000000002,12.0,0.11875,0.42288557213930345,29.53,moderate,2026-06-11
95,95,0,Midday (9–15),37,65.0,65.0,65.0,0.0,36.0,2.0,2.0,2.5,0.31666666666666665,0.0,11.08,very low recovery time,2026-06-11
95,95,0,Overnight (0–6),22,44.0,1.85,53.0,51.15,19.0,0.0,0.0,10.399999999999999,0.95,0.687962340282448,74.53,"no recovery time, high schedule variability",2026-06-11
95,95,0,PM Peak (15–19),26,76.0,67.0,76.0,9.0,24.0,12.0,7.300000000000001,13.0,0.07307692307692307,0.2795031055900621,19.33,moderate,2026-06-11
95,95,1,AM Peak (6–9),19,70.0,65.0,71.0,6.0,18.0,8.0,6.7,9.0,0.10555555555555556,0.2054794520547945,16.02,moderate,2026-06-11
95,95,1,Evening (19–24),43,52.0,44.0,56.0,12.0,44.0,6.0,4.0,6.0,0.1357142857142857,0.3409090909090909,25.2,moderate,2026-06-11
95,95,1,Midday (9–15),37,64.0,64.0,64.4,0.4000000000000057,35.0,9.0,5.4,9.0,0.095,0.016949152542373117,4.34,moderate,2026-06-11
95,95,1,Overnight (0–6),16,48.0,43.0,63.0,20.0,14.0,6.0,4.3,8.700000000000001,0.1357142857142857,0.4629629629629629,32.53,moderate,2026-06-11
95,95,1,PM Peak (15–19),26,69.0,58.0,69.0,11.0,24.0,3.0,3.0,7.099999999999998,0.2375,0.3216374269005848,27.61,very low recovery time,2026-06-11
96,96,0,AM Peak (6–9),21,70.0,62.0,74.0,12.0,20.0,4.0,3.8000000000000003,4.100000000000001,0.19,0.3409090909090909,27.1,moderate,2026-06-11
96,96,0,Evening (19–24),30,58.5,55.0,62.0,7.0,30.0,4.0,4.0,6.100000000000001,0.19,0.23178807947019867,20.56,moderate,2026-06-11
96,96,0,Midday (9–15),37,73.0,69.0,80.0,11.0,36.0,4.0,2.5,4.0,0.19,0.3216374269005848,25.95,moderate,2026-06-11
96,96,0,Overnight (0–6),23,53.0,22.816666666666666,61.0,38.18333333333334,14.0,5.0,4.3,10.0,0.15833333333333333,0.6220472440944882,42.86,high schedule variability,2026-06-11
96,96,0,PM Peak (15–19),24,80.0,69.6,83.0,13.400000000000006,23.0,5.0,5.0,5.0,0.15833333333333333,0.36612021857923505,27.51,moderate,2026-06-11
96,96,1,AM Peak (6–9),21,64.0,60.0,69.0,9.0,19.0,11.0,5.8,17.0,0.07916666666666666,0.2795031055900621,19.54,moderate,2026-06-11
96,96,1,Evening (19–24),30,62.0,54.0,65.0,11.0,27.0,12.0,6.0,16.0,0.07307692307692307,0.3216374269005848,21.86,moderate,2026-06-11
96,96,1,Midday (9–15),37,70.0,67.0,77.8,10.799999999999997,36.0,10.0,3.0,18.0,0.08636363636363636,0.31764705882352934,22.08,moderate,2026-06-11
96,96,1,Overnight (0–6),18,52.0,43.2,60.3,17.099999999999994,13.0,13.0,5.200000000000001,16.0,0.06785714285714285,0.42431761786600486,27.83,moderate,2026-06-11
96,96,1,PM Peak (15–19),24,77.0,73.6,81.0,7.400000000000006,23.0,18.0,11.0,18.0,0.049999999999999996,0.24183006535947724,16.26,moderate,2026-06-11
97,97,0,AM Peak (6–9),14,44.5,30.0,61.400000000000006,31.400000000000006,14.0,4.5,2.0,10.400000000000002,0.17272727272727273,0.5750915750915752,40.55,high schedule variability,2026-06-11
97,97,0,Evening (19–24),22,38.5,24.0,47.0,23.0,21.0,6.0,2.0,12.0,0.1357142857142857,0.4978354978354978,34.62,high schedule variability,2026-06-11
97,97,0,Midday (9–15),26,47.5,40.0,57.0,17.0,26.0,11.5,2.0,19.0,0.076,0.42288557213930345,28.03,moderate,2026-06-11
97,97,0,Overnight (0–6),9,41.0,23.8,60.4,36.599999999999994,6.0,7.0,6.0,8.0,0.11875,0.6120401337792641,40.88,high schedule variability,2026-06-11
97,97,0,PM Peak (15–19),16,46.5,36.0,71.0,35.0,17.0,2.0,2.0,20.0,0.31666666666666665,0.6013745704467354,47.17,"very low recovery time, high schedule variability",2026-06-11
97,97,1,AM Peak (6–9),15,41.833333333333336,35.0,55.2,20.200000000000003,13.0,3.0,2.0,8.0,0.2375,0.46543778801843316,36.24,very low recovery time,2026-06-11
97,97,1,Evening (19–24),21,36.0,31.0,48.0,17.0,21.0,7.0,3.0,16.0,0.11875,0.42288557213930345,29.53,moderate,2026-06-11
97,97,1,Midday (9–15),25,58.0,36.0,63.0,27.0,25.0,2.0,2.0,12.0,0.31666666666666665,0.5378486055776892,43.35,"very low recovery time, high schedule variability",2026-06-11
97,97,1,Overnight (0–6),10,33.0,30.4,45.0,14.600000000000001,6.0,12.0,3.0,18.5,0.07307692307692307,0.3862433862433862,25.73,moderate,2026-06-11
97,97,1,PM Peak (15–19),16,47.5,47.0,65.0,18.0,16.0,3.5,1.0,5.0,0.2111111111111111,0.4368932038834951,33.6,moderate,2026-06-11
98,98,0,AM Peak (6–9),8,38.5,33.0,40.0,7.0,7.0,5.0,2.4000000000000004,10.4,0.15833333333333333,0.23178807947019867,19.45,moderate,2026-06-11
98,98,0,Evening (19–24),13,29.0,29.0,31.400000000000002,2.400000000000002,11.0,9.0,7.0,9.0,0.095,0.09375000000000007,8.95,moderate,2026-06-11
98,98,0,Midday (9–15),13,35.0,35.0,37.400000000000006,2.4000000000000057,14.0,10.0,2.6,10.0,0.08636363636363636,0.0937500000000002,8.65,moderate,2026-06-11
98,98,0,Overnight (0–6),6,29.0,15.958333333333334,33.0,17.041666666666664,3.0,10.0,7.6,12.4,0.08636363636363636,0.4234831227997514,28.43,moderate,2026-06-11
98,98,0,PM Peak (15–19),12,40.0,34.0,40.0,6.0,11.0,7.0,1.0,10.0,0.11875,0.2054794520547945,16.49,moderate,2026-06-11
98,98,1,AM Peak (6–9),8,36.5,33.0,38.0,5.0,8.0,3.0,2.0,4.0,0.2375,0.17730496453900707,18.95,very low recovery time,2026-06-11
98,98,1,Evening (19–24),14,26.0,26.0,30.800000000000004,4.800000000000004,13.0,2.0,2.0,2.0,0.31666666666666665,0.17142857142857154,21.37,very low recovery time,2026-06-11
98,98,1,Midday (9–15),15,34.0,34.0,36.4,2.3999999999999986,13.0,2.0,2.0,2.0,0.31666666666666665,0.09374999999999994,16.71,very low recovery time,2026-06-11
98,98,1,Overnight (0–6),6,29.5,13.425,33.0,19.575,6.0,2.0,0.0,2.0,0.31666666666666665,0.45762711864406774,38.54,very low recovery time,2026-06-11
98,98,1,PM Peak (15–19),10,38.0,32.0,38.0,6.0,12.0,2.0,2.0,4.0,0.31666666666666665,0.2054794520547945,23.41,very low recovery time,2026-06-11
99,99,0,Evening (19–24),16,7.0,7.0,7.0,0.0,,10.0,,,0.08636363636363636,0.0,3.02,moderate,2026-06-11
99,99,0,Midday (9–15),22,7.0,7.0,7.0,0.0,,10.0,,,0.08636363636363636,0.0,3.02,moderate,2026-06-11
99,99,0,Overnight (0–6),8,7.0,7.0,7.0,0.0,,10.0,,,0.08636363636363636,0.0,3.02,moderate,2026-06-11
99,99,0,PM Peak (15–19),8,7.0,7.0,7.0,0.0,,10.0,,,0.08636363636363636,0.0,3.02,moderate,2026-06-11
99,99,1,Evening (19–24),15,12.916666666666666,12.916666666666666,12.916666666666666,0.0,16.0,3.0,2.0,3.0,0.2375,0.0,8.31,very low recovery time,2026-06-11
99,99,1,Midday (9–15),23,14.916666666666666,14.916666666666666,14.916666666666666,0.0,23.0,3.0,1.4000000000000004,3.0,0.2375,0.0,8.31,very low recovery time,2026-06-11
99,99,1,Overnight (0–6),9,12.916666666666666,12.916666666666666,12.916666666666666,0.0,8.0,7.0,0.0,7.015,0.11875,0.0,4.16,moderate,2026-06-11
99,99,1,PM Peak (15–19),9,12.916666666666666,12.916666666666666,12.916666666666666,0.0,8.0,3.0,0.0,3.0,0.2375,0.0,8.31,very low recovery time,2026-06-11
100,100,0,AM Peak (6–9),36,31.5,30.0,35.0,5.0,35.0,2.0,2.0,3.0,0.31666666666666665,0.17730496453900707,21.72,very low recovery time,2026-06-11
100,100,0,Evening (19–24),30,30.0,26.0,30.0,4.0,30.0,3.0,3.0,4.0,0.2375,0.14705882352941174,17.14,very low recovery time,2026-06-11
100,100,0,Midday (9–15),50,34.0,34.0,35.0,1.0,48.0,2.0,2.0,3.0,0.31666666666666665,0.04132231404958677,13.56,very low recovery time,2026-06-11
100,100,0,Overnight (0–6),15,25.75,25.75,26.0,0.25,9.0,4.0,2.0,4.4,0.19,0.01066098081023454,7.29,moderate,2026-06-11
100,100,0,PM Peak (15–19),40,35.0,35.0,35.0,0.0,40.0,3.0,3.0,3.0,0.2375,0.0,8.31,very low recovery time,2026-06-11
100,100,1,AM Peak (6–9),36,33.0,32.0,34.0,2.0,36.0,1.0,0.0,3.0,0.475,0.07936507936507936,21.39,no recovery time,2026-06-11
100,100,1,Evening (19–24),31,33.0,29.0,33.0,4.0,30.0,4.0,1.0,5.200000000000003,0.19,0.14705882352941174,15.47,moderate,2026-06-11
100,100,1,Midday (9–15),50,34.0,34.0,38.0,4.0,47.0,2.0,2.0,3.0,0.31666666666666665,0.14705882352941174,19.91,very low recovery time,2026-06-11
100,100,1,Overnight (0–6),13,29.0,21.75,31.400000000000002,9.650000000000002,7.0,1.0,1.0,1.8000000000000007,0.475,0.2937595129375951,34.25,no recovery time,2026-06-11
100,100,1,PM Peak (15–19),40,38.0,38.0,38.0,0.0,40.0,2.0,2.0,2.0,0.31666666666666665,0.0,11.08,very low recovery time,2026-06-11
101,101,0,AM Peak (6–9),7,40.0,38.2,40.0,1.7999999999999972,6.0,6.5,2.5,14.0,0.12666666666666665,0.07199999999999988,8.75,moderate,2026-06-11
101,101,0,Evening (19–24),10,20.0,19.0,21.499999999999993,2.499999999999993,10.0,11.0,9.2,18.5,0.07916666666666666,0.09727626459143943,8.61,moderate,2026-06-11
101,101,0,Midday (9–15),12,21.0,21.0,35.400000000000006,14.400000000000006,12.0,10.0,1.6000000000000005,12.9,0.08636363636363636,0.3829787234042554,26.0,moderate,2026-06-11
101,101,0,Overnight (0–6),5,19.0,19.0,32.373333333333335,13.373333333333335,4.0,0.0,0.0,10.500000000000004,0.95,0.3656580386438206,55.19,no recovery time,2026-06-11
101,101,0,PM Peak (15–19),10,44.0,28.1,44.0,15.899999999999999,9.0,13.0,7.2,19.0,0.06785714285714285,0.4066496163682864,26.77,moderate,2026-06-11
101,101,1,AM Peak (6–9),8,39.0,39.0,39.0,0.0,,10.0,,,0.08636363636363636,0.0,3.02,moderate,2026-06-11
101,101,1,Evening (19–24),9,21.0,20.0,23.6,3.6000000000000014,,10.0,,,0.08636363636363636,0.13432835820895525,11.08,moderate,2026-06-11
101,101,1,Midday (9–15),13,25.0,25.0,40.0,15.0,,10.0,,,0.08636363636363636,0.3926701570680628,26.58,moderate,2026-06-11
101,101,1,Overnight (0–6),6,20.0,1.9333333333333333,38.78333333333333,36.85,,10.0,,,0.08636363636363636,0.6136552872606161,39.84,high schedule variability,2026-06-11
101,101,1,PM Peak (15–19),10,45.0,27.3,45.0,17.7,2.0,10.0,10.0,10.0,0.08636363636363636,0.432762836185819,28.99,moderate,2026-06-11
102,102,0,AM Peak (6–9),24,62.0,56.0,85.0,29.0,20.0,9.0,9.0,15.0,0.095,0.5555555555555556,36.66,high schedule variability,2026-06-11
102,102,0,Evening (19–24),54,45.5,29.0,68.40000000000003,39.400000000000034,53.0,5.0,4.0,9.800000000000004,0.15833333333333333,0.6293929712460066,43.31,high schedule variability,2026-06-11
102,102,0,Midday (9–15),37,60.0,60.0,79.0,19.0,37.0,19.0,10.6,19.0,0.0475,0.45023696682464454,28.68,moderate,2026-06-11
102,102,0,Overnight (0–6),25,44.0,20.530000000000005,56.0,35.47,21.0,7.0,0.0,9.0,0.11875,0.6045679222771433,40.43,high schedule variability,2026-06-11
102,102,0,PM Peak (15–19),26,70.0,70.0,86.0,16.0,24.0,9.0,8.0,15.0,0.095,0.4081632653061224,27.81,moderate,2026-06-11
102,102,1,AM Peak (6–9),25,66.0,66.0,88.0,22.0,22.0,7.5,2.3000000000000003,36.0,0.11176470588235293,0.48672566371681414,33.12,high schedule variability,2026-06-11
102,102,1,Evening (19–24),56,49.0,35.0,70.5,35.5,53.0,8.0,0.0,16.0,0.10555555555555556,0.6047700170357752,39.98,high schedule variability,2026-06-11
102,102,1,Midday (9–15),38,61.0,61.0,88.0,27.0,36.0,1.0,0.0,14.0,0.475,0.5378486055776892,48.9,"no recovery time, high schedule variability",2026-06-11
102,102,1,Overnight (0–6),36,37.3,8.1,66.0,57.9,23.0,7.0,0.0,8.0,0.11875,0.7139334155363749,46.99,high schedule variability,2026-06-11
102,102,1,PM Peak (15–19),24,67.0,67.0,98.0,31.0,26.0,5.0,3.5,13.0,0.15833333333333333,0.5719557195571956,39.86,high schedule variability,2026-06-11
103,103,0,AM Peak (6–9),8,16.0,16.0,23.0,7.0,8.0,6.0,4.0,7.499999999999999,0.1357142857142857,0.23178807947019867,18.66,moderate,2026-06-11
103,103,0,Evening (19–24),13,15.0,13.0,15.0,2.0,14.0,5.0,2.0,5.0,0.15833333333333333,0.07936507936507936,10.3,moderate,2026-06-11
103,103,0,Midday (9–15),16,19.0,19.0,19.5,0.5,15.0,8.0,5.6000000000000005,8.0,0.10555555555555556,0.02109704641350211,4.96,moderate,2026-06-11
103,103,0,Overnight (0–6),5,13.0,6.25,16.0,9.75,3.0,2.0,2.0,6.0,0.31666666666666665,0.29590288315629737,28.84,very low recovery time,2026-06-11
103,103,0,PM Peak (15–19),10,19.0,17.275,20.0,2.7250000000000014,9.0,4.0,3.6,6.0,0.19,0.10511089681774353,12.96,moderate,2026-06-11
103,103,1,AM Peak (6–9),8,15.0,15.0,20.0,5.0,7.0,3.0,3.0,5.000000000000002,0.2375,0.17730496453900707,18.95,very low recovery time,2026-06-11
103,103,1,Evening (19–24),13,15.0,14.0,15.0,1.0,13.0,5.0,1.0,6.600000000000001,0.15833333333333333,0.04132231404958677,8.02,moderate,2026-06-11
103,103,1,Midday (9–15),15,17.0,17.0,20.0,3.0,15.0,6.0,4.800000000000001,6.0,0.1357142857142857,0.11450381679389311,11.62,moderate,2026-06-11
103,103,1,Overnight (0–6),4,14.0,14.0,14.7,0.6999999999999993,4.0,1.0,0.30000000000000004,8.000000000000002,0.475,0.029288702928870262,18.38,no recovery time,2026-06-11
103,103,1,PM Peak (15–19),9,19.0,19.0,22.0,3.0,9.0,4.0,2.4000000000000004,6.0,0.19,0.11450381679389311,13.52,moderate,2026-06-11
104,104,0,AM Peak (6–9),6,26.0,24.0,26.0,2.0,,10.0,,,0.08636363636363636,0.07936507936507936,7.78,moderate,2026-06-11
104,104,0,Evening (19–24),12,24.0,20.0,24.0,4.0,,10.0,,,0.08636363636363636,0.14705882352941174,11.85,moderate,2026-06-11
104,104,0,Midday (9–15),14,25.0,25.0,26.700000000000003,1.7000000000000028,,10.0,,,0.08636363636363636,0.06827309236947801,7.12,moderate,2026-06-11
104,104,0,Overnight (0–6),5,20.0,20.0,22.4,2.3999999999999986,,10.0,,,0.08636363636363636,0.09374999999999994,8.65,moderate,2026-06-11
104,104,0,PM Peak (15–19),8,27.0,27.0,27.0,0.0,,10.0,,,0.08636363636363636,0.0,3.02,moderate,2026-06-11
104,104,1,AM Peak (6–9),6,30.0,27.0,30.0,3.0,6.0,2.5,1.0,4.0,0.2714285714285714,0.11450381679389311,16.37,very low recovery time,2026-06-11
104,104,1,Evening (19–24),12,26.0,23.0,26.0,3.0,12.0,1.0,0.10000000000000009,2.0,0.475,0.11450381679389311,23.5,no recovery time,2026-06-11
104,104,1,Midday (9–15),14,28.0,28.0,30.700000000000003,2.700000000000003,14.0,1.0,1.0,1.700000000000001,0.475,0.10424710424710433,22.88,no recovery time,2026-06-11
104,104,1,Overnight (0–6),4,23.0,23.0,25.8,2.8000000000000007,4.0,2.0,0.6000000000000001,2.0,0.31666666666666665,0.1076923076923077,17.54,very low recovery time,2026-06-11
104,104,1,PM Peak (15–19),8,31.0,31.0,31.0,0.0,8.0,2.0,1.7000000000000002,2.0,0.31666666666666665,0.0,11.08,very low recovery time,2026-06-11
105,105,0,AM Peak (6–9),16,12.0,11.0,13.0,2.0,16.0,5.0,4.0,6.0,0.15833333333333333,0.07936507936507936,10.3,moderate,2026-06-11
105,105,0,Evening (19–24),16,11.0,9.0,13.5,4.5,16.0,4.0,2.5,4.5,0.19,0.16245487364620936,16.4,moderate,2026-06-11
105,105,0,Midday (9–15),22,13.0,13.0,13.0,0.0,21.0,8.0,2.0,8.0,0.10555555555555556,0.0,3.69,moderate,2026-06-11
105,105,0,Overnight (0–6),7,11.0,9.0,15.0,6.0,6.0,3.0,0.0,5.0,0.2375,0.2054794520547945,20.64,very low recovery time,2026-06-11
105,105,0,PM Peak (15–19),19,16.0,14.0,18.0,4.0,18.0,10.0,2.0,10.0,0.08636363636363636,0.14705882352941174,11.85,moderate,2026-06-11
105,105,1,AM Peak (6–9),16,13.5,13.0,15.0,2.0,16.0,2.0,1.5,2.0,0.31666666666666665,0.07936507936507936,15.85,very low recovery time,2026-06-11
105,105,1,Evening (19–24),16,12.0,11.0,12.0,1.0,17.0,3.0,1.0,5.0,0.2375,0.04132231404958677,10.79,very low recovery time,2026-06-11
105,105,1,Midday (9–15),21,14.0,14.0,15.0,1.0,22.0,1.0,1.0,2.0,0.475,0.04132231404958677,19.1,no recovery time,2026-06-11
105,105,1,Overnight (0–6),6,12.0,11.0,15.0,4.0,4.0,4.0,1.2000000000000002,5.4,0.19,0.14705882352941174,15.47,moderate,2026-06-11
105,105,1,PM Peak (15–19),21,16.0,15.0,19.0,4.0,19.0,1.0,1.0,5.0,0.475,0.14705882352941174,25.45,no recovery time,2026-06-11
106,106,0,AM Peak (6–9),10,27.0,24.0,27.0,3.0,10.0,4.5,2.8,6.499999999999998,0.17272727272727273,0.11450381679389311,12.92,moderate,2026-06-11
106,106,0,Evening (19–24),18,21.0,19.0,25.0,6.0,16.0,5.0,1.0,8.0,0.15833333333333333,0.2054794520547945,17.87,moderate,2026-06-11
106,106,0,Midday (9–15),19,23.0,23.0,26.599999999999998,3.599999999999998,18.0,6.0,6.0,8.600000000000001,0.1357142857142857,0.13432835820895514,12.81,moderate,2026-06-11
106,106,0,Overnight (0–6),9,19.0,19.0,24.0,5.0,7.0,2.0,1.6,4.4,0.31666666666666665,0.17730496453900707,21.72,very low recovery time,2026-06-11
106,106,0,PM Peak (15–19),18,29.0,23.055,29.0,5.945,16.0,6.0,4.0,8.5,0.1357142857142857,0.20398009950248755,16.99,moderate,2026-06-11
106,106,1,AM Peak (6–9),11,26.0,22.0,26.0,4.0,10.0,5.0,5.0,8.1,0.15833333333333333,0.14705882352941174,14.37,moderate,2026-06-11
106,106,1,Evening (19–24),16,22.0,20.0,25.0,5.0,17.0,6.0,5.0,6.0,0.1357142857142857,0.17730496453900707,15.39,moderate,2026-06-11
106,106,1,Midday (9–15),19,24.0,24.0,24.999999999999996,0.9999999999999964,19.0,7.0,5.8,7.0,0.11875,0.04132231404958663,6.64,moderate,2026-06-11
106,106,1,Overnight (0–6),8,20.0,19.865000000000002,22.0,2.134999999999998,7.0,7.0,5.0,19.0,0.11875,0.08427077165975914,9.21,moderate,2026-06-11
106,106,1,PM Peak (15–19),17,29.0,26.2,29.0,2.8000000000000007,17.0,6.0,5.0,7.0,0.1357142857142857,0.1076923076923077,11.21,moderate,2026-06-11
107,107,0,AM Peak (6–9),7,33.0,33.0,33.0,0.0,7.0,13.0,2.2,23.0,0.06785714285714285,0.0,2.38,moderate,2026-06-11
107,107,0,Evening (19–24),9,27.0,26.0,27.0,1.0,9.0,18.0,7.2,20.4,0.049999999999999996,0.04132231404958677,4.23,moderate,2026-06-11
107,107,0,Midday (9–15),12,31.0,31.0,31.0,0.0,11.0,4.0,0.0,22.0,0.19,0.0,6.65,moderate,2026-06-11
107,107,0,Overnight (0–6),5,26.0,26.0,33.0,7.0,4.0,0.5,0.0,16.400000000000006,0.6333333333333333,0.23178807947019867,36.07,no recovery time,2026-06-11
107,107,0,PM Peak (15–19),8,34.0,32.5,34.0,1.5,8.0,7.5,0.0,14.0,0.11176470588235293,0.060728744939271245,7.56,moderate,2026-06-11
107,107,1,AM Peak (6–9),7,34.0,34.0,34.0,0.0,,10.0,,,0.08636363636363636,0.0,3.02,moderate,2026-06-11
107,107,1,Evening (19–24),10,27.0,26.0,28.0,2.0,,10.0,,,0.08636363636363636,0.07936507936507936,7.78,moderate,2026-06-11
107,107,1,Midday (9–15),12,33.0,33.0,33.0,0.0,,10.0,,,0.08636363636363636,0.0,3.02,moderate,2026-06-11
107,107,1,Overnight (0–6),5,26.0,26.0,33.88666666666667,7.88666666666667,,10.0,,,0.08636363636363636,0.2536993351919366,18.24,moderate,2026-06-11
107,107,1,PM Peak (15–19),8,37.0,36.1,37.0,0.8999999999999986,,10.0,,,0.08636363636363636,0.0373443983402489,5.26,moderate,2026-06-11
108,108,0,AM Peak (6–9),19,34.0,30.0,38.0,8.0,18.0,9.0,7.4,13.0,0.095,0.2564102564102564,18.71,moderate,2026-06-11
108,108,0,Evening (19–24),21,31.0,28.0,34.0,6.0,21.0,6.0,6.0,15.0,0.1357142857142857,0.2054794520547945,17.08,moderate,2026-06-11
108,108,0,Midday (9–15),36,35.0,31.0,38.5,7.5,33.0,10.0,3.0,14.0,0.08636363636363636,0.24429967426710095,17.68,moderate,2026-06-11
108,108,0,Overnight (0–6),10,28.0,23.195,30.0,6.805,6.0,14.5,8.5,16.0,0.06129032258064516,0.22679553407765368,15.75,moderate,2026-06-11
108,108,0,PM Peak (15–19),22,36.0,36.0,42.0,6.0,21.0,14.0,14.0,14.0,0.06333333333333332,0.2054794520547945,14.55,moderate,2026-06-11
108,108,1,AM Peak (6–9),18,33.5,30.0,38.0,8.0,19.0,8.0,5.6,9.2,0.10555555555555556,0.2564102564102564,19.08,moderate,2026-06-11
108,108,1,Evening (19–24),22,31.5,27.0,34.0,7.0,22.0,7.0,3.0,9.900000000000002,0.11875,0.23178807947019867,18.06,moderate,2026-06-11
108,108,1,Midday (9–15),36,34.0,31.0,35.0,4.0,36.0,8.0,8.0,8.0,0.10555555555555556,0.14705882352941174,12.52,moderate,2026-06-11
108,108,1,Overnight (0–6),9,27.0,19.85,34.0,14.149999999999999,6.0,3.0,3.0,4.0,0.2375,0.37884872824631854,31.04,very low recovery time,2026-06-11
108,108,1,PM Peak (15–19),22,36.0,35.0,41.0,6.0,21.0,8.0,8.0,8.0,0.10555555555555556,0.2054794520547945,16.02,moderate,2026-06-11
109,109,0,AM Peak (6–9),11,29.0,9.95,32.0,22.05,10.0,2.0,0.0,4.0,0.31666666666666665,0.487292817679558,40.32,"very low recovery time, high schedule variability",2026-06-11
109,109,0,Evening (19–24),11,22.0,19.0,24.0,5.0,12.0,7.0,4.0,7.9,0.11875,0.17730496453900707,14.79,moderate,2026-06-11
109,109,0,Midday (9–15),18,27.0,26.0,28.0,2.0,18.0,5.0,4.4,5.0,0.15833333333333333,0.07936507936507936,10.3,moderate,2026-06-11
109,109,0,Overnight (0–6),5,19.0,9.6,19.6,10.000000000000002,5.0,4.0,1.6,7.0,0.19,0.30120481927710846,24.72,moderate,2026-06-11
109,109,0,PM Peak (15–19),12,35.0,32.3,37.0,4.700000000000003,12.0,4.0,0.0,4.0,0.19,0.16845878136200723,16.76,moderate,2026-06-11
109,109,1,AM Peak (6–9),10,24.0,21.0,26.0,5.0,9.0,1.0,0.0,5.4,0.475,0.17730496453900707,27.26,no recovery time,2026-06-11
109,109,1,Evening (19–24),12,21.0,20.0,24.0,4.0,11.0,4.0,0.0,6.0,0.19,0.14705882352941174,15.47,moderate,2026-06-11
109,109,1,Midday (9–15),18,25.0,24.0,25.0,1.0,18.0,3.5,2.0,5.0,0.2111111111111111,0.04132231404958677,9.87,moderate,2026-06-11
109,109,1,Overnight (0–6),6,20.0,8.5,20.0,11.5,5.0,4.0,0.8,5.2,0.19,0.3314121037463977,26.53,moderate,2026-06-11
109,109,1,PM Peak (15–19),12,35.0,28.1,36.0,7.899999999999999,11.0,5.0,0.0,8.0,0.15833333333333333,0.25401929260450157,20.78,moderate,2026-06-11
110,110,0,AM Peak (6–9),31,23.0,18.15,26.0,7.850000000000001,14.0,4.5,3.3,7.0,0.17272727272727273,0.2528180354267311,21.21,moderate,2026-06-11
110,110,0,Evening (19–24),24,20.575,17.15,24.0,6.850000000000001,11.0,4.0,1.0,13.0,0.19,0.2279534109816972,20.33,moderate,2026-06-11
110,110,0,Midday (9–15),29,22.15,20.15,26.0,5.850000000000001,15.0,5.0,5.0,5.0,0.15833333333333333,0.20137693631669537,17.62,moderate,2026-06-11
110,110,0,Overnight (0–6),16,16.15,5.2,22.0,16.8,5.0,4.0,4.0,12.600000000000001,0.19,0.42000000000000004,31.85,moderate,2026-06-11
110,110,0,PM Peak (15–19),30,23.075,21.85,27.0,5.149999999999999,14.0,7.0,5.0,9.0,0.11875,0.18165784832451493,15.06,moderate,2026-06-11
110,110,1,AM Peak (6–9),30,23.0,20.0,29.0,9.0,29.0,3.0,2.0,7.0,0.2375,0.2795031055900621,25.08,very low recovery time,2026-06-11
110,110,1,Evening (19–24),23,21.0,20.0,25.0,5.0,22.0,8.0,1.0,10.0,0.10555555555555556,0.17730496453900707,14.33,moderate,2026-06-11
110,110,1,Midday (9–15),31,24.85,22.0,29.0,7.0,27.0,4.0,4.0,9.0,0.19,0.23178807947019867,20.56,moderate,2026-06-11
110,110,1,Overnight (0–6),15,20.0,8.503333333333334,23.0,14.496666666666666,12.0,1.0,1.0,9.8,0.475,0.38456096913962323,39.7,no recovery time,2026-06-11
110,110,1,PM Peak (15–19),31,25.0,21.0,30.0,9.0,30.0,7.5,5.9,11.100000000000001,0.11176470588235293,0.2795031055900621,20.68,moderate,2026-06-11
111,111,0,AM Peak (6–9),16,28.0,27.0,28.0,1.0,15.0,6.0,3.0,6.0,0.1357142857142857,0.04132231404958677,7.23,moderate,2026-06-11
111,111,0,Evening (19–24),14,23.0,20.0,23.0,3.0,13.0,5.0,5.0,5.0,0.15833333333333333,0.11450381679389311,12.41,moderate,2026-06-11
111,111,0,Midday (9–15),23,26.0,26.0,26.0,0.0,23.0,2.0,1.2000000000000002,5.200000000000003,0.31666666666666665,0.0,11.08,very low recovery time,2026-06-11
111,111,0,Overnight (0–6),7,24.0,20.0,24.0,4.0,6.0,4.0,1.5,5.0,0.19,0.14705882352941174,15.47,moderate,2026-06-11
111,111,0,PM Peak (15–19),21,29.0,29.0,29.0,0.0,20.0,5.0,5.0,5.0,0.15833333333333333,0.0,5.54,moderate,2026-06-11
111,111,1,AM Peak (6–9),17,31.0,26.4,31.0,4.600000000000001,16.0,1.0,1.0,5.0,0.475,0.1654676258992806,26.55,no recovery time,2026-06-11
111,111,1,Evening (19–24),14,29.0,27.0,31.1,4.100000000000001,13.0,3.0,2.0,3.0,0.2375,0.1501831501831502,17.32,very low recovery time,2026-06-11
111,111,1,Midday (9–15),24,29.0,29.0,29.0,0.0,23.0,7.0,1.4000000000000004,7.0,0.11875,0.0,4.16,moderate,2026-06-11
111,111,1,Overnight (0–6),10,24.0,3.8833333333333333,27.0,23.116666666666667,7.0,0.0,0.0,2.0,0.95,0.4991003958258366,63.2,"no recovery time, high schedule variability",2026-06-11
111,111,1,PM Peak (15–19),20,34.0,33.8,34.0,0.20000000000000284,21.0,4.0,4.0,6.0,0.19,0.008547008547008666,7.16,moderate,2026-06-11
112,112,0,AM Peak (6–9),16,38.0,34.0,42.0,8.0,15.0,7.0,6.4,7.0,0.11875,0.2564102564102564,19.54,moderate,2026-06-11
112,112,0,Evening (19–24),17,53.0,45.0,53.0,8.0,15.0,4.0,2.8000000000000003,6.199999999999999,0.19,0.2564102564102564,22.03,moderate,2026-06-11
112,112,0,Midday (9–15),36,30.0,30.0,60.0,30.0,32.0,6.0,0.10000000000000009,9.0,0.1357142857142857,0.5639097744360902,38.58,high schedule variability,2026-06-11
112,112,0,Overnight (0–6),10,45.0,34.0,45.0,11.0,6.0,5.0,3.0,5.5,0.15833333333333333,0.3216374269005848,24.84,moderate,2026-06-11
112,112,0,PM Peak (15–19),18,53.0,30.0,60.0,30.0,18.0,5.0,5.0,7.300000000000001,0.15833333333333333,0.5639097744360902,39.38,high schedule variability,2026-06-11
112,112,1,AM Peak (6–9),17,63.0,36.0,63.0,27.0,15.0,8.0,0.0,9.0,0.10555555555555556,0.5378486055776892,35.97,high schedule variability,2026-06-11
112,112,1,Evening (19–24),16,38.0,34.0,38.0,4.0,16.0,6.0,4.0,7.0,0.1357142857142857,0.14705882352941174,13.57,moderate,2026-06-11
112,112,1,Midday (9–15),31,37.0,32.0,55.0,23.0,33.0,9.0,0.0,12.0,0.095,0.4978354978354978,33.2,high schedule variability,2026-06-11
112,112,1,Overnight (0–6),8,34.0,18.983333333333334,62.556666666666665,43.57333333333333,7.0,4.0,2.4000000000000004,5.200000000000001,0.19,0.6525559105431309,45.8,high schedule variability,2026-06-11
112,112,1,PM Peak (15–19),19,38.0,37.0,43.0,6.0,19.0,5.0,0.0,12.0,0.15833333333333333,0.2054794520547945,17.87,moderate,2026-06-11
113,113,0,AM Peak (6–9),9,28.0,23.0,28.0,5.0,9.0,15.0,2.0,16.0,0.059375,0.17730496453900707,12.72,moderate,2026-06-11
113,113,0,Evening (19–24),11,27.0,23.0,27.0,4.0,11.0,10.0,6.0,15.0,0.08636363636363636,0.14705882352941174,11.85,moderate,2026-06-11
113,113,0,Midday (9–15),19,28.0,28.0,33.0,5.0,18.0,16.0,10.7,16.0,0.055882352941176466,0.17730496453900707,12.59,moderate,2026-06-11
113,113,0,Overnight (0–6),8,21.5,9.45,23.0,13.55,7.0,9.0,3.6,12.0,0.095,0.3687074829931973,25.45,moderate,2026-06-11
113,113,0,PM Peak (15–19),15,33.0,28.6,33.0,4.399999999999999,13.0,10.0,10.0,10.0,0.08636363636363636,0.1594202898550724,12.59,moderate,2026-06-11
113,113,1,AM Peak (6–9),9,29.0,22.0,29.0,7.0,10.0,8.0,7.0,8.0,0.10555555555555556,0.23178807947019867,17.6,moderate,2026-06-11
113,113,1,Evening (19–24),11,27.0,22.0,27.0,5.0,11.0,11.0,6.0,11.0,0.07916666666666666,0.17730496453900707,13.41,moderate,2026-06-11
113,113,1,Midday (9–15),19,28.0,28.0,31.0,3.0,18.0,8.0,6.0,8.0,0.10555555555555556,0.11450381679389311,10.56,moderate,2026-06-11
113,113,1,Overnight (0–6),8,22.0,10.116666666666667,22.0,11.883333333333333,5.0,6.0,6.0,7.0,0.1357142857142857,0.3387173396674584,25.07,moderate,2026-06-11
113,113,1,PM Peak (15–19),14,31.0,28.9,31.0,2.1000000000000014,15.0,6.0,6.0,6.0,0.1357142857142857,0.08300395256917001,9.73,moderate,2026-06-11
114,114,0,AM Peak (6–9),17,25.0,23.0,25.0,2.0,15.0,20.0,9.4,22.0,0.04523809523809524,0.07936507936507936,6.35,moderate,2026-06-11
114,114,0,Evening (19–24),20,21.0,20.0,21.0,1.0,19.0,17.0,5.0,17.4,0.05277777777777778,0.04132231404958677,4.33,moderate,2026-06-11
114,114,0,Midday (9–15),25,24.0,24.0,28.800000000000004,4.800000000000004,24.0,12.0,9.9,12.0,0.07307692307692307,0.17142857142857154,12.84,moderate,2026-06-11
114,114,0,Overnight (0–6),9,20.0,20.0,20.0,0.0,7.0,5.0,5.0,9.200000000000003,0.15833333333333333,0.0,5.54,moderate,2026-06-11
114,114,0,PM Peak (15–19),20,32.0,32.0,32.0,0.0,19.0,25.0,15.0,25.0,0.036538461538461534,0.0,1.28,moderate,2026-06-11
114,114,1,AM Peak (6–9),18,21.0,17.0,21.0,4.0,16.0,2.0,0.0,2.0,0.31666666666666665,0.14705882352941174,19.91,very low recovery time,2026-06-11
114,114,1,Evening (19–24),20,19.0,18.0,19.0,1.0,20.0,3.0,1.9000000000000001,3.0,0.2375,0.04132231404958677,10.79,very low recovery time,2026-06-11
114,114,1,Midday (9–15),24,22.0,22.0,22.0,0.0,24.0,2.0,2.0,2.0,0.31666666666666665,0.0,11.08,very low recovery time,2026-06-11
114,114,1,Overnight (0–6),8,18.0,17.0,18.0,1.0,7.0,2.0,1.2000000000000002,5.4,0.31666666666666665,0.04132231404958677,13.56,very low recovery time,2026-06-11
114,114,1,PM Peak (15–19),20,24.0,24.0,24.0,0.0,20.0,3.0,3.0,3.1000000000000014,0.2375,0.0,8.31,very low recovery time,2026-06-11
115,115,0,AM Peak (6–9),9,26.0,20.0,26.0,6.0,8.0,0.0,0.0,0.0,0.95,0.2054794520547945,45.58,no recovery time,2026-06-11
115,115,0,Evening (19–24),9,19.0,19.0,24.200000000000003,5.200000000000003,10.0,0.0,0.0,1.3999999999999986,0.95,0.18309859154929584,44.24,no recovery time,2026-06-11
115,115,0,Midday (9–15),15,20.0,20.0,24.2,4.199999999999999,15.0,0.0,0.0,1.5999999999999996,0.95,0.15328467153284667,42.45,no recovery time,2026-06-11
115,115,0,PM Peak (15–19),12,29.0,29.0,29.0,0.0,12.0,14.0,12.2,14.0,0.06333333333333332,0.0,2.22,moderate,2026-06-11
115,115,1,AM Peak (6–9),8,20.0,15.0,20.0,5.0,7.0,9.0,4.0,15.0,0.095,0.17730496453900707,13.96,moderate,2026-06-11
115,115,1,Evening (19–24),10,16.0,16.0,16.299999999999997,0.29999999999999716,8.0,5.0,2.0,5.0,0.15833333333333333,0.01276595744680839,6.31,moderate,2026-06-11
115,115,1,Midday (9–15),15,15.0,15.0,19.0,4.0,14.0,5.0,2.9000000000000004,11.30000000000001,0.15833333333333333,0.14705882352941174,14.37,moderate,2026-06-11
115,115,1,PM Peak (15–19),12,19.0,19.0,19.0,0.0,11.0,3.0,3.0,5.0,0.2375,0.0,8.31,very low recovery time,2026-06-11
116,116,0,AM Peak (6–9),29,53.0,48.0,54.0,6.0,25.0,3.0,2.0,7.600000000000001,0.2375,0.2054794520547945,20.64,very low recovery time,2026-06-11
116,116,0,Evening (19–24),37,51.0,47.0,57.8,10.799999999999997,34.0,6.5,3.0,8.0,0.12666666666666665,0.31764705882352934,23.49,moderate,2026-06-11
116,116,0,Midday (9–15),46,54.0,54.0,64.0,10.0,45.0,9.0,6.4,10.600000000000001,0.095,0.3012048192771084,21.4,moderate,2026-06-11
116,116,0,Overnight (0–6),26,41.0,8.65,47.5,38.85,17.0,3.0,0.0,7.4,0.2375,0.6261079774375503,45.88,"very low recovery time, high schedule variability",2026-06-11
116,116,0,PM Peak (15–19),32,64.0,64.0,64.0,0.0,30.0,4.0,4.0,4.0,0.19,0.0,6.65,moderate,2026-06-11
116,116,1,AM Peak (6–9),26,51.0,47.5,52.0,4.5,23.0,5.0,3.2,8.0,0.15833333333333333,0.16245487364620936,15.29,moderate,2026-06-11
116,116,1,Evening (19–24),34,46.0,40.0,51.4,11.399999999999999,34.0,6.0,5.300000000000001,7.0,0.1357142857142857,0.3294797687861271,24.52,moderate,2026-06-11
116,116,1,Midday (9–15),46,51.0,51.0,52.0,1.0,45.0,6.0,4.0,8.0,0.1357142857142857,0.04132231404958677,7.23,moderate,2026-06-11
116,116,1,Overnight (0–6),17,40.0,39.0,47.0,8.0,15.0,6.0,6.0,10.0,0.1357142857142857,0.2564102564102564,20.13,moderate,2026-06-11
116,116,1,PM Peak (15–19),31,52.0,52.0,52.0,0.0,30.0,8.0,7.9,8.0,0.10555555555555556,0.0,3.69,moderate,2026-06-11
117,117,0,AM Peak (6–9),9,26.0,23.0,26.0,3.0,9.0,13.0,5.2,13.0,0.06785714285714285,0.11450381679389311,9.25,moderate,2026-06-11
117,117,0,Evening (19–24),15,25.0,19.0,25.0,6.0,14.0,9.0,0.30000000000000004,11.0,0.095,0.2054794520547945,15.65,moderate,2026-06-11
117,117,0,Midday (9–15),20,25.0,25.0,28.0,3.0,20.0,18.0,13.0,18.0,0.049999999999999996,0.11450381679389311,8.62,moderate,2026-06-11
117,117,0,Overnight (0–6),7,19.0,19.0,20.6,1.6000000000000014,5.0,1.0,1.0,1.0,0.475,0.0645161290322581,20.5,no recovery time,2026-06-11
117,117,0,PM Peak (15–19),13,28.0,25.0,28.0,3.0,13.0,4.0,4.0,11.0,0.19,0.11450381679389311,13.52,moderate,2026-06-11
117,117,1,AM Peak (6–9),10,26.0,19.611666666666668,26.0,6.388333333333332,8.0,3.0,2.4000000000000004,10.099999999999998,0.2375,0.21590717061905024,21.27,very low recovery time,2026-06-11
117,117,1,Evening (19–24),15,23.0,20.0,23.0,3.0,15.0,1.0,1.0,5.199999999999999,0.475,0.11450381679389311,23.5,no recovery time,2026-06-11
117,117,1,Midday (9–15),20,24.0,24.0,28.0,4.0,20.0,5.0,3.0,5.0,0.15833333333333333,0.14705882352941174,14.37,moderate,2026-06-11
117,117,1,Overnight (0–6),6,20.0,13.558333333333334,20.0,6.441666666666666,6.0,7.0,7.0,12.0,0.11875,0.21731796457689062,17.2,moderate,2026-06-11
117,117,1,PM Peak (15–19),13,28.0,23.0,28.0,5.0,14.0,1.0,1.0,4.100000000000003,0.475,0.17730496453900707,27.26,no recovery time,2026-06-11
118,118,0,AM Peak (6–9),8,38.0,35.0,38.0,3.0,7.0,11.0,6.0,15.4,0.07916666666666666,0.11450381679389311,9.64,moderate,2026-06-11
118,118,0,Evening (19–24),12,28.0,21.0,28.0,7.0,11.0,12.0,9.0,17.0,0.07307692307692307,0.23178807947019867,16.46,moderate,2026-06-11
118,118,0,Midday (9–15),13,36.0,36.0,36.0,0.0,13.0,12.0,9.600000000000001,12.0,0.07307692307692307,0.0,2.56,moderate,2026-06-11
118,118,0,Overnight (0–6),4,21.0,21.0,30.800000000000004,9.800000000000004,3.0,9.0,9.0,9.0,0.095,0.29696969696969705,21.14,moderate,2026-06-11
118,118,0,PM Peak (15–19),10,38.0,37.8,38.0,0.20000000000000284,8.0,16.0,5.1000000000000005,16.0,0.055882352941176466,0.008547008547008666,2.47,moderate,2026-06-11
118,118,1,AM Peak (6–9),8,31.0,29.0,31.0,2.0,8.0,0.0,0.0,0.0,0.95,0.07936507936507936,38.01,no recovery time,2026-06-11
118,118,1,Evening (19–24),12,35.0,30.0,35.0,5.0,12.0,0.0,0.0,0.0,0.95,0.17730496453900707,43.89,no recovery time,2026-06-11
118,118,1,Midday (9–15),13,33.0,33.0,33.0,0.0,13.0,0.0,0.0,0.0,0.95,0.0,33.25,no recovery time,2026-06-11
118,118,1,Overnight (0–6),5,30.0,29.0,30.0,1.0,4.0,0.0,0.0,0.0,0.95,0.04132231404958677,35.73,no recovery time,2026-06-11
118,118,1,PM Peak (15–19),10,42.0,42.0,42.0,0.0,10.0,0.0,0.0,0.0,0.95,0.0,33.25,no recovery time,2026-06-11
119,119,0,AM Peak (6–9),9,44.0,43.8,44.0,0.20000000000000284,9.0,2.0,2.0,3.0,0.31666666666666665,0.008547008547008666,11.6,very low recovery time,2026-06-11
119,119,0,Evening (19–24),2,7.0,7.0,7.0,0.0,,10.0,,,0.08636363636363636,0.0,3.02,moderate,2026-06-11
119,119,0,Midday (9–15),13,33.65,31.65,43.0,11.350000000000001,12.0,11.5,2.5000000000000004,12.0,0.076,0.32850940665701883,22.37,moderate,2026-06-11
119,119,0,Overnight (0–6),3,32.65,32.65,32.65,0.0,1.0,3.0,3.0,3.0,0.2375,0.0,8.31,very low recovery time,2026-06-11
119,119,0,PM Peak (15–19),10,52.0,52.0,52.0,0.0,10.0,7.0,6.8,11.0,0.11875,0.0,4.16,moderate,2026-06-11
119,119,1,AM Peak (6–9),9,52.0,47.663333333333334,52.0,4.336666666666666,9.0,2.0,1.0,3.000000000000001,0.31666666666666665,0.15748698704757289,20.53,very low recovery time,2026-06-11
119,119,1,Evening (19–24),1,32.31666666666667,32.31666666666667,32.31666666666667,0.0,2.0,2.0,0.4,3.6,0.31666666666666665,0.0,11.08,very low recovery time,2026-06-11
119,119,1,Midday (9–15),13,30.316666666666666,28.316666666666666,58.6,30.283333333333335,4.0,3.5,1.3,6.4,0.2111111111111111,0.5662200062324712,41.36,high schedule variability,2026-06-11
119,119,1,Overnight (0–6),3,37.0,23.666666666666664,49.0,25.333333333333336,,10.0,,,0.08636363636363636,0.521978021978022,34.34,high schedule variability,2026-06-11
119,119,1,PM Peak (15–19),9,59.0,59.0,59.0,0.0,9.0,7.0,7.0,7.4,0.11875,0.0,4.16,moderate,2026-06-11
120,120,0,AM Peak (6–9),6,28.0,23.316666666666666,28.0,4.683333333333334,6.0,3.5,0.0,5.0,0.2111111111111111,0.1679617453676031,17.47,moderate,2026-06-11
120,120,0,Evening (19–24),10,24.0,21.0,24.0,3.0,10.0,6.0,6.0,9.0,0.1357142857142857,0.11450381679389311,11.62,moderate,2026-06-11
120,120,0,Midday (9–15),14,28.0,28.0,30.0,2.0,11.0,2.0,1.0,2.0,0.31666666666666665,0.07936507936507936,15.85,very low recovery time,2026-06-11
120,120,0,Overnight (0–6),4,11.891666666666666,2.783333333333333,21.0,18.21666666666667,3.0,3.0,0.6000000000000001,7.800000000000001,0.2375,0.4398390342052314,34.7,very low recovery time,2026-06-11
120,120,0,PM Peak (15–19),10,30.0,21.878333333333334,30.0,8.121666666666666,10.0,8.0,0.9,8.1,0.10555555555555556,0.2592986750385782,19.25,moderate,2026-06-11
120,120,1,AM Peak (6–9),5,25.0,25.0,25.0,0.0,5.0,2.0,2.0,3.8000000000000003,0.31666666666666665,0.0,11.08,very low recovery time,2026-06-11
120,120,1,Evening (19–24),10,24.0,21.0,24.0,3.0,10.0,6.0,5.4,9.0,0.1357142857142857,0.11450381679389311,11.62,moderate,2026-06-11
120,120,1,Midday (9–15),13,28.0,28.0,29.0,1.0,12.0,2.0,0.20000000000000018,2.0,0.31666666666666665,0.04132231404958677,13.56,very low recovery time,2026-06-11
120,120,1,Overnight (0–6),3,21.0,21.0,21.0,0.0,4.0,0.0,0.0,6.300000000000002,0.95,0.0,33.25,no recovery time,2026-06-11
120,120,1,PM Peak (15–19),10,29.0,24.0,29.0,5.0,10.0,8.0,0.0,8.0,0.10555555555555556,0.17730496453900707,14.33,moderate,2026-06-11
121,121,0,AM Peak (6–9),12,26.0,26.0,26.0,0.0,11.0,3.0,3.0,5.0,0.2375,0.0,8.31,very low recovery time,2026-06-11
121,121,0,Evening (19–24),14,29.0,24.0,29.0,5.0,14.0,4.5,4.0,6.0,0.17272727272727273,0.17730496453900707,16.68,moderate,2026-06-11
121,121,0,Midday (9–15),18,28.0,28.0,28.0,0.0,17.0,2.0,2.0,2.0,0.31666666666666665,0.0,11.08,very low recovery time,2026-06-11
121,121,0,Overnight (0–6),5,24.0,24.0,24.0,0.0,4.0,4.0,1.2000000000000002,4.0,0.19,0.0,6.65,moderate,2026-06-11
121,121,0,PM Peak (15–19),12,32.0,29.3,32.0,2.6999999999999993,13.0,1.0,1.0,3.0,0.475,0.1042471042471042,22.88,no recovery time,2026-06-11
121,121,1,AM Peak (6–9),11,29.0,28.0,29.0,1.0,10.0,2.0,2.0,3.1999999999999993,0.31666666666666665,0.04132231404958677,13.56,very low recovery time,2026-06-11
121,121,1,Evening (19–24),14,32.5,30.0,35.0,5.0,13.0,2.0,1.2000000000000002,2.0,0.31666666666666665,0.17730496453900707,21.72,very low recovery time,2026-06-11
121,121,1,Midday (9–15),18,29.0,29.0,29.0,0.0,18.0,1.0,0.0,1.0,0.475,0.0,16.62,no recovery time,2026-06-11
121,121,1,Overnight (0–6),4,30.0,29.498333333333335,30.0,0.5016666666666652,5.0,2.0,2.0,7.120000000000001,0.31666666666666665,0.02116588144293644,12.35,very low recovery time,2026-06-11
121,121,1,PM Peak (15–19),13,36.0,31.4,36.0,4.600000000000001,12.0,3.0,1.2000000000000002,11.700000000000001,0.2375,0.1654676258992806,18.24,very low recovery time,2026-06-11
122,122,0,AM Peak (6–9),15,29.0,26.0,33.0,7.0,14.0,1.0,1.0,1.0,0.475,0.23178807947019867,30.53,no recovery time,2026-06-11
122,122,0,Evening (19–24),14,25.0,22.0,25.0,3.0,16.0,1.0,1.0,1.0,0.475,0.11450381679389311,23.5,no recovery time,2026-06-11
122,122,0,Midday (9–15),20,28.0,27.0,30.1,3.1000000000000014,20.0,1.0,1.0,1.0,0.475,0.11787072243346011,23.7,no recovery time,2026-06-11
122,122,0,Overnight (0–6),6,22.0,9.0,24.0,15.0,5.0,1.0,1.0,1.0,0.475,0.3926701570680628,40.19,no recovery time,2026-06-11
122,122,0,PM Peak (15–19),24,31.0,31.0,31.0,0.0,24.0,1.0,1.0,1.0,0.475,0.0,16.62,no recovery time,2026-06-11
122,122,1,AM Peak (6–9),14,28.5,24.0,30.0,6.0,13.0,9.0,8.0,11.400000000000002,0.095,0.2054794520547945,15.65,moderate,2026-06-11
122,122,1,Evening (19–24),16,28.0,25.0,31.0,6.0,13.0,6.0,6.0,12.0,0.1357142857142857,0.2054794520547945,17.08,moderate,2026-06-11
122,122,1,Midday (9–15),20,27.0,25.0,30.0,5.0,18.0,6.5,4.0,9.800000000000004,0.12666666666666665,0.17730496453900707,15.07,moderate,2026-06-11
122,122,1,Overnight (0–6),5,25.0,24.4,25.0,0.6000000000000014,3.0,12.0,12.0,12.0,0.07307692307692307,0.0252100840336135,4.07,moderate,2026-06-11
122,122,1,PM Peak (15–19),24,31.0,31.0,31.0,0.0,22.0,7.0,7.0,7.0,0.11875,0.0,4.16,moderate,2026-06-11
123,123,0,AM Peak (6–9),35,15.0,15.0,26.0,11.0,31.0,6.0,5.0,7.0,0.1357142857142857,0.3216374269005848,24.05,moderate,2026-06-11
123,123,0,Evening (19–24),24,21.0,20.0,21.0,1.0,24.0,4.0,1.6000000000000005,7.0,0.19,0.04132231404958677,9.13,moderate,2026-06-11
123,123,0,Midday (9–15),34,16.5,16.0,27.0,11.0,34.0,7.0,3.0,9.0,0.11875,0.3216374269005848,23.45,moderate,2026-06-11
123,123,0,Overnight (0–6),13,20.0,10.106666666666667,21.0,10.893333333333333,10.0,5.0,3.9,11.1,0.15833333333333333,0.3195150567070786,24.71,moderate,2026-06-11
123,123,0,PM Peak (15–19),44,17.0,15.0,29.0,14.0,44.0,5.0,3.0,5.0,0.15833333333333333,0.3763440860215054,28.12,moderate,2026-06-11
123,123,1,AM Peak (6–9),33,16.0,16.0,32.0,16.0,33.0,6.0,3.0,7.0,0.1357142857142857,0.4081632653061224,29.24,moderate,2026-06-11
123,123,1,Evening (19–24),25,24.0,22.0,26.0,4.0,23.0,3.0,1.2000000000000002,3.0,0.2375,0.14705882352941174,17.14,very low recovery time,2026-06-11
123,123,1,Midday (9–15),35,19.0,16.0,32.0,16.0,33.0,3.0,3.0,5.0,0.2375,0.4081632653061224,32.8,very low recovery time,2026-06-11
123,123,1,Overnight (0–6),11,24.0,22.0,29.0,7.0,10.0,2.0,1.9,9.499999999999998,0.31666666666666665,0.23178807947019867,24.99,very low recovery time,2026-06-11
123,123,1,PM Peak (15–19),44,19.0,18.0,36.0,18.0,42.0,5.0,3.0,5.0,0.15833333333333333,0.4368932038834951,31.76,moderate,2026-06-11
124,124,0,AM Peak (6–9),19,15.0,13.0,15.0,2.0,18.0,3.0,3.0,3.0,0.2375,0.07936507936507936,13.07,very low recovery time,2026-06-11
124,124,0,Evening (19–24),16,11.0,10.0,11.0,1.0,16.0,3.0,3.0,4.0,0.2375,0.04132231404958677,10.79,very low recovery time,2026-06-11
124,124,0,Midday (9–15),20,14.0,14.0,14.0,0.0,22.0,3.0,3.0,3.0,0.2375,0.0,8.31,very low recovery time,2026-06-11
124,124,0,Overnight (0–6),7,12.0,10.0,14.0,4.0,5.0,4.0,1.6,4.0,0.19,0.14705882352941174,15.47,moderate,2026-06-11
124,124,0,PM Peak (15–19),26,15.0,13.5,15.0,1.5,24.0,3.0,3.0,3.0,0.2375,0.060728744939271245,11.96,very low recovery time,2026-06-11
124,124,1,AM Peak (6–9),19,13.0,10.0,13.0,3.0,18.0,5.0,4.7,7.0,0.15833333333333333,0.11450381679389311,12.41,moderate,2026-06-11
124,124,1,Evening (19–24),16,11.0,9.0,11.0,2.0,16.0,5.0,5.0,7.0,0.15833333333333333,0.07936507936507936,10.3,moderate,2026-06-11
124,124,1,Midday (9–15),22,13.0,13.0,13.0,0.0,21.0,6.0,4.0,6.0,0.1357142857142857,0.0,4.75,moderate,2026-06-11
124,124,1,Overnight (0–6),7,10.0,9.0,10.0,1.0,7.0,7.0,4.0,7.0,0.11875,0.04132231404958677,6.64,moderate,2026-06-11
124,124,1,PM Peak (15–19),24,15.0,13.0,15.0,2.0,22.0,3.0,3.0,4.900000000000002,0.2375,0.07936507936507936,13.07,very low recovery time,2026-06-11
125,125,0,AM Peak (6–9),21,15.0,15.0,15.0,0.0,19.0,0.0,0.0,1.0,0.95,0.0,33.25,no recovery time,2026-06-11
125,125,0,Evening (19–24),20,13.0,11.891666666666667,13.0,1.1083333333333325,18.0,5.0,3.8000000000000007,5.0,0.15833333333333333,0.04559478916695231,8.28,moderate,2026-06-11
125,125,0,Midday (9–15),26,14.0,14.0,14.0,0.0,26.0,2.0,2.0,2.5,0.31666666666666665,0.0,11.08,very low recovery time,2026-06-11
125,125,0,Overnight (0–6),4,13.0,5.241666666666667,14.4,9.158333333333333,3.0,5.0,3.4,5.0,0.15833333333333333,0.2830285861447334,22.52,moderate,2026-06-11
125,125,0,PM Peak (15–19),24,15.0,15.0,15.0,0.0,23.0,0.0,0.0,0.0,0.95,0.0,33.25,no recovery time,2026-06-11
125,125,1,AM Peak (6–9),22,15.0,15.0,15.0,0.0,21.0,0.0,0.0,0.0,0.95,0.0,33.25,no recovery time,2026-06-11
125,125,1,Evening (19–24),18,12.0,12.0,12.0,0.0,19.0,0.0,0.0,0.0,0.95,0.0,33.25,no recovery time,2026-06-11
125,125,1,Midday (9–15),25,14.0,14.0,14.0,0.0,26.0,0.0,0.0,1.0,0.95,0.0,33.25,no recovery time,2026-06-11
125,125,1,Overnight (0–6),5,12.0,2.1166666666666667,12.0,9.883333333333333,4.0,0.0,0.0,0.0,0.95,0.29874055415617123,51.17,no recovery time,2026-06-11
125,125,1,PM Peak (15–19),25,15.0,14.4,15.0,0.5999999999999996,25.0,0.0,0.0,0.0,0.95,0.025210084033613425,34.76,no recovery time,2026-06-11
126,126,0,AM Peak (6–9),9,16.0,11.0,16.0,5.0,8.0,2.0,0.0,2.0,0.31666666666666665,0.17730496453900707,21.72,very low recovery time,2026-06-11
126,126,0,Evening (19–24),10,13.0,11.0,13.0,2.0,11.0,2.0,2.0,4.0,0.31666666666666665,0.07936507936507936,15.85,very low recovery time,2026-06-11
126,126,0,Midday (9–15),13,14.0,14.0,15.600000000000001,1.6000000000000014,13.0,0.0,0.0,0.0,0.95,0.0645161290322581,37.12,no recovery time,2026-06-11
126,126,0,Overnight (0–6),3,11.0,11.0,11.0,0.0,3.0,4.0,0.8,4.0,0.19,0.0,6.65,moderate,2026-06-11
126,126,0,PM Peak (15–19),13,16.0,16.0,16.0,0.0,13.0,0.0,0.0,0.0,0.95,0.0,33.25,no recovery time,2026-06-11
126,126,1,AM Peak (6–9),8,16.0,12.0,16.0,4.0,8.0,2.0,2.0,7.0,0.31666666666666665,0.14705882352941174,19.91,very low recovery time,2026-06-11
126,126,1,Evening (19–24),10,13.0,11.0,13.0,2.0,10.0,2.0,1.8,4.0,0.31666666666666665,0.07936507936507936,15.85,very low recovery time,2026-06-11
126,126,1,Midday (9–15),13,16.0,16.0,18.400000000000002,2.400000000000002,12.0,0.0,0.0,2.700000000000001,0.95,0.09375000000000007,38.88,no recovery time,2026-06-11
126,126,1,Overnight (0–6),4,11.0,11.0,11.7,0.6999999999999993,2.0,4.0,4.0,4.0,0.19,0.029288702928870262,8.41,moderate,2026-06-11
126,126,1,PM Peak (15–19),13,19.0,19.0,19.0,0.0,12.0,1.0,1.0,1.0,0.475,0.0,16.62,no recovery time,2026-06-11
127,127,0,AM Peak (6–9),8,36.0,25.0,36.0,11.0,6.0,3.0,1.0,6.0,0.2375,0.3216374269005848,27.61,very low recovery time,2026-06-11
127,127,0,Evening (19–24),12,21.5,20.0,25.0,5.0,12.0,4.0,0.30000000000000027,6.0,0.19,0.17730496453900707,17.29,moderate,2026-06-11
127,127,0,Midday (9–15),16,29.0,29.0,29.0,0.0,17.0,7.0,3.0,7.0,0.11875,0.0,4.16,moderate,2026-06-11
127,127,0,Overnight (0–6),3,20.0,20.0,20.0,0.0,3.0,4.0,4.0,4.0,0.19,0.0,6.65,moderate,2026-06-11
127,127,0,PM Peak (15–19),9,29.0,28.6,29.0,0.3999999999999986,9.0,7.0,6.6,7.0,0.11875,0.01694915254237282,5.17,moderate,2026-06-11
127,127,1,AM Peak (6–9),8,25.0,21.0,25.0,4.0,8.0,2.0,0.7000000000000001,2.0,0.31666666666666665,0.14705882352941174,19.91,very low recovery time,2026-06-11
127,127,1,Evening (19–24),12,23.5,21.0,26.0,5.0,12.0,3.0,0.0,3.0,0.2375,0.17730496453900707,18.95,very low recovery time,2026-06-11
127,127,1,Midday (9–15),17,27.0,26.2,34.2,8.000000000000004,16.0,3.0,2.0,3.5,0.2375,0.2564102564102565,23.7,very low recovery time,2026-06-11
127,127,1,Overnight (0–6),4,21.0,21.0,21.0,0.0,3.0,3.0,3.0,3.0,0.2375,0.0,8.31,very low recovery time,2026-06-11
127,127,1,PM Peak (15–19),9,39.0,38.0,39.0,1.0,9.0,3.0,3.0,3.6000000000000005,0.2375,0.04132231404958677,10.79,very low recovery time,2026-06-11
129,129,0,AM Peak (6–9),20,70.5,41.0,72.0,31.0,19.0,8.0,7.2,8.0,0.10555555555555556,0.5719557195571956,38.01,high schedule variability,2026-06-11
129,129,0,Evening (19–24),33,35.0,33.0,56.0,23.0,29.0,7.0,5.0,8.0,0.11875,0.4978354978354978,34.03,high schedule variability,2026-06-11
129,129,0,Midday (9–15),39,39.0,39.0,66.60000000000001,27.60000000000001,35.0,8.0,8.0,15.0,0.10555555555555556,0.5433070866141733,36.29,high schedule variability,2026-06-11
129,129,0,Overnight (0–6),16,34.0,31.0,59.0,28.0,13.0,8.0,2.8000000000000007,9.600000000000001,0.10555555555555556,0.546875,36.51,high schedule variability,2026-06-11
129,129,0,PM Peak (15–19),26,68.5,41.0,69.0,28.0,25.0,9.0,9.0,10.200000000000003,0.095,0.546875,36.14,high schedule variability,2026-06-11
129,129,1,AM Peak (6–9),19,67.0,37.8,67.0,29.200000000000003,18.0,9.5,3.0,18.0,0.09047619047619047,0.5572519083969466,36.6,high schedule variability,2026-06-11
129,129,1,Evening (19–24),32,35.0,32.0,62.60000000000001,30.60000000000001,33.0,9.0,6.0,16.0,0.095,0.5687732342007435,37.45,high schedule variability,2026-06-11
129,129,1,Midday (9–15),39,39.0,39.0,72.20000000000002,33.20000000000002,32.0,4.0,3.0,16.50000000000001,0.19,0.5886524822695036,41.97,high schedule variability,2026-06-11
129,129,1,Overnight (0–6),20,30.0,28.766666666666666,34.80000000000004,6.033333333333374,13.0,7.0,0.6000000000000005,17.8,0.11875,0.20638540478905468,16.54,moderate,2026-06-11
129,129,1,PM Peak (15–19),27,70.0,42.4,79.0,36.6,27.0,11.0,7.800000000000001,18.0,0.07916666666666666,0.6120401337792641,39.49,high schedule variability,2026-06-11
130,130,0,AM Peak (6–9),9,22.0,20.0,22.0,2.0,,10.0,,,0.08636363636363636,0.07936507936507936,7.78,moderate,2026-06-11
130,130,0,Evening (19–24),11,22.0,20.0,22.0,2.0,,10.0,,,0.08636363636363636,0.07936507936507936,7.78,moderate,2026-06-11
130,130,0,Midday (9–15),14,21.0,21.0,21.0,0.0,,10.0,,,0.08636363636363636,0.0,3.02,moderate,2026-06-11
130,130,0,Overnight (0–6),3,20.0,20.0,20.0,0.0,,10.0,,,0.08636363636363636,0.0,3.02,moderate,2026-06-11
130,130,0,PM Peak (15–19),11,24.0,22.0,24.0,2.0,,10.0,,,0.08636363636363636,0.07936507936507936,7.78,moderate,2026-06-11
130,130,1,AM Peak (6–9),8,24.0,20.0,24.0,4.0,8.0,7.0,5.5,12.5,0.11875,0.14705882352941174,12.98,moderate,2026-06-11
130,130,1,Evening (19–24),12,22.0,20.0,22.0,2.0,11.0,6.0,0.0,15.0,0.1357142857142857,0.07936507936507936,9.51,moderate,2026-06-11
130,130,1,Midday (9–15),15,20.0,20.0,20.0,0.0,14.0,3.0,3.0,3.0,0.2375,0.0,8.31,very low recovery time,2026-06-11
130,130,1,Overnight (0–6),4,20.0,20.0,20.0,0.0,2.0,0.0,0.0,0.0,0.95,0.0,33.25,no recovery time,2026-06-11
130,130,1,PM Peak (15–19),10,23.0,23.0,23.0,0.0,10.0,8.5,7.2,10.399999999999999,0.09999999999999999,0.0,3.5,moderate,2026-06-11
131,131,0,AM Peak (6–9),16,51.0,26.5,51.0,24.5,14.0,6.0,3.9000000000000004,9.400000000000002,0.1357142857142857,0.5136268343815513,35.57,high schedule variability,2026-06-11
131,131,0,Evening (19–24),16,47.0,44.0,47.0,3.0,19.0,4.0,0.0,4.199999999999999,0.19,0.11450381679389311,13.52,moderate,2026-06-11
131,131,0,Midday (9–15),21,51.0,51.0,52.0,1.0,22.0,6.0,6.0,10.50000000000001,0.1357142857142857,0.04132231404958677,7.23,moderate,2026-06-11
131,131,0,Overnight (0–6),9,41.93333333333333,2.0,44.6,42.6,9.0,0.0,0.0,0.6000000000000005,0.95,0.6474164133738601,72.09,"no recovery time, high schedule variability",2026-06-11
131,131,0,PM Peak (15–19),20,55.0,55.0,55.0,0.0,18.0,6.0,5.4,7.200000000000003,0.1357142857142857,0.0,4.75,moderate,2026-06-11
131,131,1,AM Peak (6–9),13,50.0,50.0,50.0,0.0,14.0,10.0,4.0,10.0,0.08636363636363636,0.0,3.02,moderate,2026-06-11
131,131,1,Evening (19–24),19,41.0,31.0,41.0,10.0,16.0,10.0,9.0,17.5,0.08636363636363636,0.3012048192771084,21.1,moderate,2026-06-11
131,131,1,Midday (9–15),23,50.0,50.0,50.0,0.0,21.0,12.0,9.0,12.0,0.07307692307692307,0.0,2.56,moderate,2026-06-11
131,131,1,Overnight (0–6),9,38.0,3.0,43.0,40.0,2.0,1.5,1.1,1.9,0.38,0.6329113924050632,51.27,"very low recovery time, high schedule variability",2026-06-11
131,131,1,PM Peak (15–19),18,43.0,43.0,43.0,0.0,18.0,13.0,7.500000000000001,14.200000000000003,0.06785714285714285,0.0,2.38,moderate,2026-06-11
132,132,0,AM Peak (6–9),10,25.0,22.94,25.0,2.0599999999999987,8.0,0.0,0.0,2.0,0.95,0.08155186064924777,38.14,no recovery time,2026-06-11
132,132,0,Evening (19–24),11,24.0,24.0,27.0,3.0,11.0,0.0,0.0,3.0,0.95,0.11450381679389311,40.12,no recovery time,2026-06-11
132,132,0,Midday (9–15),14,24.0,24.0,24.0,0.0,15.0,0.0,0.0,0.0,0.95,0.0,33.25,no recovery time,2026-06-11
132,132,0,Overnight (0–6),4,24.0,10.280000000000001,24.0,13.719999999999999,5.0,0.0,0.0,3.0,0.95,0.3716143011917659,55.55,no recovery time,2026-06-11
132,132,0,PM Peak (15–19),11,27.0,27.0,27.0,0.0,11.0,0.0,0.0,0.0,0.95,0.0,33.25,no recovery time,2026-06-11
132,132,1,AM Peak (6–9),8,24.0,24.0,24.0,0.0,,10.0,,,0.08636363636363636,0.0,3.02,moderate,2026-06-11
132,132,1,Evening (19–24),11,21.0,18.0,23.0,5.0,,10.0,,,0.08636363636363636,0.17730496453900707,13.66,moderate,2026-06-11
132,132,1,Midday (9–15),15,24.0,24.0,24.0,0.0,,10.0,,,0.08636363636363636,0.0,3.02,moderate,2026-06-11
132,132,1,Overnight (0–6),5,18.0,7.960000000000001,21.6,13.64,,10.0,,,0.08636363636363636,0.3702497285559175,25.24,moderate,2026-06-11
132,132,1,PM Peak (15–19),11,22.0,22.0,22.0,0.0,,10.0,,,0.08636363636363636,0.0,3.02,moderate,2026-06-11
133,133,0,AM Peak (6–9),15,50.0,50.0,50.0,0.0,14.0,11.0,6.800000000000001,11.0,0.07916666666666666,0.0,2.77,moderate,2026-06-11
133,133,0,Evening (19–24),19,46.0,41.0,46.0,5.0,19.0,6.0,5.0,9.399999999999999,0.1357142857142857,0.17730496453900707,15.39,moderate,2026-06-11
133,133,0,Midday (9–15),32,50.0,49.0,53.0,4.0,30.0,11.0,10.9,12.0,0.07916666666666666,0.14705882352941174,11.59,moderate,2026-06-11
133,133,0,Overnight (0–6),9,41.0,36.0,44.2,8.200000000000003,8.0,5.0,5.0,11.5,0.15833333333333333,0.2611464968152867,21.21,moderate,2026-06-11
133,133,0,PM Peak (15–19),24,53.0,51.3,53.0,1.7000000000000028,24.0,11.0,11.0,11.0,0.07916666666666666,0.06827309236947801,6.87,moderate,2026-06-11
133,133,1,AM Peak (6–9),29,14.0,14.0,47.0,33.0,28.0,0.0,0.0,10.0,0.95,0.5871886120996441,68.48,"no recovery time, high schedule variability",2026-06-11
133,133,1,Evening (19–24),21,60.0,52.0,60.0,8.0,18.0,8.0,2.0,8.0,0.10555555555555556,0.2564102564102564,19.08,moderate,2026-06-11
133,133,1,Midday (9–15),48,46.0,14.0,64.0,50.0,48.0,9.0,0.0,11.0,0.095,0.6830601092896175,44.31,high schedule variability,2026-06-11
133,133,1,Overnight (0–6),16,36.5,10.0,50.0,40.0,9.0,0.0,0.0,3.000000000000001,0.95,0.6329113924050632,71.22,"no recovery time, high schedule variability",2026-06-11
133,133,1,PM Peak (15–19),24,64.0,64.0,64.0,0.0,24.0,12.0,10.600000000000001,12.0,0.07307692307692307,0.0,2.56,moderate,2026-06-11
134,134,0,AM Peak (6–9),12,23.0,23.0,23.0,0.0,11.0,4.0,4.0,4.0,0.19,0.0,6.65,moderate,2026-06-11
134,134,0,Evening (19–24),21,25.0,25.0,25.0,0.0,19.0,3.0,0.0,5.0,0.2375,0.0,8.31,very low recovery time,2026-06-11
134,134,0,Midday (9–15),24,27.0,23.0,30.0,7.0,24.0,2.0,2.0,5.0,0.31666666666666665,0.23178807947019867,24.99,very low recovery time,2026-06-11
134,134,0,Overnight (0–6),7,25.0,23.0,25.0,2.0,6.0,0.0,0.0,9.5,0.95,0.07936507936507936,38.01,no recovery time,2026-06-11
134,134,0,PM Peak (15–19),16,22.0,22.0,22.0,0.0,17.0,3.0,0.6000000000000001,3.0,0.2375,0.0,8.31,very low recovery time,2026-06-11
134,134,1,AM Peak (6–9),12,47.0,47.0,47.0,0.0,12.0,1.0,1.0,1.0,0.475,0.0,16.62,no recovery time,2026-06-11
134,134,1,Evening (19–24),19,25.0,25.0,25.0,0.0,21.0,5.0,0.0,6.0,0.15833333333333333,0.0,5.54,moderate,2026-06-11
134,134,1,Midday (9–15),25,30.0,27.0,47.0,20.0,24.0,1.0,0.30000000000000027,1.0,0.475,0.4629629629629629,44.4,no recovery time,2026-06-11
134,134,1,Overnight (0–6),10,25.0,22.15,47.0,24.85,7.0,0.0,0.0,0.0,0.95,0.5171696149843913,64.28,"no recovery time, high schedule variability",2026-06-11
134,134,1,PM Peak (15–19),17,48.0,45.6,48.0,2.3999999999999986,16.0,2.0,0.0,2.0,0.31666666666666665,0.09374999999999994,16.71,very low recovery time,2026-06-11
135,135,0,AM Peak (6–9),8,17.0,17.0,17.0,0.0,9.0,6.0,4.0,6.0,0.1357142857142857,0.0,4.75,moderate,2026-06-11
135,135,0,Evening (19–24),14,17.0,16.0,17.0,1.0,14.0,3.0,3.0,4.0,0.2375,0.04132231404958677,10.79,very low recovery time,2026-06-11
135,135,0,Midday (9–15),17,18.0,18.0,19.200000000000003,1.2000000000000028,16.0,5.0,5.0,5.0,0.15833333333333333,0.04918032786885256,8.49,moderate,2026-06-11
135,135,0,Overnight (0–6),8,16.0,16.0,17.0,1.0,6.0,4.0,2.0,6.5,0.19,0.04132231404958677,9.13,moderate,2026-06-11
135,135,0,PM Peak (15–19),9,21.0,21.0,21.0,0.0,9.0,5.0,5.0,5.0,0.15833333333333333,0.0,5.54,moderate,2026-06-11
135,135,1,AM Peak (6–9),8,19.0,16.0,19.0,3.0,8.0,2.5,2.0,5.6,0.2714285714285714,0.11450381679389311,16.37,very low recovery time,2026-06-11
135,135,1,Evening (19–24),14,16.0,16.0,16.0,0.0,14.0,8.0,4.0,8.0,0.10555555555555556,0.0,3.69,moderate,2026-06-11
135,135,1,Midday (9–15),17,16.0,16.0,19.4,3.3999999999999986,17.0,5.0,3.2,5.0,0.15833333333333333,0.1278195488721804,13.21,moderate,2026-06-11
135,135,1,Overnight (0–6),6,16.0,15.5,16.0,0.5,6.0,4.0,2.0,4.0,0.19,0.02109704641350211,7.92,moderate,2026-06-11
135,135,1,PM Peak (15–19),9,20.0,20.0,20.0,0.0,9.0,4.0,4.0,4.0,0.19,0.0,6.65,moderate,2026-06-11
149,149,0,AM Peak (6–9),8,21.0,16.0,21.0,5.0,8.0,6.0,4.4,7.499999999999999,0.1357142857142857,0.17730496453900707,15.39,moderate,2026-06-11
149,149,0,Evening (19–24),13,20.0,16.0,20.0,4.0,14.0,6.5,6.0,10.0,0.12666666666666665,0.14705882352941174,13.26,moderate,2026-06-11
149,149,0,Midday (9–15),14,22.0,22.0,22.0,0.0,14.0,6.0,6.0,6.0,0.1357142857142857,0.0,4.75,moderate,2026-06-11
149,149,0,Overnight (0–6),5,16.0,16.0,16.0,0.0,4.0,6.0,6.0,6.0,0.1357142857142857,0.0,4.75,moderate,2026-06-11
149,149,0,PM Peak (15–19),8,28.0,28.0,28.0,0.0,8.0,5.0,5.0,5.3,0.15833333333333333,0.0,5.54,moderate,2026-06-11
149,149,1,AM Peak (6–9),8,18.0,14.0,18.0,4.0,7.0,5.0,5.0,7.800000000000001,0.15833333333333333,0.14705882352941174,14.37,moderate,2026-06-11
149,149,1,Evening (19–24),13,15.0,13.0,15.0,2.0,14.0,5.0,5.0,5.0,0.15833333333333333,0.07936507936507936,10.3,moderate,2026-06-11
149,149,1,Midday (9–15),14,17.0,17.0,17.0,0.0,14.0,5.0,5.0,5.0,0.15833333333333333,0.0,5.54,moderate,2026-06-11
149,149,1,Overnight (0–6),6,13.0,12.5,13.0,0.5,3.0,5.0,5.0,5.0,0.15833333333333333,0.02109704641350211,6.81,moderate,2026-06-11
149,149,1,PM Peak (15–19),8,22.0,22.0,22.0,0.0,8.0,5.0,5.0,5.0,0.15833333333333333,0.0,5.54,moderate,2026-06-11
151,151,0,AM Peak (6–9),10,22.0,15.0,22.0,7.0,9.0,9.0,6.0,10.0,0.095,0.23178807947019867,17.23,moderate,2026-06-11
151,151,0,Evening (19–24),13,14.0,12.0,14.0,2.0,13.0,7.0,1.0,7.0,0.11875,0.07936507936507936,8.92,moderate,2026-06-11
151,151,0,Midday (9–15),15,19.0,19.0,20.0,1.0,14.0,6.0,6.0,8.400000000000002,0.1357142857142857,0.04132231404958677,7.23,moderate,2026-06-11
151,151,0,Overnight (0–6),8,12.0,12.0,15.0,3.0,9.0,2.0,0.0,6.0,0.31666666666666665,0.11450381679389311,17.95,very low recovery time,2026-06-11
151,151,0,PM Peak (15–19),13,20.0,20.0,20.0,0.0,13.0,7.0,7.0,7.0,0.11875,0.0,4.16,moderate,2026-06-11
151,151,1,AM Peak (6–9),9,20.0,17.0,21.0,4.0,9.0,8.0,2.0,10.4,0.10555555555555556,0.14705882352941174,12.52,moderate,2026-06-11
151,151,1,Evening (19–24),13,17.0,16.0,17.0,1.0,12.0,2.0,1.0,2.0,0.31666666666666665,0.04132231404958677,13.56,very low recovery time,2026-06-11
151,151,1,Midday (9–15),16,19.0,19.0,20.0,1.0,16.0,6.0,6.0,7.0,0.1357142857142857,0.04132231404958677,7.23,moderate,2026-06-11
151,151,1,Overnight (0–6),8,16.0,16.0,17.0,1.0,6.0,0.0,0.0,1.5,0.95,0.04132231404958677,35.73,no recovery time,2026-06-11
151,151,1,PM Peak (15–19),13,20.0,20.0,20.0,0.0,13.0,7.0,7.0,7.0,0.11875,0.0,4.16,moderate,2026-06-11
154,154,0,AM Peak (6–9),7,41.0,39.0,41.0,2.0,6.0,5.0,5.0,5.0,0.15833333333333333,0.07936507936507936,10.3,moderate,2026-06-11
154,154,0,Evening (19–24),12,39.0,37.0,39.0,2.0,13.0,5.0,1.0,5.0,0.15833333333333333,0.07936507936507936,10.3,moderate,2026-06-11
154,154,0,Midday (9–15),15,40.0,40.0,40.0,0.0,15.0,5.0,4.4,5.0,0.15833333333333333,0.0,5.54,moderate,2026-06-11
154,154,0,Overnight (0–6),10,37.0,15.883333333333333,37.2,21.31666666666667,10.0,5.0,0.0,5.0,0.15833333333333333,0.4788468738300262,34.27,high schedule variability,2026-06-11
154,154,0,PM Peak (15–19),10,43.0,43.0,43.0,0.0,10.0,5.0,5.0,8.0,0.15833333333333333,0.0,5.54,moderate,2026-06-11
154,154,1,AM Peak (6–9),6,40.0,34.0,40.0,6.0,7.0,10.0,3.6000000000000005,12.0,0.08636363636363636,0.2054794520547945,15.35,moderate,2026-06-11
154,154,1,Evening (19–24),13,36.0,29.0,36.0,7.0,12.0,16.0,4.300000000000001,16.0,0.055882352941176466,0.23178807947019867,15.86,moderate,2026-06-11
154,154,1,Midday (9–15),15,42.0,42.0,42.0,0.0,14.0,9.0,9.0,9.0,0.095,0.0,3.32,moderate,2026-06-11
154,154,1,Overnight (0–6),10,29.0,29.0,34.0,5.0,6.0,7.0,7.0,8.5,0.11875,0.17730496453900707,14.79,moderate,2026-06-11
154,154,1,PM Peak (15–19),10,44.0,44.0,44.0,0.0,10.0,4.0,4.0,9.0,0.19,0.0,6.65,moderate,2026-06-11
156,156,0,AM Peak (6–9),6,25.0,25.0,25.0,0.0,6.0,4.0,4.0,4.0,0.19,0.0,6.65,moderate,2026-06-11
156,156,0,Evening (19–24),2,17.5,8.3,26.7,18.4,1.0,0.0,0.0,0.0,0.95,0.44230769230769224,59.79,no recovery time,2026-06-11
156,156,0,Midday (9–15),12,25.0,25.0,25.0,0.0,12.0,4.0,4.0,4.0,0.19,0.0,6.65,moderate,2026-06-11
156,156,0,Overnight (0–6),2,25.0,25.0,25.0,0.0,2.0,4.0,4.0,4.0,0.19,0.0,6.65,moderate,2026-06-11
156,156,0,PM Peak (15–19),8,29.0,28.4,29.0,0.6000000000000014,7.0,0.0,0.0,0.8000000000000007,0.95,0.0252100840336135,34.76,no recovery time,2026-06-11
156,156,1,AM Peak (6–9),6,26.0,26.0,26.0,0.0,6.0,5.0,5.0,5.0,0.15833333333333333,0.0,5.54,moderate,2026-06-11
156,156,1,Evening (19–24),1,30.0,30.0,30.0,0.0,2.0,1.0,1.0,1.0,0.475,0.0,16.62,no recovery time,2026-06-11
156,156,1,Midday (9–15),12,27.0,27.0,27.0,0.0,11.0,4.0,4.0,4.0,0.19,0.0,6.65,moderate,2026-06-11
156,156,1,Overnight (0–6),1,26.0,26.0,26.0,0.0,1.0,5.0,5.0,5.0,0.15833333333333333,0.0,5.54,moderate,2026-06-11
156,156,1,PM Peak (15–19),8,30.0,30.0,30.0,0.0,8.0,1.0,1.0,1.8999999999999995,0.475,0.0,16.62,no recovery time,2026-06-11
158,158,0,AM Peak (6–9),18,23.0,19.0,23.0,4.0,17.0,7.0,3.0,11.0,0.11875,0.14705882352941174,12.98,moderate,2026-06-11
158,158,0,Evening (19–24),17,19.0,15.0,19.0,4.0,16.0,8.0,5.0,9.0,0.10555555555555556,0.14705882352941174,12.52,moderate,2026-06-11
158,158,0,Midday (9–15),25,24.0,24.0,24.0,0.0,24.0,9.0,7.6000000000000005,9.0,0.095,0.0,3.32,moderate,2026-06-11
158,158,0,Overnight (0–6),9,15.0,15.0,19.0,4.0,5.0,5.0,5.0,7.0,0.15833333333333333,0.14705882352941174,14.37,moderate,2026-06-11
158,158,0,PM Peak (15–19),16,27.0,27.0,27.0,0.0,16.0,14.0,9.0,14.0,0.06333333333333332,0.0,2.22,moderate,2026-06-11
158,158,1,AM Peak (6–9),18,22.0,20.0,22.3,2.3000000000000007,17.0,4.0,4.0,4.0,0.19,0.09019607843137256,12.06,moderate,2026-06-11
158,158,1,Evening (19–24),16,23.0,18.0,23.0,5.0,18.0,2.0,0.0,3.0,0.31666666666666665,0.17730496453900707,21.72,very low recovery time,2026-06-11
158,158,1,Midday (9–15),24,24.0,24.0,24.0,0.0,25.0,3.0,3.0,3.0,0.2375,0.0,8.31,very low recovery time,2026-06-11
158,158,1,Overnight (0–6),9,20.0,18.0,20.0,2.0,7.0,2.0,1.6,6.4,0.31666666666666665,0.07936507936507936,15.85,very low recovery time,2026-06-11
158,158,1,PM Peak (15–19),16,29.0,29.0,29.0,0.0,16.0,5.0,3.0,5.0,0.15833333333333333,0.0,5.54,moderate,2026-06-11
160,160,0,AM Peak (6–9),9,37.0,35.0,37.0,2.0,7.0,3.0,3.0,7.0000000000000036,0.2375,0.07936507936507936,13.07,very low recovery time,2026-06-11
160,160,0,Evening (19–24),10,26.0,26.0,26.0,0.0,7.0,1.0,0.0,4.200000000000001,0.475,0.0,16.62,no recovery time,2026-06-11
160,160,0,Midday (9–15),16,28.0,28.0,32.5,4.5,15.0,3.0,2.4000000000000004,5.399999999999999,0.2375,0.16245487364620936,18.06,very low recovery time,2026-06-11
160,160,0,PM Peak (15–19),9,34.0,29.6,34.0,4.399999999999999,10.0,2.0,1.9,9.1,0.31666666666666665,0.1594202898550724,20.65,very low recovery time,2026-06-11
160,160,1,AM Peak (6–9),9,40.0,40.0,40.0,0.0,9.0,0.0,0.0,0.0,0.95,0.0,33.25,no recovery time,2026-06-11
160,160,1,Evening (19–24),7,45.0,45.0,46.6,1.6000000000000014,10.0,0.0,0.0,0.1999999999999993,0.95,0.0645161290322581,37.12,no recovery time,2026-06-11
160,160,1,Midday (9–15),16,44.0,40.0,46.5,6.5,16.0,0.0,0.0,1.0,0.95,0.21885521885521883,46.38,no recovery time,2026-06-11
160,160,1,Overnight (0–6),2,40.0,40.0,40.0,0.0,,10.0,,,0.08636363636363636,0.0,3.02,moderate,2026-06-11
160,160,1,PM Peak (15–19),10,60.0,55.0,60.0,5.0,9.0,0.0,0.0,1.2000000000000002,0.95,0.17730496453900707,43.89,no recovery time,2026-06-11
161,161,0,AM Peak (6–9),13,34.0,27.0,36.0,9.0,13.0,4.0,4.0,11.0,0.19,0.2795031055900621,23.42,moderate,2026-06-11
161,161,0,Evening (19–24),15,25.0,20.0,25.0,5.0,16.0,4.5,4.0,7.0,0.17272727272727273,0.17730496453900707,16.68,moderate,2026-06-11
161,161,0,Midday (9–15),21,29.0,29.0,34.0,5.0,20.0,10.0,4.800000000000001,10.0,0.08636363636363636,0.17730496453900707,13.66,moderate,2026-06-11
161,161,0,Overnight (0–6),6,23.5,20.0,27.0,7.0,4.0,7.0,4.9,7.0,0.11875,0.23178807947019867,18.06,moderate,2026-06-11
161,161,0,PM Peak (15–19),16,34.0,33.0,34.0,1.0,16.0,8.0,8.0,8.0,0.10555555555555556,0.04132231404958677,6.17,moderate,2026-06-11
161,161,1,AM Peak (6–9),12,29.5,24.0,31.0,7.0,12.0,5.0,0.5000000000000004,12.0,0.15833333333333333,0.23178807947019867,19.45,moderate,2026-06-11
161,161,1,Evening (19–24),17,27.0,22.0,27.0,5.0,15.0,4.0,4.0,11.0,0.19,0.17730496453900707,17.29,moderate,2026-06-11
161,161,1,Midday (9–15),20,30.0,30.0,40.0,10.0,17.0,11.0,3.6,11.0,0.07916666666666666,0.3012048192771084,20.84,moderate,2026-06-11
161,161,1,Overnight (0–6),6,22.0,13.716666666666667,23.0,9.283333333333333,4.0,12.0,3.3000000000000007,13.7,0.07307692307692307,0.2857875833760903,19.7,moderate,2026-06-11
161,161,1,PM Peak (15–19),16,40.0,38.0,40.0,2.0,16.0,8.0,8.0,8.0,0.10555555555555556,0.07936507936507936,8.46,moderate,2026-06-11
162,162,0,AM Peak (6–9),6,30.0,30.0,30.0,0.0,6.0,1.0,1.0,1.0,0.475,0.0,16.62,no recovery time,2026-06-11
162,162,0,Evening (19–24),6,30.0,30.0,30.0,0.0,6.0,1.0,1.0,1.0,0.475,0.0,16.62,no recovery time,2026-06-11
162,162,0,Midday (9–15),12,30.0,30.0,30.0,0.0,12.0,1.0,1.0,1.0,0.475,0.0,16.62,no recovery time,2026-06-11
162,162,0,Overnight (0–6),2,19.03333333333333,10.26,27.80666666666667,17.546666666666667,1.0,3.0,3.0,3.0,0.2375,0.4306282722513089,34.15,very low recovery time,2026-06-11
162,162,0,PM Peak (15–19),8,30.0,30.0,30.0,0.0,8.0,1.0,1.0,1.0,0.475,0.0,16.62,no recovery time,2026-06-11
162,162,1,AM Peak (6–9),6,28.0,28.0,28.0,0.0,6.0,1.0,1.0,1.0,0.475,0.0,16.62,no recovery time,2026-06-11
162,162,1,Evening (19–24),7,28.0,28.0,28.0,0.0,6.0,1.0,1.0,1.0,0.475,0.0,16.62,no recovery time,2026-06-11
162,162,1,Midday (9–15),12,28.0,28.0,28.0,0.0,12.0,1.0,1.0,1.0,0.475,0.0,16.62,no recovery time,2026-06-11
162,162,1,PM Peak (15–19),8,28.0,28.0,28.0,0.0,8.0,1.0,1.0,1.0,0.475,0.0,16.62,no recovery time,2026-06-11
164,164,0,AM Peak (6–9),7,28.0,25.2,28.0,2.8000000000000007,7.0,2.0,1.0,5.0,0.31666666666666665,0.1076923076923077,17.54,very low recovery time,2026-06-11
164,164,0,Evening (19–24),11,24.0,22.0,24.0,2.0,11.0,6.0,3.0,8.0,0.1357142857142857,0.07936507936507936,9.51,moderate,2026-06-11
164,164,0,Midday (9–15),13,26.0,26.0,26.0,0.0,13.0,4.0,4.0,4.0,0.19,0.0,6.65,moderate,2026-06-11
164,164,0,Overnight (0–6),5,22.0,22.0,24.0,2.0,4.0,3.0,0.9000000000000001,3.0,0.2375,0.07936507936507936,13.07,very low recovery time,2026-06-11
164,164,0,PM Peak (15–19),9,30.0,30.0,30.0,0.0,9.0,5.0,5.0,5.2,0.15833333333333333,0.0,5.54,moderate,2026-06-11
164,164,1,AM Peak (6–9),7,31.0,29.0,31.4,2.3999999999999986,7.0,5.0,4.6,7.600000000000001,0.15833333333333333,0.09374999999999994,11.17,moderate,2026-06-11
164,164,1,Evening (19–24),11,27.0,24.0,27.0,3.0,10.0,3.0,1.0,15.799999999999997,0.2375,0.11450381679389311,15.18,very low recovery time,2026-06-11
164,164,1,Midday (9–15),12,26.0,26.0,26.0,0.0,12.0,4.0,4.0,18.300000000000004,0.19,0.0,6.65,moderate,2026-06-11
164,164,1,Overnight (0–6),5,24.0,24.0,25.0,1.0,4.0,1.0,1.0,8.700000000000003,0.475,0.04132231404958677,19.1,no recovery time,2026-06-11
164,164,1,PM Peak (15–19),10,32.0,31.8,32.0,0.1999999999999993,9.0,8.0,8.0,8.0,0.10555555555555556,0.008547008547008517,4.21,moderate,2026-06-11
165,165,0,AM Peak (6–9),33,61.0,56.0,62.0,6.0,30.0,4.0,3.0,6.100000000000001,0.19,0.2054794520547945,18.98,moderate,2026-06-11
165,165,0,Evening (19–24),38,43.0,3.433333333333333,48.0,44.56666666666667,30.0,4.0,4.0,5.100000000000001,0.19,0.6576487948844072,46.11,high schedule variability,2026-06-11
165,165,0,Midday (9–15),44,60.0,52.3,70.0,17.700000000000003,35.0,4.0,3.4000000000000004,7.0,0.19,0.43276283618581907,32.62,moderate,2026-06-11
165,165,0,Overnight (0–6),26,31.125,2.716666666666667,56.0,53.28333333333333,14.0,5.0,2.3,8.0,0.15833333333333333,0.6966659402920026,47.34,high schedule variability,2026-06-11
165,165,0,PM Peak (15–19),34,70.0,51.69,70.0,18.310000000000002,30.0,5.0,5.0,5.100000000000001,0.15833333333333333,0.4410985304745844,32.01,moderate,2026-06-11
165,165,1,AM Peak (6–9),33,63.0,58.0,68.6,10.599999999999994,32.0,7.0,5.0,8.0,0.11875,0.3136094674556212,22.97,moderate,2026-06-11
165,165,1,Evening (19–24),32,56.0,51.0,61.0,10.0,37.0,3.0,0.6000000000000001,7.399999999999999,0.2375,0.3012048192771084,26.38,very low recovery time,2026-06-11
165,165,1,Midday (9–15),42,70.0,70.0,76.0,6.0,42.0,6.0,3.1000000000000005,7.899999999999999,0.1357142857142857,0.2054794520547945,17.08,moderate,2026-06-11
165,165,1,Overnight (0–6),26,49.0,15.516666666666667,58.0,42.483333333333334,21.0,1.0,0.0,5.0,0.475,0.64679015478305,55.43,"no recovery time, high schedule variability",2026-06-11
165,165,1,PM Peak (15–19),33,76.0,67.0,76.0,9.0,34.0,6.5,6.0,7.0,0.12666666666666665,0.2795031055900621,21.2,moderate,2026-06-11
166,166,0,AM Peak (6–9),7,24.0,24.0,24.0,0.0,7.0,18.0,18.0,18.0,0.049999999999999996,0.0,1.75,moderate,2026-06-11
166,166,0,Evening (19–24),1,7.0,7.0,7.0,0.0,,10.0,,,0.08636363636363636,0.0,3.02,moderate,2026-06-11
166,166,0,Midday (9–15),2,17.0,8.2,25.8,17.6,,10.0,,,0.08636363636363636,0.4313725490196078,28.91,moderate,2026-06-11
166,166,0,Overnight (0–6),2,24.0,24.0,24.0,0.0,1.0,18.0,18.0,18.0,0.049999999999999996,0.0,1.75,moderate,2026-06-11
166,166,0,PM Peak (15–19),10,28.0,28.0,28.0,0.0,10.0,6.0,6.0,6.0,0.1357142857142857,0.0,4.75,moderate,2026-06-11
166,166,1,AM Peak (6–9),8,31.0,25.6,31.0,5.399999999999999,7.0,2.0,2.0,2.0,0.31666666666666665,0.18881118881118875,22.41,very low recovery time,2026-06-11
166,166,1,Evening (19–24),1,35.15,35.15,35.15,0.0,1.0,2.0,2.0,2.0,0.31666666666666665,0.0,11.08,very low recovery time,2026-06-11
166,166,1,Midday (9–15),4,22.058333333333334,16.0,35.735,19.735,2.0,2.0,2.0,2.0,0.31666666666666665,0.4596483055781996,38.66,very low recovery time,2026-06-11
166,166,1,Overnight (0–6),1,13.0,13.0,13.0,0.0,1.0,2.0,2.0,2.0,0.31666666666666665,0.0,11.08,very low recovery time,2026-06-11
166,166,1,PM Peak (15–19),9,39.0,39.0,39.0,0.0,10.0,2.0,2.0,2.0,0.31666666666666665,0.0,11.08,very low recovery time,2026-06-11
167,167,0,AM Peak (6–9),6,26.0,26.0,26.0,0.0,6.0,4.0,4.0,4.0,0.19,0.0,6.65,moderate,2026-06-11
167,167,0,Evening (19–24),10,26.0,22.0,26.0,4.0,10.0,4.0,4.0,8.0,0.19,0.14705882352941174,15.47,moderate,2026-06-11
167,167,0,Midday (9–15),12,28.0,28.0,28.0,0.0,12.0,2.0,2.0,2.0,0.31666666666666665,0.0,11.08,very low recovery time,2026-06-11
167,167,0,Overnight (0–6),4,22.0,22.0,24.8,2.8000000000000007,4.0,8.0,5.2,8.0,0.10555555555555556,0.1076923076923077,10.16,moderate,2026-06-11
167,167,0,PM Peak (15–19),9,29.0,23.21,29.0,5.789999999999999,8.0,1.0,1.0,9.399999999999997,0.475,0.19972404277337008,28.61,no recovery time,2026-06-11
167,167,1,AM Peak (6–9),6,24.0,24.0,24.0,0.0,6.0,6.0,6.0,6.0,0.1357142857142857,0.0,4.75,moderate,2026-06-11
167,167,1,Evening (19–24),10,23.0,23.0,25.0,2.0,10.0,7.0,5.0,7.0,0.11875,0.07936507936507936,8.92,moderate,2026-06-11
167,167,1,Midday (9–15),12,25.0,25.0,25.0,0.0,12.0,5.0,5.0,5.0,0.15833333333333333,0.0,5.54,moderate,2026-06-11
167,167,1,Overnight (0–6),5,23.0,23.0,23.6,0.6000000000000014,3.0,7.0,6.2,7.0,0.11875,0.0252100840336135,5.67,moderate,2026-06-11
167,167,1,PM Peak (15–19),8,25.0,25.0,25.0,0.0,8.0,5.0,5.0,5.0,0.15833333333333333,0.0,5.54,moderate,2026-06-11
168,168,0,AM Peak (6–9),15,28.0,23.0,28.0,5.0,15.0,7.0,2.0,8.0,0.11875,0.17730496453900707,14.79,moderate,2026-06-11
168,168,0,Evening (19–24),17,20.0,18.0,27.0,9.0,18.0,4.5,2.0,9.0,0.17272727272727273,0.2795031055900621,22.82,moderate,2026-06-11
168,168,0,Midday (9–15),26,26.0,26.0,30.5,4.5,26.0,11.0,6.5,11.0,0.07916666666666666,0.16245487364620936,12.52,moderate,2026-06-11
168,168,0,Overnight (0–6),12,20.5,18.0,23.0,5.0,10.0,4.0,1.9,8.299999999999999,0.19,0.17730496453900707,17.29,moderate,2026-06-11
168,168,0,PM Peak (15–19),19,32.0,27.0,32.0,5.0,19.0,9.0,6.4,9.0,0.095,0.17730496453900707,13.96,moderate,2026-06-11
168,168,1,AM Peak (6–9),15,28.0,21.0,28.0,7.0,14.0,8.0,5.6,8.0,0.10555555555555556,0.23178807947019867,17.6,moderate,2026-06-11
168,168,1,Evening (19–24),18,23.0,19.0,28.3,9.3,16.0,5.0,2.5,10.0,0.15833333333333333,0.2861538461538462,22.71,moderate,2026-06-11
168,168,1,Midday (9–15),25,28.0,28.0,31.800000000000004,3.8000000000000043,24.0,10.0,5.0,10.0,0.08636363636363636,0.14074074074074086,11.47,moderate,2026-06-11
168,168,1,Overnight (0–6),11,19.0,17.0,21.0,4.0,9.0,4.0,3.0,14.0,0.19,0.14705882352941174,15.47,moderate,2026-06-11
168,168,1,PM Peak (15–19),20,33.0,29.0,33.0,4.0,19.0,10.0,9.8,10.0,0.08636363636363636,0.14705882352941174,11.85,moderate,2026-06-11
169,169,0,AM Peak (6–9),6,36.0,33.5,36.0,2.5,6.0,10.0,9.0,12.0,0.08636363636363636,0.09727626459143968,8.86,moderate,2026-06-11
169,169,0,Evening (19–24),10,39.0,37.0,39.0,2.0,10.0,6.0,5.9,8.0,0.1357142857142857,0.07936507936507936,9.51,moderate,2026-06-11
169,169,0,Midday (9–15),12,38.0,38.0,39.8,1.7999999999999972,12.0,7.0,7.0,7.0,0.11875,0.07199999999999988,8.48,moderate,2026-06-11
169,169,0,Overnight (0–6),4,37.0,34.2,37.0,2.799999999999997,2.0,8.0,8.0,8.0,0.10555555555555556,0.10769230769230759,10.16,moderate,2026-06-11
169,169,0,PM Peak (15–19),8,40.0,40.0,40.0,0.0,8.0,5.0,5.0,5.0,0.15833333333333333,0.0,5.54,moderate,2026-06-11
169,169,1,AM Peak (6–9),6,40.0,36.0,41.0,5.0,6.0,7.0,4.0,10.5,0.11875,0.17730496453900707,14.79,moderate,2026-06-11
169,169,1,Evening (19–24),10,37.0,36.0,37.0,1.0,10.0,8.0,7.4,9.0,0.10555555555555556,0.04132231404958677,6.17,moderate,2026-06-11
169,169,1,Midday (9–15),12,39.0,39.0,42.8,3.799999999999997,12.0,6.0,4.0,6.0,0.1357142857142857,0.14074074074074064,13.19,moderate,2026-06-11
169,169,1,Overnight (0–6),5,36.0,29.39,36.0,6.609999999999999,4.0,9.0,3.4000000000000004,9.0,0.095,0.22173767192217372,16.63,moderate,2026-06-11
169,169,1,PM Peak (15–19),8,43.0,43.0,43.0,0.0,8.0,2.0,2.0,2.0,0.31666666666666665,0.0,11.08,very low recovery time,2026-06-11
171,171,0,AM Peak (6–9),8,13.95,11.95,13.95,2.0,8.0,1.0,1.0,1.0,0.475,0.07936507936507936,21.39,no recovery time,2026-06-11
171,171,0,Evening (19–24),15,11.95,11.1,11.95,0.8499999999999996,15.0,1.0,0.40000000000000013,1.0,0.475,0.035343035343035324,18.75,no recovery time,2026-06-11
171,171,0,Midday (9–15),14,12.95,12.95,15.140000000000002,2.190000000000003,14.0,1.0,1.0,1.0,0.475,0.08625443087829864,21.8,no recovery time,2026-06-11
171,171,0,Overnight (0–6),10,8.341666666666667,5.316666666666666,11.95,6.633333333333333,10.0,1.0,0.21666666666666667,1.0333333333333334,0.475,0.22234636871508376,29.97,no recovery time,2026-06-11
171,171,0,PM Peak (15–19),8,15.65,15.05,15.65,0.5999999999999996,8.0,1.0,1.0,1.0,0.475,0.025210084033613425,18.14,no recovery time,2026-06-11
171,171,1,AM Peak (6–9),8,22.866666666666667,17.083333333333332,22.866666666666667,5.783333333333335,,10.0,,,0.08636363636363636,0.19953996549741232,15.0,moderate,2026-06-11
171,171,1,Evening (19–24),15,18.983333333333334,17.083333333333332,18.983333333333334,1.9000000000000021,,10.0,,,0.08636363636363636,0.07569721115537856,7.56,moderate,2026-06-11
171,171,1,Midday (9–15),14,22.866666666666667,22.866666666666667,25.333333333333336,2.4666666666666686,,10.0,,,0.08636363636363636,0.09610389610389616,8.79,moderate,2026-06-11
171,171,1,Overnight (0–6),11,17.083333333333332,5.833333333333333,17.083333333333332,11.25,,10.0,,,0.08636363636363636,0.32656023222060954,22.62,moderate,2026-06-11
171,171,1,PM Peak (15–19),8,25.633333333333333,24.838333333333335,25.633333333333333,0.7949999999999982,,10.0,,,0.08636363636363636,0.03313190247968319,5.01,moderate,2026-06-11
184,184,0,AM Peak (6–9),6,11.0,11.0,11.0,0.0,,10.0,,,0.08636363636363636,0.0,3.02,moderate,2026-06-11
184,184,0,Evening (19–24),12,10.0,9.0,10.0,1.0,,10.0,,,0.08636363636363636,0.04132231404958677,5.5,moderate,2026-06-11
184,184,0,Midday (9–15),13,10.0,10.0,11.8,1.8000000000000007,,10.0,,,0.08636363636363636,0.07200000000000002,7.34,moderate,2026-06-11
184,184,0,Overnight (0–6),5,9.0,9.0,9.0,0.0,,10.0,,,0.08636363636363636,0.0,3.02,moderate,2026-06-11
184,184,0,PM Peak (15–19),8,12.0,12.0,12.0,0.0,,10.0,,,0.08636363636363636,0.0,3.02,moderate,2026-06-11
184,184,1,AM Peak (6–9),6,8.0,8.0,8.0,0.0,6.0,0.0,0.0,0.0,0.95,0.0,33.25,no recovery time,2026-06-11
184,184,1,Evening (19–24),13,8.0,8.0,8.0,0.0,12.0,0.0,0.0,0.0,0.95,0.0,33.25,no recovery time,2026-06-11
184,184,1,Midday (9–15),13,8.0,8.0,8.8,0.8000000000000007,13.0,0.0,0.0,0.0,0.95,0.03333333333333336,35.25,no recovery time,2026-06-11
184,184,1,Overnight (0–6),4,8.0,8.0,8.0,0.0,5.0,0.0,0.0,0.0,0.95,0.0,33.25,no recovery time,2026-06-11
184,184,1,PM Peak (15–19),8,9.0,9.0,9.0,0.0,8.0,0.0,0.0,0.0,0.95,0.0,33.25,no recovery time,2026-06-11
185,185,0,AM Peak (6–9),8,19.0,14.0,19.3,5.300000000000001,8.0,5.0,3.0,5.0,0.15833333333333333,0.18596491228070175,16.7,moderate,2026-06-11
185,185,0,Evening (19–24),15,17.0,13.0,17.0,4.0,16.0,3.0,3.0,5.0,0.2375,0.14705882352941174,17.14,very low recovery time,2026-06-11
185,185,0,Midday (9–15),14,19.0,19.0,19.700000000000003,0.7000000000000028,14.0,5.0,4.3,5.0,0.15833333333333333,0.029288702928870404,7.3,moderate,2026-06-11
185,185,0,Overnight (0–6),10,13.0,11.986666666666666,14.0,2.0133333333333336,8.0,4.0,2.0,5.6,0.19,0.07985193019566367,11.44,moderate,2026-06-11
185,185,0,PM Peak (15–19),10,22.0,21.8,22.0,0.1999999999999993,10.0,3.0,3.0,3.0,0.2375,0.008547008547008517,8.83,very low recovery time,2026-06-11
185,185,1,AM Peak (6–9),8,22.0,17.0,22.0,5.0,8.0,3.5,2.0,4.0,0.2111111111111111,0.17730496453900707,18.03,moderate,2026-06-11
185,185,1,Evening (19–24),15,18.0,16.0,18.0,2.0,16.0,2.0,2.0,2.0,0.31666666666666665,0.07936507936507936,15.85,very low recovery time,2026-06-11
185,185,1,Midday (9–15),14,21.0,21.0,21.0,0.0,14.0,5.0,4.0,5.0,0.15833333333333333,0.0,5.54,moderate,2026-06-11
185,185,1,Overnight (0–6),9,16.0,13.0,17.0,4.0,8.0,2.0,1.4000000000000001,3.015,0.31666666666666665,0.14705882352941174,19.91,very low recovery time,2026-06-11
185,185,1,PM Peak (15–19),10,23.0,22.8,23.0,0.1999999999999993,10.0,2.0,2.0,2.0,0.31666666666666665,0.008547008547008517,11.6,very low recovery time,2026-06-11
189,189,0,AM Peak (6–9),7,25.0,25.0,25.0,0.0,,10.0,,,0.08636363636363636,0.0,3.02,moderate,2026-06-11
189,189,0,Evening (19–24),11,19.0,17.0,19.0,2.0,,10.0,,,0.08636363636363636,0.07936507936507936,7.78,moderate,2026-06-11
189,189,0,Midday (9–15),14,24.0,24.0,24.0,0.0,,10.0,,,0.08636363636363636,0.0,3.02,moderate,2026-06-11
189,189,0,Overnight (0–6),5,17.0,12.8,24.6,11.8,1.0,0.0,0.0,0.0,0.95,0.3371428571428572,53.48,no recovery time,2026-06-11
189,189,0,PM Peak (15–19),9,29.0,23.0,29.0,6.0,,10.0,,,0.08636363636363636,0.2054794520547945,15.35,moderate,2026-06-11
189,189,1,AM Peak (6–9),7,18.0,18.0,18.0,0.0,7.0,0.0,0.0,0.0,0.95,0.0,33.25,no recovery time,2026-06-11
189,189,1,Evening (19–24),10,16.0,13.0,16.0,3.0,11.0,0.0,0.0,0.0,0.95,0.11450381679389311,40.12,no recovery time,2026-06-11
189,189,1,Midday (9–15),14,19.0,19.0,19.0,0.0,14.0,0.0,0.0,0.0,0.95,0.0,33.25,no recovery time,2026-06-11
189,189,1,Overnight (0–6),5,13.0,8.8,15.4,6.6,4.0,0.0,0.0,0.0,0.95,0.22147651006711405,46.54,no recovery time,2026-06-11
189,189,1,PM Peak (15–19),9,21.0,18.4,21.0,2.6000000000000014,9.0,0.0,0.0,0.0,0.95,0.10077519379844965,39.3,no recovery time,2026-06-11
191,191,0,AM Peak (6–9),9,21.0,17.0,21.0,4.0,7.0,15.0,3.0000000000000004,19.4,0.059375,0.14705882352941174,10.9,moderate,2026-06-11
191,191,0,Evening (19–24),16,14.0,14.0,14.0,0.0,15.0,8.0,8.0,10.0,0.10555555555555556,0.0,3.69,moderate,2026-06-11
191,191,0,Midday (9–15),14,19.0,19.0,19.0,0.0,14.0,9.0,5.6,9.0,0.095,0.0,3.32,moderate,2026-06-11
191,191,0,Overnight (0–6),5,14.0,9.91,15.8,5.890000000000001,4.0,10.0,10.0,12.100000000000001,0.08636363636363636,0.20247507734616707,15.17,moderate,2026-06-11
191,191,0,PM Peak (15–19),12,21.0,20.0,22.0,2.0,12.0,12.0,11.0,17.0,0.07307692307692307,0.07936507936507936,7.32,moderate,2026-06-11
191,191,1,AM Peak (6–9),9,24.0,22.0,24.0,2.0,9.0,0.0,0.0,2.0,0.95,0.07936507936507936,38.01,no recovery time,2026-06-11
191,191,1,Evening (19–24),15,18.0,16.0,18.0,2.0,16.0,0.0,0.0,0.0,0.95,0.07936507936507936,38.01,no recovery time,2026-06-11
191,191,1,Midday (9–15),14,22.0,22.0,23.400000000000002,1.4000000000000021,14.0,0.0,0.0,0.0,0.95,0.05691056910569113,36.66,no recovery time,2026-06-11
191,191,1,Overnight (0–6),6,16.0,9.65,16.0,6.35,5.0,0.0,0.0,2.4000000000000004,0.95,0.21489001692047374,46.14,no recovery time,2026-06-11
191,191,1,PM Peak (15–19),12,25.0,23.0,27.0,4.0,12.0,0.0,0.0,0.0,0.95,0.14705882352941174,42.07,no recovery time,2026-06-11
202,202,0,Evening (19–24),12,20.0,20.0,25.0,5.0,13.0,4.0,2.4000000000000004,7.600000000000001,0.19,0.17730496453900707,17.29,moderate,2026-06-11
202,202,0,Midday (9–15),14,22.0,22.0,26.200000000000006,4.200000000000006,14.0,4.0,4.0,4.0,0.19,0.1532846715328469,15.85,moderate,2026-06-11
202,202,0,PM Peak (15–19),9,28.0,25.0,28.0,3.0,8.0,4.0,4.0,10.099999999999998,0.19,0.11450381679389311,13.52,moderate,2026-06-11
202,202,1,Evening (19–24),13,17.0,17.0,18.0,1.0,11.0,4.0,4.0,9.0,0.19,0.04132231404958677,9.13,moderate,2026-06-11
202,202,1,Midday (9–15),14,19.0,19.0,21.800000000000004,2.8000000000000043,14.0,5.0,5.0,5.0,0.15833333333333333,0.10769230769230782,12.0,moderate,2026-06-11
202,202,1,PM Peak (15–19),10,23.0,18.0,23.0,5.0,9.0,5.0,5.0,9.0,0.15833333333333333,0.17730496453900707,16.18,moderate,2026-06-11
203,203,0,AM Peak (6–9),3,7.0,7.0,7.0,0.0,3.0,0.0,0.0,0.0,0.95,0.0,33.25,no recovery time,2026-06-11
203,203,0,Evening (19–24),1,7.0,7.0,7.0,0.0,1.0,0.0,0.0,0.0,0.95,0.0,33.25,no recovery time,2026-06-11
203,203,0,Midday (9–15),18,7.0,7.0,7.0,0.0,18.0,0.0,0.0,0.0,0.95,0.0,33.25,no recovery time,2026-06-11
203,203,0,PM Peak (15–19),12,7.0,7.0,7.0,0.0,12.0,0.0,0.0,0.0,0.95,0.0,33.25,no recovery time,2026-06-11
203,203,1,AM Peak (6–9),3,10.0,10.0,10.0,0.0,3.0,3.0,3.0,3.0,0.2375,0.0,8.31,very low recovery time,2026-06-11
203,203,1,Evening (19–24),1,10.0,10.0,10.0,0.0,,10.0,,,0.08636363636363636,0.0,3.02,moderate,2026-06-11
203,203,1,Midday (9–15),18,10.0,10.0,10.0,0.0,18.0,3.0,3.0,3.0,0.2375,0.0,8.31,very low recovery time,2026-06-11
203,203,1,PM Peak (15–19),12,10.0,10.0,10.0,0.0,12.0,3.0,3.0,3.0,0.2375,0.0,8.31,very low recovery time,2026-06-11
300,300,0,Overnight (0–6),50,73.0,3.0,76.0,73.0,32.0,10.0,0.0,15.0,0.08636363636363636,0.7588357588357588,48.55,high schedule variability,2026-06-11
300,300,1,Overnight (0–6),38,80.0,53.900000000000006,85.0,31.099999999999994,10.0,9.0,0.0,9.0,0.095,0.572744014732965,37.69,high schedule variability,2026-06-11
307,307,0,Overnight (0–6),9,44.0,41.77666666666667,50.6,8.82333333333333,7.0,16.0,3.2,16.0,0.055882352941176466,0.27552826064328084,18.49,moderate,2026-06-11
307,307,1,Overnight (0–6),15,46.0,18.473333333333333,54.599999999999994,36.126666666666665,6.0,6.5,5.0,14.0,0.12666666666666665,0.6089448252612653,40.97,high schedule variability,2026-06-11
309,309,0,AM Peak (6–9),1,5.833333333333333,5.833333333333333,5.833333333333333,0.0,,10.0,,,0.08636363636363636,0.0,3.02,moderate,2026-06-11
309,309,0,Overnight (0–6),20,18.0,5.833333333333333,18.0,12.166666666666668,14.0,0.0,0.0,0.0,0.95,0.34401508011310084,53.89,no recovery time,2026-06-11
309,309,1,Overnight (0–6),14,20.0,20.0,20.0,0.0,13.0,2.0,2.0,2.0,0.31666666666666665,0.0,11.08,very low recovery time,2026-06-11
311,311,0,Overnight (0–6),11,35.733333333333334,35.733333333333334,35.733333333333334,0.0,9.0,6.0,0.0,7.000000000000001,0.1357142857142857,0.0,4.75,moderate,2026-06-11
311,311,1,AM Peak (6–9),2,10.783333333333333,10.783333333333333,10.783333333333333,0.0,,10.0,,,0.08636363636363636,0.0,3.02,moderate,2026-06-11
311,311,1,Overnight (0–6),18,30.766666666666666,10.783333333333333,30.766666666666666,19.983333333333334,,10.0,,,0.08636363636363636,0.46275569278270934,30.79,moderate,2026-06-11
315,315,0,Overnight (0–6),7,27.95,27.95,28.37,0.4200000000000017,1.0,2.0,2.0,2.0,0.31666666666666665,0.01778154106689253,12.15,very low recovery time,2026-06-11
315,315,1,Overnight (0–6),8,27.883333333333333,27.883333333333333,29.0,1.1166666666666671,6.0,0.0,0.0,7.0,0.95,0.04592186429061002,36.01,no recovery time,2026-06-11
316,316,0,Overnight (0–6),6,41.0,41.0,41.0,0.0,5.0,8.0,8.0,8.0,0.10555555555555556,0.0,3.69,moderate,2026-06-11
316,316,1,Overnight (0–6),6,41.0,41.0,41.0,0.0,4.0,0.0,0.0,0.0,0.95,0.0,33.25,no recovery time,2026-06-11
320,320,0,Overnight (0–6),39,45.88333333333333,40.15,54.2,14.050000000000004,30.0,8.0,8.0,12.100000000000001,0.10555555555555556,0.3771812080536913,26.33,moderate,2026-06-11
320,320,1,Overnight (0–6),34,47.0,25.433333333333334,48.0,22.566666666666666,7.0,4.0,2.2,4.0,0.19,0.49308084486525855,36.23,high schedule variability,2026-06-11
322,322,0,Overnight (0–6),7,23.0,20.2,23.0,2.8000000000000007,5.0,9.0,3.6,9.0,0.095,0.1076923076923077,9.79,moderate,2026-06-11
322,322,1,Overnight (0–6),7,23.0,14.71,23.0,8.29,1.0,1.0333333333333334,1.0333333333333334,1.0333333333333334,0.4672131147540984,0.26325817719911077,32.15,very low recovery time,2026-06-11
324,324,0,Overnight (0–6),7,36.0,36.0,36.0,0.0,6.0,5.0,5.0,5.0,0.15833333333333333,0.0,5.54,moderate,2026-06-11
324,324,1,Overnight (0–6),6,36.0,36.0,38.5,2.5,4.0,13.0,13.0,13.7,0.06785714285714285,0.09727626459143968,8.21,moderate,2026-06-11
325,325,0,Overnight (0–6),9,51.0,38.58,51.4,12.82,3.0,7.0,7.0,10.2,0.11875,0.3559133814547473,25.51,moderate,2026-06-11
325,325,1,Overnight (0–6),8,51.0,34.65,51.0,16.35,7.0,7.0,3.6133333333333333,7.800000000000001,0.11875,0.4134007585335019,28.96,moderate,2026-06-11
329,329,0,Overnight (0–6),13,41.86666666666667,19.043333333333333,59.0,39.95666666666666,11.0,2.0,1.0,9.0,0.31666666666666665,0.6326595239351875,49.04,"very low recovery time, high schedule variability",2026-06-11
329,329,1,Overnight (0–6),15,46.63333333333333,18.946666666666673,59.0,40.05333333333333,4.0,0.0,0.0,0.0,0.95,0.6332209106239459,71.24,"no recovery time, high schedule variability",2026-06-11
334,334,0,Overnight (0–6),26,71.0,0.5833333333333334,88.0,87.41666666666667,12.0,0.0,0.0,0.0,0.95,0.7902666867560645,80.67,"no recovery time, high schedule variability",2026-06-11
334,334,1,Overnight (0–6),29,81.0,1.6,96.99999999999999,95.39999999999999,3.0,10.0,8.4,13.2,0.08636363636363636,0.8043844856661045,51.29,high schedule variability,2026-06-11
335,335,0,Overnight (0–6),12,42.0,8.0,42.0,34.0,6.0,4.0,0.0,18.0,0.19,0.5944055944055944,42.31,high schedule variability,2026-06-11
335,335,1,Overnight (0–6),11,40.0,5.0,40.0,35.0,11.0,9.0,6.0,10.0,0.095,0.6013745704467354,39.41,high schedule variability,2026-06-11
336,336,0,Overnight (0–6),18,40.9,24.486666666666668,53.0,28.513333333333332,12.0,0.0,0.0,6.800000000000001,0.95,0.5513729534613896,66.33,"no recovery time, high schedule variability",2026-06-11
336,336,1,Overnight (0–6),19,33.0,27.6,54.0,26.4,,10.0,,,0.08636363636363636,0.532258064516129,34.96,high schedule variability,2026-06-11
337,337,0,Overnight (0–6),7,43.0,43.0,44.373333333333335,1.3733333333333348,4.0,3.0,0.9466666666666668,3.0,0.2375,0.05588714053174178,11.67,very low recovery time,2026-06-11
337,337,1,Overnight (0–6),7,44.0,42.95333333333333,45.4,2.4466666666666654,6.0,0.0,0.0,13.0,0.95,0.09539901221731213,38.97,no recovery time,2026-06-11
339,339,0,Overnight (0–6),14,35.0,5.0,35.0,30.0,13.0,0.0,0.0,0.0,0.95,0.5639097744360902,67.08,"no recovery time, high schedule variability",2026-06-11
339,339,1,AM Peak (6–9),1,1.75,1.75,1.75,0.0,,10.0,,,0.08636363636363636,0.0,3.02,moderate,2026-06-11
339,339,1,Overnight (0–6),17,34.0,1.75,39.0,37.25,9.0,0.0,0.0,0.0,0.95,0.6162117452440032,70.22,"no recovery time, high schedule variability",2026-06-11
340,340,0,Overnight (0–6),9,14.0,14.0,14.600000000000001,0.6000000000000014,8.0,3.0,2.1,3.0,0.2375,0.0252100840336135,9.83,very low recovery time,2026-06-11
340,340,1,Overnight (0–6),9,13.0,12.67,13.0,0.33000000000000007,8.0,0.0,0.0,0.0,0.95,0.014024649383765408,34.09,no recovery time,2026-06-11
341,341,0,Overnight (0–6),5,41.083333333333336,41.083333333333336,41.083333333333336,0.0,,10.0,,,0.08636363636363636,0.0,3.02,moderate,2026-06-11
341,341,1,Overnight (0–6),7,43.9,43.9,43.94,0.03999999999999915,7.0,4.0,2.4000000000000004,12.0,0.19,0.0017211703958691542,6.75,moderate,2026-06-11
343,343,0,Overnight (0–6),7,27.0,27.0,27.0,0.0,7.0,3.0,3.0,3.0,0.2375,0.0,8.31,very low recovery time,2026-06-11
343,343,1,Overnight (0–6),8,27.0,19.78,27.0,7.219999999999999,6.0,3.0,1.5,6.0,0.2375,0.23734385272846806,22.55,very low recovery time,2026-06-11
352,352,0,Overnight (0–6),14,29.5,4.0,55.0,51.0,9.0,1.0,0.0,7.2,0.475,0.6873315363881402,57.86,"no recovery time, high schedule variability",2026-06-11
352,352,1,Overnight (0–6),7,60.0,60.0,65.2,5.200000000000003,6.0,0.0,0.0,0.0,0.95,0.18309859154929584,44.24,no recovery time,2026-06-11
353,353,0,Overnight (0–6),14,60.0,1.15,60.0,58.85,12.0,1.0,1.0,1.0,0.475,0.7172455819622181,59.66,"no recovery time, high schedule variability",2026-06-11
353,353,1,AM Peak (6–9),2,5.833333333333333,5.833333333333333,5.833333333333333,0.0,,10.0,,,0.08636363636363636,0.0,3.02,moderate,2026-06-11
353,353,1,Overnight (0–6),12,58.0,5.833333333333333,58.0,52.166666666666664,7.0,1.0,1.0,1.0,0.475,0.6921716054842989,58.16,"no recovery time, high schedule variability",2026-06-11
354,354,0,Overnight (0–6),14,48.0,2.0,75.29000000000002,73.29000000000002,10.0,0.0,0.0,11.699999999999998,0.95,0.7595605762255156,78.82,"no recovery time, high schedule variability",2026-06-11
354,354,1,Overnight (0–6),17,47.333333333333336,2.0,50.85666666666667,48.85666666666667,7.0,11.0,9.8,17.800000000000004,0.07916666666666666,0.6780311791645464,43.45,high schedule variability,2026-06-11
363,363,0,Overnight (0–6),8,25.0,25.0,25.3,0.3000000000000007,8.0,8.0,0.0,8.0,0.10555555555555556,0.01276595744680854,4.46,moderate,2026-06-11
363,363,1,Overnight (0–6),9,24.0,20.0,31.400000000000002,11.400000000000002,,10.0,,,0.08636363636363636,0.32947976878612717,22.79,moderate,2026-06-11
365,365,0,Overnight (0–6),7,13.266666666666667,13.266666666666667,13.266666666666667,0.0,7.0,0.0,0.0,0.0,0.95,0.0,33.25,no recovery time,2026-06-11
365,365,1,Overnight (0–6),7,13.566666666666666,13.566666666666666,13.566666666666666,0.0,,10.0,,,0.08636363636363636,0.0,3.02,moderate,2026-06-11
384,384,0,Overnight (0–6),7,39.0,36.0,39.4,3.3999999999999986,2.0,14.0,14.0,14.0,0.06333333333333332,0.1278195488721804,9.89,moderate,2026-06-11
384,384,1,Overnight (0–6),6,35.63333333333333,30.59166666666667,37.5,6.908333333333331,3.0,12.0,11.053333333333333,14.4,0.07307692307692307,0.22944921118184328,16.32,moderate,2026-06-11
385,385,0,Overnight (0–6),7,50.86666666666667,46.46666666666667,52.31666666666667,5.850000000000001,4.0,6.5,3.9000000000000004,9.100000000000001,0.12666666666666665,0.20137693631669537,16.52,moderate,2026-06-11
385,385,1,Overnight (0–6),8,51.86666666666667,39.09166666666667,51.86666666666667,12.774999999999999,,10.0,,,0.08636363636363636,0.3551077136900625,24.33,moderate,2026-06-11
386,386,0,Overnight (0–6),7,29.0,29.0,31.6,2.6000000000000014,4.0,3.0,0.0,8.8,0.2375,0.10077519379844965,14.36,very low recovery time,2026-06-11
386,386,1,Overnight (0–6),9,28.0,28.0,28.0,0.0,7.0,3.0,3.0,15.200000000000001,0.2375,0.0,8.31,very low recovery time,2026-06-11
395,395,0,Overnight (0–6),12,47.03333333333333,7.0,55.03333333333333,48.03333333333333,5.0,8.0,6.8,9.8,0.10555555555555556,0.6743097800655123,44.15,high schedule variability,2026-06-11
395,395,1,Overnight (0–6),7,47.28333333333333,44.88333333333333,50.900000000000006,6.016666666666673,,10.0,,,0.08636363636363636,0.20593268682259,15.38,moderate,2026-06-11
396,396,0,Overnight (0–6),9,43.53333333333333,36.666666666666664,43.53333333333333,6.866666666666667,,10.0,,,0.08636363636363636,0.22838137472283812,16.73,moderate,2026-06-11
396,396,1,Overnight (0–6),10,44.2,44.2,44.28,0.0799999999999983,5.0,5.0,5.0,5.0,0.15833333333333333,0.0034364261168384146,5.75,moderate,2026-06-11
403,403,0,Midday (9–15),4,37.0,37.0,37.0,0.0,3.0,0.0,0.0,24.0,0.95,0.0,33.25,no recovery time,2026-06-11
403,403,0,PM Peak (15–19),2,32.391666666666666,28.705000000000002,36.07833333333333,7.373333333333331,2.0,0.0,0.0,0.0,0.95,0.2411687745311818,47.72,no recovery time,2026-06-11
403,403,1,Midday (9–15),4,38.0,31.338333333333335,38.0,6.661666666666665,4.0,0.0,0.0,0.0,0.95,0.22308422168889874,46.64,no recovery time,2026-06-11
403,403,1,PM Peak (15–19),2,38.0,38.0,38.0,0.0,2.0,0.0,0.0,0.0,0.95,0.0,33.25,no recovery time,2026-06-11
404,404,0,Midday (9–15),6,60.0,60.0,60.0,0.0,5.0,0.0,0.0,0.0,0.95,0.0,33.25,no recovery time,2026-06-11
404,404,0,PM Peak (15–19),2,60.0,60.0,60.0,0.0,2.0,0.0,0.0,0.0,0.95,0.0,33.25,no recovery time,2026-06-11
404,404,1,Midday (9–15),6,60.0,60.0,65.0,5.0,5.0,5.0,0.0,33.0,0.15833333333333333,0.17730496453900707,16.18,moderate,2026-06-11
404,404,1,PM Peak (15–19),2,65.0,65.0,65.0,0.0,2.0,5.0,5.0,5.0,0.15833333333333333,0.0,5.54,moderate,2026-06-11
405,405,0,Midday (9–15),6,80.0,39.30833333333334,80.0,40.69166666666666,3.0,0.0,0.0,0.0,0.95,0.6368853528107473,71.46,"no recovery time, high schedule variability",2026-06-11
405,405,0,PM Peak (15–19),1,80.0,80.0,80.0,0.0,2.0,0.0,0.0,0.0,0.95,0.0,33.25,no recovery time,2026-06-11
405,405,1,Midday (9–15),5,70.0,32.14333333333333,70.0,37.85666666666667,5.0,0.0,0.0,17.96,0.95,0.6200251132827428,70.45,"no recovery time, high schedule variability",2026-06-11
405,405,1,PM Peak (15–19),2,70.0,70.0,70.0,0.0,1.0,0.0,0.0,0.0,0.95,0.0,33.25,no recovery time,2026-06-11
830,830,0,AM Peak (6–9),1,15.0,15.0,15.0,0.0,,10.0,,,0.08636363636363636,0.0,3.02,moderate,2026-06-11
830,830,1,PM Peak (15–19),1,15.0,15.0,15.0,0.0,1.0,2.0,2.0,2.0,0.31666666666666665,0.0,11.08,very low recovery time,2026-06-11
900,900,0,AM Peak (6–9),35,3.0,3.0,16.0,13.0,35.0,3.0,1.0,8.0,0.2375,0.3591160220994475,29.86,very low recovery time,2026-06-11
900,900,0,Evening (19–24),66,8.0,3.0,14.0,11.0,63.0,1.0,1.0,8.0,0.475,0.3216374269005848,35.92,no recovery time,2026-06-11
900,900,0,Midday (9–15),80,8.5,3.0,14.0,11.0,78.0,2.0,1.0,8.0,0.31666666666666665,0.3216374269005848,30.38,very low recovery time,2026-06-11
900,900,0,Overnight (0–6),20,8.0,3.0,13.0,10.0,19.0,5.0,0.0,10.999999999999996,0.15833333333333333,0.3012048192771084,23.61,moderate,2026-06-11
900,900,0,PM Peak (15–19),53,17.0,3.0,17.0,14.0,52.0,2.0,2.0,8.0,0.31666666666666665,0.3763440860215054,33.66,very low recovery time,2026-06-11
900,900,1,AM Peak (6–9),19,19.0,17.0,19.0,2.0,17.0,1.0,1.0,1.0,0.475,0.07936507936507936,21.39,no recovery time,2026-06-11
900,900,1,Evening (19–24),32,18.0,17.0,18.0,1.0,32.0,1.0,1.0,1.0,0.475,0.04132231404958677,19.1,no recovery time,2026-06-11
900,900,1,Midday (9–15),40,18.0,18.0,18.0,0.0,40.0,1.0,1.0,1.0,0.475,0.0,16.62,no recovery time,2026-06-11
900,900,1,Overnight (0–6),12,17.0,17.0,17.0,0.0,14.0,1.0,1.0,1.0,0.475,0.0,16.62,no recovery time,2026-06-11
900,900,1,PM Peak (15–19),27,23.0,23.0,23.0,0.0,27.0,1.0,1.0,1.0,0.475,0.0,16.62,no recovery time,2026-06-11
902,902,0,AM Peak (6–9),13,56.0,56.0,56.0,0.0,8.0,4.0,4.0,4.0,0.19,0.0,6.65,moderate,2026-06-11
902,902,0,Evening (19–24),5,6.283333333333333,6.283333333333333,6.283333333333333,0.0,,10.0,,,0.08636363636363636,0.0,3.02,moderate,2026-06-11
902,902,0,Midday (9–15),30,53.0,53.0,53.0,0.0,31.0,7.0,4.0,7.0,0.11875,0.0,4.16,moderate,2026-06-11
902,902,0,PM Peak (15–19),21,61.0,61.0,61.0,0.0,19.0,11.0,1.8,11.0,0.07916666666666666,0.0,2.77,moderate,2026-06-11
902,902,1,AM Peak (6–9),18,57.0,8.1,57.0,48.9,13.0,3.0,0.0,3.0,0.2375,0.6782246879334258,49.01,"very low recovery time, high schedule variability",2026-06-11
902,902,1,Midday (9–15),30,53.0,53.0,56.0,3.0,30.0,7.0,3.0,7.0,0.11875,0.11450381679389311,11.03,moderate,2026-06-11
902,902,1,PM Peak (15–19),20,60.0,59.9,60.0,0.10000000000000142,20.0,0.0,0.0,4.0,0.95,0.004291845493562292,33.51,no recovery time,2026-06-11
903,903,0,AM Peak (6–9),18,15.0,15.0,26.0,11.0,18.0,12.0,12.0,12.0,0.07307692307692307,0.3216374269005848,21.86,moderate,2026-06-11
903,903,0,Evening (19–24),15,24.0,15.0,24.0,9.0,14.0,12.0,5.5,12.0,0.07307692307692307,0.2795031055900621,19.33,moderate,2026-06-11
903,903,0,Midday (9–15),37,26.0,15.0,26.0,11.0,36.0,12.0,12.0,12.0,0.07307692307692307,0.3216374269005848,21.86,moderate,2026-06-11
903,903,0,Overnight (0–6),2,15.0,15.0,15.0,0.0,1.0,3.0,3.0,3.0,0.2375,0.0,8.31,very low recovery time,2026-06-11
903,903,0,PM Peak (15–19),25,16.0,16.0,27.0,11.0,24.0,12.0,12.0,12.0,0.07307692307692307,0.3216374269005848,21.86,moderate,2026-06-11
903,903,1,AM Peak (6–9),19,16.0,13.0,25.0,12.0,17.0,7.0,7.0,7.4,0.11875,0.3409090909090909,24.61,moderate,2026-06-11
903,903,1,Evening (19–24),15,24.0,13.0,24.0,11.0,14.0,8.0,5.9,12.0,0.10555555555555556,0.3216374269005848,22.99,moderate,2026-06-11
903,903,1,Midday (9–15),36,20.5,16.0,25.0,9.0,36.0,7.0,6.0,7.0,0.11875,0.2795031055900621,20.93,moderate,2026-06-11
903,903,1,PM Peak (15–19),24,21.5,16.0,27.0,11.0,24.0,11.0,6.0,24.0,0.07916666666666666,0.3216374269005848,22.07,moderate,2026-06-11
904,904,0,AM Peak (6–9),10,45.0,40.0,45.0,5.0,7.0,9.0,9.0,14.0,0.095,0.17730496453900707,13.96,moderate,2026-06-11
904,904,0,Evening (19–24),20,42.0,39.0,42.0,3.0,20.0,21.0,9.0,21.0,0.04318181818181818,0.11450381679389311,8.38,moderate,2026-06-11
904,904,0,Midday (9–15),30,45.0,45.0,45.0,0.0,29.0,12.0,12.0,12.0,0.07307692307692307,0.0,2.56,moderate,2026-06-11
904,904,0,Overnight (0–6),5,39.0,39.0,39.0,0.0,1.0,9.0,9.0,9.0,0.095,0.0,3.32,moderate,2026-06-11
904,904,0,PM Peak (15–19),16,50.0,50.0,50.0,0.0,16.0,13.0,12.5,15.5,0.06785714285714285,0.0,2.38,moderate,2026-06-11
904,904,1,AM Peak (6–9),11,47.0,43.0,47.0,4.0,8.0,4.0,4.0,9.5,0.19,0.14705882352941174,15.47,moderate,2026-06-11
904,904,1,Evening (19–24),20,40.0,37.0,40.0,3.0,20.0,2.0,2.0,7.0,0.31666666666666665,0.11450381679389311,17.95,very low recovery time,2026-06-11
904,904,1,Midday (9–15),30,45.0,45.0,45.0,0.0,30.0,6.0,6.0,6.0,0.1357142857142857,0.0,4.75,moderate,2026-06-11
904,904,1,Overnight (0–6),2,37.0,37.0,37.0,0.0,4.0,5.0,5.0,5.0,0.15833333333333333,0.0,5.54,moderate,2026-06-11
904,904,1,PM Peak (15–19),16,50.0,50.0,50.0,0.0,16.0,7.0,7.0,8.0,0.11875,0.0,4.16,moderate,2026-06-11
905,905,0,AM Peak (6–9),12,30.0,30.0,30.0,0.0,12.0,4.0,4.0,4.0,0.19,0.0,6.65,moderate,2026-06-11
905,905,0,Evening (19–24),13,30.0,30.0,30.0,0.0,15.0,5.0,5.0,5.0,0.15833333333333333,0.0,5.54,moderate,2026-06-11
905,905,0,Midday (9–15),35,31.0,30.0,31.0,1.0,34.0,3.0,3.0,3.0,0.2375,0.04132231404958677,10.79,very low recovery time,2026-06-11
905,905,0,Overnight (0–6),2,30.0,30.0,30.0,0.0,,10.0,,,0.08636363636363636,0.0,3.02,moderate,2026-06-11
905,905,0,PM Peak (15–19),16,36.0,33.0,36.0,3.0,16.0,2.0,2.0,2.0,0.31666666666666665,0.11450381679389311,17.95,very low recovery time,2026-06-11
905,905,1,AM Peak (6–9),12,31.0,31.0,31.0,0.0,9.0,10.0,8.8,10.0,0.08636363636363636,0.0,3.02,moderate,2026-06-11
905,905,1,Evening (19–24),15,30.0,30.0,30.0,0.0,13.0,10.0,5.800000000000001,10.0,0.08636363636363636,0.0,3.02,moderate,2026-06-11
905,905,1,Midday (9–15),35,30.0,30.0,31.0,1.0,35.0,6.0,6.0,6.0,0.1357142857142857,0.04132231404958677,7.23,moderate,2026-06-11
905,905,1,PM Peak (15–19),16,32.0,31.0,32.0,1.0,15.0,5.0,5.0,5.0,0.15833333333333333,0.04132231404958677,8.02,moderate,2026-06-11
906,906,0,AM Peak (6–9),12,28.0,28.0,28.0,0.0,12.0,8.0,8.0,8.0,0.10555555555555556,0.0,3.69,moderate,2026-06-11
906,906,0,Evening (19–24),20,27.0,26.0,27.0,1.0,20.0,7.5,2.9000000000000004,9.0,0.11176470588235293,0.04132231404958677,6.39,moderate,2026-06-11
906,906,0,Midday (9–15),24,29.0,29.0,29.0,0.0,24.0,5.0,5.0,5.0,0.15833333333333333,0.0,5.54,moderate,2026-06-11
906,906,0,Overnight (0–6),9,26.0,26.0,28.0,2.0,7.0,8.0,3.0,13.8,0.10555555555555556,0.07936507936507936,8.46,moderate,2026-06-11
906,906,0,PM Peak (15–19),16,30.0,29.5,30.0,0.5,15.0,4.0,4.0,4.6,0.19,0.02109704641350211,7.92,moderate,2026-06-11
906,906,1,AM Peak (6–9),12,31.0,31.0,31.0,0.0,12.0,8.0,8.0,8.0,0.10555555555555556,0.0,3.69,moderate,2026-06-11
906,906,1,Evening (19–24),21,30.0,28.0,30.0,2.0,20.0,9.0,3.0,9.0,0.095,0.07936507936507936,8.09,moderate,2026-06-11
906,906,1,Midday (9–15),24,36.0,36.0,36.0,0.0,23.0,5.0,5.0,5.0,0.15833333333333333,0.0,5.54,moderate,2026-06-11
906,906,1,Overnight (0–6),10,29.5,28.0,31.0,3.0,8.0,6.5,2.4000000000000004,17.5,0.12666666666666665,0.11450381679389311,11.3,moderate,2026-06-11
906,906,1,PM Peak (15–19),16,38.0,38.0,38.0,0.0,14.0,3.0,3.0,3.700000000000001,0.2375,0.0,8.31,very low recovery time,2026-06-11
924,924,0,AM Peak (6–9),18,47.0,39.0,47.0,8.0,13.0,8.0,0.0,8.0,0.10555555555555556,0.2564102564102564,19.08,moderate,2026-06-11
924,924,0,Midday (9–15),6,44.0,44.0,44.0,0.0,2.0,6.0,6.0,6.0,0.1357142857142857,0.0,4.75,moderate,2026-06-11
924,924,0,PM Peak (15–19),24,44.0,43.0,44.0,1.0,23.0,6.0,6.0,7.0,0.1357142857142857,0.04132231404958677,7.23,moderate,2026-06-11
924,924,1,AM Peak (6–9),18,38.0,33.0,38.0,5.0,13.0,7.0,0.0,7.0,0.11875,0.17730496453900707,14.79,moderate,2026-06-11
924,924,1,Midday (9–15),6,44.0,44.0,44.0,0.0,2.0,6.0,6.0,6.0,0.1357142857142857,0.0,4.75,moderate,2026-06-11
924,924,1,PM Peak (15–19),24,44.0,40.0,44.0,4.0,23.0,6.0,6.0,10.0,0.1357142857142857,0.14705882352941174,13.57,moderate,2026-06-11
925,925,0,AM Peak (6–9),20,51.0,51.0,51.0,0.0,16.0,5.0,5.0,5.5,0.15833333333333333,0.0,5.54,moderate,2026-06-11
925,925,0,Evening (19–24),14,44.0,44.0,44.0,0.0,14.0,3.0,3.0,7.400000000000002,0.2375,0.0,8.31,very low recovery time,2026-06-11
925,925,0,Midday (9–15),28,47.0,47.0,47.0,0.0,28.0,9.0,9.0,9.0,0.095,0.0,3.32,moderate,2026-06-11
925,925,0,Overnight (0–6),1,17.1,17.1,17.1,0.0,,10.0,,,0.08636363636363636,0.0,3.02,moderate,2026-06-11
925,925,0,PM Peak (15–19),26,50.0,50.0,50.0,0.0,24.0,5.0,5.0,5.0,0.15833333333333333,0.0,5.54,moderate,2026-06-11
925,925,1,AM Peak (6–9),18,53.0,53.0,53.0,0.0,14.0,5.0,3.6,5.0,0.15833333333333333,0.0,5.54,moderate,2026-06-11
925,925,1,Evening (19–24),15,53.0,53.0,54.2,1.2000000000000028,13.0,4.0,2.4000000000000004,8.600000000000001,0.19,0.04918032786885256,9.6,moderate,2026-06-11
925,925,1,Midday (9–15),28,54.0,54.0,54.0,0.0,28.0,7.0,6.0,7.300000000000001,0.11875,0.0,4.16,moderate,2026-06-11
925,925,1,Overnight (0–6),1,51.0,51.0,51.0,0.0,,10.0,,,0.08636363636363636,0.0,3.02,moderate,2026-06-11
925,925,1,PM Peak (15–19),25,62.0,62.0,62.0,0.0,23.0,3.0,3.0,4.0,0.2375,0.0,8.31,very low recovery time,2026-06-11
927,927,0,AM Peak (6–9),43,26.0,21.0,46.0,25.0,39.0,3.0,2.8000000000000003,7.0,0.2375,0.5186721991701244,39.43,"very low recovery time, high schedule variability",2026-06-11
927,927,0,Evening (19–24),39,35.0,21.0,39.60000000000001,18.60000000000001,40.0,8.0,3.0,8.0,0.10555555555555556,0.444976076555024,30.39,moderate,2026-06-11
927,927,0,Midday (9–15),59,41.0,22.0,48.400000000000006,26.400000000000006,54.0,8.0,2.0,9.700000000000003,0.10555555555555556,0.532258064516129,35.63,high schedule variability,2026-06-11
927,927,0,Overnight (0–6),13,35.0,21.8,37.8,15.999999999999996,11.0,8.0,7.0,11.0,0.10555555555555556,0.40816326530612235,28.18,moderate,2026-06-11
927,927,0,PM Peak (15–19),56,28.0,25.0,53.0,28.0,53.0,5.0,2.0,8.0,0.15833333333333333,0.546875,38.35,high schedule variability,2026-06-11
927,927,1,AM Peak (6–9),42,33.0,26.0,49.0,23.0,39.0,10.0,4.0,12.0,0.08636363636363636,0.4978354978354978,32.89,high schedule variability,2026-06-11
927,927,1,Evening (19–24),39,37.0,23.0,40.0,17.0,38.0,4.0,3.0,9.0,0.19,0.42288557213930345,32.02,moderate,2026-06-11
927,927,1,Midday (9–15),57,43.0,25.0,55.0,30.0,51.0,3.0,2.0,12.0,0.2375,0.5639097744360902,42.15,"very low recovery time, high schedule variability",2026-06-11
927,927,1,Overnight (0–6),17,28.0,23.0,39.800000000000004,16.800000000000004,7.0,9.0,5.2,15.800000000000002,0.095,0.42000000000000004,28.52,moderate,2026-06-11
927,927,1,PM Peak (15–19),55,34.0,30.0,55.0,25.0,55.0,5.0,0.8000000000000007,6.0,0.15833333333333333,0.5186721991701244,36.66,high schedule variability,2026-06-11
929,929,0,AM Peak (6–9),23,45.0,38.2,45.0,6.799999999999997,17.0,4.0,4.0,7.0,0.19,0.22666666666666657,20.25,moderate,2026-06-11
929,929,0,Evening (19–24),23,42.0,40.2,42.0,1.7999999999999972,23.0,5.0,5.0,5.800000000000001,0.15833333333333333,0.07199999999999988,9.86,moderate,2026-06-11
929,929,0,Midday (9–15),46,47.0,47.0,50.5,3.5,45.0,4.0,4.0,5.0,0.19,0.13108614232209737,14.52,moderate,2026-06-11
929,929,0,PM Peak (15–19),29,57.0,50.8,57.0,6.200000000000003,30.0,2.0,1.0,2.0,0.31666666666666665,0.21088435374149667,23.74,very low recovery time,2026-06-11
929,929,1,AM Peak (6–9),22,41.0,38.1,46.0,7.899999999999999,16.0,5.0,2.5,7.0,0.15833333333333333,0.25401929260450157,20.78,moderate,2026-06-11
929,929,1,Evening (19–24),23,44.0,43.0,44.0,1.0,22.0,5.0,5.0,6.900000000000002,0.15833333333333333,0.04132231404958677,8.02,moderate,2026-06-11
929,929,1,Midday (9–15),46,49.0,49.0,50.5,1.5,45.0,4.0,2.0,7.400000000000006,0.19,0.060728744939271245,10.29,moderate,2026-06-11
929,929,1,PM Peak (15–19),31,59.0,50.0,59.0,9.0,29.0,10.0,5.0,11.0,0.08636363636363636,0.2795031055900621,19.79,moderate,2026-06-11
935,935,0,AM Peak (6–9),22,45.0,42.0,45.0,3.0,20.0,9.0,4.800000000000001,10.0,0.095,0.11450381679389311,10.2,moderate,2026-06-11
935,935,0,Evening (19–24),19,37.0,36.8,37.0,0.20000000000000284,16.0,7.0,2.5,7.0,0.11875,0.008547008547008666,4.67,moderate,2026-06-11
935,935,0,Midday (9–15),42,44.0,42.0,54.599999999999994,12.599999999999994,34.0,8.0,7.0,9.0,0.10555555555555556,0.3519553072625697,24.81,moderate,2026-06-11
935,935,0,Overnight (0–6),5,40.083333333333336,35.68333333333334,40.63333333333333,4.949999999999996,2.0,9.0,7.4,10.6,0.095,0.17584369449378315,13.88,moderate,2026-06-11
935,935,0,PM Peak (15–19),29,51.0,45.800000000000004,55.0,9.199999999999996,29.0,11.0,6.0,11.0,0.07916666666666666,0.2839506172839505,19.81,moderate,2026-06-11
935,935,1,AM Peak (6–9),23,44.0,40.0,44.0,4.0,22.0,10.0,8.1,10.0,0.08636363636363636,0.14705882352941174,11.85,moderate,2026-06-11
935,935,1,Evening (19–24),17,39.0,38.6,39.0,0.3999999999999986,18.0,7.0,4.4,7.0,0.11875,0.01694915254237282,5.17,moderate,2026-06-11
935,935,1,Midday (9–15),41,45.0,42.0,51.0,9.0,41.0,10.0,7.0,27.0,0.08636363636363636,0.2795031055900621,19.79,moderate,2026-06-11
935,935,1,Overnight (0–6),6,40.0,38.5,40.0,1.5,1.0,0.0,0.0,0.0,0.95,0.060728744939271245,36.89,no recovery time,2026-06-11
935,935,1,PM Peak (15–19),30,48.0,45.7,54.0,8.299999999999997,28.0,11.5,7.7,24.0,0.076,0.2634920634920634,18.47,moderate,2026-06-11
937,937,0,AM Peak (6–9),10,41.0,37.0,41.0,4.0,8.0,7.0,7.0,9.6,0.11875,0.14705882352941174,12.98,moderate,2026-06-11
937,937,0,Evening (19–24),6,40.0,40.0,40.0,0.0,1.0,11.0,11.0,11.0,0.07916666666666666,0.0,2.77,moderate,2026-06-11
937,937,0,Midday (9–15),2,41.0,41.0,41.0,0.0,1.0,7.0,7.0,7.0,0.11875,0.0,4.16,moderate,2026-06-11
937,937,0,PM Peak (15–19),15,44.0,40.0,44.0,4.0,12.0,7.0,4.1,7.0,0.11875,0.14705882352941174,12.98,moderate,2026-06-11
937,937,1,AM Peak (6–9),12,40.0,35.0,40.0,5.0,11.0,8.0,4.0,8.0,0.10555555555555556,0.17730496453900707,14.33,moderate,2026-06-11
937,937,1,Evening (19–24),2,50.0,50.0,50.0,0.0,5.0,7.0,3.4000000000000004,7.0,0.11875,0.0,4.16,moderate,2026-06-11
937,937,1,Midday (9–15),2,40.0,40.0,40.0,0.0,1.0,8.0,8.0,8.0,0.10555555555555556,0.0,3.69,moderate,2026-06-11
937,937,1,Overnight (0–6),1,35.0,35.0,35.0,0.0,,10.0,,,0.08636363636363636,0.0,3.02,moderate,2026-06-11
937,937,1,PM Peak (15–19),17,56.0,50.0,56.0,6.0,14.0,5.0,2.3,7.0,0.15833333333333333,0.2054794520547945,17.87,moderate,2026-06-11
939,939,0,AM Peak (6–9),48,49.0,25.96666666666667,81.0,55.03333333333333,36.0,4.5,2.0,5.0,0.17272727272727273,0.7034512143161482,48.25,high schedule variability,2026-06-11
939,939,0,Evening (19–24),31,59.0,19.0,78.0,59.0,29.0,10.0,0.0,11.0,0.08636363636363636,0.7177615571776156,46.09,high schedule variability,2026-06-11
939,939,0,Midday (9–15),59,62.0,18.853333333333335,84.60000000000001,65.74666666666667,55.0,9.0,2.0,10.0,0.095,0.7391695397991306,47.68,high schedule variability,2026-06-11
939,939,0,Overnight (0–6),11,29.266666666666666,18.266666666666666,50.0,31.733333333333334,7.0,10.0,1.2000000000000002,10.0,0.08636363636363636,0.5776699029126213,37.68,high schedule variability,2026-06-11
939,939,0,PM Peak (15–19),33,57.0,57.0,100.0,43.0,30.0,15.5,13.0,18.1,0.05757575757575757,0.6495468277945619,40.99,high schedule variability,2026-06-11
939,939,1,AM Peak (6–9),41,65.0,51.0,87.0,36.0,35.0,8.0,1.4000000000000004,10.0,0.10555555555555556,0.6081081081081081,40.18,high schedule variability,2026-06-11
939,939,1,Evening (19–24),30,57.0,13.0,74.0,61.0,29.0,12.0,5.0,17.0,0.07307692307692307,0.7244655581947743,46.03,high schedule variability,2026-06-11
939,939,1,Midday (9–15),55,65.0,27.22000000000001,86.0,58.77999999999999,50.0,14.0,5.0,21.0,0.06333333333333332,0.7170041473530129,45.24,high schedule variability,2026-06-11
939,939,1,Overnight (0–6),13,57.0,50.0,63.0,13.0,4.0,10.0,10.0,13.5,0.08636363636363636,0.3591160220994475,24.57,moderate,2026-06-11
939,939,1,PM Peak (15–19),31,60.0,60.0,93.0,33.0,33.0,7.0,5.0,16.0,0.11875,0.5871886120996441,39.39,high schedule variability,2026-06-11
941,941,0,AM Peak (6–9),10,43.71666666666667,42.5,43.71666666666667,1.2166666666666686,7.0,6.0,0.6000000000000001,8.0,0.1357142857142857,0.049829351535836244,7.74,moderate,2026-06-11
941,941,0,Evening (19–24),3,40.71666666666667,40.71666666666667,40.71666666666667,0.0,2.0,2.0,0.4,3.6,0.31666666666666665,0.0,11.08,very low recovery time,2026-06-11
941,941,0,Midday (9–15),5,48.71666666666667,45.71666666666667,48.71666666666667,3.0,1.0,13.0,13.0,13.0,0.06785714285714285,0.11450381679389311,9.25,moderate,2026-06-11
941,941,0,PM Peak (15–19),17,48.71666666666667,40.71666666666667,48.71666666666667,8.0,16.0,8.0,4.5,9.0,0.10555555555555556,0.2564102564102564,19.08,moderate,2026-06-11
941,941,1,AM Peak (6–9),12,44.35,37.540000000000006,44.35,6.809999999999995,,10.0,,,0.08636363636363636,0.22692435854715082,16.64,moderate,2026-06-11
941,941,1,Evening (19–24),3,46.35,46.35,46.35,0.0,,10.0,,,0.08636363636363636,0.0,3.02,moderate,2026-06-11
941,941,1,Midday (9–15),4,53.35,53.35,53.35,0.0,,10.0,,,0.08636363636363636,0.0,3.02,moderate,2026-06-11
941,941,1,PM Peak (15–19),16,53.35,46.35,53.35,7.0,,10.0,,,0.08636363636363636,0.23178807947019867,16.93,moderate,2026-06-11
944,944,0,AM Peak (6–9),22,19.0,19.0,19.0,0.0,21.0,4.0,1.0,4.0,0.19,0.0,6.65,moderate,2026-06-11
944,944,0,Midday (9–15),48,19.0,19.0,19.0,0.0,48.0,5.0,5.0,6.0,0.15833333333333333,0.0,5.54,moderate,2026-06-11
944,944,0,Overnight (0–6),2,19.0,19.0,19.0,0.0,1.0,3.0,3.0,3.0,0.2375,0.0,8.31,very low recovery time,2026-06-11
944,944,0,PM Peak (15–19),32,19.0,19.0,19.0,0.0,31.0,2.0,2.0,3.0,0.31666666666666665,0.0,11.08,very low recovery time,2026-06-11
944,944,1,AM Peak (6–9),23,15.0,15.0,15.0,0.0,22.0,2.0,1.0,5.0,0.31666666666666665,0.0,11.08,very low recovery time,2026-06-11
944,944,1,Midday (9–15),48,16.0,16.0,16.0,0.0,48.0,1.0,0.0,1.0,0.475,0.0,16.62,no recovery time,2026-06-11
944,944,1,Overnight (0–6),4,15.0,15.0,15.0,0.0,3.0,5.0,4.2,5.0,0.15833333333333333,0.0,5.54,moderate,2026-06-11
944,944,1,PM Peak (15–19),31,18.0,18.0,18.0,0.0,31.0,1.0,0.0,1.0,0.475,0.0,16.62,no recovery time,2026-06-11
945,945,0,AM Peak (6–9),19,40.1,34.8,41.1,6.300000000000004,15.0,11.0,10.4,12.0,0.07916666666666666,0.2135593220338984,15.58,moderate,2026-06-11
945,945,0,Evening (19–24),1,34.8,34.8,34.8,0.0,5.0,7.0,4.4,7.0,0.11875,0.0,4.16,moderate,2026-06-11
945,945,0,Midday (9–15),5,38.45,38.45,39.050000000000004,0.6000000000000014,1.0,10.0,10.0,10.0,0.08636363636363636,0.0252100840336135,4.54,moderate,2026-06-11
945,945,0,PM Peak (15–19),24,40.1,40.1,40.1,0.0,24.0,8.0,5.300000000000001,8.0,0.10555555555555556,0.0,3.69,moderate,2026-06-11
945,945,1,AM Peak (6–9),17,36.266666666666666,34.266666666666666,36.266666666666666,2.0,,10.0,,,0.08636363636363636,0.07936507936507936,7.78,moderate,2026-06-11
945,945,1,Evening (19–24),6,33.35,33.35,33.35,0.0,,10.0,,,0.08636363636363636,0.0,3.02,moderate,2026-06-11
945,945,1,Midday (9–15),4,37.21666666666667,36.266666666666666,39.56666666666666,3.299999999999997,,10.0,,,0.08636363636363636,0.12452830188679234,10.49,moderate,2026-06-11
945,945,1,PM Peak (15–19),24,41.166666666666664,39.195,41.166666666666664,1.971666666666664,,10.0,,,0.08636363636363636,0.07832880884592454,7.72,moderate,2026-06-11
952,952,0,AM Peak (6–9),30,5.0,5.0,60.0,55.0,24.0,5.5,1.5000000000000013,12.0,0.14615384615384613,0.7033248081841432,47.31,high schedule variability,2026-06-11
952,952,0,Evening (19–24),1,60.0,60.0,60.0,0.0,,10.0,,,0.08636363636363636,0.0,3.02,moderate,2026-06-11
952,952,0,Midday (9–15),5,60.0,5.0,60.0,55.0,3.0,12.0,6.4,12.0,0.07307692307692307,0.7033248081841432,44.76,high schedule variability,2026-06-11
952,952,0,PM Peak (15–19),40,32.5,5.0,68.0,63.0,35.0,1.0,0.0,8.0,0.475,0.7308584686774942,60.48,"no recovery time, high schedule variability",2026-06-11
952,952,1,AM Peak (6–9),17,62.0,41.6,62.0,20.4,12.0,0.0,0.0,0.0,0.95,0.4678899082568807,61.32,no recovery time,2026-06-11
952,952,1,Midday (9–15),2,67.5,62.3,72.7,10.400000000000006,1.0,0.0,0.0,0.0,0.95,0.3095238095238096,51.82,no recovery time,2026-06-11
952,952,1,PM Peak (15–19),20,74.0,64.0,74.0,10.0,15.0,0.0,0.0,0.0,0.95,0.3012048192771084,51.32,no recovery time,2026-06-11
953,953,0,AM Peak (6–9),13,59.0,59.0,59.0,0.0,9.0,5.0,3.4000000000000004,5.0,0.15833333333333333,0.0,5.54,moderate,2026-06-11
953,953,0,Midday (9–15),3,71.0,71.0,71.0,0.0,3.0,7.0,2.2,7.0,0.11875,0.0,4.16,moderate,2026-06-11
953,953,0,PM Peak (15–19),16,71.0,71.0,71.0,0.0,15.0,5.0,2.2,5.0,0.15833333333333333,0.0,5.54,moderate,2026-06-11
953,953,1,AM Peak (6–9),13,56.0,56.0,56.0,0.0,12.0,10.0,10.0,10.0,0.08636363636363636,0.0,3.02,moderate,2026-06-11
953,953,1,Midday (9–15),2,66.0,66.0,66.0,0.0,,10.0,,,0.08636363636363636,0.0,3.02,moderate,2026-06-11
953,953,1,Overnight (0–6),4,56.0,56.0,56.0,0.0,,10.0,,,0.08636363636363636,0.0,3.02,moderate,2026-06-11
953,953,1,PM Peak (15–19),14,66.0,66.0,66.0,0.0,12.0,12.0,12.0,12.0,0.07307692307692307,0.0,2.56,moderate,2026-06-11
954,954,0,AM Peak (6–9),19,59.0,54.0,59.0,5.0,12.0,14.0,11.0,14.0,0.06333333333333332,0.17730496453900707,12.85,moderate,2026-06-11
954,954,0,Midday (9–15),1,68.0,68.0,68.0,0.0,,10.0,,,0.08636363636363636,0.0,3.02,moderate,2026-06-11
954,954,0,PM Peak (15–19),22,65.5,55.0,68.0,13.0,16.0,14.0,10.0,14.0,0.06333333333333332,0.3591160220994475,23.76,moderate,2026-06-11
954,954,1,AM Peak (6–9),19,62.0,48.0,62.0,14.0,10.0,9.0,4.5,12.0,0.095,0.3763440860215054,25.91,moderate,2026-06-11
954,954,1,PM Peak (15–19),22,55.5,52.0,63.0,11.0,13.0,12.0,12.0,14.600000000000001,0.07307692307692307,0.3216374269005848,21.86,moderate,2026-06-11
960,960,0,AM Peak (6–9),27,63.0,61.8,63.0,1.2000000000000028,25.0,19.0,16.0,19.0,0.0475,0.04918032786885256,4.61,moderate,2026-06-11
960,960,0,Evening (19–24),18,45.0,45.0,57.900000000000006,12.900000000000006,17.0,7.0,2.0,12.4,0.11875,0.35734072022160673,25.6,moderate,2026-06-11
960,960,0,Midday (9–15),42,60.0,60.0,69.0,9.0,41.0,16.0,14.0,19.0,0.055882352941176466,0.2795031055900621,18.73,moderate,2026-06-11
960,960,0,Overnight (0–6),7,60.0,60.0,60.0,0.0,,10.0,,,0.08636363636363636,0.0,3.02,moderate,2026-06-11
960,960,0,PM Peak (15–19),30,69.0,69.0,69.0,0.0,29.0,15.0,11.0,15.0,0.059375,0.0,2.08,moderate,2026-06-11
960,960,1,AM Peak (6–9),26,57.0,52.5,57.0,4.5,23.0,8.0,5.0,8.0,0.10555555555555556,0.16245487364620936,13.44,moderate,2026-06-11
960,960,1,Evening (19–24),18,42.0,42.0,61.5,19.5,22.0,9.5,4.1,16.0,0.09047619047619047,0.45667447306791564,30.57,moderate,2026-06-11
960,960,1,Midday (9–15),44,56.0,56.0,70.0,14.0,40.0,11.5,7.9,13.0,0.076,0.3763440860215054,25.24,moderate,2026-06-11
960,960,1,Overnight (0–6),5,53.0,53.0,53.0,0.0,,10.0,,,0.08636363636363636,0.0,3.02,moderate,2026-06-11
960,960,1,PM Peak (15–19),31,70.0,70.0,70.0,0.0,28.0,6.0,3.0,6.300000000000001,0.1357142857142857,0.0,4.75,moderate,2026-06-11
968,968,0,AM Peak (6–9),14,35.0,35.0,35.0,0.0,11.0,3.0,3.0,3.0,0.2375,0.0,8.31,very low recovery time,2026-06-11
968,968,0,Midday (9–15),5,35.0,35.0,35.0,0.0,4.0,3.0,3.0,3.0,0.2375,0.0,8.31,very low recovery time,2026-06-11
968,968,0,PM Peak (15–19),12,40.0,40.0,40.0,0.0,11.0,3.0,3.0,3.0,0.2375,0.0,8.31,very low recovery time,2026-06-11
968,968,1,AM Peak (6–9),12,30.0,30.0,30.0,0.0,10.0,10.0,7.7,10.0,0.08636363636363636,0.0,3.02,moderate,2026-06-11
968,968,1,Midday (9–15),4,30.0,30.0,30.0,0.0,4.0,9.5,8.3,10.0,0.09047619047619047,0.0,3.17,moderate,2026-06-11
968,968,1,PM Peak (15–19),13,41.0,41.0,41.0,0.0,9.0,6.0,2.0,6.0,0.1357142857142857,0.0,4.75,moderate,2026-06-11
984,984,0,AM Peak (6–9),16,35.0,34.0,35.0,1.0,12.0,1.0,1.0,1.0,0.475,0.04132231404958677,19.1,no recovery time,2026-06-11
984,984,0,Midday (9–15),6,40.0,40.0,40.0,0.0,4.0,4.5,0.30000000000000004,8.0,0.17272727272727273,0.0,6.05,moderate,2026-06-11
984,984,0,PM Peak (15–19),23,40.0,35.2,40.0,4.799999999999997,24.0,7.0,7.0,8.0,0.11875,0.17142857142857132,14.44,moderate,2026-06-11
984,984,1,AM Peak (6–9),20,36.0,2.033333333333333,38.0,35.96666666666667,16.0,7.5,0.0,8.0,0.11176470588235293,0.607887323943662,40.39,high schedule variability,2026-06-11
984,984,1,Evening (19–24),4,38.0,38.0,38.0,0.0,,10.0,,,0.08636363636363636,0.0,3.02,moderate,2026-06-11
984,984,1,Midday (9–15),12,39.0,2.033333333333333,40.0,37.96666666666667,6.0,0.0,0.0,1.0,0.95,0.620708446866485,70.49,"no recovery time, high schedule variability",2026-06-11
984,984,1,PM Peak (15–19),24,40.0,38.6,40.0,1.3999999999999986,23.0,3.0,3.0,3.0,0.2375,0.056910569105691,11.73,very low recovery time,2026-06-11
985,985,0,AM Peak (6–9),13,39.0,14.25,39.0,24.75,8.0,4.5,2.0,11.3,0.17272727272727273,0.5161626694473409,37.02,high schedule variability,2026-06-11
985,985,0,Midday (9–15),5,14.25,14.25,14.25,0.0,4.0,2.0,2.0,3.4000000000000004,0.31666666666666665,0.0,11.08,very low recovery time,2026-06-11
985,985,0,PM Peak (15–19),18,48.0,37.87500000000001,48.0,10.124999999999993,12.0,2.0,2.0,2.0,0.31666666666666665,0.3038259564891221,29.31,very low recovery time,2026-06-11
985,985,1,AM Peak (6–9),12,49.0,24.633333333333333,49.0,24.366666666666667,10.0,10.0,9.5,10.399999999999999,0.08636363636363636,0.5122634898388226,33.76,high schedule variability,2026-06-11
985,985,1,Midday (9–15),4,50.0,50.0,50.0,0.0,,10.0,,,0.08636363636363636,0.0,3.02,moderate,2026-06-11
985,985,1,PM Peak (15–19),12,50.0,50.0,50.0,0.0,16.0,5.0,5.0,5.0,0.15833333333333333,0.0,5.54,moderate,2026-06-11
986,986,0,AM Peak (6–9),30,33.0,33.0,33.0,0.0,18.0,6.0,6.0,6.0,0.1357142857142857,0.0,4.75,moderate,2026-06-11
986,986,0,Midday (9–15),1,38.0,38.0,38.0,0.0,,10.0,,,0.08636363636363636,0.0,3.02,moderate,2026-06-11
986,986,0,PM Peak (15–19),18,38.0,38.0,38.0,0.0,11.0,8.0,8.0,8.0,0.10555555555555556,0.0,3.69,moderate,2026-06-11
986,986,1,AM Peak (6–9),24,33.0,33.0,33.0,0.0,24.0,6.0,6.0,6.0,0.1357142857142857,0.0,4.75,moderate,2026-06-11
986,986,1,PM Peak (15–19),17,34.0,34.0,34.0,0.0,17.0,4.0,4.0,4.0,0.19,0.0,6.65,moderate,2026-06-11
989,989,0,AM Peak (6–9),12,48.5,47.0,55.0,8.0,8.0,5.0,5.0,14.899999999999999,0.15833333333333333,0.2564102564102564,20.93,moderate,2026-06-11
989,989,0,Evening (19–24),1,53.0,53.0,53.0,0.0,,10.0,,,0.08636363636363636,0.0,3.02,moderate,2026-06-11
989,989,0,Midday (9–15),5,59.0,59.0,59.0,0.0,1.0,12.0,12.0,12.0,0.07307692307692307,0.0,2.56,moderate,2026-06-11
989,989,0,PM Peak (15–19),15,59.0,59.0,59.0,0.0,16.0,15.0,15.0,15.0,0.059375,0.0,2.08,moderate,2026-06-11
989,989,1,AM Peak (6–9),12,47.0,46.0,53.0,7.0,8.0,14.5,7.0,22.0,0.06129032258064516,0.23178807947019867,16.05,moderate,2026-06-11
989,989,1,Evening (19–24),1,52.0,52.0,52.0,0.0,,10.0,,,0.08636363636363636,0.0,3.02,moderate,2026-06-11
989,989,1,Midday (9–15),5,62.0,56.6,62.0,5.399999999999999,,10.0,,,0.08636363636363636,0.18881118881118875,14.35,moderate,2026-06-11
989,989,1,PM Peak (15–19),16,62.0,62.0,62.0,0.0,15.0,14.0,14.0,14.0,0.06333333333333332,0.0,2.22,moderate,2026-06-11
995,995,0,AM Peak (6–9),15,50.0,48.4,50.0,1.6000000000000014,10.0,8.0,6.0,13.1,0.10555555555555556,0.0645161290322581,7.57,moderate,2026-06-11
995,995,0,Evening (19–24),1,49.0,49.0,49.0,0.0,5.0,6.0,4.0,8.6,0.1357142857142857,0.0,4.75,moderate,2026-06-11
995,995,0,Midday (9–15),36,49.0,49.0,49.5,0.5,36.0,15.0,14.0,15.0,0.059375,0.02109704641350211,3.34,moderate,2026-06-11
995,995,0,PM Peak (15–19),24,57.0,56.0,57.0,1.0,23.0,8.0,8.0,13.400000000000002,0.10555555555555556,0.04132231404958677,6.17,moderate,2026-06-11
995,995,1,AM Peak (6–9),17,59.0,55.0,59.0,4.0,16.0,6.0,5.0,8.0,0.1357142857142857,0.14705882352941174,13.57,moderate,2026-06-11
995,995,1,Evening (19–24),1,49.0,49.0,49.0,0.0,,10.0,,,0.08636363636363636,0.0,3.02,moderate,2026-06-11
995,995,1,Midday (9–15),37,51.0,51.0,51.0,0.0,36.0,5.0,5.0,5.0,0.15833333333333333,0.0,5.54,moderate,2026-06-11
995,995,1,Overnight (0–6),4,57.0,57.0,57.0,0.0,,10.0,,,0.08636363636363636,0.0,3.02,moderate,2026-06-11
995,995,1,PM Peak (15–19),23,54.0,52.0,54.0,2.0,24.0,11.0,9.3,11.0,0.07916666666666666,0.07936507936507936,7.53,moderate,2026-06-11
996,996,0,AM Peak (6–9),20,102.0,92.96833333333333,103.1,10.13166666666666,17.0,8.0,3.0,8.0,0.10555555555555556,0.30396519825991286,21.93,moderate,2026-06-11
996,996,0,Midday (9–15),33,98.0,98.0,106.0,8.0,33.0,8.0,7.0,10.8,0.10555555555555556,0.2564102564102564,19.08,moderate,2026-06-11
996,996,0,Overnight (0–6),9,47.68333333333333,42.449999999999996,98.2,55.75000000000001,2.0,6.0,2.8,9.2,0.1357142857142857,0.7061431285623812,47.12,high schedule variability,2026-06-11
996,996,0,PM Peak (15–19),24,106.0,59.9,106.0,46.1,23.0,7.0,7.0,7.800000000000001,0.11875,0.6652236652236652,44.07,high schedule variability,2026-06-11
996,996,1,AM Peak (6–9),21,103.0,57.46666666666667,107.0,49.53333333333333,12.0,2.5,2.0,5.700000000000001,0.2714285714285714,0.6810265811182401,50.36,"very low recovery time, high schedule variability",2026-06-11
996,996,1,Evening (19–24),5,43.93333333333333,43.93333333333333,43.93333333333333,0.0,,10.0,,,0.08636363636363636,0.0,3.02,moderate,2026-06-11
996,996,1,Midday (9–15),32,103.0,103.0,105.0,2.0,29.0,4.0,2.8000000000000003,9.0,0.19,0.07936507936507936,11.41,moderate,2026-06-11
996,996,1,Overnight (0–6),2,75.73333333333333,58.72,92.74666666666667,34.02666666666667,,10.0,,,0.08636363636363636,0.5945945945945946,38.7,high schedule variability,2026-06-11
996,996,1,PM Peak (15–19),24,105.0,48.23333333333333,105.0,56.76666666666667,23.0,2.0,2.0,3.8000000000000007,0.31666666666666665,0.7098791162984578,53.68,"very low recovery time, high schedule variability",2026-06-11
