route_id,route_short_name,direction_id,time_band,trips,median_runtime_min,p10_runtime_min,p90_runtime_min,runtime_spread_min,layovers,median_layover_min,p10_layover_min,p90_layover_min,layover_score,runtime_score,fragility_score,why,data_updated_date
7,7,0,AM Peak (6–9),19,63.0,57.8,63.0,5.200000000000003,18.0,10.0,5.7,10.0,0.08636363636363636,0.18134263295553626,13.9,moderate,2026-08-06
7,7,0,Evening (19–24),30,41.0,33.0,48.0,15.0,30.0,9.0,5.800000000000001,15.100000000000001,0.095,0.3898635477582846,26.72,moderate,2026-08-06
7,7,0,Midday (9–15),39,56.0,56.0,64.0,8.0,38.0,9.0,4.0,11.0,0.095,0.2541699761715647,18.58,moderate,2026-08-06
7,7,0,Overnight (0–6),14,33.0,33.0,49.800000000000004,16.800000000000004,10.0,4.0,4.0,9.299999999999999,0.19,0.41713221601489764,31.68,moderate,2026-08-06
7,7,0,PM Peak (15–19),24,61.5,52.3,64.0,11.700000000000003,24.0,10.0,7.200000000000001,11.399999999999999,0.08636363636363636,0.33262260127931775,22.98,moderate,2026-08-06
7,7,1,AM Peak (6–9),22,57.0,27.795,57.0,29.205,16.0,10.0,4.5,12.0,0.08636363636363636,0.554384965831435,36.29,high schedule variability,2026-08-06
7,7,1,Evening (19–24),30,48.0,38.0,55.0,17.0,29.0,8.0,5.0,15.0,0.10555555555555556,0.4200123533045089,28.9,moderate,2026-08-06
7,7,1,Midday (9–15),38,61.0,61.0,81.0,20.0,37.0,12.0,8.6,12.0,0.07307692307692307,0.46003450258769407,30.16,moderate,2026-08-06
7,7,1,Overnight (0–6),11,38.0,31.0,38.0,7.0,10.0,5.0,5.0,8.599999999999998,0.15833333333333333,0.22969647251845773,19.32,moderate,2026-08-06
7,7,1,PM Peak (15–19),24,78.0,61.9,81.0,19.1,24.0,15.0,9.0,15.0,0.059375,0.4486200822078685,29.0,moderate,2026-08-06
8,8,0,AM Peak (6–9),8,44.0,44.0,44.0,0.0,8.0,3.0,3.0,3.8999999999999995,0.2375,0.0,8.31,very low recovery time,2026-08-06
8,8,0,Evening (19–24),13,33.0,29.0,33.0,4.0,13.0,2.0,2.0,5.0,0.31666666666666665,0.14558689717925385,19.82,very low recovery time,2026-08-06
8,8,0,Midday (9–15),16,38.0,38.0,41.0,3.0,16.0,6.0,3.0,6.0,0.1357142857142857,0.11331444759206798,11.55,moderate,2026-08-06
8,8,0,Overnight (0–6),7,29.0,29.0,44.0,15.0,5.0,5.0,2.0,5.0,0.15833333333333333,0.3898635477582846,28.93,moderate,2026-08-06
8,8,0,PM Peak (15–19),10,38.5,37.8,39.0,1.2000000000000028,11.0,6.0,2.0,6.0,0.1357142857142857,0.048632218844984906,7.67,moderate,2026-08-06
8,8,1,AM Peak (6–9),8,36.0,36.0,36.0,0.0,8.0,5.0,5.0,5.0,0.15833333333333333,0.0,5.54,moderate,2026-08-06
8,8,1,Evening (19–24),12,33.0,29.0,33.0,4.0,12.0,4.0,4.0,9.0,0.19,0.14558689717925385,15.39,moderate,2026-08-06
8,8,1,Midday (9–15),16,35.0,35.0,35.0,0.0,17.0,9.0,7.4,9.0,0.095,0.0,3.32,moderate,2026-08-06
8,8,1,Overnight (0–6),10,29.0,29.0,36.0,7.0,7.0,9.0,3.8000000000000003,9.0,0.095,0.22969647251845773,17.11,moderate,2026-08-06
8,8,1,PM Peak (15–19),11,43.0,39.0,43.0,4.0,10.0,5.0,4.0,8.499999999999998,0.15833333333333333,0.14558689717925385,14.28,moderate,2026-08-06
9,9,0,AM Peak (6–9),8,42.0,40.0,44.0,4.0,8.0,3.5,2.0,6.0,0.2111111111111111,0.14558689717925385,16.12,moderate,2026-08-06
9,9,0,Evening (19–24),12,36.0,36.0,36.0,0.0,11.0,2.0,0.0,2.0,0.31666666666666665,0.0,11.08,very low recovery time,2026-08-06
9,9,0,Midday (9–15),13,39.0,39.0,43.0,4.0,13.0,3.0,1.4000000000000004,15.000000000000007,0.2375,0.14558689717925385,17.05,very low recovery time,2026-08-06
9,9,0,Overnight (0–6),6,35.5,31.0,40.0,9.0,4.0,6.5,4.0,12.5,0.12666666666666665,0.27713625866050806,21.06,moderate,2026-08-06
9,9,0,PM Peak (15–19),10,43.0,42.4,43.1,0.7000000000000028,9.0,4.0,2.0,11.0,0.19,0.02895553257497426,8.39,moderate,2026-08-06
9,9,1,AM Peak (6–9),8,42.5,38.0,44.0,6.0,8.0,0.0,0.0,1.5999999999999996,0.95,0.2035623409669211,45.46,no recovery time,2026-08-06
9,9,1,Evening (19–24),11,40.0,40.0,40.0,0.0,12.0,0.0,0.0,2.8000000000000007,0.95,0.0,33.25,no recovery time,2026-08-06
9,9,1,Midday (9–15),13,41.0,41.0,41.8,0.7999999999999972,13.0,1.0,1.0,1.0,0.475,0.032955715756951484,18.6,no recovery time,2026-08-06
9,9,1,Overnight (0–6),7,38.0,34.0,38.0,4.0,5.0,0.0,0.0,2.4000000000000004,0.95,0.14558689717925385,41.99,no recovery time,2026-08-06
9,9,1,PM Peak (15–19),10,46.0,46.0,46.1,0.10000000000000142,10.0,2.0,0.9,3.0,0.31666666666666665,0.0042417815482503245,11.34,very low recovery time,2026-08-06
10,10,0,AM Peak (6–9),6,15.0,14.0,15.0,1.0,6.0,0.0,0.0,1.0,0.95,0.04085801838610827,35.7,no recovery time,2026-08-06
10,10,0,Midday (9–15),3,15.0,15.0,15.0,0.0,2.0,0.0,0.0,0.0,0.95,0.0,33.25,no recovery time,2026-08-06
10,10,0,Overnight (0–6),2,8.966666666666667,4.9399999999999995,12.993333333333334,8.053333333333335,2.0,0.5,0.1,0.9,0.6333333333333333,0.25543162235026695,37.49,no recovery time,2026-08-06
10,10,0,PM Peak (15–19),8,15.0,15.0,15.0,0.0,8.0,0.0,0.0,0.0,0.95,0.0,33.25,no recovery time,2026-08-06
10,10,1,AM Peak (6–9),6,12.0,11.5,12.0,0.5,6.0,3.0,3.0,3.5,0.2375,0.020855057351407715,9.56,very low recovery time,2026-08-06
10,10,1,Evening (19–24),1,12.0,12.0,12.0,0.0,,10.0,,,0.08636363636363636,0.0,3.02,moderate,2026-08-06
10,10,1,Midday (9–15),2,12.0,12.0,12.0,0.0,1.0,3.0,3.0,3.0,0.2375,0.0,8.31,very low recovery time,2026-08-06
10,10,1,Overnight (0–6),2,11.0,11.0,11.0,0.0,2.0,4.0,4.0,4.0,0.19,0.0,6.65,moderate,2026-08-06
10,10,1,PM Peak (15–19),8,12.0,12.0,12.0,0.0,8.0,3.0,3.0,3.0,0.2375,0.0,8.31,very low recovery time,2026-08-06
11,11,0,AM Peak (6–9),18,38.5,21.0,66.0,45.0,15.0,2.0,0.0,7.599999999999998,0.31666666666666665,0.6571741511500548,50.51,"very low recovery time, high schedule variability",2026-08-06
11,11,0,Evening (19–24),26,25.0,13.0,46.0,33.0,25.0,4.0,0.8000000000000007,4.0,0.19,0.5843293492695883,41.71,high schedule variability,2026-08-06
11,11,0,Midday (9–15),35,25.0,20.0,56.0,36.0,32.0,3.0,2.1,3.0,0.2375,0.605296343001261,44.63,"very low recovery time, high schedule variability",2026-08-06
11,11,0,Overnight (0–6),8,24.5,13.0,32.0,19.0,7.0,2.0,1.2000000000000002,3.200000000000001,0.31666666666666665,0.4473219540906415,37.92,very low recovery time,2026-08-06
11,11,0,PM Peak (15–19),24,35.5,25.0,56.0,31.0,23.0,3.0,3.0,4.0,0.2375,0.5690683799908215,42.46,"very low recovery time, high schedule variability",2026-08-06
11,11,1,AM Peak (6–9),17,42.0,18.2,51.0,32.8,14.0,1.5,0.30000000000000004,8.600000000000009,0.38,0.5828520657485562,48.27,"very low recovery time, high schedule variability",2026-08-06
11,11,1,Evening (19–24),25,18.0,13.0,46.0,33.0,25.0,2.0,0.40000000000000036,2.0,0.31666666666666665,0.5843293492695883,46.14,"very low recovery time, high schedule variability",2026-08-06
11,11,1,Midday (9–15),34,35.5,19.0,53.3,34.3,34.0,5.0,2.0,12.0,0.15833333333333333,0.5936823885763738,41.16,high schedule variability,2026-08-06
11,11,1,Overnight (0–6),10,34.0,13.0,42.0,29.0,8.0,2.0,2.0,3.5999999999999996,0.31666666666666665,0.5526441162458313,44.24,"very low recovery time, high schedule variability",2026-08-06
11,11,1,PM Peak (15–19),24,36.0,22.0,61.0,39.0,24.0,2.5,2.0,8.799999999999997,0.2714285714285714,0.6242496998799519,46.95,"very low recovery time, high schedule variability",2026-08-06
12,12,0,AM Peak (6–9),14,43.0,36.9,51.0,14.100000000000001,12.0,0.0,0.0,4.700000000000001,0.95,0.375249500998004,55.76,no recovery time,2026-08-06
12,12,0,Evening (19–24),20,33.0,28.0,45.0,17.0,17.0,0.0,0.0,9.200000000000003,0.95,0.4200123533045089,58.45,no recovery time,2026-08-06
12,12,0,Midday (9–15),26,46.0,38.0,49.0,11.0,26.0,2.5,1.0,6.0,0.2714285714285714,0.31907179115300943,28.64,very low recovery time,2026-08-06
12,12,0,Overnight (0–6),8,28.0,22.0,30.703333333333333,8.703333333333333,6.0,0.0,0.0,15.0,0.95,0.2704718495882322,49.48,no recovery time,2026-08-06
12,12,0,PM Peak (15–19),21,45.0,43.0,56.0,13.0,20.0,4.0,3.0,8.100000000000001,0.19,0.3564084989718985,28.03,moderate,2026-08-06
12,12,1,AM Peak (6–9),14,45.0,38.9,52.0,13.100000000000001,12.0,4.0,4.0,14.500000000000002,0.19,0.35816814764183186,28.14,moderate,2026-08-06
12,12,1,Evening (19–24),19,34.0,27.0,43.0,16.0,19.0,12.0,5.0,15.0,0.07307692307692307,0.40531982267257755,26.88,moderate,2026-08-06
12,12,1,Midday (9–15),26,48.0,38.0,52.0,14.0,23.0,13.0,8.0,13.0,0.06785714285714285,0.3735823882588392,24.79,moderate,2026-08-06
12,12,1,Overnight (0–6),8,27.0,25.855,34.0,8.145,8.0,5.0,4.945,15.0,0.15833333333333333,0.25759013282732446,21.0,moderate,2026-08-06
12,12,1,PM Peak (15–19),22,46.0,44.0,54.0,10.0,22.0,8.0,8.0,9.800000000000004,0.10555555555555556,0.29873039581777444,21.62,moderate,2026-08-06
13,13,0,AM Peak (6–9),9,30.0,20.0,30.0,10.0,9.0,0.0,0.0,0.0,0.95,0.29873039581777444,51.17,no recovery time,2026-08-06
13,13,0,Evening (19–24),12,22.0,22.0,24.9,2.8999999999999986,13.0,1.0,0.0,1.0,0.475,0.10995260663507103,23.22,no recovery time,2026-08-06
13,13,0,Midday (9–15),15,32.0,31.0,32.0,1.0,15.0,0.0,0.0,0.0,0.95,0.04085801838610827,35.7,no recovery time,2026-08-06
13,13,0,Overnight (0–6),6,22.0,21.0,22.0,1.0,5.0,1.0,1.0,1.0,0.475,0.04085801838610827,19.08,no recovery time,2026-08-06
13,13,0,PM Peak (15–19),9,31.0,31.0,31.0,0.0,9.0,0.0,0.0,0.0,0.95,0.0,33.25,no recovery time,2026-08-06
13,13,1,AM Peak (6–9),9,27.0,21.0,27.0,6.0,7.0,3.0,2.2,8.600000000000001,0.2375,0.2035623409669211,20.53,very low recovery time,2026-08-06
13,13,1,Evening (19–24),13,25.0,25.0,29.000000000000004,4.0000000000000036,12.0,2.0,1.1,3.8000000000000007,0.31666666666666665,0.14558689717925397,19.82,very low recovery time,2026-08-06
13,13,1,Midday (9–15),15,34.0,34.0,37.599999999999994,3.5999999999999943,15.0,9.0,4.4,9.0,0.095,0.1329639889196674,11.3,moderate,2026-08-06
13,13,1,Overnight (0–6),5,25.0,12.82,25.0,12.18,4.0,2.0,2.0,2.0,0.31666666666666665,0.3416070677324358,31.58,very low recovery time,2026-08-06
13,13,1,PM Peak (15–19),9,40.0,40.0,40.0,0.0,10.0,4.0,4.0,4.0,0.19,0.0,6.65,moderate,2026-08-06
14,14,0,AM Peak (6–9),6,35.0,26.0,35.0,9.0,7.0,3.0,0.0,5.400000000000002,0.2375,0.27713625866050806,24.94,very low recovery time,2026-08-06
14,14,0,Evening (19–24),10,23.0,22.0,23.0,1.0,10.0,5.0,4.0,5.0,0.15833333333333333,0.04085801838610827,7.99,moderate,2026-08-06
14,14,0,Midday (9–15),13,26.0,26.0,30.0,4.0,12.0,0.0,0.0,1.8000000000000007,0.95,0.14558689717925385,41.99,no recovery time,2026-08-06
14,14,0,Overnight (0–6),5,22.0,22.0,26.0,4.0,3.0,2.0,0.4,3.6,0.31666666666666665,0.14558689717925385,19.82,very low recovery time,2026-08-06
14,14,0,PM Peak (15–19),10,30.0,29.3,30.0,0.6999999999999993,9.0,0.0,0.0,0.0,0.95,0.028955532574974116,34.99,no recovery time,2026-08-06
14,14,1,AM Peak (6–9),7,27.0,23.0,27.0,4.0,6.0,12.5,6.5,13.0,0.07037037037037036,0.14558689717925385,11.2,moderate,2026-08-06
14,14,1,Evening (19–24),10,23.0,21.0,23.0,2.0,10.0,6.0,4.0,6.0,0.1357142857142857,0.07850834151128556,9.46,moderate,2026-08-06
14,14,1,Midday (9–15),13,25.0,25.0,30.200000000000003,5.200000000000003,11.0,6.0,0.0,6.0,0.1357142857142857,0.18134263295553626,15.63,moderate,2026-08-06
14,14,1,Overnight (0–6),3,21.0,21.0,21.0,0.0,3.0,0.0,0.0,3.2,0.95,0.0,33.25,no recovery time,2026-08-06
14,14,1,PM Peak (15–19),10,31.0,30.2,31.0,0.8000000000000007,10.0,13.0,11.7,13.0,0.06785714285714285,0.03295571575695162,4.35,moderate,2026-08-06
15,15,0,AM Peak (6–9),8,23.0,20.0,23.0,3.0,8.0,12.0,1.0,13.2,0.07307692307692307,0.11331444759206798,9.36,moderate,2026-08-06
15,15,0,Evening (19–24),12,21.0,18.0,21.0,3.0,7.0,4.0,4.0,7.200000000000003,0.19,0.11331444759206798,13.45,moderate,2026-08-06
15,15,0,Midday (9–15),13,22.0,22.0,24.400000000000002,2.400000000000002,12.0,8.0,3.5000000000000004,8.0,0.10555555555555556,0.09275362318840587,9.26,moderate,2026-08-06
15,15,0,Overnight (0–6),6,18.0,18.0,20.0,2.0,1.0,1.0,1.0,1.0,0.475,0.07850834151128556,21.34,no recovery time,2026-08-06
15,15,0,PM Peak (15–19),12,25.0,23.0,25.0,2.0,12.0,5.0,5.0,7.0,0.15833333333333333,0.07850834151128556,10.25,moderate,2026-08-06
15,15,1,AM Peak (6–9),9,23.0,22.0,23.0,1.0,9.0,2.0,2.0,7.0,0.31666666666666665,0.04085801838610827,13.53,very low recovery time,2026-08-06
15,15,1,Evening (19–24),11,22.0,19.0,22.0,3.0,11.0,3.0,3.0,3.0,0.2375,0.11331444759206798,15.11,very low recovery time,2026-08-06
15,15,1,Midday (9–15),13,23.0,23.0,26.0,3.0,12.0,7.0,4.1,7.0,0.11875,0.11331444759206798,10.96,moderate,2026-08-06
15,15,1,Overnight (0–6),4,19.0,19.0,21.1,2.1000000000000014,4.0,3.0,3.0,3.0,0.2375,0.08211143695014668,13.24,very low recovery time,2026-08-06
15,15,1,PM Peak (15–19),12,26.0,24.0,26.0,2.0,13.0,4.0,4.0,6.0,0.19,0.07850834151128556,11.36,moderate,2026-08-06
16,16,0,AM Peak (6–9),15,34.0,34.0,34.0,0.0,14.0,5.5,2.2,8.400000000000002,0.14615384615384613,0.0,5.12,moderate,2026-08-06
16,16,0,Evening (19–24),24,30.0,26.0,30.0,4.0,24.0,5.0,4.0,6.0,0.15833333333333333,0.14558689717925385,14.28,moderate,2026-08-06
16,16,0,Midday (9–15),31,32.0,32.0,32.0,0.0,31.0,4.0,3.0,4.0,0.19,0.0,6.65,moderate,2026-08-06
16,16,0,Overnight (0–6),8,24.5,23.0,34.0,11.0,7.0,4.0,3.6,7.600000000000001,0.19,0.31907179115300943,25.79,moderate,2026-08-06
16,16,0,PM Peak (15–19),23,36.0,36.0,36.0,0.0,23.0,4.0,4.0,5.600000000000001,0.19,0.0,6.65,moderate,2026-08-06
16,16,1,AM Peak (6–9),14,34.0,34.0,34.0,0.0,14.0,7.0,3.0,7.0,0.11875,0.0,4.16,moderate,2026-08-06
16,16,1,Evening (19–24),24,30.0,27.0,30.0,3.0,24.0,5.0,1.0,5.0,0.15833333333333333,0.11331444759206798,12.34,moderate,2026-08-06
16,16,1,Midday (9–15),32,32.0,32.0,32.0,0.0,31.0,2.0,1.0,2.0,0.31666666666666665,0.0,11.08,very low recovery time,2026-08-06
16,16,1,Overnight (0–6),11,27.0,26.0,34.0,8.0,6.0,3.5,0.5,12.0,0.2111111111111111,0.2541699761715647,22.64,moderate,2026-08-06
16,16,1,PM Peak (15–19),23,36.0,34.4,36.0,1.6000000000000014,22.0,4.0,4.0,4.900000000000002,0.19,0.06380857427716854,10.48,moderate,2026-08-06
17,17,0,AM Peak (6–9),18,43.0,43.0,57.0,14.0,16.0,6.0,6.0,8.0,0.1357142857142857,0.3735823882588392,27.16,moderate,2026-08-06
17,17,0,Evening (19–24),14,36.0,33.0,41.60000000000001,8.600000000000009,14.0,8.0,3.6,8.0,0.10555555555555556,0.26812159002338287,19.78,moderate,2026-08-06
17,17,0,Midday (9–15),21,42.0,42.0,45.0,3.0,23.0,6.0,3.0,6.0,0.1357142857142857,0.11331444759206798,11.55,moderate,2026-08-06
17,17,0,Overnight (0–6),10,33.0,33.0,52.5,19.5,7.0,6.0,3.6000000000000005,8.400000000000002,0.1357142857142857,0.4537521815008726,31.98,moderate,2026-08-06
17,17,0,PM Peak (15–19),24,44.0,44.0,60.0,16.0,21.0,10.0,5.0,10.0,0.08636363636363636,0.40531982267257755,27.34,moderate,2026-08-06
17,17,1,AM Peak (6–9),18,43.0,42.0,51.0,9.0,19.0,8.0,8.0,16.0,0.10555555555555556,0.27713625866050806,20.32,moderate,2026-08-06
17,17,1,Evening (19–24),15,40.0,35.0,40.0,5.0,14.0,0.0,0.0,18.400000000000013,0.95,0.17559262510974538,43.79,no recovery time,2026-08-06
17,17,1,Midday (9–15),25,42.0,31.866666666666667,49.0,17.133333333333333,18.0,5.0,5.0,5.0,0.15833333333333333,0.42191668376769953,30.86,moderate,2026-08-06
17,17,1,Overnight (0–6),16,35.0,3.8,45.5,41.7,10.0,2.0,0.0,7.099999999999996,0.31666666666666665,0.6398158803222094,49.47,"very low recovery time, high schedule variability",2026-08-06
17,17,1,PM Peak (15–19),24,49.0,49.0,59.0,10.0,25.0,7.0,7.0,11.0,0.11875,0.29873039581777444,22.08,moderate,2026-08-06
18,18,0,AM Peak (6–9),12,20.0,15.2,21.0,5.800000000000001,12.0,4.0,3.0,9.0,0.19,0.1981212638770282,18.54,moderate,2026-08-06
18,18,0,Evening (19–24),16,16.0,16.0,17.5,1.5,17.0,3.0,3.0,4.0,0.2375,0.06006006006006006,11.92,very low recovery time,2026-08-06
18,18,0,Midday (9–15),20,19.5,19.0,23.0,4.0,19.0,4.0,3.0,4.0,0.19,0.14558689717925385,15.39,moderate,2026-08-06
18,18,0,Overnight (0–6),7,16.0,15.6,17.0,1.4000000000000004,5.0,3.0,3.0,7.2,0.2375,0.056281407035175895,11.69,very low recovery time,2026-08-06
18,18,0,PM Peak (15–19),17,22.0,19.0,23.0,4.0,17.0,4.0,3.2,5.800000000000001,0.19,0.14558689717925385,15.39,moderate,2026-08-06
18,18,1,AM Peak (6–9),12,18.0,17.0,19.0,2.0,12.0,2.0,2.0,3.0,0.31666666666666665,0.07850834151128556,15.79,very low recovery time,2026-08-06
18,18,1,Evening (19–24),17,14.0,14.0,16.6,2.6000000000000014,17.0,3.0,3.0,4.0,0.2375,0.09971236816874406,14.3,very low recovery time,2026-08-06
18,18,1,Midday (9–15),20,17.0,17.0,25.0,8.0,18.0,4.0,4.0,7.0,0.19,0.2541699761715647,21.9,moderate,2026-08-06
18,18,1,Overnight (0–6),6,14.0,14.0,17.0,3.0,4.0,3.0,1.6,7.200000000000001,0.2375,0.11331444759206798,15.11,very low recovery time,2026-08-06
18,18,1,PM Peak (15–19),16,23.0,19.5,25.0,5.5,17.0,6.0,4.0,7.0,0.1357142857142857,0.1898188093183779,16.14,moderate,2026-08-06
19,19,0,AM Peak (6–9),8,29.5,26.0,31.0,5.0,6.0,6.0,2.0,10.0,0.1357142857142857,0.17559262510974538,15.29,moderate,2026-08-06
19,19,0,Evening (19–24),11,29.0,23.0,29.0,6.0,11.0,7.0,5.0,11.0,0.11875,0.2035623409669211,16.37,moderate,2026-08-06
19,19,0,Midday (9–15),14,35.0,35.0,35.0,0.0,15.0,4.0,3.4000000000000004,4.0,0.19,0.0,6.65,moderate,2026-08-06
19,19,0,Overnight (0–6),4,24.5,23.0,26.0,3.0,5.0,10.0,9.4,11.0,0.08636363636363636,0.11331444759206798,9.82,moderate,2026-08-06
19,19,0,PM Peak (15–19),11,39.0,34.0,39.0,5.0,9.0,13.0,13.0,16.2,0.06785714285714285,0.17559262510974538,12.91,moderate,2026-08-06
19,19,1,AM Peak (6–9),7,25.0,24.0,31.0,7.0,7.0,0.0,0.0,3.200000000000003,0.95,0.22969647251845773,47.03,no recovery time,2026-08-06
19,19,1,Evening (19–24),10,24.0,24.0,26.1,2.1000000000000014,11.0,0.0,0.0,0.0,0.95,0.08211143695014668,38.18,no recovery time,2026-08-06
19,19,1,Midday (9–15),15,36.0,36.0,36.6,0.6000000000000014,14.0,0.0,0.0,0.0,0.95,0.02492211838006236,34.75,no recovery time,2026-08-06
19,19,1,Overnight (0–6),5,26.0,24.8,26.0,1.1999999999999993,2.0,0.0,0.0,0.0,0.95,0.048632218844984774,36.17,no recovery time,2026-08-06
19,19,1,PM Peak (15–19),10,36.0,35.7,36.0,0.29999999999999716,11.0,0.0,0.0,0.0,0.95,0.012618296529968336,34.01,no recovery time,2026-08-06
20,20,0,AM Peak (6–9),9,35.0,31.0,35.0,4.0,9.0,3.0,2.0,5.6000000000000005,0.2375,0.14558689717925385,17.05,very low recovery time,2026-08-06
20,20,0,Evening (19–24),12,31.5,27.0,32.0,5.0,11.0,1.0,0.0,12.0,0.475,0.17559262510974538,27.16,no recovery time,2026-08-06
20,20,0,Midday (9–15),18,35.0,35.0,38.0,3.0,18.0,5.0,4.7,9.3,0.15833333333333333,0.11331444759206798,12.34,moderate,2026-08-06
20,20,0,Overnight (0–6),8,31.0,27.0,31.0,4.0,6.0,4.0,0.5,8.0,0.19,0.14558689717925385,15.39,moderate,2026-08-06
20,20,0,PM Peak (15–19),15,38.0,36.8,38.0,1.2000000000000028,13.0,14.0,14.0,15.0,0.06333333333333332,0.048632218844984906,5.13,moderate,2026-08-06
20,20,1,AM Peak (6–9),10,34.0,28.0,35.0,7.0,9.0,8.0,7.0,8.2,0.10555555555555556,0.22969647251845773,17.48,moderate,2026-08-06
20,20,1,Evening (19–24),11,32.0,26.0,32.0,6.0,12.0,10.0,6.0,11.0,0.08636363636363636,0.2035623409669211,15.24,moderate,2026-08-06
20,20,1,Midday (9–15),19,32.0,32.0,38.0,6.0,19.0,8.0,5.8,8.0,0.10555555555555556,0.2035623409669211,15.91,moderate,2026-08-06
20,20,1,Overnight (0–6),5,26.0,26.0,28.0,2.0,4.0,7.0,4.6,9.4,0.11875,0.07850834151128556,8.87,moderate,2026-08-06
20,20,1,PM Peak (15–19),14,38.0,34.9,38.0,3.1000000000000014,14.0,6.0,6.0,6.0,0.1357142857142857,0.116650987770461,11.75,moderate,2026-08-06
21,21,0,AM Peak (6–9),10,40.125,38.65,41.6,2.950000000000003,9.0,7.0,6.8,15.4,0.11875,0.11163670766319782,10.85,moderate,2026-08-06
21,21,0,Evening (19–24),15,35.65,31.7,38.8,7.099999999999998,14.0,7.0,5.0,8.0,0.11875,0.23221586263286992,18.09,moderate,2026-08-06
21,21,0,Midday (9–15),20,38.65,38.65,44.6,5.950000000000003,20.0,6.0,6.0,12.100000000000001,0.1357142857142857,0.20220900594732377,16.88,moderate,2026-08-06
21,21,0,Overnight (0–6),7,31.7,31.7,38.65,6.949999999999999,4.0,8.0,8.0,11.5,0.10555555555555556,0.22843056696795397,17.4,moderate,2026-08-06
21,21,0,PM Peak (15–19),14,44.6,39.6,44.6,5.0,14.0,10.0,7.2,11.0,0.08636363636363636,0.17559262510974538,13.56,moderate,2026-08-06
21,21,1,AM Peak (6–9),11,40.7,36.7,40.7,4.0,,10.0,,,0.08636363636363636,0.14558689717925385,11.76,moderate,2026-08-06
21,21,1,Evening (19–24),14,36.7,33.7,42.7,9.0,,10.0,,,0.08636363636363636,0.27713625866050806,19.65,moderate,2026-08-06
21,21,1,Midday (9–15),21,38.7,38.7,47.7,9.0,,10.0,,,0.08636363636363636,0.27713625866050806,19.65,moderate,2026-08-06
21,21,1,Overnight (0–6),6,33.7,31.733333333333334,36.7,4.966666666666669,,10.0,,,0.08636363636363636,0.1746264283621448,13.5,moderate,2026-08-06
21,21,1,PM Peak (15–19),14,47.7,42.7,47.7,5.0,,10.0,,,0.08636363636363636,0.17559262510974538,13.56,moderate,2026-08-06
22,22,0,AM Peak (6–9),18,11.0,9.0,11.0,2.0,17.0,1.0,1.0,1.0,0.475,0.07850834151128556,21.34,no recovery time,2026-08-06
22,22,0,Evening (19–24),30,11.0,9.0,11.0,2.0,31.0,1.0,1.0,5.0,0.475,0.07850834151128556,21.34,no recovery time,2026-08-06
22,22,0,Midday (9–15),36,11.0,11.0,11.0,0.0,36.0,1.0,1.0,1.0,0.475,0.0,16.62,no recovery time,2026-08-06
22,22,0,Overnight (0–6),15,9.0,7.0,9.0,2.0,15.0,5.0,0.40000000000000013,5.0,0.15833333333333333,0.07850834151128556,10.25,moderate,2026-08-06
22,22,0,PM Peak (15–19),24,11.0,11.0,11.0,0.0,24.0,1.0,1.0,1.0,0.475,0.0,16.62,no recovery time,2026-08-06
22,22,1,AM Peak (6–9),18,12.0,11.0,12.0,1.0,18.0,6.0,6.0,9.0,0.1357142857142857,0.04085801838610827,7.2,moderate,2026-08-06
22,22,1,Evening (19–24),30,11.0,7.0,11.0,4.0,29.0,7.0,7.0,9.0,0.11875,0.14558689717925385,12.89,moderate,2026-08-06
22,22,1,Midday (9–15),36,11.0,11.0,12.0,1.0,36.0,7.0,6.0,7.0,0.11875,0.04085801838610827,6.61,moderate,2026-08-06
22,22,1,Overnight (0–6),15,7.0,5.0,11.0,6.0,13.0,9.0,3.0,9.0,0.095,0.2035623409669211,15.54,moderate,2026-08-06
22,22,1,PM Peak (15–19),24,12.0,12.0,12.0,0.0,24.0,6.0,6.0,6.0,0.1357142857142857,0.0,4.75,moderate,2026-08-06
23,23,0,AM Peak (6–9),18,17.0,13.0,17.0,4.0,18.0,8.0,5.0,8.0,0.10555555555555556,0.14558689717925385,12.43,moderate,2026-08-06
23,23,0,Evening (19–24),24,14.0,11.0,14.0,3.0,23.0,6.0,6.0,6.0,0.1357142857142857,0.11331444759206798,11.55,moderate,2026-08-06
23,23,0,Midday (9–15),36,16.0,16.0,16.0,0.0,36.0,9.0,9.0,9.0,0.095,0.0,3.32,moderate,2026-08-06
23,23,0,Overnight (0–6),11,11.0,3.8,13.0,9.2,9.0,6.0,5.0,7.000000000000001,0.1357142857142857,0.2815608263198164,21.64,moderate,2026-08-06
23,23,0,PM Peak (15–19),20,18.0,17.6,18.0,0.3999999999999986,19.0,10.0,4.8,11.0,0.08636363636363636,0.01675392670157062,4.03,moderate,2026-08-06
23,23,1,AM Peak (6–9),19,14.0,13.0,14.0,1.0,19.0,1.0,0.8,1.1999999999999993,0.475,0.04085801838610827,19.08,no recovery time,2026-08-06
23,23,1,Evening (19–24),23,15.0,12.0,15.0,3.0,24.0,1.0,1.0,1.0,0.475,0.11331444759206798,23.42,no recovery time,2026-08-06
23,23,1,Midday (9–15),36,14.0,14.0,14.0,0.0,35.0,1.0,1.0,1.0,0.475,0.0,16.62,no recovery time,2026-08-06
23,23,1,Overnight (0–6),12,12.0,12.0,13.0,1.0,11.0,1.0,0.0,1.0,0.475,0.04085801838610827,19.08,no recovery time,2026-08-06
23,23,1,PM Peak (15–19),19,20.0,19.6,20.0,0.3999999999999986,20.0,1.5,1.0,2.0,0.38,0.01675392670157062,14.31,very low recovery time,2026-08-06
24,24,0,AM Peak (6–9),27,46.0,38.88333333333333,56.0,17.116666666666667,25.0,8.133333333333333,5.116666666666666,8.183333333333334,0.10401459854014598,0.421679326626976,28.94,moderate,2026-08-06
24,24,0,Evening (19–24),37,43.0,36.0,43.0,7.0,33.0,7.133333333333334,2.1333333333333333,8.166666666666666,0.1168032786885246,0.22969647251845773,17.87,moderate,2026-08-06
24,24,0,Midday (9–15),51,50.0,41.88333333333333,54.0,12.116666666666667,49.0,8.183333333333334,8.116666666666667,12.13,0.10344827586206896,0.3404354952001873,24.05,moderate,2026-08-06
24,24,0,Overnight (0–6),16,36.0,34.5,46.0,11.5,13.0,7.133333333333334,3.933333333333334,9.926666666666668,0.1168032786885246,0.3288062902072909,23.82,moderate,2026-08-06
24,24,0,PM Peak (15–19),33,52.0,43.85,54.0,10.149999999999999,29.0,8.166666666666666,4.15,8.183333333333334,0.10363636363636364,0.3018587360594795,21.74,moderate,2026-08-06
24,24,1,AM Peak (6–9),27,44.0,38.92,47.81666666666667,8.896666666666668,23.0,5.0,2.0,8.0,0.15833333333333333,0.27482881120321273,22.03,moderate,2026-08-06
24,24,1,Evening (19–24),35,42.833333333333336,36.86666666666667,42.833333333333336,5.966666666666669,36.0,2.0,0.0,4.0,0.31666666666666665,0.2026606283611662,23.24,very low recovery time,2026-08-06
24,24,1,Midday (9–15),49,47.81666666666667,46.0,47.81666666666667,1.81666666666667,50.0,4.0,0.0,8.0,0.19,0.07182866556836914,10.96,moderate,2026-08-06
24,24,1,Overnight (0–6),18,36.86666666666667,30.9,40.86666666666667,9.966666666666669,12.0,2.0,0.0,7.600000000000001,0.31666666666666665,0.29803139795664096,28.97,very low recovery time,2026-08-06
24,24,1,PM Peak (15–19),33,54.81666666666667,49.81666666666667,55.0,5.18333333333333,32.0,3.0,2.1,7.0,0.2375,0.18086653096830463,19.16,very low recovery time,2026-08-06
25,25,0,AM Peak (6–9),41,43.0,14.0,46.0,32.0,42.0,5.158333333333333,4.316666666666666,8.0,0.15426251691474965,0.5768364127985579,40.01,high schedule variability,2026-08-06
25,25,0,Evening (19–24),48,41.0,13.0,48.0,35.0,46.0,5.0,4.0,7.316666666666666,0.15833333333333333,0.5985463873450192,41.45,high schedule variability,2026-08-06
25,25,0,Midday (9–15),73,13.0,12.0,43.0,31.0,72.0,6.658333333333333,3.0,8.316666666666666,0.12404787812840043,0.5690683799908215,38.49,high schedule variability,2026-08-06
25,25,0,Overnight (0–6),21,43.0,8.0,48.0,40.0,11.0,4.0,4.0,9.0,0.19,0.6301693580149665,44.46,high schedule variability,2026-08-06
25,25,0,PM Peak (15–19),60,27.5,14.0,46.0,32.0,58.0,5.158333333333333,4.316666666666666,6.821666666666673,0.15426251691474965,0.5768364127985579,40.01,high schedule variability,2026-08-06
25,25,1,AM Peak (6–9),41,41.0,17.683333333333334,42.0,24.316666666666666,39.0,0.0,0.0,8.0,0.95,0.5088055797733216,63.78,"no recovery time, high schedule variability",2026-08-06
25,25,1,Evening (19–24),48,40.0,18.683333333333334,48.0,29.316666666666666,46.0,1.0,0.0,4.5,0.475,0.5553275453827939,49.94,"no recovery time, high schedule variability",2026-08-06
25,25,1,Midday (9–15),74,30.84166666666667,17.683333333333334,42.0,24.316666666666666,72.0,2.0,2.0,2.0,0.31666666666666665,0.5088055797733216,41.61,"very low recovery time, high schedule variability",2026-08-06
25,25,1,Overnight (0–6),19,38.0,10.783333333333333,48.0,37.21666666666667,15.0,0.0,0.0,5.6,0.95,0.6132088425099547,70.04,"no recovery time, high schedule variability",2026-08-06
25,25,1,PM Peak (15–19),58,30.34166666666667,19.683333333333334,48.0,28.316666666666666,57.0,2.0,2.0,4.0,0.31666666666666665,0.5467417538213998,43.89,"very low recovery time, high schedule variability",2026-08-06
26,26,0,AM Peak (6–9),7,44.0,34.0,44.0,10.0,7.0,12.0,2.0,16.400000000000002,0.07307692307692307,0.29873039581777444,20.48,moderate,2026-08-06
26,26,0,Evening (19–24),12,34.0,27.0,34.0,7.0,10.0,6.5,3.0,20.4,0.12666666666666665,0.22969647251845773,18.22,moderate,2026-08-06
26,26,0,Midday (9–15),13,41.0,41.0,43.400000000000006,2.4000000000000057,13.0,6.0,3.6000000000000005,12.0,0.1357142857142857,0.09275362318840599,10.32,moderate,2026-08-06
26,26,0,Overnight (0–6),6,27.0,27.0,31.0,4.0,5.0,3.0,3.0,3.6,0.2375,0.14558689717925385,17.05,very low recovery time,2026-08-06
26,26,0,PM Peak (15–19),8,45.0,45.0,45.0,0.0,9.0,11.0,9.6,12.4,0.07916666666666666,0.0,2.77,moderate,2026-08-06
26,26,1,AM Peak (6–9),8,39.0,28.0,39.0,11.0,7.0,6.0,1.0,8.4,0.1357142857142857,0.31907179115300943,23.89,moderate,2026-08-06
26,26,1,Evening (19–24),11,36.0,28.0,36.0,8.0,11.0,5.0,1.0,5.0,0.15833333333333333,0.2541699761715647,20.79,moderate,2026-08-06
26,26,1,Midday (9–15),13,40.0,40.0,42.400000000000006,2.4000000000000057,12.0,3.0,3.0,17.9,0.2375,0.09275362318840599,13.88,very low recovery time,2026-08-06
26,26,1,Overnight (0–6),6,28.0,28.0,28.0,0.0,4.0,2.0,1.3,2.0,0.31666666666666665,0.0,11.08,very low recovery time,2026-08-06
26,26,1,PM Peak (15–19),8,51.0,45.1,51.0,5.899999999999999,9.0,8.0,3.6,14.4,0.10555555555555556,0.20085106382978718,15.75,moderate,2026-08-06
27,27,0,AM Peak (6–9),18,20.0,17.0,20.0,3.0,18.0,4.5,3.7,5.0,0.17272727272727273,0.11331444759206798,12.84,moderate,2026-08-06
27,27,0,Evening (19–24),34,16.0,14.0,17.0,3.0,35.0,8.0,6.0,8.0,0.10555555555555556,0.11331444759206798,10.49,moderate,2026-08-06
27,27,0,Midday (9–15),36,22.0,21.0,24.0,3.0,36.0,5.0,3.0,5.0,0.15833333333333333,0.11331444759206798,12.34,moderate,2026-08-06
27,27,0,Overnight (0–6),20,14.0,12.0,17.0,5.0,17.0,6.0,5.6,14.000000000000002,0.1357142857142857,0.17559262510974538,15.29,moderate,2026-08-06
27,27,0,PM Peak (15–19),24,22.5,22.0,24.0,2.0,24.0,5.5,5.0,8.0,0.14615384615384613,0.07850834151128556,9.83,moderate,2026-08-06
27,27,1,AM Peak (6–9),18,20.0,16.0,20.0,4.0,18.0,5.0,3.0,5.0,0.15833333333333333,0.14558689717925385,14.28,moderate,2026-08-06
27,27,1,Evening (19–24),35,17.0,15.0,17.0,2.0,16.0,8.0,3.5,8.0,0.10555555555555556,0.07850834151128556,8.4,moderate,2026-08-06
27,27,1,Midday (9–15),36,19.5,18.0,27.0,9.0,35.0,6.0,4.0,6.0,0.1357142857142857,0.27713625866050806,21.38,moderate,2026-08-06
27,27,1,Overnight (0–6),18,15.0,12.0,16.0,4.0,2.0,6.0,4.4,7.6,0.1357142857142857,0.14558689717925385,13.49,moderate,2026-08-06
27,27,1,PM Peak (15–19),23,24.0,23.0,27.0,4.0,23.0,4.0,4.0,7.0,0.19,0.14558689717925385,15.39,moderate,2026-08-06
28,28,0,AM Peak (6–9),7,14.0,11.0,14.0,3.0,7.0,2.0,2.0,4.4,0.31666666666666665,0.11331444759206798,17.88,very low recovery time,2026-08-06
28,28,0,Evening (19–24),10,12.0,11.0,12.0,1.0,11.0,5.0,4.0,7.0,0.15833333333333333,0.04085801838610827,7.99,moderate,2026-08-06
28,28,0,Midday (9–15),13,13.0,13.0,13.8,0.8000000000000007,13.0,2.0,2.0,2.8000000000000007,0.31666666666666665,0.03295571575695162,13.06,very low recovery time,2026-08-06
28,28,0,Overnight (0–6),3,11.0,11.0,11.0,0.0,3.0,1.0,0.2,3.4000000000000004,0.475,0.0,16.62,no recovery time,2026-08-06
28,28,0,PM Peak (15–19),11,14.0,14.0,14.0,0.0,10.0,4.0,4.0,4.0,0.19,0.0,6.65,moderate,2026-08-06
28,28,1,AM Peak (6–9),7,18.0,14.0,18.0,4.0,6.0,3.0,3.0,3.0,0.2375,0.14558689717925385,17.05,very low recovery time,2026-08-06
28,28,1,Evening (19–24),11,14.0,14.0,14.0,0.0,10.0,0.0,0.0,4.0,0.95,0.0,33.25,no recovery time,2026-08-06
28,28,1,Midday (9–15),13,13.0,13.0,18.8,5.800000000000001,13.0,5.0,0.20000000000000018,5.0,0.15833333333333333,0.1981212638770282,17.43,moderate,2026-08-06
28,28,1,Overnight (0–6),3,14.0,14.0,14.0,0.0,3.0,0.0,0.0,3.2,0.95,0.0,33.25,no recovery time,2026-08-06
28,28,1,PM Peak (15–19),10,19.0,18.5,19.0,0.5,10.0,4.0,3.7,4.599999999999998,0.19,0.020855057351407715,7.9,moderate,2026-08-06
29,29,0,AM Peak (6–9),23,50.0,40.2,52.0,11.799999999999997,21.0,7.0,4.0,10.0,0.11875,0.33451452870304743,24.23,moderate,2026-08-06
29,29,0,Evening (19–24),34,50.0,42.0,50.0,8.0,32.0,4.0,2.0,5.0,0.19,0.2541699761715647,21.9,moderate,2026-08-06
29,29,0,Midday (9–15),46,54.0,54.0,56.0,2.0,45.0,4.0,4.0,4.0,0.19,0.07850834151128556,11.36,moderate,2026-08-06
29,29,0,Overnight (0–6),12,41.0,39.08,42.0,2.9200000000000017,11.0,2.0,2.0,4.0,0.31666666666666665,0.11062701269179774,17.72,very low recovery time,2026-08-06
29,29,0,PM Peak (15–19),30,63.0,57.9,63.0,5.100000000000001,30.0,3.0,2.0,3.0,0.2375,0.17847769028871394,19.02,very low recovery time,2026-08-06
29,29,1,AM Peak (6–9),23,52.0,40.6,54.8,14.199999999999996,17.0,6.0,2.6,9.0,0.1357142857142857,0.37690776376907753,27.36,moderate,2026-08-06
29,29,1,Evening (19–24),35,49.0,41.0,49.0,8.0,34.0,8.0,5.0,9.0,0.10555555555555556,0.2541699761715647,18.94,moderate,2026-08-06
29,29,1,Midday (9–15),46,55.0,55.0,59.0,4.0,45.0,7.0,6.0,7.0,0.11875,0.14558689717925385,12.89,moderate,2026-08-06
29,29,1,Overnight (0–6),12,40.5,34.88,41.0,6.119999999999997,8.0,5.0,4.4,6.499999999999999,0.15833333333333333,0.20679168778509877,17.95,moderate,2026-08-06
29,29,1,PM Peak (15–19),30,65.0,54.9,65.0,10.100000000000001,30.0,5.0,5.0,7.100000000000001,0.15833333333333333,0.30081906180193596,23.59,moderate,2026-08-06
30,30,0,AM Peak (6–9),7,7.0,7.0,7.0,0.0,,10.0,,,0.08636363636363636,0.0,3.02,moderate,2026-08-06
30,30,0,Evening (19–24),11,7.0,7.0,7.0,0.0,,10.0,,,0.08636363636363636,0.0,3.02,moderate,2026-08-06
30,30,0,Midday (9–15),15,7.0,7.0,7.0,0.0,,10.0,,,0.08636363636363636,0.0,3.02,moderate,2026-08-06
30,30,0,Overnight (0–6),3,7.0,7.0,7.0,0.0,,10.0,,,0.08636363636363636,0.0,3.02,moderate,2026-08-06
30,30,0,PM Peak (15–19),9,8.0,8.0,8.0,0.0,,10.0,,,0.08636363636363636,0.0,3.02,moderate,2026-08-06
30,30,1,AM Peak (6–9),8,9.0,9.0,9.0,0.0,7.0,0.0,0.0,0.0,0.95,0.0,33.25,no recovery time,2026-08-06
30,30,1,Evening (19–24),11,9.0,8.0,9.0,1.0,11.0,0.0,0.0,0.0,0.95,0.04085801838610827,35.7,no recovery time,2026-08-06
30,30,1,Midday (9–15),14,9.0,9.0,9.0,0.0,15.0,0.0,0.0,0.0,0.95,0.0,33.25,no recovery time,2026-08-06
30,30,1,Overnight (0–6),4,8.0,7.3,8.0,0.7000000000000002,3.0,0.0,0.0,0.8,0.95,0.028955532574974154,34.99,no recovery time,2026-08-06
30,30,1,PM Peak (15–19),9,10.0,10.0,10.0,0.0,9.0,0.0,0.0,0.0,0.95,0.0,33.25,no recovery time,2026-08-06
31,31,0,AM Peak (6–9),12,19.35,19.35,19.35,0.0,,10.0,,,0.08636363636363636,0.0,3.02,moderate,2026-08-06
31,31,0,Evening (19–24),18,16.5,14.5,16.5,2.0,,10.0,,,0.08636363636363636,0.07850834151128556,7.73,moderate,2026-08-06
31,31,0,Midday (9–15),24,17.5,17.5,17.5,0.0,,10.0,,,0.08636363636363636,0.0,3.02,moderate,2026-08-06
31,31,0,Overnight (0–6),8,14.5,14.5,17.35,2.8500000000000014,,10.0,,,0.08636363636363636,0.1082621082621083,9.52,moderate,2026-08-06
31,31,0,PM Peak (15–19),16,21.35,21.35,21.35,0.0,,10.0,,,0.08636363636363636,0.0,3.02,moderate,2026-08-06
31,31,1,AM Peak (6–9),12,19.116666666666667,19.116666666666667,19.116666666666667,0.0,12.0,4.0,4.0,4.0,0.19,0.0,6.65,moderate,2026-08-06
31,31,1,Evening (19–24),19,15.116666666666667,12.116666666666667,15.116666666666667,3.0,18.0,7.0,4.4,7.0,0.11875,0.11331444759206798,10.96,moderate,2026-08-06
31,31,1,Midday (9–15),24,18.116666666666667,18.116666666666667,18.116666666666667,0.0,24.0,5.0,5.0,5.0,0.15833333333333333,0.0,5.54,moderate,2026-08-06
31,31,1,Overnight (0–6),8,12.116666666666667,12.116666666666667,17.116666666666667,5.0,6.0,7.0,7.0,15.0,0.11875,0.17559262510974538,14.69,moderate,2026-08-06
31,31,1,PM Peak (15–19),16,18.116666666666667,18.116666666666667,18.116666666666667,0.0,16.0,3.0,3.0,3.0,0.2375,0.0,8.31,very low recovery time,2026-08-06
32,32,0,AM Peak (6–9),24,30.0,25.0,30.0,5.0,15.0,8.0,8.0,10.2,0.10555555555555556,0.17559262510974538,14.23,moderate,2026-08-06
32,32,0,Evening (19–24),22,21.0,20.0,21.0,1.0,17.0,8.0,4.0,8.4,0.10555555555555556,0.04085801838610827,6.15,moderate,2026-08-06
32,32,0,Midday (9–15),39,27.0,27.0,34.0,7.0,36.0,8.0,7.0,10.0,0.10555555555555556,0.22969647251845773,17.48,moderate,2026-08-06
32,32,0,Overnight (0–6),8,21.5,20.0,25.0,5.0,6.0,4.0,4.0,4.0,0.19,0.17559262510974538,17.19,moderate,2026-08-06
32,32,0,PM Peak (15–19),24,30.0,28.6,34.0,5.399999999999999,24.0,8.0,8.0,12.0,0.10555555555555556,0.18701298701298696,14.92,moderate,2026-08-06
32,32,1,AM Peak (6–9),18,30.0,29.1,30.0,0.8999999999999986,14.0,7.0,7.0,9.100000000000003,0.11875,0.036923076923076864,6.37,moderate,2026-08-06
32,32,1,Evening (19–24),20,23.0,20.0,23.0,3.0,21.0,8.0,1.0,10.0,0.10555555555555556,0.11331444759206798,10.49,moderate,2026-08-06
32,32,1,Midday (9–15),38,28.0,28.0,31.0,3.0,38.0,7.0,7.0,7.300000000000004,0.11875,0.11331444759206798,10.96,moderate,2026-08-06
32,32,1,Overnight (0–6),5,20.0,20.0,20.0,0.0,5.0,1.0,1.0,1.0,0.475,0.0,16.62,no recovery time,2026-08-06
32,32,1,PM Peak (15–19),24,28.5,28.0,31.0,3.0,24.0,7.0,7.0,10.0,0.11875,0.11331444759206798,10.96,moderate,2026-08-06
33,33,0,AM Peak (6–9),10,17.0,13.943333333333333,17.0,3.0566666666666666,10.0,8.0,1.8,8.0,0.10555555555555556,0.11520824172372636,10.61,moderate,2026-08-06
33,33,0,Evening (19–24),11,13.0,12.0,14.0,2.0,11.0,4.0,4.0,6.0,0.19,0.07850834151128556,11.36,moderate,2026-08-06
33,33,0,Midday (9–15),17,16.0,16.0,16.4,0.3999999999999986,15.0,4.0,4.0,10.999999999999998,0.19,0.01675392670157062,7.66,moderate,2026-08-06
33,33,0,Overnight (0–6),5,12.0,7.4,13.433333333333334,6.033333333333333,4.0,6.0,1.5000000000000002,15.400000000000002,0.1357142857142857,0.2044620163795538,17.02,moderate,2026-08-06
33,33,0,PM Peak (15–19),12,16.0,16.0,16.0,0.0,11.0,6.0,6.0,6.0,0.1357142857142857,0.0,4.75,moderate,2026-08-06
33,33,1,AM Peak (6–9),9,13.0,11.0,13.0,2.0,9.0,2.0,0.0,2.0,0.31666666666666665,0.07850834151128556,15.79,very low recovery time,2026-08-06
33,33,1,Evening (19–24),10,11.0,11.0,11.499999999999998,0.4999999999999982,11.0,2.0,2.0,2.0,0.31666666666666665,0.020855057351407642,12.33,very low recovery time,2026-08-06
33,33,1,Midday (9–15),16,13.0,13.0,16.0,3.0,15.0,0.0,0.0,1.5999999999999996,0.95,0.11331444759206798,40.05,no recovery time,2026-08-06
33,33,1,Overnight (0–6),3,11.0,11.0,11.0,0.0,3.0,0.0,0.0,1.6,0.95,0.0,33.25,no recovery time,2026-08-06
33,33,1,PM Peak (15–19),12,16.0,16.0,16.0,0.0,12.0,2.0,2.0,2.0,0.31666666666666665,0.0,11.08,very low recovery time,2026-08-06
34,34,0,AM Peak (6–9),10,88.0,73.6,90.1,16.5,7.0,15.0,14.0,18.8,0.059375,0.41275797373358347,26.84,moderate,2026-08-06
34,34,0,Evening (19–24),16,63.5,53.0,71.0,18.0,13.0,12.0,10.0,23.400000000000002,0.07307692307692307,0.43399638336347196,28.6,moderate,2026-08-06
34,34,0,Midday (9–15),19,86.0,86.0,102.0,16.0,18.0,17.0,13.0,19.900000000000002,0.05277777777777778,0.40531982267257755,26.17,moderate,2026-08-06
34,34,0,Overnight (0–6),6,53.0,43.0,61.0,18.0,4.0,10.0,10.0,10.0,0.08636363636363636,0.43399638336347196,29.06,moderate,2026-08-06
34,34,0,PM Peak (15–19),13,97.0,80.4,102.0,21.599999999999994,12.0,16.0,16.0,19.8,0.055882352941176466,0.47920133111480856,30.71,moderate,2026-08-06
34,34,1,AM Peak (6–9),10,86.0,75.5,88.0,12.5,5.0,27.0,27.0,28.8,0.033928571428571426,0.34746351633078526,22.04,moderate,2026-08-06
34,34,1,Evening (19–24),15,64.0,58.0,72.0,14.0,16.0,25.0,19.0,28.0,0.036538461538461534,0.3735823882588392,23.69,moderate,2026-08-06
34,34,1,Midday (9–15),20,88.0,88.0,107.0,19.0,19.0,28.0,21.2,32.2,0.03275862068965517,0.4473219540906415,27.99,moderate,2026-08-06
34,34,1,Overnight (0–6),5,58.0,52.0,64.0,12.0,5.0,19.0,14.4,19.0,0.0475,0.3382663847780127,21.96,moderate,2026-08-06
34,34,1,PM Peak (15–19),12,97.5,79.8,106.9,27.10000000000001,12.0,35.0,20.3,35.0,0.02638888888888889,0.5358378645575878,33.07,high schedule variability,2026-08-06
35,35,0,AM Peak (6–9),26,47.0,43.5,50.0,6.5,26.0,8.0,7.0,12.0,0.10555555555555556,0.21684737281067556,16.71,moderate,2026-08-06
35,35,0,Evening (19–24),48,39.0,36.0,43.0,7.0,28.0,6.0,5.0,12.0,0.1357142857142857,0.22969647251845773,18.53,moderate,2026-08-06
35,35,0,Midday (9–15),44,48.0,44.0,61.7,17.700000000000003,41.0,7.0,6.0,10.0,0.11875,0.429872495446266,29.95,moderate,2026-08-06
35,35,0,Overnight (0–6),23,37.0,32.2,43.6,11.399999999999999,4.0,11.5,10.3,12.0,0.076,0.3268817204301075,22.27,moderate,2026-08-06
35,35,0,PM Peak (15–19),37,56.0,46.2,62.8,16.599999999999994,32.0,11.0,9.1,16.0,0.07916666666666666,0.4142233312538988,27.62,moderate,2026-08-06
35,35,1,AM Peak (6–9),26,47.0,41.0,52.0,11.0,26.0,11.0,2.5,15.5,0.07916666666666666,0.31907179115300943,21.92,moderate,2026-08-06
35,35,1,Evening (19–24),48,41.0,35.0,44.0,9.0,48.0,10.0,6.0,16.0,0.08636363636363636,0.27713625866050806,19.65,moderate,2026-08-06
35,35,1,Midday (9–15),45,53.0,48.0,58.6,10.600000000000001,42.0,12.0,4.0,16.0,0.07307692307692307,0.31107850330154074,21.22,moderate,2026-08-06
35,35,1,Overnight (0–6),22,37.0,32.0,45.800000000000004,13.800000000000004,16.0,8.0,2.0,13.5,0.10555555555555556,0.3702213279678069,25.91,moderate,2026-08-06
35,35,1,PM Peak (15–19),35,54.0,51.4,62.0,10.600000000000001,31.0,12.0,10.0,16.0,0.07307692307692307,0.31107850330154074,21.22,moderate,2026-08-06
36,36,0,AM Peak (6–9),41,24.0,21.0,24.0,3.0,40.0,3.0,2.0,4.0,0.2375,0.11331444759206798,15.11,very low recovery time,2026-08-06
36,36,0,Evening (19–24),49,22.0,18.0,22.0,4.0,51.0,6.0,1.0,6.0,0.1357142857142857,0.14558689717925385,13.49,moderate,2026-08-06
36,36,0,Midday (9–15),78,22.0,22.0,31.0,9.0,76.0,2.0,2.0,5.0,0.31666666666666665,0.27713625866050806,27.71,very low recovery time,2026-08-06
36,36,0,Overnight (0–6),19,18.0,17.0,21.0,4.0,15.0,1.0,1.0,5.199999999999999,0.475,0.14558689717925385,25.36,no recovery time,2026-08-06
36,36,0,PM Peak (15–19),53,31.0,25.0,31.0,6.0,55.0,5.0,3.0,5.0,0.15833333333333333,0.2035623409669211,17.76,moderate,2026-08-06
36,36,1,AM Peak (6–9),40,23.0,18.0,23.0,5.0,39.0,4.0,2.0,4.0,0.19,0.17559262510974538,17.19,moderate,2026-08-06
36,36,1,Evening (19–24),51,20.0,19.0,20.0,1.0,47.0,7.0,2.0,8.0,0.11875,0.04085801838610827,6.61,moderate,2026-08-06
36,36,1,Midday (9–15),76,22.0,22.0,23.0,1.0,73.0,2.0,2.0,6.0,0.31666666666666665,0.04085801838610827,13.53,very low recovery time,2026-08-06
36,36,1,Overnight (0–6),24,18.0,15.3,19.0,3.6999999999999993,18.0,2.0,2.0,5.300000000000001,0.31666666666666665,0.13615455381784725,19.25,very low recovery time,2026-08-06
36,36,1,PM Peak (15–19),56,23.0,21.0,23.0,2.0,49.0,6.0,5.0,6.200000000000003,0.1357142857142857,0.07850834151128556,9.46,moderate,2026-08-06
37,37,0,AM Peak (6–9),18,45.0,36.0,54.0,18.0,18.0,8.0,7.4,10.3,0.10555555555555556,0.43399638336347196,29.73,moderate,2026-08-06
37,37,0,Evening (19–24),25,34.0,31.0,49.0,18.0,25.0,8.0,3.0,9.0,0.10555555555555556,0.43399638336347196,29.73,moderate,2026-08-06
37,37,0,Midday (9–15),36,50.0,39.0,55.0,16.0,35.0,8.0,8.0,11.0,0.10555555555555556,0.40531982267257755,28.01,moderate,2026-08-06
37,37,0,Overnight (0–6),16,36.0,29.0,47.5,18.5,12.0,9.0,8.0,9.0,0.095,0.44073853484216796,29.77,moderate,2026-08-06
37,37,0,PM Peak (15–19),25,53.0,39.0,61.0,22.0,24.0,8.0,7.300000000000001,9.0,0.10555555555555556,0.4837822979659153,32.72,high schedule variability,2026-08-06
37,37,1,AM Peak (6–9),19,47.0,34.0,53.0,19.0,17.0,12.0,3.0,16.8,0.07307692307692307,0.4473219540906415,29.4,moderate,2026-08-06
37,37,1,Evening (19–24),25,46.0,33.0,49.0,16.0,25.0,5.0,2.0,12.0,0.15833333333333333,0.40531982267257755,29.86,moderate,2026-08-06
37,37,1,Midday (9–15),37,50.0,39.0,53.0,14.0,36.0,11.0,4.0,15.0,0.07916666666666666,0.3735823882588392,25.19,moderate,2026-08-06
37,37,1,Overnight (0–6),15,33.0,27.8,46.0,18.2,13.0,2.0,0.40000000000000036,5.0,0.31666666666666665,0.4367126574685063,37.29,very low recovery time,2026-08-06
37,37,1,PM Peak (15–19),24,53.5,42.0,62.0,20.0,23.0,9.0,9.0,17.0,0.095,0.46003450258769407,30.93,moderate,2026-08-06
38,38,0,AM Peak (6–9),14,46.0,41.0,48.0,7.0,13.0,10.0,6.4,10.8,0.08636363636363636,0.22969647251845773,16.8,moderate,2026-08-06
38,38,0,Evening (19–24),21,46.0,41.0,46.0,5.0,20.0,8.0,7.9,14.0,0.10555555555555556,0.17559262510974538,14.23,moderate,2026-08-06
38,38,0,Midday (9–15),29,47.0,47.0,47.0,0.0,30.0,11.0,10.0,11.0,0.07916666666666666,0.0,2.77,moderate,2026-08-06
38,38,0,Overnight (0–6),11,41.0,35.93333333333333,41.0,5.06666666666667,7.0,8.0,0.6000000000000001,8.8,0.10555555555555556,0.17751824817518258,14.35,moderate,2026-08-06
38,38,0,PM Peak (15–19),20,52.0,52.0,52.0,0.0,19.0,13.0,7.0,13.0,0.06785714285714285,0.0,2.38,moderate,2026-08-06
38,38,1,AM Peak (6–9),14,53.0,45.0,53.0,8.0,12.0,9.0,6.300000000000001,9.0,0.095,0.2541699761715647,18.58,moderate,2026-08-06
38,38,1,Evening (19–24),21,46.0,42.0,46.0,4.0,19.0,8.0,7.8,13.0,0.10555555555555556,0.14558689717925385,12.43,moderate,2026-08-06
38,38,1,Midday (9–15),30,51.0,51.0,51.0,0.0,30.0,11.0,9.0,11.0,0.07916666666666666,0.0,2.77,moderate,2026-08-06
38,38,1,Overnight (0–6),10,43.5,42.0,45.0,3.0,7.0,9.0,6.0,9.0,0.095,0.11331444759206798,10.12,moderate,2026-08-06
38,38,1,PM Peak (15–19),20,54.0,54.0,54.0,0.0,21.0,13.0,12.0,13.0,0.06785714285714285,0.0,2.38,moderate,2026-08-06
39,39,0,AM Peak (6–9),33,47.0,7.2933333333333366,55.8,48.50666666666666,31.0,5.0,0.0,9.0,0.15833333333333333,0.6738752923198037,45.97,high schedule variability,2026-08-06
39,39,0,Evening (19–24),37,42.0,22.14666666666667,50.0,27.85333333333333,37.0,6.0,0.0,13.399999999999999,0.1357142857142857,0.5426502581420268,37.31,high schedule variability,2026-08-06
39,39,0,Midday (9–15),49,53.0,30.600000000000005,60.400000000000006,29.8,47.0,6.0,4.6000000000000005,12.0,0.1357142857142857,0.5593618019709057,38.31,high schedule variability,2026-08-06
39,39,0,Overnight (0–6),27,35.0,2.8666666666666667,41.400000000000006,38.53333333333334,24.0,1.0,0.0,14.0,0.475,0.6214218519016261,53.91,"no recovery time, high schedule variability",2026-08-06
39,39,0,PM Peak (15–19),39,54.0,32.0,67.0,35.0,41.0,8.0,2.0,8.0,0.10555555555555556,0.5985463873450192,39.61,high schedule variability,2026-08-06
39,39,1,AM Peak (6–9),31,49.0,28.0,58.0,30.0,26.0,11.0,6.5,13.0,0.07916666666666666,0.5610098176718092,36.43,high schedule variability,2026-08-06
39,39,1,Evening (19–24),35,39.0,33.0,44.6,11.600000000000001,34.0,7.0,4.300000000000001,7.699999999999999,0.11875,0.33071988595866003,24.0,moderate,2026-08-06
39,39,1,Midday (9–15),47,53.0,31.0,56.8,25.799999999999997,42.0,8.0,7.0,11.899999999999999,0.10555555555555556,0.5235920852359208,35.11,high schedule variability,2026-08-06
39,39,1,Overnight (0–6),23,36.0,3.15,40.0,36.85,15.0,8.0,5.4,12.6,0.10555555555555556,0.6108578532946539,40.35,high schedule variability,2026-08-06
39,39,1,PM Peak (15–19),41,51.0,30.0,59.0,29.0,37.0,14.0,10.0,15.0,0.06333333333333332,0.5526441162458313,35.38,high schedule variability,2026-08-06
40,40,0,AM Peak (6–9),16,22.0,14.5,37.0,22.5,15.0,12.0,8.4,12.0,0.07307692307692307,0.4893964110929853,31.92,high schedule variability,2026-08-06
40,40,0,Evening (19–24),20,22.5,12.0,31.000000000000014,19.000000000000014,19.0,6.0,4.2,11.599999999999998,0.1357142857142857,0.44732195409064174,31.59,moderate,2026-08-06
40,40,0,Midday (9–15),32,27.5,17.0,35.0,18.0,33.0,9.0,9.0,9.0,0.095,0.43399638336347196,29.36,moderate,2026-08-06
40,40,0,Overnight (0–6),9,22.55,10.003333333333334,25.4,15.396666666666665,6.0,6.0,6.0,6.5,0.1357142857142857,0.39608969686575474,28.52,moderate,2026-08-06
40,40,0,PM Peak (15–19),20,30.0,20.0,40.0,20.0,20.0,8.0,6.0,8.0,0.10555555555555556,0.46003450258769407,31.3,moderate,2026-08-06
40,40,1,AM Peak (6–9),16,22.5,12.0,36.0,24.0,16.0,2.0,0.0,9.0,0.31666666666666665,0.5055292259083728,41.42,"very low recovery time, high schedule variability",2026-08-06
40,40,1,Evening (19–24),20,23.0,12.0,33.20000000000002,21.200000000000017,20.0,2.0,0.0,10.600000000000009,0.31666666666666665,0.4745383324006717,39.56,very low recovery time,2026-08-06
40,40,1,Midday (9–15),33,20.0,18.0,37.0,19.0,33.0,6.0,0.0,7.0,0.1357142857142857,0.4473219540906415,31.59,moderate,2026-08-06
40,40,1,Overnight (0–6),8,24.541666666666664,12.0,27.2,15.2,7.0,3.0,0.0,8.200000000000005,0.2375,0.3930187459599224,31.89,very low recovery time,2026-08-06
40,40,1,PM Peak (15–19),20,32.0,20.0,44.0,24.0,19.0,1.0,0.0,4.0,0.475,0.5055292259083728,46.96,"no recovery time, high schedule variability",2026-08-06
41,41,0,AM Peak (6–9),19,71.0,64.0,71.0,7.0,19.0,6.0,2.0,10.0,0.1357142857142857,0.22969647251845773,18.53,moderate,2026-08-06
41,41,0,Evening (19–24),22,60.5,49.0,61.0,12.0,21.0,7.0,4.0,11.0,0.11875,0.3382663847780127,24.45,moderate,2026-08-06
41,41,0,Midday (9–15),33,67.0,67.0,77.0,10.0,29.0,10.0,6.800000000000001,10.0,0.08636363636363636,0.29873039581777444,20.95,moderate,2026-08-06
41,41,0,Overnight (0–6),16,48.983333333333334,44.03333333333333,60.0,15.966666666666669,8.0,5.0,0.0,10.099999999999998,0.15833333333333333,0.4048172406507501,29.83,moderate,2026-08-06
41,41,0,PM Peak (15–19),30,77.0,65.9,77.0,11.099999999999994,29.0,8.0,8.0,8.0,0.10555555555555556,0.32104121475054215,22.96,moderate,2026-08-06
41,41,1,AM Peak (6–9),19,67.0,63.0,67.0,4.0,19.0,5.0,3.0,8.0,0.15833333333333333,0.14558689717925385,14.28,moderate,2026-08-06
41,41,1,Evening (19–24),20,58.0,51.0,58.0,7.0,20.0,7.0,5.9,12.0,0.11875,0.22969647251845773,17.94,moderate,2026-08-06
41,41,1,Midday (9–15),33,66.0,66.0,75.0,9.0,30.0,13.0,5.9,13.0,0.06785714285714285,0.27713625866050806,19.0,moderate,2026-08-06
41,41,1,Overnight (0–6),15,54.8,45.4,62.0,16.6,7.0,4.0,0.0,15.200000000000003,0.19,0.41422333125389893,31.5,moderate,2026-08-06
41,41,1,PM Peak (15–19),30,75.0,63.8,75.0,11.200000000000003,29.0,8.0,8.0,8.0,0.10555555555555556,0.3229992790194665,23.07,moderate,2026-08-06
42,42,0,AM Peak (6–9),22,49.0,11.6,50.0,38.4,16.0,6.0,0.0,6.0,0.1357142857142857,0.6206060606060606,41.99,high schedule variability,2026-08-06
42,42,0,Evening (19–24),19,43.0,42.0,43.599999999999994,1.5999999999999943,18.0,5.0,2.7,5.300000000000001,0.15833333333333333,0.06380857427716828,9.37,moderate,2026-08-06
42,42,0,Midday (9–15),24,46.0,46.0,46.0,0.0,23.0,6.0,2.2,6.0,0.1357142857142857,0.0,4.75,moderate,2026-08-06
42,42,0,Overnight (0–6),4,42.0,42.0,42.0,0.0,3.0,4.0,4.0,7.2,0.19,0.0,6.65,moderate,2026-08-06
42,42,0,PM Peak (15–19),25,54.0,54.0,54.0,0.0,22.0,6.0,5.1,6.0,0.1357142857142857,0.0,4.75,moderate,2026-08-06
42,42,1,AM Peak (6–9),21,52.0,46.0,52.0,6.0,19.0,6.0,2.0,10.0,0.1357142857142857,0.2035623409669211,16.96,moderate,2026-08-06
42,42,1,Evening (19–24),19,42.0,38.0,42.599999999999994,4.599999999999994,17.0,6.0,3.2,8.0,0.1357142857142857,0.16384683882457685,14.58,moderate,2026-08-06
42,42,1,Midday (9–15),22,46.0,46.0,46.0,0.0,23.0,14.0,10.8,14.0,0.06333333333333332,0.0,2.22,moderate,2026-08-06
42,42,1,Overnight (0–6),7,52.0,38.0,52.0,14.0,4.0,4.0,4.0,6.800000000000001,0.19,0.3735823882588392,29.06,moderate,2026-08-06
42,42,1,PM Peak (15–19),24,52.0,52.0,52.0,0.0,22.0,8.0,8.0,8.0,0.10555555555555556,0.0,3.69,moderate,2026-08-06
43,43,0,AM Peak (6–9),39,25.0,22.0,38.0,16.0,37.0,4.0,1.0,8.0,0.19,0.40531982267257755,30.97,moderate,2026-08-06
43,43,0,Evening (19–24),38,32.0,26.0,33.50000000000002,7.500000000000021,36.0,10.0,8.0,10.0,0.08636363636363636,0.24213075060532738,17.55,moderate,2026-08-06
43,43,0,Midday (9–15),54,38.0,25.0,43.0,18.0,54.0,7.0,6.0,10.0,0.11875,0.43399638336347196,30.2,moderate,2026-08-06
43,43,0,Overnight (0–6),18,27.0,25.5,30.0,4.5,17.0,10.0,4.0,10.0,0.08636363636363636,0.16085790884718498,12.67,moderate,2026-08-06
43,43,0,PM Peak (15–19),47,37.0,26.0,43.0,17.0,45.0,10.0,3.4000000000000004,10.0,0.08636363636363636,0.4200123533045089,28.22,moderate,2026-08-06
43,43,1,AM Peak (6–9),39,24.0,17.0,36.0,19.0,35.0,4.0,0.0,12.0,0.19,0.4473219540906415,33.49,moderate,2026-08-06
43,43,1,Evening (19–24),38,32.0,24.0,37.0,13.0,36.0,7.0,4.0,9.0,0.11875,0.3564084989718985,25.54,moderate,2026-08-06
43,43,1,Midday (9–15),55,37.0,24.0,42.0,18.0,54.0,4.0,0.3000000000000007,8.0,0.19,0.43399638336347196,32.69,moderate,2026-08-06
43,43,1,Overnight (0–6),22,27.0,3.85,27.0,23.15,18.0,6.0,0.0,8.0,0.1357142857142857,0.49651474530831097,34.54,high schedule variability,2026-08-06
43,43,1,PM Peak (15–19),47,37.0,20.0,42.0,22.0,45.0,5.0,2.0,13.0,0.15833333333333333,0.4837822979659153,34.57,high schedule variability,2026-08-06
44,44,0,AM Peak (6–9),28,22.0,19.0,22.0,3.0,27.0,3.0,3.0,3.0,0.2375,0.11331444759206798,15.11,very low recovery time,2026-08-06
44,44,0,Evening (19–24),30,18.0,15.0,18.0,3.0,30.0,0.0,0.0,3.0,0.95,0.11331444759206798,40.05,no recovery time,2026-08-06
44,44,0,Midday (9–15),53,21.0,21.0,23.0,2.0,51.0,4.0,2.0,4.0,0.19,0.07850834151128556,11.36,moderate,2026-08-06
44,44,0,Overnight (0–6),18,15.0,15.0,19.0,4.0,14.0,3.0,0.0,4.400000000000002,0.2375,0.14558689717925385,17.05,very low recovery time,2026-08-06
44,44,0,PM Peak (15–19),48,23.0,23.0,23.0,0.0,48.0,2.0,2.0,2.0,0.31666666666666665,0.0,11.08,very low recovery time,2026-08-06
44,44,1,AM Peak (6–9),28,18.0,16.0,18.0,2.0,26.0,5.0,5.0,7.0,0.15833333333333333,0.07850834151128556,10.25,moderate,2026-08-06
44,44,1,Evening (19–24),30,16.0,14.0,16.0,2.0,30.0,6.0,6.0,8.0,0.1357142857142857,0.07850834151128556,9.46,moderate,2026-08-06
44,44,1,Midday (9–15),52,18.0,18.0,18.0,0.0,51.0,9.0,7.0,10.0,0.095,0.0,3.32,moderate,2026-08-06
44,44,1,Overnight (0–6),20,14.0,14.0,14.883333333333333,0.8833333333333329,11.0,8.0,1.0,8.0,0.10555555555555556,0.036264112213479284,5.87,moderate,2026-08-06
44,44,1,PM Peak (15–19),48,20.0,20.0,20.0,0.0,48.0,5.0,5.0,5.6000000000000085,0.15833333333333333,0.0,5.54,moderate,2026-08-06
45,45,0,AM Peak (6–9),32,42.8,32.2,46.1,13.899999999999999,30.0,4.5,2.9000000000000004,8.0,0.17272727272727273,0.3719063545150501,28.36,moderate,2026-08-06
45,45,0,Evening (19–24),30,34.8,32.13333333333333,34.8,2.6666666666666643,31.0,5.0,5.0,8.0,0.15833333333333333,0.10200828817341401,11.66,moderate,2026-08-06
45,45,0,Midday (9–15),38,41.45,32.0,41.45,9.450000000000003,36.0,9.0,9.0,9.0,0.095,0.2870159453302962,20.55,moderate,2026-08-06
45,45,0,Overnight (0–6),22,32.13333333333333,31.166666666666668,35.8,4.633333333333329,15.0,8.0,2.8000000000000003,10.999999999999998,0.10555555555555556,0.1648384227690482,13.58,moderate,2026-08-06
45,45,0,PM Peak (15–19),41,46.1,38.0,46.1,8.100000000000001,37.0,9.0,2.6,9.0,0.095,0.25653206650831356,18.72,moderate,2026-08-06
45,45,1,AM Peak (6–9),34,37.11666666666667,32.3,39.11666666666667,6.81666666666667,11.0,6.0,2.0,9.0,0.1357142857142857,0.22503438789546087,18.25,moderate,2026-08-06
45,45,1,Evening (19–24),30,34.28333333333333,31.333333333333332,35.233333333333334,3.900000000000002,,10.0,,,0.08636363636363636,0.1424657534246576,11.57,moderate,2026-08-06
45,45,1,Midday (9–15),38,35.55833333333334,32.0,38.11666666666667,6.116666666666667,19.0,7.0,5.6000000000000005,7.0,0.11875,0.206702337369755,16.56,moderate,2026-08-06
45,45,1,Overnight (0–6),20,31.333333333333332,30.595,32.91833333333334,2.3233333333333377,1.0,5.0,5.0,5.0,0.15833333333333333,0.09005749725434474,10.95,moderate,2026-08-06
45,45,1,PM Peak (15–19),39,45.016666666666666,33.0,45.016666666666666,12.016666666666666,10.0,16.0,15.4,16.0,0.055882352941176466,0.3385771307818736,22.27,moderate,2026-08-06
46,46,0,AM Peak (6–9),14,47.0,45.0,47.0,2.0,11.0,5.0,4.0,8.0,0.15833333333333333,0.07850834151128556,10.25,moderate,2026-08-06
46,46,0,Evening (19–24),14,42.0,42.0,42.0,0.0,14.0,4.0,4.0,6.800000000000004,0.19,0.0,6.65,moderate,2026-08-06
46,46,0,Midday (9–15),19,45.0,45.0,47.0,2.0,19.0,3.0,1.6,3.0,0.2375,0.07850834151128556,13.02,very low recovery time,2026-08-06
46,46,0,Overnight (0–6),7,47.0,42.0,47.0,5.0,5.0,4.0,4.0,5.0,0.19,0.17559262510974538,17.19,moderate,2026-08-06
46,46,0,PM Peak (15–19),17,47.0,44.0,47.0,3.0,17.0,5.0,5.0,7.4,0.15833333333333333,0.11331444759206798,12.34,moderate,2026-08-06
46,46,1,AM Peak (6–9),12,47.0,45.0,47.0,2.0,13.0,5.0,2.0,5.0,0.15833333333333333,0.07850834151128556,10.25,moderate,2026-08-06
46,46,1,Evening (19–24),17,44.0,44.0,44.0,0.0,13.0,2.0,1.2000000000000002,2.0,0.31666666666666665,0.0,11.08,very low recovery time,2026-08-06
46,46,1,Midday (9–15),20,45.0,45.0,47.0,2.0,19.0,2.0,2.0,2.0,0.31666666666666665,0.07850834151128556,15.79,very low recovery time,2026-08-06
46,46,1,Overnight (0–6),9,46.4,44.0,47.0,3.0,5.0,2.0,1.0,5.0,0.31666666666666665,0.11331444759206798,17.88,very low recovery time,2026-08-06
46,46,1,PM Peak (15–19),18,47.0,47.0,47.0,0.0,17.0,5.0,1.2000000000000002,5.0,0.15833333333333333,0.0,5.54,moderate,2026-08-06
47,47,0,AM Peak (6–9),61,15.0,6.0,18.0,12.0,57.0,2.0,1.0,2.0,0.31666666666666665,0.3382663847780127,31.38,very low recovery time,2026-08-06
47,47,0,Evening (19–24),71,7.0,6.0,14.0,8.0,71.0,2.0,1.0,2.0,0.31666666666666665,0.2541699761715647,26.33,very low recovery time,2026-08-06
47,47,0,Midday (9–15),104,12.0,7.0,16.0,9.0,104.0,1.5,1.0,2.0,0.38,0.27713625866050806,29.93,very low recovery time,2026-08-06
47,47,0,Overnight (0–6),30,11.0,6.0,17.400000000000006,11.400000000000006,28.0,2.0,0.0,2.3000000000000007,0.31666666666666665,0.3268817204301076,30.7,very low recovery time,2026-08-06
47,47,0,PM Peak (15–19),92,8.0,8.0,17.0,9.0,96.0,2.0,1.0,2.0,0.31666666666666665,0.27713625866050806,27.71,very low recovery time,2026-08-06
47,47,1,AM Peak (6–9),57,10.0,8.0,18.0,10.0,52.0,2.0,2.0,7.0,0.31666666666666665,0.29873039581777444,29.01,very low recovery time,2026-08-06
47,47,1,Evening (19–24),73,14.0,7.0,14.0,7.0,73.0,2.0,2.0,7.0,0.31666666666666665,0.22969647251845773,24.87,very low recovery time,2026-08-06
47,47,1,Midday (9–15),103,10.0,9.0,17.0,8.0,99.0,3.0,2.0,6.0,0.2375,0.2541699761715647,23.56,very low recovery time,2026-08-06
47,47,1,Overnight (0–6),29,14.0,7.0,16.599999999999994,9.599999999999994,24.0,2.5,2.0,8.0,0.2714285714285714,0.2902494331065758,26.91,very low recovery time,2026-08-06
47,47,1,PM Peak (15–19),97,14.0,10.0,23.0,13.0,93.0,3.0,3.0,6.0,0.2375,0.3564084989718985,29.7,very low recovery time,2026-08-06
48,48,0,AM Peak (6–9),8,26.0,21.0,26.0,5.0,8.0,5.0,4.0,6.8999999999999995,0.15833333333333333,0.17559262510974538,16.08,moderate,2026-08-06
48,48,0,Evening (19–24),11,22.0,19.0,22.0,3.0,7.0,8.0,7.6,10.000000000000002,0.10555555555555556,0.11331444759206798,10.49,moderate,2026-08-06
48,48,0,Midday (9–15),14,21.0,21.0,22.400000000000002,1.4000000000000021,15.0,4.0,4.0,5.799999999999999,0.19,0.05628140703517596,10.03,moderate,2026-08-06
48,48,0,Overnight (0–6),5,19.0,19.0,21.0,2.0,1.0,2.0,2.0,2.0,0.31666666666666665,0.07850834151128556,15.79,very low recovery time,2026-08-06
48,48,0,PM Peak (15–19),9,23.0,23.0,23.0,0.0,8.0,7.0,7.0,7.0,0.11875,0.0,4.16,moderate,2026-08-06
48,48,1,AM Peak (6–9),8,25.0,19.0,25.0,6.0,8.0,5.0,3.1,10.0,0.15833333333333333,0.2035623409669211,17.76,moderate,2026-08-06
48,48,1,Evening (19–24),11,20.0,18.0,20.0,2.0,11.0,0.0,0.0,2.0,0.95,0.07850834151128556,37.96,no recovery time,2026-08-06
48,48,1,Midday (9–15),14,21.0,21.0,23.800000000000004,2.8000000000000043,14.0,4.0,4.0,5.0,0.19,0.10656517602283554,13.04,moderate,2026-08-06
48,48,1,Overnight (0–6),4,18.0,18.0,18.7,0.6999999999999993,3.0,2.0,2.0,2.0,0.31666666666666665,0.028955532574974116,12.82,very low recovery time,2026-08-06
48,48,1,PM Peak (15–19),8,25.0,25.0,25.0,0.0,8.0,5.0,3.5000000000000004,5.0,0.15833333333333333,0.0,5.54,moderate,2026-08-06
49,49,0,AM Peak (6–9),11,18.0,17.0,18.0,1.0,11.0,3.0,3.0,3.0,0.2375,0.04085801838610827,10.76,very low recovery time,2026-08-06
49,49,0,Evening (19–24),10,13.0,11.0,13.0,2.0,10.0,6.0,6.0,8.0,0.1357142857142857,0.07850834151128556,9.46,moderate,2026-08-06
49,49,0,Midday (9–15),12,14.0,14.0,14.0,0.0,12.0,5.0,5.0,5.0,0.15833333333333333,0.0,5.54,moderate,2026-08-06
49,49,0,Overnight (0–6),9,11.0,7.633333333333334,14.0,6.366666666666666,7.0,8.0,6.800000000000001,10.0,0.10555555555555556,0.2133482267523038,16.5,moderate,2026-08-06
49,49,0,PM Peak (15–19),14,16.0,16.0,16.0,0.0,12.0,5.0,5.0,5.0,0.15833333333333333,0.0,5.54,moderate,2026-08-06
49,49,1,AM Peak (6–9),12,11.0,9.2,11.0,1.8000000000000007,11.0,0.0,0.0,1.0,0.95,0.07121661721068251,37.52,no recovery time,2026-08-06
49,49,1,Evening (19–24),10,10.5,9.0,11.0,2.0,10.0,0.0,0.0,2.0,0.95,0.07850834151128556,37.96,no recovery time,2026-08-06
49,49,1,Midday (9–15),12,11.0,11.0,11.0,0.0,12.0,0.0,0.0,0.0,0.95,0.0,33.25,no recovery time,2026-08-06
49,49,1,Overnight (0–6),6,9.0,8.0,9.0,1.0,7.0,2.0,1.2000000000000002,3.4000000000000004,0.31666666666666665,0.04085801838610827,13.53,very low recovery time,2026-08-06
49,49,1,PM Peak (15–19),14,13.0,13.0,13.0,0.0,14.0,0.0,0.0,0.0,0.95,0.0,33.25,no recovery time,2026-08-06
50,50,0,AM Peak (6–9),13,19.0,15.0,19.0,4.0,12.0,6.0,3.1,7.0,0.1357142857142857,0.14558689717925385,13.49,moderate,2026-08-06
50,50,0,Evening (19–24),15,16.0,13.0,16.0,3.0,15.0,3.0,3.0,3.0,0.2375,0.11331444759206798,15.11,very low recovery time,2026-08-06
50,50,0,Midday (9–15),16,17.0,17.0,17.0,0.0,16.0,7.0,7.0,7.0,0.11875,0.0,4.16,moderate,2026-08-06
50,50,0,Overnight (0–6),9,13.0,11.0,15.0,4.0,8.0,4.0,3.0,5.0,0.19,0.14558689717925385,15.39,moderate,2026-08-06
50,50,0,PM Peak (15–19),15,19.0,19.0,19.0,0.0,15.0,7.0,7.0,9.0,0.11875,0.0,4.16,moderate,2026-08-06
50,50,1,AM Peak (6–9),12,19.0,14.0,20.0,6.0,12.0,2.0,2.0,2.0,0.31666666666666665,0.2035623409669211,23.3,very low recovery time,2026-08-06
50,50,1,Evening (19–24),15,16.0,14.0,16.0,2.0,15.0,5.0,5.0,10.0,0.15833333333333333,0.07850834151128556,10.25,moderate,2026-08-06
50,50,1,Midday (9–15),16,18.0,18.0,18.0,0.0,16.0,2.0,2.0,2.0,0.31666666666666665,0.0,11.08,very low recovery time,2026-08-06
50,50,1,Overnight (0–6),9,14.0,13.0,14.0,1.0,6.0,8.0,0.5,10.0,0.10555555555555556,0.04085801838610827,6.15,moderate,2026-08-06
50,50,1,PM Peak (15–19),14,20.0,18.6,20.0,1.3999999999999986,15.0,2.0,2.0,4.199999999999999,0.31666666666666665,0.05628140703517582,14.46,very low recovery time,2026-08-06
51,51,0,AM Peak (6–9),16,31.0,27.5,40.0,12.5,15.0,9.0,7.800000000000001,11.6,0.095,0.34746351633078526,24.17,moderate,2026-08-06
51,51,0,Evening (19–24),25,27.0,23.0,31.0,8.0,24.0,7.0,4.0,8.399999999999999,0.11875,0.2541699761715647,19.41,moderate,2026-08-06
51,51,0,Midday (9–15),30,34.0,27.0,37.2,10.200000000000003,30.0,10.0,5.9,13.100000000000001,0.08636363636363636,0.30289532293986643,21.2,moderate,2026-08-06
51,51,0,Overnight (0–6),14,25.0,14.066666666666666,29.800000000000004,15.733333333333338,9.0,4.0,3.0,7.4,0.19,0.40127523910733265,30.73,moderate,2026-08-06
51,51,0,PM Peak (15–19),22,35.0,26.5,39.0,12.5,21.0,9.0,9.0,12.0,0.095,0.34746351633078526,24.17,moderate,2026-08-06
51,51,1,AM Peak (6–9),16,33.0,27.5,41.0,13.5,15.0,9.0,4.4,12.6,0.095,0.36511156186612576,25.23,moderate,2026-08-06
51,51,1,Evening (19–24),25,27.0,23.0,33.0,10.0,24.0,6.0,0.0,16.099999999999998,0.1357142857142857,0.29873039581777444,22.67,moderate,2026-08-06
51,51,1,Midday (9–15),31,40.0,33.0,45.0,12.0,30.0,8.0,1.9000000000000004,11.0,0.10555555555555556,0.3382663847780127,23.99,moderate,2026-08-06
51,51,1,Overnight (0–6),14,23.625,4.791666666666667,27.0,22.208333333333332,14.0,1.0,0.0,17.0,0.475,0.4861364465523531,45.79,"no recovery time, high schedule variability",2026-08-06
51,51,1,PM Peak (15–19),22,40.0,33.2,50.0,16.799999999999997,23.0,8.0,4.0,12.8,0.10555555555555556,0.41713221601489753,28.72,moderate,2026-08-06
52,52,0,AM Peak (6–9),50,44.0,5.0,77.30000000000001,72.30000000000001,35.0,5.133333333333334,0.0,10.133333333333333,0.15489130434782608,0.754894283476899,50.71,high schedule variability,2026-08-06
52,52,0,Evening (19–24),62,39.0,3.0,62.9,59.9,44.0,5.0,0.2999999999999998,8.135,0.15833333333333333,0.7184407796101949,48.65,high schedule variability,2026-08-06
52,52,0,Midday (9–15),96,42.0,5.0,78.0,73.0,68.0,8.133333333333333,5.093333333333334,14.0,0.10401459854014598,0.7566727131381187,49.04,high schedule variability,2026-08-06
52,52,0,Overnight (0–6),35,36.0,3.4000000000000004,59.0,55.6,22.0,4.583333333333333,0.0,9.860000000000005,0.1701492537313433,0.7031299399304458,48.14,high schedule variability,2026-08-06
52,52,0,PM Peak (15–19),68,48.5,5.0,78.0,73.0,52.0,8.183333333333334,7.015,10.0,0.10344827586206896,0.7566727131381187,49.02,high schedule variability,2026-08-06
52,52,1,AM Peak (6–9),38,64.91666666666667,44.0,81.46666666666667,37.46666666666667,35.0,1.0,0.0,15.0,0.475,0.6147955695337071,53.51,"no recovery time, high schedule variability",2026-08-06
52,52,1,Evening (19–24),45,59.9,35.0,67.9,32.900000000000006,45.0,0.0,0.0,11.400000000000006,0.95,0.5835920177383592,68.27,"no recovery time, high schedule variability",2026-08-06
52,52,1,Midday (9–15),75,60.0,42.0,79.86666666666666,37.86666666666666,74.0,2.0,0.0,14.0,0.31666666666666665,0.6173074310555631,48.12,"very low recovery time, high schedule variability",2026-08-06
52,52,1,Overnight (0–6),30,50.93333333333333,26.45500000000001,64.91666666666667,38.46166666666666,21.0,0.0,0.0,6.0,0.95,0.6209838006565847,70.51,"no recovery time, high schedule variability",2026-08-06
52,52,1,PM Peak (15–19),53,71.85,47.4,86.21666666666667,38.81666666666667,47.0,7.0,0.0,16.0,0.11875,0.6231438127090301,41.54,high schedule variability,2026-08-06
53,53,0,AM Peak (6–9),23,60.0,57.0,60.0,3.0,19.0,7.0,3.8,10.2,0.11875,0.11331444759206798,10.96,moderate,2026-08-06
53,53,0,Evening (19–24),40,54.0,32.88333333333333,57.0,24.116666666666667,32.0,5.5,4.0,13.0,0.14615384615384613,0.5067413762913675,35.52,high schedule variability,2026-08-06
53,53,0,Midday (9–15),51,56.0,56.0,61.0,5.0,49.0,6.0,4.800000000000001,13.0,0.1357142857142857,0.17559262510974538,15.29,moderate,2026-08-06
53,53,0,Overnight (0–6),20,51.5,32.88333333333333,57.0,24.116666666666667,10.0,1.0,1.0,13.0,0.475,0.5067413762913675,47.03,"no recovery time, high schedule variability",2026-08-06
53,53,0,PM Peak (15–19),30,68.0,57.9,68.0,10.100000000000001,27.0,10.0,10.0,13.400000000000002,0.08636363636363636,0.30081906180193596,21.07,moderate,2026-08-06
53,53,1,AM Peak (6–9),24,58.0,52.0,58.0,6.0,23.0,8.0,8.0,8.0,0.10555555555555556,0.2035623409669211,15.91,moderate,2026-08-06
53,53,1,Evening (19–24),36,49.0,41.0,58.0,17.0,39.0,5.0,3.0,5.0,0.15833333333333333,0.4200123533045089,30.74,moderate,2026-08-06
53,53,1,Midday (9–15),50,54.0,54.0,64.0,10.0,51.0,3.0,1.0,3.0,0.2375,0.29873039581777444,26.24,very low recovery time,2026-08-06
53,53,1,Overnight (0–6),23,52.0,41.0,52.0,11.0,20.0,4.0,0.0,4.400000000000006,0.19,0.31907179115300943,25.79,moderate,2026-08-06
53,53,1,PM Peak (15–19),30,60.0,54.8,60.0,5.200000000000003,29.0,6.0,6.0,6.0,0.1357142857142857,0.18134263295553626,15.63,moderate,2026-08-06
54,54,0,AM Peak (6–9),30,61.525,54.5,71.0,16.5,9.0,8.0,5.6,8.2,0.10555555555555556,0.41275797373358347,28.46,moderate,2026-08-06
54,54,0,Evening (19–24),34,50.36666666666667,38.016666666666666,62.0,23.983333333333334,16.0,7.5,0.0,13.5,0.11176470588235293,0.5053555750658473,34.23,high schedule variability,2026-08-06
54,54,0,Midday (9–15),52,69.35,57.36666666666667,79.69999999999999,22.33333333333332,25.0,17.0,8.4,19.0,0.05277777777777778,0.4875386574495178,31.1,high schedule variability,2026-08-06
54,54,0,Overnight (0–6),10,38.19166666666666,30.266666666666666,49.0,18.733333333333334,6.0,0.0,0.0,0.0,0.95,0.44383020730503453,59.88,no recovery time,2026-08-06
54,54,0,PM Peak (15–19),36,67.7,58.36666666666667,81.5,23.133333333333333,17.0,15.0,9.0,17.0,0.059375,0.4963347040944037,31.86,high schedule variability,2026-08-06
54,54,1,AM Peak (6–9),30,56.05833333333334,47.11666666666667,67.0,19.883333333333333,27.0,10.0,6.0,10.800000000000004,0.08636363636363636,0.4585815875456467,30.54,moderate,2026-08-06
54,54,1,Evening (19–24),38,41.11666666666667,2.0,52.0,50.0,37.0,10.0,5.0,11.0,0.08636363636363636,0.6805035726437564,43.85,high schedule variability,2026-08-06
54,54,1,Midday (9–15),52,62.55833333333334,53.11666666666667,71.9,18.78333333333334,48.0,8.0,8.0,13.0,0.10555555555555556,0.44448826661408014,30.36,moderate,2026-08-06
54,54,1,Overnight (0–6),19,44.0,2.0,59.0,57.0,13.0,10.0,5.0,15.0,0.08636363636363636,0.7082945013979497,45.52,high schedule variability,2026-08-06
54,54,1,PM Peak (15–19),37,59.11666666666667,51.11666666666667,72.0,20.883333333333333,36.0,11.0,10.0,12.0,0.07916666666666666,0.47078715010332517,31.02,moderate,2026-08-06
55,55,0,AM Peak (6–9),8,19.0,14.0,19.0,5.0,8.0,7.0,2.0,8.5,0.11875,0.17559262510974538,14.69,moderate,2026-08-06
55,55,0,Evening (19–24),11,14.0,12.0,14.0,2.0,9.0,2.0,2.0,4.4,0.31666666666666665,0.07850834151128556,15.79,very low recovery time,2026-08-06
55,55,0,Midday (9–15),12,15.0,15.0,15.0,0.0,12.0,1.0,1.0,1.0,0.475,0.0,16.62,no recovery time,2026-08-06
55,55,0,Overnight (0–6),5,12.0,12.0,14.0,2.0,5.0,4.0,2.8,5.800000000000001,0.19,0.07850834151128556,11.36,moderate,2026-08-06
55,55,0,PM Peak (15–19),12,19.0,19.0,19.0,0.0,11.0,6.0,6.0,6.0,0.1357142857142857,0.0,4.75,moderate,2026-08-06
55,55,1,AM Peak (6–9),8,13.0,11.0,13.0,2.0,8.0,1.0,1.0,3.0,0.475,0.07850834151128556,21.34,no recovery time,2026-08-06
55,55,1,Evening (19–24),10,13.0,11.0,13.0,2.0,11.0,1.0,1.0,3.0,0.475,0.07850834151128556,21.34,no recovery time,2026-08-06
55,55,1,Midday (9–15),13,13.0,13.0,13.0,0.0,12.0,1.0,1.0,1.0,0.475,0.0,16.62,no recovery time,2026-08-06
55,55,1,Overnight (0–6),5,11.0,5.63,11.0,5.37,5.0,3.0,1.8,3.0,0.2375,0.18616744669786792,19.48,very low recovery time,2026-08-06
55,55,1,PM Peak (15–19),12,15.0,15.0,15.0,0.0,12.0,0.0,0.0,0.0,0.95,0.0,33.25,no recovery time,2026-08-06
57,57,0,AM Peak (6–9),16,37.75,31.5,37.75,6.25,14.0,8.0,2.9000000000000004,8.0,0.10555555555555556,0.21026072329688814,16.31,moderate,2026-08-06
57,57,0,Evening (19–24),17,33.75,30.5,33.75,3.25,17.0,4.0,4.0,7.0,0.19,0.12160898035547239,13.95,moderate,2026-08-06
57,57,0,Midday (9–15),32,37.5,37.5,37.5,0.0,33.0,4.0,3.0,4.0,0.19,0.0,6.65,moderate,2026-08-06
57,57,0,Overnight (0–6),9,31.5,30.5,31.5,1.0,7.0,5.0,5.0,7.0,0.15833333333333333,0.04085801838610827,7.99,moderate,2026-08-06
57,57,0,PM Peak (15–19),19,39.75,33.75,39.75,6.0,19.0,4.0,4.0,5.199999999999999,0.19,0.2035623409669211,18.86,moderate,2026-08-06
57,57,1,AM Peak (6–9),16,39.31666666666667,35.05,39.31666666666667,4.266666666666673,,10.0,,,0.08636363636363636,0.15379993992189864,12.25,moderate,2026-08-06
57,57,1,Evening (19–24),17,34.05,31.05,34.05,2.9999999999999964,,10.0,,,0.08636363636363636,0.11331444759206787,9.82,moderate,2026-08-06
57,57,1,Midday (9–15),34,38.05,38.05,38.93666666666667,0.8866666666666703,,10.0,,,0.08636363636363636,0.03639597728672108,5.21,moderate,2026-08-06
57,57,1,Overnight (0–6),8,34.8,31.05,34.8,3.7499999999999964,,10.0,,,0.08636363636363636,0.13774104683195582,11.29,moderate,2026-08-06
57,57,1,PM Peak (15–19),19,42.31666666666667,34.05,42.31666666666667,8.266666666666673,,10.0,,,0.08636363636363636,0.26043580992386467,18.65,moderate,2026-08-06
59,59,0,AM Peak (6–9),10,35.0,32.8,37.0,4.200000000000003,8.0,6.0,6.0,8.3,0.1357142857142857,0.15176151761517623,13.86,moderate,2026-08-06
59,59,0,Evening (19–24),13,28.0,25.4,30.8,5.400000000000002,11.0,6.0,2.0,15.0,0.1357142857142857,0.18701298701298708,15.97,moderate,2026-08-06
59,59,0,Midday (9–15),16,33.0,32.0,33.5,1.5,16.0,7.0,4.0,12.0,0.11875,0.06006006006006006,7.76,moderate,2026-08-06
59,59,0,Overnight (0–6),3,7.4,7.013333333333334,21.48,14.466666666666667,2.0,6.0,5.2,6.8,0.1357142857142857,0.3812870634746321,27.63,moderate,2026-08-06
59,59,0,PM Peak (15–19),11,36.0,36.0,37.0,1.0,11.0,10.0,10.0,10.0,0.08636363636363636,0.04085801838610827,5.47,moderate,2026-08-06
59,59,1,AM Peak (6–9),10,30.0,28.386666666666667,32.0,3.6133333333333333,9.0,3.0,0.0,9.0,0.2375,0.13339075862917615,16.32,very low recovery time,2026-08-06
59,59,1,Evening (19–24),11,28.0,25.0,28.0,3.0,13.0,2.0,0.0,6.400000000000002,0.31666666666666665,0.11331444759206798,17.88,very low recovery time,2026-08-06
59,59,1,Midday (9–15),16,31.5,31.0,32.0,1.0,17.0,3.0,0.0,5.0,0.2375,0.04085801838610827,10.76,very low recovery time,2026-08-06
59,59,1,Overnight (0–6),5,25.0,17.12,27.2,10.079999999999998,4.0,4.5,4.0,5.0,0.17272727272727273,0.300402324541797,24.07,moderate,2026-08-06
59,59,1,PM Peak (15–19),11,37.0,37.0,39.0,2.0,10.0,5.0,2.0,5.0,0.15833333333333333,0.07850834151128556,10.25,moderate,2026-08-06
60,60,0,AM Peak (6–9),20,34.0,29.7,34.0,4.300000000000001,19.0,7.0,0.8,7.0,0.11875,0.15481548154815483,13.45,moderate,2026-08-06
60,60,0,Evening (19–24),27,34.0,26.8,45.0,18.2,29.0,6.0,4.800000000000001,10.0,0.1357142857142857,0.4367126574685063,30.95,moderate,2026-08-06
60,60,0,Midday (9–15),36,35.0,34.0,38.0,4.0,36.0,7.0,3.0,7.5,0.11875,0.14558689717925385,12.89,moderate,2026-08-06
60,60,0,Overnight (0–6),18,27.0,23.165,45.1,21.935000000000002,11.0,10.0,2.0,13.0,0.08636363636363636,0.48304338251486456,32.01,moderate,2026-08-06
60,60,0,PM Peak (15–19),24,41.0,39.6,41.0,1.3999999999999986,23.0,7.0,0.0,7.0,0.11875,0.05628140703517582,7.53,moderate,2026-08-06
60,60,1,AM Peak (6–9),20,31.45,27.583333333333332,31.45,3.866666666666667,23.0,6.416666666666667,1.4166666666666667,7.55,0.12808988764044943,0.14142029868942396,12.97,moderate,2026-08-06
60,60,1,Evening (19–24),28,28.45,22.583333333333332,45.0,22.416666666666668,23.0,1.55,1.55,7.483333333333335,0.37254901960784315,0.48846922099146545,42.35,"very low recovery time, high schedule variability",2026-08-06
60,60,1,Midday (9–15),36,32.45,31.45,35.45,4.0000000000000036,36.0,5.55,5.55,7.55,0.1450381679389313,0.14558689717925397,13.81,moderate,2026-08-06
60,60,1,Overnight (0–6),21,30.283333333333335,21.583333333333332,45.0,23.416666666666668,15.0,4.416666666666667,1.8166666666666669,8.0,0.17538461538461536,0.4993779989337125,36.1,high schedule variability,2026-08-06
60,60,1,PM Peak (15–19),24,38.45,34.050000000000004,38.45,4.399999999999999,24.0,3.55,3.55,6.55,0.2087912087912088,0.15784753363228696,16.78,moderate,2026-08-06
61,61,0,AM Peak (6–9),9,23.0,15.0,23.0,8.0,8.0,10.0,4.5,10.6,0.08636363636363636,0.2541699761715647,18.27,moderate,2026-08-06
61,61,0,Evening (19–24),15,15.0,14.0,18.6,4.600000000000001,14.0,5.0,2.0,8.100000000000003,0.15833333333333333,0.16384683882457707,15.37,moderate,2026-08-06
61,61,0,Midday (9–15),19,20.0,20.0,20.4,0.3999999999999986,19.0,8.0,7.8,9.0,0.10555555555555556,0.01675392670157062,4.7,moderate,2026-08-06
61,61,0,Overnight (0–6),7,14.0,14.0,15.0,1.0,7.0,6.0,6.0,7.0,0.1357142857142857,0.04085801838610827,7.2,moderate,2026-08-06
61,61,0,PM Peak (15–19),14,22.0,19.0,22.0,3.0,13.0,15.0,8.0,15.0,0.059375,0.11331444759206798,8.88,moderate,2026-08-06
61,61,1,AM Peak (6–9),10,23.0,16.0,23.0,7.0,9.0,2.0,2.0,4.0,0.31666666666666665,0.22969647251845773,24.87,very low recovery time,2026-08-06
61,61,1,Evening (19–24),15,18.0,15.0,21.2,6.199999999999999,15.0,5.0,5.0,5.6,0.15833333333333333,0.20893007582139844,18.08,moderate,2026-08-06
61,61,1,Midday (9–15),20,21.0,21.0,23.0,2.0,20.0,5.0,4.0,7.0,0.15833333333333333,0.07850834151128556,10.25,moderate,2026-08-06
61,61,1,Overnight (0–6),6,15.0,15.0,15.5,0.5,5.0,5.0,3.2,5.0,0.15833333333333333,0.020855057351407715,6.79,moderate,2026-08-06
61,61,1,PM Peak (15–19),13,31.0,22.6,31.0,8.399999999999999,13.0,4.0,2.4000000000000004,5.0,0.19,0.26352941176470585,22.46,moderate,2026-08-06
62,62,0,AM Peak (6–9),11,27.0,22.0,27.0,5.0,11.0,1.0,0.0,7.0,0.475,0.17559262510974538,27.16,no recovery time,2026-08-06
62,62,0,Evening (19–24),16,23.0,20.0,23.0,3.0,15.0,7.0,6.0,8.0,0.11875,0.11331444759206798,10.96,moderate,2026-08-06
62,62,0,Midday (9–15),19,25.0,25.0,25.4,0.3999999999999986,17.0,3.0,3.0,3.0,0.2375,0.01675392670157062,9.32,very low recovery time,2026-08-06
62,62,0,Overnight (0–6),5,20.0,20.0,22.0,2.0,4.0,8.0,2.4000000000000004,8.0,0.10555555555555556,0.07850834151128556,8.4,moderate,2026-08-06
62,62,0,PM Peak (15–19),13,30.0,30.0,30.0,0.0,14.0,6.0,3.2,6.0,0.1357142857142857,0.0,4.75,moderate,2026-08-06
62,62,1,AM Peak (6–9),10,31.0,24.0,31.0,7.0,9.0,7.0,6.0,8.0,0.11875,0.22969647251845773,17.94,moderate,2026-08-06
62,62,1,Evening (19–24),15,22.0,20.0,22.0,2.0,15.0,2.0,0.0,2.0,0.31666666666666665,0.07850834151128556,15.79,very low recovery time,2026-08-06
62,62,1,Midday (9–15),18,27.0,27.0,27.0,0.0,19.0,5.0,2.6,5.0,0.15833333333333333,0.0,5.54,moderate,2026-08-06
62,62,1,Overnight (0–6),5,20.0,20.0,24.0,4.0,4.0,0.0,0.0,5.600000000000001,0.95,0.14558689717925385,41.99,no recovery time,2026-08-06
62,62,1,PM Peak (15–19),14,30.0,30.0,30.0,0.0,13.0,6.0,6.0,6.0,0.1357142857142857,0.0,4.75,moderate,2026-08-06
63,63,0,AM Peak (6–9),67,19.0,7.266666666666667,24.0,16.733333333333334,61.0,2.0,1.0,2.0,0.31666666666666665,0.4161658031088083,36.05,very low recovery time,2026-08-06
63,63,0,Evening (19–24),60,18.0,13.0,21.0,8.0,62.0,1.5,0.0,2.0,0.38,0.2541699761715647,28.55,very low recovery time,2026-08-06
63,63,0,Midday (9–15),93,19.0,18.0,24.0,6.0,93.0,2.0,1.0,3.0,0.31666666666666665,0.2035623409669211,23.3,very low recovery time,2026-08-06
63,63,0,Overnight (0–6),27,14.0,13.0,20.0,7.0,27.0,2.0,0.0,4.200000000000006,0.31666666666666665,0.22969647251845773,24.87,very low recovery time,2026-08-06
63,63,0,PM Peak (15–19),90,22.5,8.516666666666667,24.0,15.483333333333333,93.0,1.0,1.0,2.0,0.475,0.3974331550802139,40.47,no recovery time,2026-08-06
63,63,1,AM Peak (6–9),55,17.0,11.916666666666666,28.0,16.083333333333336,40.0,2.0,2.0,7.0,0.31666666666666665,0.40657257215083215,35.48,very low recovery time,2026-08-06
63,63,1,Evening (19–24),65,25.0,13.0,26.0,13.0,61.0,2.0,2.0,8.0,0.31666666666666665,0.3564084989718985,32.47,very low recovery time,2026-08-06
63,63,1,Midday (9–15),92,19.0,16.0,28.0,12.0,82.0,2.0,2.0,8.0,0.31666666666666665,0.3382663847780127,31.38,very low recovery time,2026-08-06
63,63,1,Overnight (0–6),28,13.0,10.0,25.0,15.0,23.0,2.0,2.0,5.0,0.31666666666666665,0.3898635477582846,34.48,very low recovery time,2026-08-06
63,63,1,PM Peak (15–19),96,19.0,16.866666666666667,37.0,20.133333333333333,72.0,2.0,2.0,6.0,0.31666666666666665,0.4616854576724632,38.78,very low recovery time,2026-08-06
64,64,0,AM Peak (6–9),18,8.0,8.0,11.0,3.0,17.0,4.0,0.0,4.0,0.19,0.11331444759206798,13.45,moderate,2026-08-06
64,64,0,Evening (19–24),16,9.0,8.0,9.0,1.0,16.0,0.0,0.0,0.0,0.95,0.04085801838610827,35.7,no recovery time,2026-08-06
64,64,0,Midday (9–15),37,9.0,9.0,9.0,0.0,37.0,0.0,0.0,0.0,0.95,0.0,33.25,no recovery time,2026-08-06
64,64,0,Overnight (0–6),7,8.0,8.0,8.0,0.0,8.0,0.0,0.0,2.5999999999999996,0.95,0.0,33.25,no recovery time,2026-08-06
64,64,0,PM Peak (15–19),24,10.0,10.0,10.0,0.0,24.0,0.0,0.0,0.0,0.95,0.0,33.25,no recovery time,2026-08-06
64,64,1,AM Peak (6–9),18,9.0,9.0,10.0,1.0,,10.0,,,0.08636363636363636,0.04085801838610827,5.47,moderate,2026-08-06
64,64,1,Evening (19–24),16,9.0,8.0,9.0,1.0,6.0,4.0,4.0,4.0,0.19,0.04085801838610827,9.1,moderate,2026-08-06
64,64,1,Midday (9–15),37,9.0,9.0,9.399999999999999,0.3999999999999986,,10.0,,,0.08636363636363636,0.01675392670157062,4.03,moderate,2026-08-06
64,64,1,Overnight (0–6),7,8.0,8.0,9.0,1.0,3.0,4.0,4.0,4.0,0.19,0.04085801838610827,9.1,moderate,2026-08-06
64,64,1,PM Peak (15–19),24,11.0,11.0,11.0,0.0,,10.0,,,0.08636363636363636,0.0,3.02,moderate,2026-08-06
65,65,0,AM Peak (6–9),18,21.0,17.0,21.0,4.0,18.0,2.0,1.0,3.3000000000000007,0.31666666666666665,0.14558689717925385,19.82,very low recovery time,2026-08-06
65,65,0,Evening (19–24),22,19.0,16.0,19.0,3.0,21.0,1.0,1.0,2.0,0.475,0.11331444759206798,23.42,no recovery time,2026-08-06
65,65,0,Midday (9–15),29,21.0,21.0,23.0,2.0,28.0,3.0,2.0,3.0,0.2375,0.07850834151128556,13.02,very low recovery time,2026-08-06
65,65,0,Overnight (0–6),14,16.0,16.0,17.0,1.0,13.0,2.0,1.2000000000000002,2.8000000000000007,0.31666666666666665,0.04085801838610827,13.53,very low recovery time,2026-08-06
65,65,0,PM Peak (15–19),21,23.0,23.0,23.0,0.0,21.0,2.0,2.0,2.0,0.31666666666666665,0.0,11.08,very low recovery time,2026-08-06
65,65,1,AM Peak (6–9),17,21.0,18.0,21.0,3.0,18.0,5.0,4.0,6.0,0.15833333333333333,0.11331444759206798,12.34,moderate,2026-08-06
65,65,1,Evening (19–24),22,21.0,17.0,21.0,4.0,21.0,4.0,4.0,4.0,0.19,0.14558689717925385,15.39,moderate,2026-08-06
65,65,1,Midday (9–15),28,22.0,22.0,25.0,3.0,27.0,6.0,5.0,6.0,0.1357142857142857,0.11331444759206798,11.55,moderate,2026-08-06
65,65,1,Overnight (0–6),13,17.0,17.0,18.0,1.0,10.0,4.0,1.8,4.0,0.19,0.04085801838610827,9.1,moderate,2026-08-06
65,65,1,PM Peak (15–19),22,25.0,25.0,25.0,0.0,22.0,5.0,5.0,5.0,0.15833333333333333,0.0,5.54,moderate,2026-08-06
66,66,0,AM Peak (6–9),28,17.95,13.916666666666666,23.0,9.083333333333334,26.0,2.0,0.5,5.0,0.31666666666666665,0.2789864346045559,27.82,very low recovery time,2026-08-06
66,66,0,Evening (19–24),22,19.433333333333334,14.9,24.0,9.1,22.0,1.0,0.0,3.0,0.475,0.27935533384497313,33.39,no recovery time,2026-08-06
66,66,0,Midday (9–15),28,17.4,16.9,23.0,6.100000000000001,27.0,8.0,0.0,8.0,0.10555555555555556,0.20625528317836012,16.07,moderate,2026-08-06
66,66,0,Overnight (0–6),9,14.9,12.133333333333333,22.0,9.866666666666667,6.0,1.5,0.0,3.5,0.38,0.29592601849537614,31.06,very low recovery time,2026-08-06
66,66,0,PM Peak (15–19),35,25.0,18.866666666666667,25.0,6.133333333333333,34.0,1.5,0.0,4.0,0.38,0.20714888826343933,25.73,very low recovery time,2026-08-06
66,66,1,AM Peak (6–9),25,17.0,15.76,19.866666666666667,4.106666666666667,17.0,6.1,4.133333333333334,8.133333333333333,0.13380281690140844,0.14889117167200436,13.62,moderate,2026-08-06
66,66,1,Evening (19–24),23,14.9,12.0,16.866666666666667,4.866666666666667,,10.0,,,0.08636363636363636,0.17171420170538076,13.33,moderate,2026-08-06
66,66,1,Midday (9–15),28,16.933333333333334,16.0,17.866666666666667,1.8666666666666671,1.0,3.1333333333333333,3.1333333333333333,3.1333333333333333,0.22983870967741937,0.07365998026964815,12.46,moderate,2026-08-06
66,66,1,Overnight (0–6),9,14.9,12.0,15.38,3.380000000000001,,10.0,,,0.08636363636363636,0.1258611059393037,10.57,moderate,2026-08-06
66,66,1,PM Peak (15–19),35,17.866666666666667,16.0,17.866666666666667,1.8666666666666671,34.0,5.133333333333334,5.133333333333334,6.133333333333334,0.15489130434782608,0.07365998026964815,9.84,moderate,2026-08-06
67,67,0,AM Peak (6–9),18,22.5,15.0,30.0,15.0,18.0,6.0,5.0,10.3,0.1357142857142857,0.3898635477582846,28.14,moderate,2026-08-06
67,67,0,Evening (19–24),15,24.0,22.0,24.0,2.0,14.0,2.0,0.6000000000000001,7.6000000000000085,0.31666666666666665,0.07850834151128556,15.79,very low recovery time,2026-08-06
67,67,0,Midday (9–15),25,28.0,28.0,28.0,0.0,23.0,3.0,3.0,3.0,0.2375,0.0,8.31,very low recovery time,2026-08-06
67,67,0,Overnight (0–6),5,22.0,16.6,28.0,11.399999999999999,4.0,3.0,2.0,11.000000000000002,0.2375,0.3268817204301075,27.93,very low recovery time,2026-08-06
67,67,0,PM Peak (15–19),20,30.0,30.0,30.0,0.0,19.0,8.0,7.6,8.0,0.10555555555555556,0.0,3.69,moderate,2026-08-06
67,67,1,AM Peak (6–9),18,22.5,18.0,30.0,12.0,17.0,9.0,1.0,15.0,0.095,0.3382663847780127,23.62,moderate,2026-08-06
67,67,1,Evening (19–24),14,26.0,24.0,26.0,2.0,15.0,2.0,2.0,4.0,0.31666666666666665,0.07850834151128556,15.79,very low recovery time,2026-08-06
67,67,1,Midday (9–15),25,27.0,27.0,29.400000000000006,2.4000000000000057,25.0,2.0,2.0,2.0,0.31666666666666665,0.09275362318840599,16.65,very low recovery time,2026-08-06
67,67,1,Overnight (0–6),6,25.0,24.0,26.0,2.0,3.0,2.0,0.4,12.4,0.31666666666666665,0.07850834151128556,15.79,very low recovery time,2026-08-06
67,67,1,PM Peak (15–19),20,31.0,31.0,31.0,0.0,20.0,3.0,2.9000000000000004,3.0,0.2375,0.0,8.31,very low recovery time,2026-08-06
68,68,0,AM Peak (6–9),23,42.0,42.0,65.0,23.0,20.0,11.0,8.8,11.0,0.07916666666666666,0.4948897256589564,32.46,high schedule variability,2026-08-06
68,68,0,Evening (19–24),20,36.0,33.0,52.0,19.0,18.0,6.0,6.0,16.0,0.1357142857142857,0.4473219540906415,31.59,moderate,2026-08-06
68,68,0,Midday (9–15),37,43.0,43.0,62.0,19.0,37.0,6.0,5.6,7.0,0.1357142857142857,0.4473219540906415,31.59,moderate,2026-08-06
68,68,0,Overnight (0–6),12,37.0,33.0,37.0,4.0,9.0,2.0,1.6,6.2,0.31666666666666665,0.14558689717925385,19.82,very low recovery time,2026-08-06
68,68,0,PM Peak (15–19),24,50.0,46.9,71.0,24.1,25.0,8.0,3.4000000000000004,8.600000000000001,0.10555555555555556,0.5065685759327377,34.09,high schedule variability,2026-08-06
68,68,1,AM Peak (6–9),22,50.5,41.0,62.0,21.0,19.0,10.0,9.2,15.599999999999998,0.08636363636363636,0.47217537942664417,31.35,moderate,2026-08-06
68,68,1,Evening (19–24),19,39.0,35.0,54.0,19.0,19.0,5.0,3.0,14.0,0.15833333333333333,0.4473219540906415,32.38,moderate,2026-08-06
68,68,1,Midday (9–15),37,43.0,43.0,60.0,17.0,35.0,8.0,2.0,10.0,0.10555555555555556,0.4200123533045089,28.9,moderate,2026-08-06
68,68,1,Overnight (0–6),13,35.0,35.0,50.0,15.0,9.0,8.0,2.4000000000000004,12.400000000000002,0.10555555555555556,0.3898635477582846,27.09,moderate,2026-08-06
68,68,1,PM Peak (15–19),25,51.0,43.8,69.0,25.200000000000003,23.0,8.0,7.0,9.8,0.10555555555555556,0.5177195685670262,34.76,high schedule variability,2026-08-06
69,69,0,AM Peak (6–9),9,25.0,22.0,25.0,3.0,9.0,1.0,0.0,1.0,0.475,0.11331444759206798,23.42,no recovery time,2026-08-06
69,69,0,Evening (19–24),15,23.0,19.0,23.0,4.0,16.0,1.0,0.5,6.5,0.475,0.14558689717925385,25.36,no recovery time,2026-08-06
69,69,0,Midday (9–15),20,24.0,24.0,25.0,1.0,20.0,1.0,0.9000000000000001,1.1000000000000014,0.475,0.04085801838610827,19.08,no recovery time,2026-08-06
69,69,0,Overnight (0–6),8,19.0,2.0833333333333335,19.9,17.816666666666666,8.0,1.0,0.0,1.0,0.475,0.4314833501513622,42.51,no recovery time,2026-08-06
69,69,0,PM Peak (15–19),14,25.0,23.0,25.0,2.0,13.0,1.0,1.0,1.0,0.475,0.07850834151128556,21.34,no recovery time,2026-08-06
69,69,1,AM Peak (6–9),9,29.0,21.0,29.0,8.0,8.0,3.0,1.7000000000000002,6.799999999999999,0.2375,0.2541699761715647,23.56,very low recovery time,2026-08-06
69,69,1,Evening (19–24),16,28.0,19.0,28.0,9.0,14.0,8.5,1.3,16.0,0.09999999999999999,0.27713625866050806,20.13,moderate,2026-08-06
69,69,1,Midday (9–15),20,26.0,26.0,29.0,3.0,20.0,3.0,3.0,3.1000000000000014,0.2375,0.11331444759206798,15.11,very low recovery time,2026-08-06
69,69,1,Overnight (0–6),8,19.0,14.200000000000001,21.0,6.799999999999999,7.0,2.0,2.0,7.600000000000003,0.31666666666666665,0.2246077621800165,24.56,very low recovery time,2026-08-06
69,69,1,PM Peak (15–19),13,29.0,28.0,29.0,1.0,13.0,10.0,10.0,11.600000000000001,0.08636363636363636,0.04085801838610827,5.47,moderate,2026-08-06
70,70,0,AM Peak (6–9),12,25.0,21.0,25.0,4.0,12.0,0.0,0.0,1.8000000000000007,0.95,0.14558689717925385,41.99,no recovery time,2026-08-06
70,70,0,Evening (19–24),20,22.0,20.0,22.400000000000006,2.4000000000000057,18.0,0.0,0.0,1.3000000000000007,0.95,0.09275362318840599,38.82,no recovery time,2026-08-06
70,70,0,Midday (9–15),26,25.0,25.0,25.0,0.0,25.0,0.0,0.0,0.0,0.95,0.0,33.25,no recovery time,2026-08-06
70,70,0,Overnight (0–6),10,20.0,20.0,21.066666666666666,1.0666666666666664,10.0,0.0,0.0,0.0,0.95,0.043463497453310684,35.86,no recovery time,2026-08-06
70,70,0,PM Peak (15–19),19,36.0,36.0,36.0,0.0,19.0,1.0,0.0,1.7999999999999972,0.475,0.0,16.62,no recovery time,2026-08-06
70,70,1,AM Peak (6–9),13,27.0,20.0,27.0,7.0,12.0,6.0,3.1,8.0,0.1357142857142857,0.22969647251845773,18.53,moderate,2026-08-06
70,70,1,Evening (19–24),19,20.0,18.0,20.599999999999998,2.599999999999998,19.0,6.0,4.6,7.0,0.1357142857142857,0.09971236816874393,10.73,moderate,2026-08-06
70,70,1,Midday (9–15),25,24.0,24.0,24.0,0.0,26.0,7.0,7.0,7.0,0.11875,0.0,4.16,moderate,2026-08-06
70,70,1,Overnight (0–6),10,18.0,17.985,20.0,2.0150000000000006,7.0,7.0,4.0,13.000000000000005,0.11875,0.07905060808160064,8.9,moderate,2026-08-06
70,70,1,PM Peak (15–19),19,24.0,24.0,24.0,0.0,19.0,2.0,2.0,2.0,0.31666666666666665,0.0,11.08,very low recovery time,2026-08-06
71,71,0,AM Peak (6–9),16,31.5,28.0,34.0,6.0,15.0,6.0,3.2,6.0,0.1357142857142857,0.2035623409669211,16.96,moderate,2026-08-06
71,71,0,Evening (19–24),18,27.0,22.0,27.0,5.0,19.0,4.0,2.8,5.0,0.19,0.17559262510974538,17.19,moderate,2026-08-06
71,71,0,Midday (9–15),25,30.0,30.0,30.0,0.0,25.0,3.0,3.0,4.0,0.2375,0.0,8.31,very low recovery time,2026-08-06
71,71,0,Overnight (0–6),8,22.0,15.73,28.0,12.27,5.0,5.0,0.8,5.0,0.15833333333333333,0.3432647922786403,26.14,moderate,2026-08-06
71,71,0,PM Peak (15–19),20,33.0,27.0,33.0,6.0,21.0,3.0,0.0,3.0,0.2375,0.2035623409669211,20.53,very low recovery time,2026-08-06
71,71,1,AM Peak (6–9),15,32.0,26.0,32.6,6.600000000000001,13.0,12.0,9.4,13.0,0.07307692307692307,0.21945137157107233,15.72,moderate,2026-08-06
71,71,1,Evening (19–24),18,29.0,25.0,29.0,4.0,17.0,14.0,5.6,15.0,0.06333333333333332,0.14558689717925385,10.95,moderate,2026-08-06
71,71,1,Midday (9–15),25,33.0,33.0,33.0,0.0,24.0,9.0,2.6000000000000005,9.0,0.095,0.0,3.32,moderate,2026-08-06
71,71,1,Overnight (0–6),7,25.0,25.0,26.0,1.0,4.0,8.0,8.0,11.5,0.10555555555555556,0.04085801838610827,6.15,moderate,2026-08-06
71,71,1,PM Peak (15–19),21,41.0,29.0,41.0,12.0,19.0,7.0,5.4,7.0,0.11875,0.3382663847780127,24.45,moderate,2026-08-06
72,72,0,AM Peak (6–9),24,52.0,43.0,52.0,9.0,22.0,4.0,1.0,5.0,0.19,0.27713625866050806,23.28,moderate,2026-08-06
72,72,0,Evening (19–24),32,46.0,41.0,46.0,5.0,33.0,5.0,3.0,5.0,0.15833333333333333,0.17559262510974538,16.08,moderate,2026-08-06
72,72,0,Midday (9–15),42,51.0,51.0,55.0,4.0,34.0,4.0,3.0,5.399999999999999,0.19,0.14558689717925385,15.39,moderate,2026-08-06
72,72,0,Overnight (0–6),14,41.0,34.0,42.61666666666667,8.616666666666667,9.0,3.0,2.8,7.2,0.2375,0.26850168787327966,24.42,very low recovery time,2026-08-06
72,72,0,PM Peak (15–19),32,55.0,46.9,55.0,8.100000000000001,31.0,4.0,4.0,5.0,0.19,0.25653206650831356,22.04,moderate,2026-08-06
72,72,1,AM Peak (6–9),24,50.0,41.0,50.0,9.0,22.0,5.0,5.0,7.0,0.15833333333333333,0.27713625866050806,22.17,moderate,2026-08-06
72,72,1,Evening (19–24),32,48.0,40.0,48.0,8.0,31.0,9.0,4.0,9.0,0.095,0.2541699761715647,18.58,moderate,2026-08-06
72,72,1,Midday (9–15),42,55.0,55.0,60.0,5.0,40.0,7.0,5.9,7.100000000000001,0.11875,0.17559262510974538,14.69,moderate,2026-08-06
72,72,1,Overnight (0–6),17,40.0,24.74666666666667,41.0,16.25333333333333,9.0,6.0,4.8,10.0,0.1357142857142857,0.40911188488484285,29.3,moderate,2026-08-06
72,72,1,PM Peak (15–19),32,60.0,60.0,60.0,0.0,31.0,8.0,8.0,8.0,0.10555555555555556,0.0,3.69,moderate,2026-08-06
73,73,0,AM Peak (6–9),24,30.0,22.0,53.0,31.0,23.0,6.0,6.0,9.0,0.1357142857142857,0.5690683799908215,38.89,high schedule variability,2026-08-06
73,73,0,Evening (19–24),26,24.0,21.0,42.0,21.0,26.0,7.0,2.0,9.0,0.11875,0.47217537942664417,32.49,moderate,2026-08-06
73,73,0,Midday (9–15),34,30.5,26.200000000000003,50.0,23.799999999999997,33.0,9.0,2.0,9.0,0.095,0.5034373347435219,33.53,high schedule variability,2026-08-06
73,73,0,Overnight (0–6),14,29.5,21.0,43.0,22.0,7.0,7.0,2.0,9.0,0.11875,0.4837822979659153,33.18,high schedule variability,2026-08-06
73,73,0,PM Peak (15–19),30,32.0,25.0,53.0,28.0,30.0,2.0,2.0,2.0,0.31666666666666665,0.5439533754249636,43.72,"very low recovery time, high schedule variability",2026-08-06
73,73,1,AM Peak (6–9),23,34.0,21.8,48.0,26.2,23.0,5.0,2.0,25.0,0.15833333333333333,0.5274282838449925,37.19,high schedule variability,2026-08-06
73,73,1,Evening (19–24),26,32.5,25.0,46.0,21.0,26.0,5.0,2.0,13.5,0.15833333333333333,0.47217537942664417,33.87,moderate,2026-08-06
73,73,1,Midday (9–15),35,36.0,32.0,48.0,16.0,31.0,5.0,0.0,13.0,0.15833333333333333,0.40531982267257755,29.86,moderate,2026-08-06
73,73,1,Overnight (0–6),13,27.0,25.0,44.0,19.0,11.0,5.0,2.0,9.0,0.15833333333333333,0.4473219540906415,32.38,moderate,2026-08-06
73,73,1,PM Peak (15–19),30,36.0,26.0,56.0,30.0,30.0,7.0,2.0,21.0,0.11875,0.5610098176718092,37.82,high schedule variability,2026-08-06
74,74,0,AM Peak (6–9),8,21.0,17.0,25.0,8.0,8.0,4.5,1.4000000000000001,8.6,0.17272727272727273,0.2541699761715647,21.3,moderate,2026-08-06
74,74,0,Evening (19–24),14,16.0,14.0,16.0,2.0,14.0,3.0,3.0,5.0,0.2375,0.07850834151128556,13.02,very low recovery time,2026-08-06
74,74,0,Midday (9–15),15,19.0,19.0,20.799999999999997,1.7999999999999972,14.0,6.0,4.6,6.0,0.1357142857142857,0.07121661721068238,9.02,moderate,2026-08-06
74,74,0,Overnight (0–6),6,14.0,14.0,16.6,2.6000000000000014,5.0,5.0,2.0,12.200000000000001,0.15833333333333333,0.09971236816874406,11.52,moderate,2026-08-06
74,74,0,PM Peak (15–19),12,21.0,20.0,22.0,2.0,13.0,4.0,4.0,10.0,0.19,0.07850834151128556,11.36,moderate,2026-08-06
74,74,1,AM Peak (6–9),9,22.0,18.0,22.0,4.0,8.0,4.0,3.0,8.399999999999999,0.19,0.14558689717925385,15.39,moderate,2026-08-06
74,74,1,Evening (19–24),15,18.0,15.0,18.0,3.0,14.0,3.0,3.0,6.0,0.2375,0.11331444759206798,15.11,very low recovery time,2026-08-06
74,74,1,Midday (9–15),15,20.0,20.0,20.0,0.0,14.0,5.0,5.0,5.0,0.15833333333333333,0.0,5.54,moderate,2026-08-06
74,74,1,Overnight (0–6),6,15.0,15.0,15.0,0.0,5.0,6.0,0.0,6.0,0.1357142857142857,0.0,4.75,moderate,2026-08-06
74,74,1,PM Peak (15–19),12,26.0,24.0,28.0,4.0,12.0,6.0,6.0,6.0,0.1357142857142857,0.14558689717925385,13.49,moderate,2026-08-06
75,75,0,AM Peak (6–9),26,29.0,20.783333333333335,29.0,8.216666666666665,23.0,5.0,2.0,8.0,0.15833333333333333,0.25926899815934784,21.1,moderate,2026-08-06
75,75,0,Evening (19–24),14,26.0,23.0,26.0,3.0,17.0,8.0,2.0,12.0,0.10555555555555556,0.11331444759206798,10.49,moderate,2026-08-06
75,75,0,Midday (9–15),42,28.0,28.0,28.0,0.0,43.0,7.0,6.0,7.0,0.11875,0.0,4.16,moderate,2026-08-06
75,75,0,Overnight (0–6),6,23.0,15.866666666666667,23.0,7.133333333333333,5.0,3.0,2.0,6.6,0.2375,0.23305200108902802,22.3,very low recovery time,2026-08-06
75,75,0,PM Peak (15–19),28,31.0,31.0,31.0,0.0,27.0,13.0,6.0,13.0,0.06785714285714285,0.0,2.38,moderate,2026-08-06
75,75,1,AM Peak (6–9),23,20.0,17.0,20.0,3.0,20.0,3.0,3.0,5.0,0.2375,0.11331444759206798,15.11,very low recovery time,2026-08-06
75,75,1,Evening (19–24),17,18.0,17.0,18.0,1.0,13.0,4.0,2.0,6.800000000000001,0.19,0.04085801838610827,9.1,moderate,2026-08-06
75,75,1,Midday (9–15),42,22.0,22.0,22.0,0.0,42.0,3.0,2.0,3.0,0.2375,0.0,8.31,very low recovery time,2026-08-06
75,75,1,Overnight (0–6),5,17.0,17.0,17.0,0.0,4.0,2.0,0.6000000000000001,9.700000000000003,0.31666666666666665,0.0,11.08,very low recovery time,2026-08-06
75,75,1,PM Peak (15–19),28,24.0,24.0,24.0,0.0,27.0,4.0,4.0,4.0,0.19,0.0,6.65,moderate,2026-08-06
76,76,0,AM Peak (6–9),25,24.0,13.0,24.0,11.0,24.0,2.0,2.0,8.0,0.31666666666666665,0.31907179115300943,30.23,very low recovery time,2026-08-06
76,76,0,Evening (19–24),41,17.0,13.0,19.0,6.0,43.0,3.0,0.0,4.0,0.2375,0.2035623409669211,20.53,very low recovery time,2026-08-06
76,76,0,Midday (9–15),48,21.0,13.8,21.0,7.199999999999999,48.0,5.0,3.0,5.0,0.15833333333333333,0.23471882640586794,19.62,moderate,2026-08-06
76,76,0,Overnight (0–6),21,17.0,11.25,20.0,8.75,20.0,0.0,0.0,2.3000000000000043,0.95,0.27152831652443754,49.54,no recovery time,2026-08-06
76,76,0,PM Peak (15–19),41,22.0,15.0,22.0,7.0,40.0,2.0,2.0,3.0,0.31666666666666665,0.22969647251845773,24.87,very low recovery time,2026-08-06
76,76,1,AM Peak (6–9),24,19.0,17.0,19.0,2.0,23.0,5.0,2.0,5.800000000000001,0.15833333333333333,0.07850834151128556,10.25,moderate,2026-08-06
76,76,1,Evening (19–24),43,11.0,9.0,13.0,4.0,42.0,4.0,2.0,5.0,0.19,0.14558689717925385,15.39,moderate,2026-08-06
76,76,1,Midday (9–15),48,16.0,11.0,16.0,5.0,48.0,8.0,1.0,8.0,0.10555555555555556,0.17559262510974538,14.23,moderate,2026-08-06
76,76,1,Overnight (0–6),20,11.0,4.683333333333334,14.200000000000003,9.51666666666667,16.0,2.0,2.0,4.0,0.31666666666666665,0.28845668098004545,28.39,very low recovery time,2026-08-06
76,76,1,PM Peak (15–19),40,19.0,13.0,19.0,6.0,39.0,2.0,2.0,5.0,0.31666666666666665,0.2035623409669211,23.3,very low recovery time,2026-08-06
77,77,0,AM Peak (6–9),12,15.0,15.0,15.0,0.0,12.0,4.0,4.0,4.0,0.19,0.0,6.65,moderate,2026-08-06
77,77,0,Evening (19–24),12,14.0,13.0,14.0,1.0,12.0,3.0,3.0,4.0,0.2375,0.04085801838610827,10.76,very low recovery time,2026-08-06
77,77,0,Midday (9–15),13,16.0,16.0,16.0,0.0,13.0,3.0,3.0,3.8000000000000007,0.2375,0.0,8.31,very low recovery time,2026-08-06
77,77,0,Overnight (0–6),7,13.0,11.916666666666666,15.0,3.083333333333334,7.0,2.0,0.0,4.0,0.31666666666666665,0.1160966426106056,18.05,very low recovery time,2026-08-06
77,77,0,PM Peak (15–19),16,18.0,17.0,18.0,1.0,16.0,2.0,2.0,3.0,0.31666666666666665,0.04085801838610827,13.53,very low recovery time,2026-08-06
77,77,1,AM Peak (6–9),12,8.0,8.0,8.0,0.0,12.0,3.0,3.0,3.0,0.2375,0.0,8.31,very low recovery time,2026-08-06
77,77,1,Evening (19–24),12,7.0,6.0,7.0,1.0,11.0,3.0,3.0,4.0,0.2375,0.04085801838610827,10.76,very low recovery time,2026-08-06
77,77,1,Midday (9–15),13,8.0,8.0,8.0,0.0,13.0,3.0,3.0,3.0,0.2375,0.0,8.31,very low recovery time,2026-08-06
77,77,1,Overnight (0–6),7,6.0,6.0,8.0,2.0,5.0,4.0,1.2000000000000002,5.800000000000001,0.19,0.07850834151128556,11.36,moderate,2026-08-06
77,77,1,PM Peak (15–19),16,8.0,8.0,8.0,0.0,16.0,2.0,2.0,2.0,0.31666666666666665,0.0,11.08,very low recovery time,2026-08-06
78,78,0,AM Peak (6–9),9,18.0,3.0,18.0,15.0,9.0,0.0,0.0,0.0,0.95,0.3898635477582846,56.64,no recovery time,2026-08-06
78,78,0,Evening (19–24),11,16.0,14.0,16.0,2.0,12.0,0.0,0.0,0.0,0.95,0.07850834151128556,37.96,no recovery time,2026-08-06
78,78,0,Midday (9–15),15,17.0,17.0,17.6,0.6000000000000014,14.0,0.0,0.0,0.0,0.95,0.02492211838006236,34.75,no recovery time,2026-08-06
78,78,0,Overnight (0–6),3,14.0,14.0,14.0,0.0,2.0,0.5,0.1,0.9,0.6333333333333333,0.0,22.17,no recovery time,2026-08-06
78,78,0,PM Peak (15–19),12,19.0,19.0,19.0,0.0,12.0,0.0,0.0,0.0,0.95,0.0,33.25,no recovery time,2026-08-06
78,78,1,AM Peak (6–9),9,11.0,11.0,11.0,0.0,8.0,2.0,1.0,3.3,0.31666666666666665,0.0,11.08,very low recovery time,2026-08-06
78,78,1,Evening (19–24),12,12.0,11.1,12.0,0.9000000000000004,12.0,6.0,2.1,7.0,0.1357142857142857,0.03692307692307694,6.97,moderate,2026-08-06
78,78,1,Midday (9–15),14,12.0,12.0,12.700000000000001,0.7000000000000011,15.0,6.0,5.0,6.0,0.1357142857142857,0.028955532574974185,6.49,moderate,2026-08-06
78,78,1,Overnight (0–6),2,11.0,11.0,11.0,0.0,2.0,4.5,4.1,4.9,0.17272727272727273,0.0,6.05,moderate,2026-08-06
78,78,1,PM Peak (15–19),12,13.0,13.0,13.0,0.0,12.0,3.0,3.0,3.0,0.2375,0.0,8.31,very low recovery time,2026-08-06
79,79,0,AM Peak (6–9),19,30.0,27.0,36.2,9.200000000000003,17.0,5.0,0.6000000000000001,9.0,0.15833333333333333,0.28156082631981644,22.44,moderate,2026-08-06
79,79,0,Evening (19–24),20,25.5,19.893333333333338,29.0,9.106666666666662,18.0,2.5,0.0,5.0,0.2714285714285714,0.27950278786638694,26.27,very low recovery time,2026-08-06
79,79,0,Midday (9–15),22,30.0,3.740000000000003,36.0,32.26,16.0,0.5,0.0,1.0,0.6333333333333333,0.5788104422714632,56.9,"no recovery time, high schedule variability",2026-08-06
79,79,0,Overnight (0–6),11,24.0,0.9333333333333333,29.0,28.066666666666666,7.0,2.0,0.0,12.4,0.31666666666666665,0.544543249797898,43.76,"very low recovery time, high schedule variability",2026-08-06
79,79,0,PM Peak (15–19),20,37.0,36.0,39.0,3.0,20.0,0.5,0.0,3.0,0.6333333333333333,0.11331444759206798,28.97,no recovery time,2026-08-06
79,79,1,AM Peak (6–9),18,28.0,26.0,28.0,2.0,17.0,5.0,3.0,8.0,0.15833333333333333,0.07850834151128556,10.25,moderate,2026-08-06
79,79,1,Evening (19–24),18,28.0,25.0,29.0,4.0,20.0,0.0,0.0,9.0,0.95,0.14558689717925385,41.99,no recovery time,2026-08-06
79,79,1,Midday (9–15),20,28.0,28.0,35.1,7.100000000000001,19.0,2.0,0.0,2.0,0.31666666666666665,0.23221586263287003,25.02,very low recovery time,2026-08-06
79,79,1,Overnight (0–6),7,26.0,25.0,28.0,3.0,6.0,1.0,0.0,6.0,0.475,0.11331444759206798,23.42,no recovery time,2026-08-06
79,79,1,PM Peak (15–19),20,35.0,35.0,36.0,1.0,21.0,9.0,9.0,10.0,0.095,0.04085801838610827,5.78,moderate,2026-08-06
80,80,0,AM Peak (6–9),12,26.0,15.4,39.0,23.6,14.0,9.0,0.6000000000000001,17.0,0.095,0.501327668613914,33.4,high schedule variability,2026-08-06
80,80,0,Evening (19–24),13,37.0,28.6,37.0,8.399999999999999,15.0,9.0,6.800000000000001,12.2,0.095,0.26352941176470585,19.14,moderate,2026-08-06
80,80,0,Midday (9–15),14,43.0,39.0,45.1,6.100000000000001,13.0,10.0,6.0,13.200000000000003,0.08636363636363636,0.20625528317836012,15.4,moderate,2026-08-06
80,80,0,Overnight (0–6),9,28.0,15.0,33.0,18.0,7.0,14.0,2.0,14.0,0.06333333333333332,0.43399638336347196,28.26,moderate,2026-08-06
80,80,0,PM Peak (15–19),17,26.0,26.0,49.0,23.0,16.0,8.5,2.5,12.5,0.09999999999999999,0.4948897256589564,33.19,high schedule variability,2026-08-06
80,80,1,AM Peak (6–9),14,38.0,35.6,42.0,6.399999999999999,13.0,10.0,0.20000000000000018,14.400000000000002,0.08636363636363636,0.2142259414225941,15.88,moderate,2026-08-06
80,80,1,Evening (19–24),14,36.0,27.9,36.0,8.100000000000001,12.0,6.0,3.3000000000000003,11.9,0.1357142857142857,0.25653206650831356,20.14,moderate,2026-08-06
80,80,1,Midday (9–15),15,41.0,38.0,44.03,6.030000000000001,14.0,13.0,10.0,18.0,0.06785714285714285,0.20437214031520085,14.64,moderate,2026-08-06
80,80,1,Overnight (0–6),11,28.916666666666668,27.0,38.0,11.0,6.0,3.0,2.0,7.0,0.2375,0.31907179115300943,27.46,very low recovery time,2026-08-06
80,80,1,PM Peak (15–19),16,47.0,45.5,47.0,1.5,14.0,12.0,2.0,12.0,0.07307692307692307,0.06006006006006006,6.16,moderate,2026-08-06
82,82,0,AM Peak (6–9),7,12.0,11.0,12.0,1.0,7.0,0.0,0.0,0.40000000000000036,0.95,0.04085801838610827,35.7,no recovery time,2026-08-06
82,82,0,Evening (19–24),13,11.0,10.0,11.0,1.0,13.0,0.0,0.0,0.0,0.95,0.04085801838610827,35.7,no recovery time,2026-08-06
82,82,0,Midday (9–15),15,12.0,12.0,12.0,0.0,14.0,0.0,0.0,0.0,0.95,0.0,33.25,no recovery time,2026-08-06
82,82,0,Overnight (0–6),2,10.0,10.0,10.0,0.0,1.0,2.0,2.0,2.0,0.31666666666666665,0.0,11.08,very low recovery time,2026-08-06
82,82,0,PM Peak (15–19),9,12.0,11.0,12.0,1.0,10.0,0.0,0.0,0.0,0.95,0.04085801838610827,35.7,no recovery time,2026-08-06
82,82,1,AM Peak (6–9),7,9.0,8.0,9.0,1.0,6.0,4.0,2.0,4.5,0.19,0.04085801838610827,9.1,moderate,2026-08-06
82,82,1,Evening (19–24),13,8.0,7.0,8.0,1.0,13.0,6.0,3.0,6.0,0.1357142857142857,0.04085801838610827,7.2,moderate,2026-08-06
82,82,1,Midday (9–15),14,9.0,9.0,9.0,0.0,15.0,4.0,4.0,4.0,0.19,0.0,6.65,moderate,2026-08-06
82,82,1,Overnight (0–6),1,7.0,7.0,7.0,0.0,1.0,1.0,1.0,1.0,0.475,0.0,16.62,no recovery time,2026-08-06
82,82,1,PM Peak (15–19),10,9.0,8.0,9.0,1.0,10.0,4.0,4.0,6.0,0.19,0.04085801838610827,9.1,moderate,2026-08-06
83,83,0,AM Peak (6–9),13,19.0,19.0,19.0,0.0,13.0,4.0,4.0,4.0,0.19,0.0,6.65,moderate,2026-08-06
83,83,0,Evening (19–24),16,17.0,16.0,17.0,1.0,15.0,2.0,2.0,2.0,0.31666666666666665,0.04085801838610827,13.53,very low recovery time,2026-08-06
83,83,0,Midday (9–15),18,20.0,20.0,20.0,0.0,17.0,4.0,4.0,4.0,0.19,0.0,6.65,moderate,2026-08-06
83,83,0,Overnight (0–6),5,16.0,15.4,16.0,0.5999999999999996,5.0,2.0,0.8,2.0,0.31666666666666665,0.024922118380062287,12.58,very low recovery time,2026-08-06
83,83,0,PM Peak (15–19),18,20.0,20.0,20.0,0.0,19.0,12.0,12.0,12.0,0.07307692307692307,0.0,2.56,moderate,2026-08-06
83,83,1,AM Peak (6–9),14,18.0,18.0,18.0,0.0,12.0,1.0,1.0,1.0,0.475,0.0,16.62,no recovery time,2026-08-06
83,83,1,Evening (19–24),16,16.5,15.0,18.0,3.0,16.0,2.5,1.0,3.0,0.2714285714285714,0.11331444759206798,16.3,very low recovery time,2026-08-06
83,83,1,Midday (9–15),17,19.0,19.0,19.0,0.0,17.0,1.0,1.0,3.0000000000000018,0.475,0.0,16.62,no recovery time,2026-08-06
83,83,1,Overnight (0–6),6,15.0,15.0,15.0,0.0,4.0,1.0,1.0,2.4000000000000004,0.475,0.0,16.62,no recovery time,2026-08-06
83,83,1,PM Peak (15–19),18,19.0,19.0,19.0,0.0,17.0,1.0,1.0,1.8000000000000007,0.475,0.0,16.62,no recovery time,2026-08-06
84,84,0,AM Peak (6–9),33,41.0,35.0,54.8,19.799999999999997,26.0,7.0,4.0,8.5,0.11875,0.4575389948006932,31.61,moderate,2026-08-06
84,84,0,Evening (19–24),39,28.0,28.0,34.0,6.0,37.0,5.0,5.0,7.0,0.15833333333333333,0.2035623409669211,17.76,moderate,2026-08-06
84,84,0,Midday (9–15),55,37.0,37.0,50.0,13.0,50.0,5.0,3.0,9.0,0.15833333333333333,0.3564084989718985,26.93,moderate,2026-08-06
84,84,0,Overnight (0–6),16,28.0,25.0,32.5,7.5,15.0,7.0,3.2,8.0,0.11875,0.24213075060532688,18.68,moderate,2026-08-06
84,84,0,PM Peak (15–19),32,45.0,34.0,66.0,32.0,29.0,9.0,6.6000000000000005,15.0,0.095,0.5768364127985579,37.94,high schedule variability,2026-08-06
84,84,1,AM Peak (6–9),37,42.0,37.0,56.0,19.0,32.0,5.0,1.1,8.0,0.15833333333333333,0.4473219540906415,32.38,moderate,2026-08-06
84,84,1,Evening (19–24),40,31.0,31.0,37.0,6.0,38.0,4.0,2.0,6.900000000000013,0.19,0.2035623409669211,18.86,moderate,2026-08-06
84,84,1,Midday (9–15),54,40.0,40.0,46.3,6.299999999999997,51.0,6.0,1.0,7.0,0.1357142857142857,0.2115869017632241,17.45,moderate,2026-08-06
84,84,1,Overnight (0–6),20,30.0,13.650000000000002,36.1,22.45,15.0,6.0,0.40000000000000013,10.2,0.1357142857142857,0.48884050081654873,34.08,high schedule variability,2026-08-06
84,84,1,PM Peak (15–19),31,46.0,37.0,69.0,32.0,32.0,6.0,0.0,12.0,0.1357142857142857,0.5768364127985579,39.36,high schedule variability,2026-08-06
85,85,0,AM Peak (6–9),20,50.0,43.0,58.0,15.0,19.0,10.0,6.0,15.2,0.08636363636363636,0.3898635477582846,26.41,moderate,2026-08-06
85,85,0,Evening (19–24),30,50.0,42.0,60.0,18.0,29.0,6.0,3.0,8.0,0.1357142857142857,0.43399638336347196,30.79,moderate,2026-08-06
85,85,0,Midday (9–15),40,56.0,49.0,61.0,12.0,39.0,6.0,5.0,11.0,0.1357142857142857,0.3382663847780127,25.05,moderate,2026-08-06
85,85,0,Overnight (0–6),18,42.0,33.0,51.6,18.6,14.0,3.0,2.3,10.0,0.2375,0.44206773618538325,34.84,very low recovery time,2026-08-06
85,85,0,PM Peak (15–19),26,57.0,54.0,66.0,12.0,24.0,5.0,3.0,15.0,0.15833333333333333,0.3382663847780127,25.84,moderate,2026-08-06
85,85,1,AM Peak (6–9),20,54.0,45.0,63.0,18.0,18.0,8.0,0.7000000000000002,11.3,0.10555555555555556,0.43399638336347196,29.73,moderate,2026-08-06
85,85,1,Evening (19–24),30,45.0,35.0,54.0,19.0,30.0,10.0,2.0,10.0,0.08636363636363636,0.4473219540906415,29.86,moderate,2026-08-06
85,85,1,Midday (9–15),40,57.0,50.0,62.0,12.0,40.0,7.0,6.0,7.0,0.11875,0.3382663847780127,24.45,moderate,2026-08-06
85,85,1,Overnight (0–6),20,37.0,24.736666666666665,46.70000000000001,21.963333333333345,17.0,10.0,2.4000000000000004,14.8,0.08636363636363636,0.4833657337783811,32.02,moderate,2026-08-06
85,85,1,PM Peak (15–19),26,53.0,52.0,64.0,12.0,26.0,8.0,8.0,10.5,0.10555555555555556,0.3382663847780127,23.99,moderate,2026-08-06
86,86,0,AM Peak (6–9),30,37.0,30.6,43.1,12.5,28.0,6.0,2.7,12.0,0.1357142857142857,0.34746351633078526,25.6,moderate,2026-08-06
86,86,0,Evening (19–24),38,39.0,35.0,42.0,7.0,40.0,4.0,2.9000000000000004,7.200000000000003,0.19,0.22969647251845773,20.43,moderate,2026-08-06
86,86,0,Midday (9–15),46,38.0,34.0,47.0,13.0,45.0,11.0,2.0,14.0,0.07916666666666666,0.3564084989718985,24.16,moderate,2026-08-06
86,86,0,Overnight (0–6),19,33.0,11.0,39.0,28.0,15.0,5.0,2.000000000000001,12.0,0.15833333333333333,0.5439533754249636,38.18,high schedule variability,2026-08-06
86,86,0,PM Peak (15–19),41,40.0,36.0,50.0,14.0,39.0,2.0,0.0,9.0,0.31666666666666665,0.3735823882588392,33.5,very low recovery time,2026-08-06
86,86,1,AM Peak (6–9),30,32.0,29.9,43.0,13.100000000000001,28.0,4.0,4.0,4.300000000000001,0.19,0.35816814764183186,28.14,moderate,2026-08-06
86,86,1,Evening (19–24),39,30.0,27.8,36.0,8.2,37.0,6.0,6.0,6.0,0.1357142857142857,0.25887924230465664,20.28,moderate,2026-08-06
86,86,1,Midday (9–15),48,30.0,29.0,41.0,12.0,47.0,6.0,4.0,6.0,0.1357142857142857,0.3382663847780127,25.05,moderate,2026-08-06
86,86,1,Overnight (0–6),20,30.0,28.0,36.0,8.0,16.0,6.0,4.5,9.0,0.1357142857142857,0.2541699761715647,20.0,moderate,2026-08-06
86,86,1,PM Peak (15–19),40,31.0,30.0,42.0,12.0,40.0,4.0,4.0,4.0,0.19,0.3382663847780127,26.95,moderate,2026-08-06
87,87,0,AM Peak (6–9),18,22.0,22.0,26.0,4.0,,10.0,,,0.08636363636363636,0.14558689717925385,11.76,moderate,2026-08-06
87,87,0,Evening (19–24),30,22.0,19.0,22.0,3.0,19.0,4.0,4.0,9.0,0.19,0.11331444759206798,13.45,moderate,2026-08-06
87,87,0,Midday (9–15),36,26.0,26.0,26.0,0.0,,10.0,,,0.08636363636363636,0.0,3.02,moderate,2026-08-06
87,87,0,Overnight (0–6),15,19.0,18.0,22.0,4.0,9.0,4.0,4.0,9.0,0.19,0.14558689717925385,15.39,moderate,2026-08-06
87,87,0,PM Peak (15–19),24,29.0,29.0,29.0,0.0,,10.0,,,0.08636363636363636,0.0,3.02,moderate,2026-08-06
87,87,1,AM Peak (6–9),18,23.0,23.0,29.0,6.0,18.0,8.0,8.0,8.0,0.10555555555555556,0.2035623409669211,15.91,moderate,2026-08-06
87,87,1,Evening (19–24),30,21.0,19.0,21.0,2.0,30.0,8.0,8.0,8.0,0.10555555555555556,0.07850834151128556,8.4,moderate,2026-08-06
87,87,1,Midday (9–15),36,27.0,27.0,27.5,0.5,36.0,8.0,8.0,8.0,0.10555555555555556,0.020855057351407715,4.95,moderate,2026-08-06
87,87,1,Overnight (0–6),16,19.0,17.0,23.0,6.0,11.0,8.0,3.0,8.0,0.10555555555555556,0.2035623409669211,15.91,moderate,2026-08-06
87,87,1,PM Peak (15–19),24,28.0,28.0,28.0,0.0,24.0,8.0,8.0,8.0,0.10555555555555556,0.0,3.69,moderate,2026-08-06
88,88,0,AM Peak (6–9),24,20.0,18.0,24.0,6.0,23.0,0.0,0.0,0.0,0.95,0.2035623409669211,45.46,no recovery time,2026-08-06
88,88,0,Evening (19–24),15,20.0,17.0,21.0,4.0,15.0,1.0,0.0,1.0,0.475,0.14558689717925385,25.36,no recovery time,2026-08-06
88,88,0,Midday (9–15),21,24.0,23.0,29.0,6.0,20.0,0.0,0.0,0.0,0.95,0.2035623409669211,45.46,no recovery time,2026-08-06
88,88,0,Overnight (0–6),10,11.358333333333334,3.81,18.0,14.19,8.0,0.5,0.0,9.2,0.6333333333333333,0.37674233373158106,44.77,no recovery time,2026-08-06
88,88,0,PM Peak (15–19),19,29.0,25.0,31.0,6.0,20.0,1.5,0.0,4.0,0.38,0.2035623409669211,25.51,very low recovery time,2026-08-06
88,88,1,AM Peak (6–9),24,28.0,27.0,29.0,2.0,23.0,6.0,5.0,7.800000000000001,0.1357142857142857,0.07850834151128556,9.46,moderate,2026-08-06
88,88,1,Evening (19–24),15,23.0,20.0,23.0,3.0,15.0,10.0,5.2,10.0,0.08636363636363636,0.11331444759206798,9.82,moderate,2026-08-06
88,88,1,Midday (9–15),21,26.0,25.0,26.0,1.0,19.0,11.0,10.0,11.2,0.07916666666666666,0.04085801838610827,5.22,moderate,2026-08-06
88,88,1,Overnight (0–6),10,27.0,18.4,28.0,9.600000000000001,6.0,7.0,5.0,15.5,0.11875,0.29024943310657597,21.57,moderate,2026-08-06
88,88,1,PM Peak (15–19),20,27.0,26.0,27.0,1.0,18.0,13.5,6.7,14.0,0.06551724137931034,0.04085801838610827,4.74,moderate,2026-08-06
89,89,0,AM Peak (6–9),19,47.0,40.0,49.0,9.0,18.0,8.0,8.0,8.3,0.10555555555555556,0.27713625866050806,20.32,moderate,2026-08-06
89,89,0,Evening (19–24),29,37.0,31.0,40.0,9.0,30.0,8.0,8.0,8.0,0.10555555555555556,0.27713625866050806,20.32,moderate,2026-08-06
89,89,0,Midday (9–15),37,48.0,48.0,57.0,9.0,36.0,8.0,8.0,8.0,0.10555555555555556,0.27713625866050806,20.32,moderate,2026-08-06
89,89,0,Overnight (0–6),18,31.0,28.033333333333335,40.0,11.966666666666665,12.0,8.0,4.300000000000001,11.600000000000001,0.10555555555555556,0.33764401598871385,23.95,moderate,2026-08-06
89,89,0,PM Peak (15–19),24,57.0,50.2,57.0,6.799999999999997,24.0,8.0,8.0,8.0,0.10555555555555556,0.22460776218001643,17.17,moderate,2026-08-06
89,89,1,AM Peak (6–9),18,46.0,39.0,47.0,8.0,17.0,7.0,5.2,13.0,0.11875,0.2541699761715647,19.41,moderate,2026-08-06
89,89,1,Evening (19–24),30,42.5,34.0,43.0,9.0,29.0,9.0,7.0,10.0,0.095,0.27713625866050806,19.95,moderate,2026-08-06
89,89,1,Midday (9–15),36,49.0,49.0,61.0,12.0,34.0,5.0,5.0,9.7,0.15833333333333333,0.3382663847780127,25.84,moderate,2026-08-06
89,89,1,Overnight (0–6),17,34.0,31.0,37.76,6.759999999999998,13.0,7.0,7.0,11.0,0.11875,0.22358194145857443,17.57,moderate,2026-08-06
89,89,1,PM Peak (15–19),24,61.0,56.3,61.0,4.700000000000003,23.0,14.0,14.0,14.0,0.06333333333333332,0.16681455190771968,12.23,moderate,2026-08-06
90,90,0,AM Peak (6–9),15,20.0,14.0,20.0,6.0,13.0,8.0,4.0,8.0,0.10555555555555556,0.2035623409669211,15.91,moderate,2026-08-06
90,90,0,Evening (19–24),20,14.0,13.0,14.0,1.0,21.0,2.0,2.0,7.0,0.31666666666666665,0.04085801838610827,13.53,very low recovery time,2026-08-06
90,90,0,Midday (9–15),36,16.0,16.0,17.0,1.0,36.0,5.0,5.0,8.0,0.15833333333333333,0.04085801838610827,7.99,moderate,2026-08-06
90,90,0,Overnight (0–6),8,13.0,12.66,13.3,0.6400000000000006,7.0,7.0,4.200000000000001,8.200000000000001,0.11875,0.026539498237611467,5.75,moderate,2026-08-06
90,90,0,PM Peak (15–19),24,17.0,17.0,17.0,0.0,24.0,4.0,4.0,4.0,0.19,0.0,6.65,moderate,2026-08-06
90,90,1,AM Peak (6–9),13,18.0,15.0,18.0,3.0,12.0,4.0,3.0,6.9,0.19,0.11331444759206798,13.45,moderate,2026-08-06
90,90,1,Evening (19–24),21,16.0,14.0,16.0,2.0,21.0,4.0,4.0,6.0,0.19,0.07850834151128556,11.36,moderate,2026-08-06
90,90,1,Midday (9–15),37,17.0,17.0,21.599999999999994,4.599999999999994,35.0,2.0,2.0,7.0,0.31666666666666665,0.16384683882457685,20.91,very low recovery time,2026-08-06
90,90,1,Overnight (0–6),9,14.0,13.61,14.546666666666667,0.9366666666666674,6.0,6.0,6.0,11.5,0.1357142857142857,0.03836963200655427,7.05,moderate,2026-08-06
90,90,1,PM Peak (15–19),23,24.0,24.0,24.0,0.0,24.0,5.0,5.0,5.0,0.15833333333333333,0.0,5.54,moderate,2026-08-06
91,91,0,AM Peak (6–9),11,28.0,25.0,28.0,3.0,11.0,13.0,6.0,13.0,0.06785714285714285,0.11331444759206798,9.17,moderate,2026-08-06
91,91,0,Evening (19–24),12,23.0,20.0,23.0,3.0,12.0,3.0,3.0,5.0,0.2375,0.11331444759206798,15.11,very low recovery time,2026-08-06
91,91,0,Midday (9–15),18,25.0,25.0,25.3,0.3000000000000007,17.0,5.0,4.6,9.000000000000004,0.15833333333333333,0.012618296529968483,6.3,moderate,2026-08-06
91,91,0,Overnight (0–6),7,20.0,14.720000000000002,25.0,10.279999999999998,4.0,5.0,5.0,5.7,0.15833333333333333,0.3045474744482299,23.81,moderate,2026-08-06
91,91,0,PM Peak (15–19),10,26.0,25.0,26.0,1.0,11.0,10.0,1.0,10.0,0.08636363636363636,0.04085801838610827,5.47,moderate,2026-08-06
91,91,1,AM Peak (6–9),11,32.0,27.0,32.0,5.0,10.0,2.0,1.8,2.599999999999998,0.31666666666666665,0.17559262510974538,21.62,very low recovery time,2026-08-06
91,91,1,Evening (19–24),12,26.0,23.0,26.0,3.0,11.0,0.0,0.0,2.0,0.95,0.11331444759206798,40.05,no recovery time,2026-08-06
91,91,1,Midday (9–15),19,29.0,29.0,36.0,7.0,18.0,1.0,1.0,4.0,0.475,0.22969647251845773,30.41,no recovery time,2026-08-06
91,91,1,Overnight (0–6),6,24.875,23.0,26.875,3.875,6.0,2.0,1.0,2.0,0.31666666666666665,0.14168190127970748,19.58,very low recovery time,2026-08-06
91,91,1,PM Peak (15–19),11,37.0,34.0,40.0,6.0,11.0,4.0,4.0,11.0,0.19,0.2035623409669211,18.86,moderate,2026-08-06
92,92,0,AM Peak (6–9),16,10.0,9.0,10.0,1.0,16.0,3.5,3.0,4.5,0.2111111111111111,0.04085801838610827,9.84,moderate,2026-08-06
92,92,0,Evening (19–24),33,9.0,9.0,11.0,2.0,33.0,2.0,1.0,3.0,0.31666666666666665,0.07850834151128556,15.79,very low recovery time,2026-08-06
92,92,0,Midday (9–15),26,10.0,10.0,10.0,0.0,26.0,3.0,3.0,3.0,0.2375,0.0,8.31,very low recovery time,2026-08-06
92,92,0,Overnight (0–6),10,9.0,9.0,9.0,0.0,10.0,1.0,1.0,3.0,0.475,0.0,16.62,no recovery time,2026-08-06
92,92,0,PM Peak (15–19),24,11.0,11.0,11.0,0.0,24.0,2.0,2.0,2.0,0.31666666666666665,0.0,11.08,very low recovery time,2026-08-06
92,92,1,AM Peak (6–9),16,10.0,9.0,11.0,2.0,15.0,3.0,3.0,6.199999999999999,0.2375,0.07850834151128556,13.02,very low recovery time,2026-08-06
92,92,1,Evening (19–24),34,9.0,8.0,11.0,3.0,33.0,3.0,2.0,3.0,0.2375,0.11331444759206798,15.11,very low recovery time,2026-08-06
92,92,1,Midday (9–15),26,11.0,11.0,11.0,0.0,26.0,4.0,4.0,4.0,0.19,0.0,6.65,moderate,2026-08-06
92,92,1,Overnight (0–6),10,8.0,8.0,9.0,1.0,8.0,2.0,2.0,3.8999999999999995,0.31666666666666665,0.04085801838610827,13.53,very low recovery time,2026-08-06
92,92,1,PM Peak (15–19),23,14.0,14.0,14.0,0.0,17.0,3.0,3.0,3.0,0.2375,0.0,8.31,very low recovery time,2026-08-06
93,93,0,AM Peak (6–9),6,11.5,11.0,12.0,1.0,6.0,8.0,3.0,8.0,0.10555555555555556,0.04085801838610827,6.15,moderate,2026-08-06
93,93,0,Evening (19–24),11,11.0,10.0,15.0,5.0,11.0,4.0,0.0,5.0,0.19,0.17559262510974538,17.19,moderate,2026-08-06
93,93,0,Midday (9–15),12,12.0,12.0,12.0,0.0,12.0,7.0,7.0,7.0,0.11875,0.0,4.16,moderate,2026-08-06
93,93,0,Overnight (0–6),4,10.0,10.0,10.0,0.0,3.0,1.0,0.2,4.2,0.475,0.0,16.62,no recovery time,2026-08-06
93,93,0,PM Peak (15–19),8,15.0,14.1,15.0,0.9000000000000004,2.0,1.5,0.30000000000000004,2.7,0.38,0.03692307692307694,15.52,very low recovery time,2026-08-06
93,93,1,AM Peak (6–9),7,9.0,6.193333333333333,9.0,2.8066666666666666,7.0,1.0,0.0,1.0,0.475,0.10679180670936649,23.03,no recovery time,2026-08-06
93,93,1,Evening (19–24),11,11.0,9.0,14.0,5.0,10.0,1.0,1.0,4.0,0.475,0.17559262510974538,27.16,no recovery time,2026-08-06
93,93,1,Midday (9–15),12,10.0,10.0,10.0,0.0,12.0,1.0,1.0,1.0,0.475,0.0,16.62,no recovery time,2026-08-06
93,93,1,Overnight (0–6),3,9.0,9.0,9.0,0.0,4.0,1.0,0.30000000000000004,1.0,0.475,0.0,16.62,no recovery time,2026-08-06
93,93,1,PM Peak (15–19),8,14.0,14.0,14.0,0.0,8.0,1.0,1.0,1.0,0.475,0.0,16.62,no recovery time,2026-08-06
94,94,0,AM Peak (6–9),19,34.0,16.0,40.0,24.0,18.0,2.5,1.0,4.0,0.2714285714285714,0.5055292259083728,39.83,"very low recovery time, high schedule variability",2026-08-06
94,94,0,Evening (19–24),31,17.0,13.0,36.0,23.0,32.0,3.0,0.10000000000000009,6.0,0.2375,0.4948897256589564,38.01,"very low recovery time, high schedule variability",2026-08-06
94,94,0,Midday (9–15),36,29.5,19.0,40.0,21.0,36.0,1.0,1.0,1.0,0.475,0.47217537942664417,44.96,no recovery time,2026-08-06
94,94,0,Overnight (0–6),9,29.0,13.0,30.0,17.0,5.0,6.0,5.0,6.0,0.1357142857142857,0.4200123533045089,29.95,moderate,2026-08-06
94,94,0,PM Peak (15–19),24,31.0,22.0,44.0,22.0,23.0,1.0,0.20000000000000018,1.0,0.475,0.4837822979659153,45.65,"no recovery time, high schedule variability",2026-08-06
94,94,1,AM Peak (6–9),18,20.5,11.0,36.0,25.0,19.0,7.0,3.0,12.0,0.11875,0.5157297576070139,35.1,high schedule variability,2026-08-06
94,94,1,Evening (19–24),31,12.0,9.0,29.0,20.0,31.0,8.0,0.0,13.0,0.10555555555555556,0.46003450258769407,31.3,moderate,2026-08-06
94,94,1,Midday (9–15),36,24.5,14.0,35.0,21.0,36.0,5.5,4.0,6.0,0.14615384615384613,0.47217537942664417,33.45,moderate,2026-08-06
94,94,1,Overnight (0–6),9,25.0,9.0,27.0,18.0,6.0,0.0,0.0,13.0,0.95,0.43399638336347196,59.29,no recovery time,2026-08-06
94,94,1,PM Peak (15–19),24,27.5,15.0,40.0,25.0,23.0,5.0,2.0,15.0,0.15833333333333333,0.5157297576070139,36.49,high schedule variability,2026-08-06
95,95,0,AM Peak (6–9),20,67.0,54.27666666666667,68.0,13.72333333333333,15.0,5.0,2.0,9.6,0.15833333333333333,0.3689233388592678,27.68,moderate,2026-08-06
95,95,0,Evening (19–24),42,51.5,44.0,61.0,17.0,35.0,9.0,4.4,12.600000000000001,0.095,0.4200123533045089,28.53,moderate,2026-08-06
95,95,0,Midday (9–15),38,65.0,65.0,65.0,0.0,36.0,2.0,2.0,2.5,0.31666666666666665,0.0,11.08,very low recovery time,2026-08-06
95,95,0,Overnight (0–6),20,43.5,1.85,53.70000000000001,51.85000000000001,17.0,0.0,0.0,14.8,0.95,0.6883504812479256,74.55,"no recovery time, high schedule variability",2026-08-06
95,95,0,PM Peak (15–19),26,76.0,67.0,76.0,9.0,24.0,12.0,4.9,13.0,0.07307692307692307,0.27713625866050806,19.19,moderate,2026-08-06
95,95,1,AM Peak (6–9),19,70.0,65.0,71.0,6.0,18.0,8.0,6.7,9.0,0.10555555555555556,0.2035623409669211,15.91,moderate,2026-08-06
95,95,1,Evening (19–24),41,52.0,44.0,56.0,12.0,40.0,6.0,5.0,8.0,0.1357142857142857,0.3382663847780127,25.05,moderate,2026-08-06
95,95,1,Midday (9–15),36,64.0,64.0,64.5,0.5,35.0,9.0,5.4,9.0,0.095,0.020855057351407715,4.58,moderate,2026-08-06
95,95,1,Overnight (0–6),16,48.0,42.0,63.0,21.0,12.0,6.0,4.2,11.8,0.1357142857142857,0.47217537942664417,33.08,moderate,2026-08-06
95,95,1,PM Peak (15–19),24,69.0,62.6,69.0,6.399999999999999,23.0,3.0,3.0,7.400000000000002,0.2375,0.2142259414225941,21.17,very low recovery time,2026-08-06
96,96,0,AM Peak (6–9),21,70.0,62.0,74.0,12.0,20.0,4.0,3.8000000000000003,4.100000000000001,0.19,0.3382663847780127,26.95,moderate,2026-08-06
96,96,0,Evening (19–24),30,58.5,55.0,62.0,7.0,30.0,4.0,4.0,6.100000000000001,0.19,0.22969647251845773,20.43,moderate,2026-08-06
96,96,0,Midday (9–15),37,73.0,69.0,80.0,11.0,36.0,4.0,2.5,4.0,0.19,0.31907179115300943,25.79,moderate,2026-08-06
96,96,0,Overnight (0–6),23,53.0,22.816666666666666,61.0,38.18333333333334,14.0,5.0,4.3,10.0,0.15833333333333333,0.619272874712799,42.7,high schedule variability,2026-08-06
96,96,0,PM Peak (15–19),24,80.0,69.6,83.0,13.400000000000006,23.0,5.0,5.0,5.0,0.15833333333333333,0.3633898305084747,27.35,moderate,2026-08-06
96,96,1,AM Peak (6–9),21,64.0,60.0,69.0,9.0,19.0,11.0,5.8,17.0,0.07916666666666666,0.27713625866050806,19.4,moderate,2026-08-06
96,96,1,Evening (19–24),30,62.0,54.0,65.0,11.0,26.0,12.0,6.0,16.0,0.07307692307692307,0.31907179115300943,21.7,moderate,2026-08-06
96,96,1,Midday (9–15),37,70.0,67.0,77.8,10.799999999999997,36.0,10.0,3.0,18.0,0.08636363636363636,0.3150984682713347,21.93,moderate,2026-08-06
96,96,1,Overnight (0–6),18,52.0,43.2,60.3,17.099999999999994,13.0,13.0,5.200000000000001,16.0,0.06785714285714285,0.42144177449168196,27.66,moderate,2026-08-06
96,96,1,PM Peak (15–19),24,77.0,73.6,81.0,7.400000000000006,23.0,18.0,11.0,18.0,0.049999999999999996,0.23967611336032402,16.13,moderate,2026-08-06
97,97,0,AM Peak (6–9),14,44.5,30.0,61.400000000000006,31.400000000000006,14.0,4.5,2.0,10.400000000000002,0.17272727272727273,0.5722095671981777,40.38,high schedule variability,2026-08-06
97,97,0,Evening (19–24),22,38.5,24.0,47.0,23.0,21.0,6.0,2.0,12.0,0.1357142857142857,0.4948897256589564,34.44,high schedule variability,2026-08-06
97,97,0,Midday (9–15),26,47.5,40.0,57.0,17.0,26.0,11.5,2.0,19.0,0.076,0.4200123533045089,27.86,moderate,2026-08-06
97,97,0,Overnight (0–6),9,41.0,23.8,60.4,36.599999999999994,6.0,7.0,6.0,8.0,0.11875,0.6092384519350811,40.71,high schedule variability,2026-08-06
97,97,0,PM Peak (15–19),16,46.5,36.0,71.0,35.0,17.0,2.0,2.0,20.0,0.31666666666666665,0.5985463873450192,47.0,"very low recovery time, high schedule variability",2026-08-06
97,97,1,AM Peak (6–9),15,41.833333333333336,35.0,55.2,20.200000000000003,13.0,3.0,2.0,8.0,0.2375,0.4625071551230681,36.06,very low recovery time,2026-08-06
97,97,1,Evening (19–24),21,36.0,31.0,48.0,17.0,21.0,7.0,3.0,16.0,0.11875,0.4200123533045089,29.36,moderate,2026-08-06
97,97,1,Midday (9–15),25,58.0,36.0,63.0,27.0,25.0,2.0,2.0,12.0,0.31666666666666665,0.5349182763744428,43.18,"very low recovery time, high schedule variability",2026-08-06
97,97,1,Overnight (0–6),10,33.0,30.4,45.0,14.600000000000001,6.0,12.0,3.0,18.5,0.07307692307692307,0.3834537097833224,25.56,moderate,2026-08-06
97,97,1,PM Peak (15–19),16,47.5,47.0,65.0,18.0,16.0,3.5,1.0,5.0,0.2111111111111111,0.43399638336347196,33.43,moderate,2026-08-06
98,98,0,AM Peak (6–9),7,37.0,33.0,40.0,7.0,7.0,7.0,4.4,10.4,0.11875,0.22969647251845773,17.94,moderate,2026-08-06
98,98,0,Evening (19–24),12,32.5,29.0,34.0,5.0,11.0,7.0,6.0,8.0,0.11875,0.17559262510974538,14.69,moderate,2026-08-06
98,98,0,Midday (9–15),13,35.0,35.0,35.0,0.0,13.0,8.0,8.0,8.0,0.10555555555555556,0.0,3.69,moderate,2026-08-06
98,98,0,Overnight (0–6),6,29.0,15.958333333333334,33.0,17.041666666666664,3.0,9.0,7.4,12.2,0.095,0.4206088029617441,28.56,moderate,2026-08-06
98,98,0,PM Peak (15–19),9,40.0,34.0,40.0,6.0,8.0,8.0,6.4,8.0,0.10555555555555556,0.2035623409669211,15.91,moderate,2026-08-06
98,98,1,AM Peak (6–9),6,36.0,33.0,38.0,5.0,7.0,2.0,2.0,4.800000000000001,0.31666666666666665,0.17559262510974538,21.62,very low recovery time,2026-08-06
98,98,1,Evening (19–24),13,30.0,26.0,32.0,6.0,12.0,2.0,2.0,3.0,0.31666666666666665,0.2035623409669211,23.3,very low recovery time,2026-08-06
98,98,1,Midday (9–15),13,34.0,34.0,34.0,0.0,13.0,4.0,4.0,4.0,0.19,0.0,6.65,moderate,2026-08-06
98,98,1,Overnight (0–6),6,29.5,13.425,33.0,19.575,6.0,1.0,0.0,3.0,0.475,0.4547038327526133,43.91,no recovery time,2026-08-06
98,98,1,PM Peak (15–19),9,38.0,32.0,38.0,6.0,9.0,4.0,0.0,4.6000000000000005,0.19,0.2035623409669211,18.86,moderate,2026-08-06
99,99,0,Evening (19–24),16,7.0,7.0,7.0,0.0,,10.0,,,0.08636363636363636,0.0,3.02,moderate,2026-08-06
99,99,0,Midday (9–15),23,7.0,7.0,7.0,0.0,,10.0,,,0.08636363636363636,0.0,3.02,moderate,2026-08-06
99,99,0,Overnight (0–6),8,7.0,7.0,7.0,0.0,,10.0,,,0.08636363636363636,0.0,3.02,moderate,2026-08-06
99,99,0,PM Peak (15–19),8,7.0,7.0,7.0,0.0,,10.0,,,0.08636363636363636,0.0,3.02,moderate,2026-08-06
99,99,1,Evening (19–24),15,12.916666666666666,12.916666666666666,12.916666666666666,0.0,16.0,3.0,2.0,3.0,0.2375,0.0,8.31,very low recovery time,2026-08-06
99,99,1,Midday (9–15),23,14.916666666666666,14.916666666666666,14.916666666666666,0.0,23.0,3.0,1.2000000000000002,3.0,0.2375,0.0,8.31,very low recovery time,2026-08-06
99,99,1,Overnight (0–6),9,12.916666666666666,12.916666666666666,12.916666666666666,0.0,8.0,7.0,0.0,7.0,0.11875,0.0,4.16,moderate,2026-08-06
99,99,1,PM Peak (15–19),9,12.916666666666666,12.916666666666666,12.916666666666666,0.0,8.0,3.0,0.0,3.0,0.2375,0.0,8.31,very low recovery time,2026-08-06
100,100,0,AM Peak (6–9),36,31.5,30.0,35.0,5.0,35.0,2.0,2.0,3.0,0.31666666666666665,0.17559262510974538,21.62,very low recovery time,2026-08-06
100,100,0,Evening (19–24),30,30.0,26.0,30.0,4.0,30.0,3.0,3.0,4.0,0.2375,0.14558689717925385,17.05,very low recovery time,2026-08-06
100,100,0,Midday (9–15),50,34.0,34.0,35.0,1.0,48.0,2.0,2.0,3.0,0.31666666666666665,0.04085801838610827,13.53,very low recovery time,2026-08-06
100,100,0,Overnight (0–6),15,25.75,25.75,26.0,0.25,9.0,4.0,2.0,4.4,0.19,0.01053740779768177,7.28,moderate,2026-08-06
100,100,0,PM Peak (15–19),40,35.0,35.0,35.0,0.0,40.0,3.0,3.0,3.0,0.2375,0.0,8.31,very low recovery time,2026-08-06
100,100,1,AM Peak (6–9),36,33.0,32.0,34.0,2.0,36.0,1.0,0.0,3.0,0.475,0.07850834151128556,21.34,no recovery time,2026-08-06
100,100,1,Evening (19–24),31,33.0,29.0,33.0,4.0,30.0,4.0,1.0,5.200000000000003,0.19,0.14558689717925385,15.39,moderate,2026-08-06
100,100,1,Midday (9–15),50,34.0,34.0,38.0,4.0,47.0,2.0,2.0,3.0,0.31666666666666665,0.14558689717925385,19.82,very low recovery time,2026-08-06
100,100,1,Overnight (0–6),13,29.0,21.75,31.400000000000002,9.650000000000002,7.0,1.0,1.0,1.8000000000000007,0.475,0.2913207547169812,34.1,no recovery time,2026-08-06
100,100,1,PM Peak (15–19),40,38.0,38.0,38.0,0.0,40.0,2.0,2.0,2.0,0.31666666666666665,0.0,11.08,very low recovery time,2026-08-06
101,101,0,AM Peak (6–9),7,40.0,38.2,40.0,1.7999999999999972,6.0,6.5,2.5,14.0,0.12666666666666665,0.07121661721068238,8.71,moderate,2026-08-06
101,101,0,Evening (19–24),10,20.0,19.0,21.499999999999993,2.499999999999993,10.0,11.0,9.2,18.5,0.07916666666666666,0.09624639076034623,8.55,moderate,2026-08-06
101,101,0,Midday (9–15),12,21.0,21.0,35.400000000000006,14.400000000000006,12.0,10.0,1.6000000000000005,12.9,0.08636363636363636,0.38019801980198026,25.83,moderate,2026-08-06
101,101,0,Overnight (0–6),5,19.0,19.0,32.373333333333335,13.373333333333335,4.0,0.0,0.0,10.500000000000004,0.95,0.3629291238862002,55.03,no recovery time,2026-08-06
101,101,0,PM Peak (15–19),10,44.0,28.1,44.0,15.899999999999999,9.0,13.0,7.2,19.0,0.06785714285714285,0.4038095238095238,26.6,moderate,2026-08-06
101,101,1,AM Peak (6–9),8,39.0,39.0,39.0,0.0,,10.0,,,0.08636363636363636,0.0,3.02,moderate,2026-08-06
101,101,1,Evening (19–24),9,21.0,20.0,23.6,3.6000000000000014,,10.0,,,0.08636363636363636,0.13296398891966763,11.0,moderate,2026-08-06
101,101,1,Midday (9–15),13,25.0,25.0,40.0,15.0,,10.0,,,0.08636363636363636,0.3898635477582846,26.41,moderate,2026-08-06
101,101,1,Overnight (0–6),6,20.0,1.9333333333333333,38.78333333333333,36.85,,10.0,,,0.08636363636363636,0.6108578532946539,39.67,high schedule variability,2026-08-06
101,101,1,PM Peak (15–19),10,45.0,27.3,45.0,17.7,2.0,10.0,10.0,10.0,0.08636363636363636,0.42987249544626593,28.82,moderate,2026-08-06
102,102,0,AM Peak (6–9),24,62.0,56.0,85.0,29.0,20.0,9.0,9.0,15.0,0.095,0.5526441162458313,36.48,high schedule variability,2026-08-06
102,102,0,Evening (19–24),54,45.5,29.0,68.40000000000003,39.400000000000034,53.0,5.0,4.0,9.800000000000004,0.15833333333333333,0.6266401590457258,43.14,high schedule variability,2026-08-06
102,102,0,Midday (9–15),37,60.0,60.0,79.0,19.0,37.0,19.0,10.6,19.0,0.0475,0.4473219540906415,28.5,moderate,2026-08-06
102,102,0,Overnight (0–6),25,44.0,20.530000000000005,56.0,35.47,21.0,7.0,0.0,9.0,0.11875,0.6017473916362711,40.26,high schedule variability,2026-08-06
102,102,0,PM Peak (15–19),26,70.0,70.0,86.0,16.0,24.0,9.0,8.0,15.0,0.095,0.40531982267257755,27.64,moderate,2026-08-06
102,102,1,AM Peak (6–9),25,66.0,66.0,88.0,22.0,22.0,7.5,2.3000000000000003,36.0,0.11176470588235293,0.4837822979659153,32.94,high schedule variability,2026-08-06
102,102,1,Evening (19–24),56,49.0,35.0,70.5,35.5,53.0,8.0,0.0,16.0,0.10555555555555556,0.6019499788045782,39.81,high schedule variability,2026-08-06
102,102,1,Midday (9–15),37,61.0,61.0,88.0,27.0,36.0,1.0,0.0,14.0,0.475,0.5349182763744428,48.72,"no recovery time, high schedule variability",2026-08-06
102,102,1,Overnight (0–6),36,37.3,8.1,66.0,57.9,23.0,7.0,0.0,8.0,0.11875,0.7115207373271889,46.85,high schedule variability,2026-08-06
102,102,1,PM Peak (15–19),24,67.0,67.0,98.0,31.0,25.0,5.0,3.4000000000000004,13.0,0.15833333333333333,0.5690683799908215,39.69,high schedule variability,2026-08-06
103,103,0,AM Peak (6–9),8,16.0,16.0,23.0,7.0,8.0,6.0,4.0,7.499999999999999,0.1357142857142857,0.22969647251845773,18.53,moderate,2026-08-06
103,103,0,Evening (19–24),13,15.0,13.0,15.0,2.0,14.0,5.0,2.0,5.0,0.15833333333333333,0.07850834151128556,10.25,moderate,2026-08-06
103,103,0,Midday (9–15),16,19.0,19.0,19.5,0.5,15.0,8.0,5.6000000000000005,8.0,0.10555555555555556,0.020855057351407715,4.95,moderate,2026-08-06
103,103,0,Overnight (0–6),5,13.0,6.25,16.0,9.75,3.0,2.0,2.0,6.0,0.31666666666666665,0.2934537246049661,28.69,very low recovery time,2026-08-06
103,103,0,PM Peak (15–19),10,19.0,17.275,20.0,2.7250000000000014,9.0,4.0,3.6,6.0,0.19,0.10400763358778631,12.89,moderate,2026-08-06
103,103,1,AM Peak (6–9),8,15.0,15.0,20.0,5.0,7.0,3.0,3.0,5.000000000000002,0.2375,0.17559262510974538,18.85,very low recovery time,2026-08-06
103,103,1,Evening (19–24),13,15.0,14.0,15.0,1.0,13.0,5.0,1.0,6.600000000000001,0.15833333333333333,0.04085801838610827,7.99,moderate,2026-08-06
103,103,1,Midday (9–15),15,17.0,17.0,20.0,3.0,15.0,6.0,4.800000000000001,6.0,0.1357142857142857,0.11331444759206798,11.55,moderate,2026-08-06
103,103,1,Overnight (0–6),4,14.0,14.0,14.7,0.6999999999999993,4.0,1.0,0.30000000000000004,8.000000000000002,0.475,0.028955532574974116,18.36,no recovery time,2026-08-06
103,103,1,PM Peak (15–19),9,19.0,19.0,22.0,3.0,9.0,4.0,2.4000000000000004,6.0,0.19,0.11331444759206798,13.45,moderate,2026-08-06
104,104,0,AM Peak (6–9),6,26.0,24.0,26.0,2.0,,10.0,,,0.08636363636363636,0.07850834151128556,7.73,moderate,2026-08-06
104,104,0,Evening (19–24),12,24.0,20.0,24.0,4.0,,10.0,,,0.08636363636363636,0.14558689717925385,11.76,moderate,2026-08-06
104,104,0,Midday (9–15),14,25.0,25.0,26.700000000000003,1.7000000000000028,,10.0,,,0.08636363636363636,0.06752730883813317,7.07,moderate,2026-08-06
104,104,0,Overnight (0–6),5,20.0,20.0,22.4,2.3999999999999986,,10.0,,,0.08636363636363636,0.09275362318840574,8.59,moderate,2026-08-06
104,104,0,PM Peak (15–19),8,27.0,27.0,27.0,0.0,,10.0,,,0.08636363636363636,0.0,3.02,moderate,2026-08-06
104,104,1,AM Peak (6–9),6,30.0,27.0,30.0,3.0,6.0,2.5,1.0,4.0,0.2714285714285714,0.11331444759206798,16.3,very low recovery time,2026-08-06
104,104,1,Evening (19–24),12,26.0,23.0,26.0,3.0,12.0,1.0,0.10000000000000009,2.0,0.475,0.11331444759206798,23.42,no recovery time,2026-08-06
104,104,1,Midday (9–15),14,28.0,28.0,30.700000000000003,2.700000000000003,14.0,1.0,1.0,1.700000000000001,0.475,0.10315186246418347,22.81,no recovery time,2026-08-06
104,104,1,Overnight (0–6),4,23.0,23.0,25.8,2.8000000000000007,4.0,2.0,0.6000000000000001,2.0,0.31666666666666665,0.10656517602283541,17.48,very low recovery time,2026-08-06
104,104,1,PM Peak (15–19),8,31.0,31.0,31.0,0.0,8.0,2.0,1.7000000000000002,2.0,0.31666666666666665,0.0,11.08,very low recovery time,2026-08-06
105,105,0,AM Peak (6–9),14,13.0,11.0,13.0,2.0,13.0,6.0,4.0,6.0,0.1357142857142857,0.07850834151128556,9.46,moderate,2026-08-06
105,105,0,Evening (19–24),16,11.0,9.0,13.5,4.5,16.0,4.0,3.0,4.5,0.19,0.16085790884718498,16.3,moderate,2026-08-06
105,105,0,Midday (9–15),22,13.0,13.0,13.0,0.0,21.0,8.0,6.0,8.0,0.10555555555555556,0.0,3.69,moderate,2026-08-06
105,105,0,Overnight (0–6),6,10.0,9.0,15.0,6.0,6.0,3.0,0.0,5.0,0.2375,0.2035623409669211,20.53,very low recovery time,2026-08-06
105,105,0,PM Peak (15–19),16,15.0,14.0,18.0,4.0,16.0,5.0,2.0,8.0,0.15833333333333333,0.14558689717925385,14.28,moderate,2026-08-06
105,105,1,AM Peak (6–9),13,15.0,13.0,15.0,2.0,13.0,2.0,2.0,2.0,0.31666666666666665,0.07850834151128556,15.79,very low recovery time,2026-08-06
105,105,1,Evening (19–24),16,12.0,11.0,12.0,1.0,17.0,3.0,1.0,5.0,0.2375,0.04085801838610827,10.76,very low recovery time,2026-08-06
105,105,1,Midday (9–15),21,14.0,14.0,15.0,1.0,22.0,1.0,1.0,2.0,0.475,0.04085801838610827,19.08,no recovery time,2026-08-06
105,105,1,Overnight (0–6),6,12.0,11.0,15.0,4.0,4.0,4.0,1.2000000000000002,5.4,0.19,0.14558689717925385,15.39,moderate,2026-08-06
105,105,1,PM Peak (15–19),18,15.0,14.7,19.0,4.300000000000001,16.0,3.5,0.5,5.0,0.2111111111111111,0.15481548154815483,16.68,moderate,2026-08-06
106,106,0,AM Peak (6–9),10,27.0,24.0,27.0,3.0,10.0,4.5,2.7,7.499999999999998,0.17272727272727273,0.11331444759206798,12.84,moderate,2026-08-06
106,106,0,Evening (19–24),16,21.0,19.0,25.0,6.0,15.0,5.0,4.0,6.199999999999999,0.15833333333333333,0.2035623409669211,17.76,moderate,2026-08-06
106,106,0,Midday (9–15),19,23.0,23.0,26.599999999999998,3.599999999999998,18.0,6.0,5.1000000000000005,6.600000000000001,0.1357142857142857,0.13296398891966751,12.73,moderate,2026-08-06
106,106,0,Overnight (0–6),9,19.0,19.0,24.0,5.0,7.0,2.0,1.6,4.4,0.31666666666666665,0.17559262510974538,21.62,very low recovery time,2026-08-06
106,106,0,PM Peak (15–19),13,29.0,25.0,29.0,4.0,13.0,7.0,6.0,11.400000000000002,0.11875,0.14558689717925385,12.89,moderate,2026-08-06
106,106,1,AM Peak (6–9),11,26.0,22.0,26.0,4.0,10.0,5.0,5.0,7.1,0.15833333333333333,0.14558689717925385,14.28,moderate,2026-08-06
106,106,1,Evening (19–24),15,22.0,20.0,25.0,5.0,16.0,6.0,5.5,9.0,0.1357142857142857,0.17559262510974538,15.29,moderate,2026-08-06
106,106,1,Midday (9–15),18,24.0,24.0,24.0,0.0,19.0,7.0,6.8,7.0,0.11875,0.0,4.16,moderate,2026-08-06
106,106,1,Overnight (0–6),8,20.0,19.865000000000002,22.0,2.134999999999998,7.0,7.0,5.0,19.0,0.11875,0.08336587270597415,9.16,moderate,2026-08-06
106,106,1,PM Peak (15–19),14,29.0,25.6,29.0,3.3999999999999986,13.0,5.0,2.4000000000000004,6.0,0.15833333333333333,0.1265116279069767,13.13,moderate,2026-08-06
107,107,0,AM Peak (6–9),7,33.0,33.0,33.0,0.0,7.0,13.0,2.2,23.0,0.06785714285714285,0.0,2.38,moderate,2026-08-06
107,107,0,Evening (19–24),9,27.0,26.0,27.0,1.0,9.0,18.0,7.2,20.4,0.049999999999999996,0.04085801838610827,4.2,moderate,2026-08-06
107,107,0,Midday (9–15),12,31.0,31.0,31.0,0.0,11.0,4.0,0.0,22.0,0.19,0.0,6.65,moderate,2026-08-06
107,107,0,Overnight (0–6),5,26.0,26.0,33.0,7.0,4.0,0.5,0.0,16.400000000000006,0.6333333333333333,0.22969647251845773,35.95,no recovery time,2026-08-06
107,107,0,PM Peak (15–19),8,34.0,32.5,34.0,1.5,8.0,7.5,0.0,14.0,0.11176470588235293,0.06006006006006006,7.52,moderate,2026-08-06
107,107,1,AM Peak (6–9),7,34.0,34.0,34.0,0.0,,10.0,,,0.08636363636363636,0.0,3.02,moderate,2026-08-06
107,107,1,Evening (19–24),10,27.0,26.0,28.0,2.0,,10.0,,,0.08636363636363636,0.07850834151128556,7.73,moderate,2026-08-06
107,107,1,Midday (9–15),12,33.0,33.0,33.0,0.0,,10.0,,,0.08636363636363636,0.0,3.02,moderate,2026-08-06
107,107,1,Overnight (0–6),5,26.0,26.0,34.16,8.159999999999997,,10.0,,,0.08636363636363636,0.2579421526789947,18.5,moderate,2026-08-06
107,107,1,PM Peak (15–19),8,37.0,36.1,37.0,0.8999999999999986,,10.0,,,0.08636363636363636,0.036923076923076864,5.24,moderate,2026-08-06
108,108,0,AM Peak (6–9),19,34.0,30.0,38.0,8.0,18.0,9.0,7.4,13.0,0.095,0.2541699761715647,18.58,moderate,2026-08-06
108,108,0,Evening (19–24),21,31.0,28.0,34.0,6.0,21.0,6.0,6.0,15.0,0.1357142857142857,0.2035623409669211,16.96,moderate,2026-08-06
108,108,0,Midday (9–15),36,35.0,31.0,38.5,7.5,33.0,10.0,3.0,14.0,0.08636363636363636,0.24213075060532688,17.55,moderate,2026-08-06
108,108,0,Overnight (0–6),10,28.0,23.195,30.0,6.805,6.0,14.5,8.5,16.0,0.06129032258064516,0.2247357992073976,15.63,moderate,2026-08-06
108,108,0,PM Peak (15–19),22,36.0,36.0,42.0,6.0,21.0,14.0,14.0,14.0,0.06333333333333332,0.2035623409669211,14.43,moderate,2026-08-06
108,108,1,AM Peak (6–9),18,33.5,30.0,38.0,8.0,19.0,8.0,5.6,9.2,0.10555555555555556,0.2541699761715647,18.94,moderate,2026-08-06
108,108,1,Evening (19–24),22,31.5,27.0,34.0,7.0,22.0,7.0,3.0,9.900000000000002,0.11875,0.22969647251845773,17.94,moderate,2026-08-06
108,108,1,Midday (9–15),36,34.0,31.0,35.0,4.0,36.0,8.0,8.0,8.0,0.10555555555555556,0.14558689717925385,12.43,moderate,2026-08-06
108,108,1,Overnight (0–6),9,27.0,19.85,34.0,14.149999999999999,6.0,3.0,3.0,4.0,0.2375,0.37607973421926905,30.88,very low recovery time,2026-08-06
108,108,1,PM Peak (15–19),22,36.0,35.0,41.0,6.0,21.0,8.0,8.0,8.0,0.10555555555555556,0.2035623409669211,15.91,moderate,2026-08-06
109,109,0,AM Peak (6–9),10,29.0,9.833333333333334,32.0,22.166666666666664,10.0,2.0,0.0,5.1,0.31666666666666665,0.48566733613291946,40.22,"very low recovery time, high schedule variability",2026-08-06
109,109,0,Evening (19–24),11,22.0,19.0,24.0,5.0,12.0,6.0,4.0,7.0,0.1357142857142857,0.17559262510974538,15.29,moderate,2026-08-06
109,109,0,Midday (9–15),13,28.0,26.0,28.0,2.0,12.0,5.0,3.2,5.0,0.15833333333333333,0.07850834151128556,10.25,moderate,2026-08-06
109,109,0,Overnight (0–6),5,19.0,9.6,19.6,10.000000000000002,5.0,7.0,2.8000000000000003,7.0,0.11875,0.2987303958177745,22.08,moderate,2026-08-06
109,109,0,PM Peak (15–19),12,34.0,32.2,37.0,4.799999999999997,11.0,5.0,1.0,8.0,0.15833333333333333,0.16976127320954898,15.73,moderate,2026-08-06
109,109,1,AM Peak (6–9),10,24.5,21.0,26.0,5.0,9.0,4.0,0.0,5.4,0.19,0.17559262510974538,17.19,moderate,2026-08-06
109,109,1,Evening (19–24),12,21.0,20.0,24.0,4.0,11.0,3.0,0.0,4.0,0.2375,0.14558689717925385,17.05,very low recovery time,2026-08-06
109,109,1,Midday (9–15),12,24.5,24.0,25.0,1.0,12.0,3.5,2.0,5.0,0.2111111111111111,0.04085801838610827,9.84,moderate,2026-08-06
109,109,1,Overnight (0–6),6,20.0,8.5,20.0,11.5,5.0,3.0,0.8,4.0,0.2375,0.3288062902072909,28.04,very low recovery time,2026-08-06
109,109,1,PM Peak (15–19),12,35.0,28.1,36.0,7.899999999999999,11.0,6.0,0.0,8.0,0.1357142857142857,0.25179282868525893,19.86,moderate,2026-08-06
110,110,0,AM Peak (6–9),31,23.0,18.15,26.0,7.850000000000001,14.0,4.5,3.3,7.0,0.17272727272727273,0.25059856344772546,21.08,moderate,2026-08-06
110,110,0,Evening (19–24),24,20.575,17.15,24.0,6.850000000000001,11.0,4.0,1.0,13.0,0.19,0.22588623248145098,20.2,moderate,2026-08-06
110,110,0,Midday (9–15),29,22.15,20.15,26.0,5.850000000000001,15.0,5.0,5.0,5.0,0.15833333333333333,0.19948849104859337,17.51,moderate,2026-08-06
110,110,0,Overnight (0–6),16,16.15,5.2,22.0,16.8,5.0,4.0,4.0,12.600000000000001,0.19,0.41713221601489753,31.68,moderate,2026-08-06
110,110,0,PM Peak (15–19),30,23.075,21.85,27.0,5.149999999999999,14.0,7.0,5.0,9.0,0.11875,0.17991266375545847,14.95,moderate,2026-08-06
110,110,1,AM Peak (6–9),30,23.0,20.0,29.0,9.0,29.0,3.0,2.0,7.0,0.2375,0.27713625866050806,24.94,very low recovery time,2026-08-06
110,110,1,Evening (19–24),23,21.0,20.0,25.0,5.0,22.0,8.0,1.0,10.0,0.10555555555555556,0.17559262510974538,14.23,moderate,2026-08-06
110,110,1,Midday (9–15),31,24.85,22.0,29.0,7.0,27.0,4.0,4.0,9.0,0.19,0.22969647251845773,20.43,moderate,2026-08-06
110,110,1,Overnight (0–6),15,20.0,8.503333333333334,23.0,14.496666666666666,12.0,1.0,1.0,9.8,0.475,0.3817758855286837,39.53,no recovery time,2026-08-06
110,110,1,PM Peak (15–19),31,25.0,21.0,30.0,9.0,30.0,7.5,5.9,11.100000000000001,0.11176470588235293,0.27713625866050806,20.54,moderate,2026-08-06
111,111,0,AM Peak (6–9),16,28.0,27.0,28.0,1.0,15.0,6.0,3.0,6.0,0.1357142857142857,0.04085801838610827,7.2,moderate,2026-08-06
111,111,0,Evening (19–24),14,23.0,20.0,23.0,3.0,13.0,5.0,5.0,5.0,0.15833333333333333,0.11331444759206798,12.34,moderate,2026-08-06
111,111,0,Midday (9–15),23,26.0,26.0,26.0,0.0,23.0,2.0,1.2000000000000002,5.200000000000003,0.31666666666666665,0.0,11.08,very low recovery time,2026-08-06
111,111,0,Overnight (0–6),7,24.0,20.0,24.0,4.0,6.0,4.0,1.5,5.0,0.19,0.14558689717925385,15.39,moderate,2026-08-06
111,111,0,PM Peak (15–19),20,29.0,29.0,29.0,0.0,20.0,5.0,5.0,5.0,0.15833333333333333,0.0,5.54,moderate,2026-08-06
111,111,1,AM Peak (6–9),17,31.0,26.4,31.0,4.600000000000001,16.0,1.0,1.0,5.0,0.475,0.16384683882457707,26.46,no recovery time,2026-08-06
111,111,1,Evening (19–24),14,29.0,27.0,31.1,4.100000000000001,13.0,3.0,2.0,3.0,0.2375,0.14868540344514963,17.23,very low recovery time,2026-08-06
111,111,1,Midday (9–15),24,29.0,29.0,29.0,0.0,23.0,7.0,1.4000000000000004,7.0,0.11875,0.0,4.16,moderate,2026-08-06
111,111,1,Overnight (0–6),10,24.0,3.8833333333333333,27.0,23.116666666666667,7.0,0.0,0.0,2.0,0.95,0.49615453407261667,63.02,"no recovery time, high schedule variability",2026-08-06
111,111,1,PM Peak (15–19),20,34.0,33.8,34.0,0.20000000000000284,21.0,4.0,4.0,6.0,0.19,0.008447729672650594,7.16,moderate,2026-08-06
112,112,0,AM Peak (6–9),16,38.0,34.0,42.0,8.0,15.0,7.0,6.4,7.0,0.11875,0.2541699761715647,19.41,moderate,2026-08-06
112,112,0,Evening (19–24),14,53.0,45.0,53.0,8.0,13.0,5.0,2.6000000000000005,5.0,0.15833333333333333,0.2541699761715647,20.79,moderate,2026-08-06
112,112,0,Midday (9–15),32,30.0,30.0,60.0,30.0,29.0,8.0,3.8000000000000003,8.2,0.10555555555555556,0.5610098176718092,37.36,high schedule variability,2026-08-06
112,112,0,Overnight (0–6),9,45.0,34.0,45.0,11.0,5.0,5.0,2.0,5.6,0.15833333333333333,0.31907179115300943,24.69,moderate,2026-08-06
112,112,0,PM Peak (15–19),18,53.0,30.0,60.0,30.0,17.0,5.0,4.6,5.0,0.15833333333333333,0.5610098176718092,39.2,high schedule variability,2026-08-06
112,112,1,AM Peak (6–9),17,63.0,36.0,63.0,27.0,15.0,8.0,0.0,9.0,0.10555555555555556,0.5349182763744428,35.79,high schedule variability,2026-08-06
112,112,1,Evening (19–24),14,38.0,34.0,38.0,4.0,15.0,4.0,1.0,5.199999999999999,0.19,0.14558689717925385,15.39,moderate,2026-08-06
112,112,1,Midday (9–15),28,40.0,32.0,55.0,23.0,30.0,4.0,0.0,9.100000000000001,0.19,0.4948897256589564,36.34,high schedule variability,2026-08-06
112,112,1,Overnight (0–6),7,34.0,18.983333333333334,62.62,43.63666666666666,5.0,6.0,0.4,6.6,0.1357142857142857,0.6502098492562147,43.76,high schedule variability,2026-08-06
112,112,1,PM Peak (15–19),18,38.0,37.0,43.0,6.0,18.0,7.0,0.0,12.0,0.11875,0.2035623409669211,16.37,moderate,2026-08-06
113,113,0,AM Peak (6–9),9,28.0,23.0,28.0,5.0,9.0,15.0,2.0,16.0,0.059375,0.17559262510974538,12.61,moderate,2026-08-06
113,113,0,Evening (19–24),11,27.0,23.0,27.0,4.0,11.0,10.0,6.0,15.0,0.08636363636363636,0.14558689717925385,11.76,moderate,2026-08-06
113,113,0,Midday (9–15),19,28.0,28.0,33.0,5.0,18.0,16.0,10.7,16.0,0.055882352941176466,0.17559262510974538,12.49,moderate,2026-08-06
113,113,0,Overnight (0–6),8,21.5,9.45,23.0,13.55,7.0,9.0,3.6,12.0,0.095,0.36596893990546925,25.28,moderate,2026-08-06
113,113,0,PM Peak (15–19),15,33.0,28.6,33.0,4.399999999999999,13.0,10.0,10.0,10.0,0.08636363636363636,0.15784753363228696,12.49,moderate,2026-08-06
113,113,1,AM Peak (6–9),9,29.0,22.0,29.0,7.0,10.0,8.0,7.0,8.0,0.10555555555555556,0.22969647251845773,17.48,moderate,2026-08-06
113,113,1,Evening (19–24),11,27.0,22.0,27.0,5.0,11.0,11.0,6.0,11.0,0.07916666666666666,0.17559262510974538,13.31,moderate,2026-08-06
113,113,1,Midday (9–15),19,28.0,28.0,31.0,3.0,18.0,8.0,6.0,8.0,0.10555555555555556,0.11331444759206798,10.49,moderate,2026-08-06
113,113,1,Overnight (0–6),8,22.0,10.116666666666667,22.0,11.883333333333333,5.0,6.0,6.0,7.0,0.1357142857142857,0.33608296016969125,24.91,moderate,2026-08-06
113,113,1,PM Peak (15–19),14,31.0,28.9,31.0,2.1000000000000014,15.0,6.0,6.0,6.0,0.1357142857142857,0.08211143695014668,9.68,moderate,2026-08-06
114,114,0,AM Peak (6–9),17,25.0,23.0,25.0,2.0,15.0,20.0,9.4,22.0,0.04523809523809524,0.07850834151128556,6.29,moderate,2026-08-06
114,114,0,Evening (19–24),20,21.0,20.0,21.0,1.0,19.0,17.0,5.0,17.4,0.05277777777777778,0.04085801838610827,4.3,moderate,2026-08-06
114,114,0,Midday (9–15),25,24.0,24.0,28.800000000000004,4.800000000000004,24.0,12.0,9.9,12.0,0.07307692307692307,0.1697612732095492,12.74,moderate,2026-08-06
114,114,0,Overnight (0–6),9,20.0,20.0,20.0,0.0,7.0,5.0,5.0,9.200000000000003,0.15833333333333333,0.0,5.54,moderate,2026-08-06
114,114,0,PM Peak (15–19),20,32.0,32.0,32.0,0.0,19.0,25.0,15.0,25.0,0.036538461538461534,0.0,1.28,moderate,2026-08-06
114,114,1,AM Peak (6–9),18,21.0,17.0,21.0,4.0,16.0,2.0,0.0,2.0,0.31666666666666665,0.14558689717925385,19.82,very low recovery time,2026-08-06
114,114,1,Evening (19–24),20,19.0,18.0,19.0,1.0,20.0,3.0,1.9000000000000001,3.0,0.2375,0.04085801838610827,10.76,very low recovery time,2026-08-06
114,114,1,Midday (9–15),24,22.0,22.0,22.0,0.0,24.0,2.0,2.0,2.0,0.31666666666666665,0.0,11.08,very low recovery time,2026-08-06
114,114,1,Overnight (0–6),8,18.0,17.0,18.0,1.0,7.0,2.0,1.2000000000000002,5.4,0.31666666666666665,0.04085801838610827,13.53,very low recovery time,2026-08-06
114,114,1,PM Peak (15–19),20,24.0,24.0,24.0,0.0,20.0,3.0,3.0,3.1000000000000014,0.2375,0.0,8.31,very low recovery time,2026-08-06
115,115,0,AM Peak (6–9),9,26.0,20.0,26.0,6.0,8.0,0.0,0.0,0.0,0.95,0.2035623409669211,45.46,no recovery time,2026-08-06
115,115,0,Evening (19–24),9,19.0,19.0,24.200000000000003,5.200000000000003,10.0,0.0,0.0,1.3999999999999986,0.95,0.18134263295553626,44.13,no recovery time,2026-08-06
115,115,0,Midday (9–15),15,20.0,20.0,24.2,4.199999999999999,15.0,0.0,0.0,1.5999999999999996,0.95,0.15176151761517612,42.36,no recovery time,2026-08-06
115,115,0,PM Peak (15–19),12,29.0,29.0,29.0,0.0,12.0,14.0,12.2,14.0,0.06333333333333332,0.0,2.22,moderate,2026-08-06
115,115,1,AM Peak (6–9),8,20.0,15.0,20.0,5.0,7.0,9.0,4.0,15.0,0.095,0.17559262510974538,13.86,moderate,2026-08-06
115,115,1,Evening (19–24),10,16.0,16.0,16.299999999999997,0.29999999999999716,8.0,5.0,2.0,5.0,0.15833333333333333,0.012618296529968336,6.3,moderate,2026-08-06
115,115,1,Midday (9–15),15,15.0,15.0,19.0,4.0,14.0,5.0,2.9000000000000004,11.30000000000001,0.15833333333333333,0.14558689717925385,14.28,moderate,2026-08-06
115,115,1,PM Peak (15–19),12,19.0,19.0,19.0,0.0,11.0,3.0,3.0,5.0,0.2375,0.0,8.31,very low recovery time,2026-08-06
116,116,0,AM Peak (6–9),27,53.0,48.0,53.400000000000006,5.400000000000006,25.0,3.0,2.0,7.600000000000001,0.2375,0.18701298701298716,19.53,very low recovery time,2026-08-06
116,116,0,Evening (19–24),37,51.0,47.0,57.8,10.799999999999997,34.0,6.5,3.0,8.0,0.12666666666666665,0.3150984682713347,23.34,moderate,2026-08-06
116,116,0,Midday (9–15),47,54.0,54.0,64.0,10.0,45.0,9.0,5.4,10.600000000000001,0.095,0.29873039581777444,21.25,moderate,2026-08-06
116,116,0,Overnight (0–6),26,41.0,8.65,47.5,38.85,17.0,3.0,0.0,7.4,0.2375,0.6233453670276775,45.71,"very low recovery time, high schedule variability",2026-08-06
116,116,0,PM Peak (15–19),30,64.0,64.0,64.0,0.0,30.0,4.0,4.0,4.0,0.19,0.0,6.65,moderate,2026-08-06
116,116,1,AM Peak (6–9),26,51.0,47.5,52.0,4.5,23.0,5.0,3.2,8.0,0.15833333333333333,0.16085790884718498,15.19,moderate,2026-08-06
116,116,1,Evening (19–24),34,46.0,40.0,51.4,11.399999999999999,34.0,6.0,5.300000000000001,7.0,0.1357142857142857,0.3268817204301075,24.36,moderate,2026-08-06
116,116,1,Midday (9–15),44,51.0,51.0,52.0,1.0,45.0,6.0,4.0,8.0,0.1357142857142857,0.04085801838610827,7.2,moderate,2026-08-06
116,116,1,Overnight (0–6),17,40.0,39.0,47.0,8.0,15.0,6.0,6.0,10.0,0.1357142857142857,0.2541699761715647,20.0,moderate,2026-08-06
116,116,1,PM Peak (15–19),30,52.0,52.0,52.0,0.0,28.0,8.0,8.0,8.0,0.10555555555555556,0.0,3.69,moderate,2026-08-06
117,117,0,AM Peak (6–9),9,26.0,23.0,26.0,3.0,9.0,13.0,5.2,13.0,0.06785714285714285,0.11331444759206798,9.17,moderate,2026-08-06
117,117,0,Evening (19–24),15,25.0,19.0,25.0,6.0,14.0,9.0,0.30000000000000004,11.0,0.095,0.2035623409669211,15.54,moderate,2026-08-06
117,117,0,Midday (9–15),20,25.0,25.0,28.0,3.0,20.0,18.0,13.0,18.0,0.049999999999999996,0.11331444759206798,8.55,moderate,2026-08-06
117,117,0,Overnight (0–6),7,19.0,19.0,20.6,1.6000000000000014,5.0,1.0,1.0,1.0,0.475,0.06380857427716854,20.45,no recovery time,2026-08-06
117,117,0,PM Peak (15–19),13,28.0,25.0,28.0,3.0,13.0,4.0,4.0,11.0,0.19,0.11331444759206798,13.45,moderate,2026-08-06
117,117,1,AM Peak (6–9),10,26.0,19.611666666666668,26.0,6.388333333333332,8.0,3.0,2.4000000000000004,10.099999999999998,0.2375,0.21391896417010822,21.15,very low recovery time,2026-08-06
117,117,1,Evening (19–24),15,23.0,20.0,23.0,3.0,15.0,1.0,1.0,5.199999999999999,0.475,0.11331444759206798,23.42,no recovery time,2026-08-06
117,117,1,Midday (9–15),20,24.0,24.0,28.0,4.0,20.0,5.0,3.0,5.0,0.15833333333333333,0.14558689717925385,14.28,moderate,2026-08-06
117,117,1,Overnight (0–6),6,20.0,13.558333333333334,20.0,6.441666666666666,6.0,7.0,7.0,12.0,0.11875,0.21532033426183841,17.08,moderate,2026-08-06
117,117,1,PM Peak (15–19),13,28.0,23.0,28.0,5.0,14.0,1.0,1.0,4.100000000000003,0.475,0.17559262510974538,27.16,no recovery time,2026-08-06
118,118,0,AM Peak (6–9),8,38.0,35.0,38.0,3.0,7.0,11.0,6.0,15.4,0.07916666666666666,0.11331444759206798,9.57,moderate,2026-08-06
118,118,0,Evening (19–24),12,28.0,21.0,28.0,7.0,11.0,12.0,9.0,17.0,0.07307692307692307,0.22969647251845773,16.34,moderate,2026-08-06
118,118,0,Midday (9–15),13,36.0,36.0,36.0,0.0,13.0,12.0,9.600000000000001,12.0,0.07307692307692307,0.0,2.56,moderate,2026-08-06
118,118,0,Overnight (0–6),4,21.0,21.0,30.800000000000004,9.800000000000004,3.0,9.0,9.0,9.0,0.095,0.2945154019534186,21.0,moderate,2026-08-06
118,118,0,PM Peak (15–19),10,38.0,37.8,38.0,0.20000000000000284,8.0,16.0,5.1000000000000005,16.0,0.055882352941176466,0.008447729672650594,2.46,moderate,2026-08-06
118,118,1,AM Peak (6–9),8,31.0,29.0,31.0,2.0,8.0,0.0,0.0,0.0,0.95,0.07850834151128556,37.96,no recovery time,2026-08-06
118,118,1,Evening (19–24),12,35.0,30.0,35.0,5.0,12.0,0.0,0.0,0.0,0.95,0.17559262510974538,43.79,no recovery time,2026-08-06
118,118,1,Midday (9–15),13,33.0,33.0,33.0,0.0,13.0,0.0,0.0,0.0,0.95,0.0,33.25,no recovery time,2026-08-06
118,118,1,Overnight (0–6),5,30.0,29.0,30.0,1.0,4.0,0.0,0.0,0.0,0.95,0.04085801838610827,35.7,no recovery time,2026-08-06
118,118,1,PM Peak (15–19),10,42.0,42.0,42.0,0.0,10.0,0.0,0.0,0.0,0.95,0.0,33.25,no recovery time,2026-08-06
119,119,0,AM Peak (6–9),9,44.0,43.8,44.0,0.20000000000000284,9.0,2.0,2.0,3.0,0.31666666666666665,0.008447729672650594,11.59,very low recovery time,2026-08-06
119,119,0,Evening (19–24),2,7.0,7.0,7.0,0.0,,10.0,,,0.08636363636363636,0.0,3.02,moderate,2026-08-06
119,119,0,Midday (9–15),13,33.65,31.65,43.0,11.350000000000001,12.0,11.5,2.5000000000000004,12.0,0.076,0.32591529073941133,22.21,moderate,2026-08-06
119,119,0,Overnight (0–6),3,32.65,32.65,32.65,0.0,1.0,3.0,3.0,3.0,0.2375,0.0,8.31,very low recovery time,2026-08-06
119,119,0,PM Peak (15–19),10,52.0,52.0,52.0,0.0,10.0,7.0,6.8,11.0,0.11875,0.0,4.16,moderate,2026-08-06
119,119,1,AM Peak (6–9),9,52.0,47.663333333333334,52.0,4.336666666666666,9.0,2.0,1.0,3.000000000000001,0.31666666666666665,0.15592976568586323,20.44,very low recovery time,2026-08-06
119,119,1,Evening (19–24),1,32.31666666666667,32.31666666666667,32.31666666666667,0.0,2.0,2.0,0.4,3.6,0.31666666666666665,0.0,11.08,very low recovery time,2026-08-06
119,119,1,Midday (9–15),13,30.316666666666666,28.316666666666666,58.6,30.283333333333335,4.0,3.5,1.3,6.4,0.2111111111111111,0.5633235157339946,41.19,high schedule variability,2026-08-06
119,119,1,Overnight (0–6),3,37.0,23.666666666666664,49.0,25.333333333333336,,10.0,,,0.08636363636363636,0.5190370496841387,34.16,high schedule variability,2026-08-06
119,119,1,PM Peak (15–19),9,59.0,59.0,59.0,0.0,9.0,7.0,7.0,7.4,0.11875,0.0,4.16,moderate,2026-08-06
120,120,0,AM Peak (6–9),6,28.0,23.316666666666666,28.0,4.683333333333334,6.0,3.5,0.0,5.0,0.2111111111111111,0.1663213968629772,17.37,moderate,2026-08-06
120,120,0,Evening (19–24),10,24.0,21.0,24.0,3.0,10.0,6.0,6.0,9.0,0.1357142857142857,0.11331444759206798,11.55,moderate,2026-08-06
120,120,0,Midday (9–15),14,28.0,28.0,30.0,2.0,11.0,2.0,1.0,2.0,0.31666666666666665,0.07850834151128556,15.79,very low recovery time,2026-08-06
120,120,0,Overnight (0–6),4,11.891666666666666,2.783333333333333,21.0,18.21666666666667,3.0,3.0,0.6000000000000001,7.800000000000001,0.2375,0.4369378372976214,34.53,very low recovery time,2026-08-06
120,120,0,PM Peak (15–19),10,30.0,21.878333333333334,30.0,8.121666666666666,10.0,8.0,0.9,8.1,0.10555555555555556,0.25704188205506906,19.12,moderate,2026-08-06
120,120,1,AM Peak (6–9),5,25.0,25.0,25.0,0.0,5.0,2.0,2.0,3.8000000000000003,0.31666666666666665,0.0,11.08,very low recovery time,2026-08-06
120,120,1,Evening (19–24),10,24.0,21.0,24.0,3.0,10.0,6.0,5.4,9.0,0.1357142857142857,0.11331444759206798,11.55,moderate,2026-08-06
120,120,1,Midday (9–15),13,28.0,28.0,29.0,1.0,12.0,2.0,0.20000000000000018,2.0,0.31666666666666665,0.04085801838610827,13.53,very low recovery time,2026-08-06
120,120,1,Overnight (0–6),3,21.0,21.0,21.0,0.0,4.0,0.0,0.0,6.300000000000002,0.95,0.0,33.25,no recovery time,2026-08-06
120,120,1,PM Peak (15–19),10,29.0,24.0,29.0,5.0,10.0,8.0,0.0,8.0,0.10555555555555556,0.17559262510974538,14.23,moderate,2026-08-06
121,121,0,AM Peak (6–9),8,26.0,26.0,26.0,0.0,8.0,4.0,4.0,5.199999999999999,0.19,0.0,6.65,moderate,2026-08-06
121,121,0,Evening (19–24),12,29.0,24.0,29.0,5.0,12.0,7.0,4.2,11.500000000000002,0.11875,0.17559262510974538,14.69,moderate,2026-08-06
121,121,0,Midday (9–15),13,28.0,28.0,28.0,0.0,12.0,2.0,2.0,12.800000000000004,0.31666666666666665,0.0,11.08,very low recovery time,2026-08-06
121,121,0,Overnight (0–6),4,24.0,24.0,24.0,0.0,3.0,6.0,6.0,6.0,0.1357142857142857,0.0,4.75,moderate,2026-08-06
121,121,0,PM Peak (15–19),10,32.0,32.0,32.0,0.0,9.0,4.0,4.0,9.200000000000001,0.19,0.0,6.65,moderate,2026-08-06
121,121,1,AM Peak (6–9),9,29.0,29.0,29.0,0.0,8.0,1.0,1.0,1.0,0.475,0.0,16.62,no recovery time,2026-08-06
121,121,1,Evening (19–24),12,35.0,30.0,35.0,5.0,12.0,1.0,0.0,1.0,0.475,0.17559262510974538,27.16,no recovery time,2026-08-06
121,121,1,Midday (9–15),12,29.0,29.0,29.0,0.0,12.0,1.0,1.0,1.0,0.475,0.0,16.62,no recovery time,2026-08-06
121,121,1,Overnight (0–6),3,30.0,30.0,30.0,0.0,3.0,0.0,0.0,0.0,0.95,0.0,33.25,no recovery time,2026-08-06
121,121,1,PM Peak (15–19),10,36.0,35.8,36.0,0.20000000000000284,10.0,0.0,0.0,0.1999999999999993,0.95,0.008447729672650594,33.76,no recovery time,2026-08-06
122,122,0,AM Peak (6–9),15,29.0,26.0,33.0,7.0,14.0,1.0,1.0,1.0,0.475,0.22969647251845773,30.41,no recovery time,2026-08-06
122,122,0,Evening (19–24),14,25.0,22.0,25.0,3.0,16.0,1.0,1.0,1.0,0.475,0.11331444759206798,23.42,no recovery time,2026-08-06
122,122,0,Midday (9–15),20,28.0,27.0,30.1,3.1000000000000014,20.0,1.0,1.0,1.0,0.475,0.116650987770461,23.62,no recovery time,2026-08-06
122,122,0,Overnight (0–6),6,22.0,9.0,24.0,15.0,5.0,1.0,1.0,1.0,0.475,0.3898635477582846,40.02,no recovery time,2026-08-06
122,122,0,PM Peak (15–19),24,31.0,31.0,31.0,0.0,24.0,1.0,1.0,1.0,0.475,0.0,16.62,no recovery time,2026-08-06
122,122,1,AM Peak (6–9),14,28.5,24.0,30.0,6.0,13.0,9.0,8.0,11.400000000000002,0.095,0.2035623409669211,15.54,moderate,2026-08-06
122,122,1,Evening (19–24),16,28.0,25.0,31.0,6.0,13.0,6.0,6.0,12.0,0.1357142857142857,0.2035623409669211,16.96,moderate,2026-08-06
122,122,1,Midday (9–15),20,27.0,25.0,30.0,5.0,18.0,6.5,4.0,9.800000000000004,0.12666666666666665,0.17559262510974538,14.97,moderate,2026-08-06
122,122,1,Overnight (0–6),5,25.0,24.4,25.0,0.6000000000000014,3.0,12.0,12.0,12.0,0.07307692307692307,0.02492211838006236,4.05,moderate,2026-08-06
122,122,1,PM Peak (15–19),24,31.0,31.0,31.0,0.0,22.0,7.0,7.0,7.0,0.11875,0.0,4.16,moderate,2026-08-06
123,123,0,AM Peak (6–9),35,15.0,15.0,26.0,11.0,31.0,6.0,5.0,7.0,0.1357142857142857,0.31907179115300943,23.89,moderate,2026-08-06
123,123,0,Evening (19–24),24,21.0,20.0,21.0,1.0,24.0,4.0,1.6000000000000005,7.0,0.19,0.04085801838610827,9.1,moderate,2026-08-06
123,123,0,Midday (9–15),34,16.5,16.0,27.0,11.0,34.0,7.0,3.0,9.0,0.11875,0.31907179115300943,23.3,moderate,2026-08-06
123,123,0,Overnight (0–6),13,20.0,10.106666666666667,21.0,10.893333333333333,10.0,5.0,3.9,11.1,0.15833333333333333,0.31695844042480964,24.56,moderate,2026-08-06
123,123,0,PM Peak (15–19),44,17.0,15.0,29.0,14.0,44.0,5.0,3.0,5.0,0.15833333333333333,0.3735823882588392,27.96,moderate,2026-08-06
123,123,1,AM Peak (6–9),33,16.0,16.0,32.0,16.0,33.0,6.0,3.0,7.0,0.1357142857142857,0.40531982267257755,29.07,moderate,2026-08-06
123,123,1,Evening (19–24),25,24.0,22.0,26.0,4.0,23.0,3.0,1.2000000000000002,3.0,0.2375,0.14558689717925385,17.05,very low recovery time,2026-08-06
123,123,1,Midday (9–15),35,19.0,16.0,32.0,16.0,33.0,3.0,3.0,5.0,0.2375,0.40531982267257755,32.63,very low recovery time,2026-08-06
123,123,1,Overnight (0–6),11,24.0,22.0,29.0,7.0,10.0,2.0,1.9,9.499999999999998,0.31666666666666665,0.22969647251845773,24.87,very low recovery time,2026-08-06
123,123,1,PM Peak (15–19),44,19.0,18.0,36.0,18.0,42.0,5.0,3.0,5.0,0.15833333333333333,0.43399638336347196,31.58,moderate,2026-08-06
124,124,0,AM Peak (6–9),15,15.0,13.0,15.0,2.0,15.0,2.0,2.0,3.0,0.31666666666666665,0.07850834151128556,15.79,very low recovery time,2026-08-06
124,124,0,Evening (19–24),10,10.5,10.0,11.0,1.0,10.0,2.0,2.0,4.0,0.31666666666666665,0.04085801838610827,13.53,very low recovery time,2026-08-06
124,124,0,Midday (9–15),21,14.0,14.0,14.0,0.0,20.0,3.0,3.0,3.0,0.2375,0.0,8.31,very low recovery time,2026-08-06
124,124,0,Overnight (0–6),7,12.0,10.0,14.0,4.0,5.0,4.0,1.6,4.0,0.19,0.14558689717925385,15.39,moderate,2026-08-06
124,124,0,PM Peak (15–19),20,15.0,13.9,15.0,1.0999999999999996,20.0,0.0,0.0,1.0,0.95,0.04476093591047811,35.94,no recovery time,2026-08-06
124,124,1,AM Peak (6–9),16,13.0,10.0,13.0,3.0,15.0,6.0,4.4,7.0,0.1357142857142857,0.11331444759206798,11.55,moderate,2026-08-06
124,124,1,Evening (19–24),10,10.0,9.0,11.0,2.0,10.0,6.0,5.8,7.0,0.1357142857142857,0.07850834151128556,9.46,moderate,2026-08-06
124,124,1,Midday (9–15),20,13.0,13.0,13.0,0.0,21.0,6.0,6.0,6.0,0.1357142857142857,0.0,4.75,moderate,2026-08-06
124,124,1,Overnight (0–6),7,10.0,9.0,10.0,1.0,7.0,7.0,4.0,7.0,0.11875,0.04085801838610827,6.61,moderate,2026-08-06
124,124,1,PM Peak (15–19),20,15.0,13.0,15.0,2.0,19.0,6.0,6.0,8.0,0.1357142857142857,0.07850834151128556,9.46,moderate,2026-08-06
125,125,0,AM Peak (6–9),18,15.0,15.0,15.0,0.0,17.0,0.0,0.0,0.0,0.95,0.0,33.25,no recovery time,2026-08-06
125,125,0,Evening (19–24),20,13.0,11.891666666666667,13.0,1.1083333333333325,18.0,5.0,3.8000000000000007,5.0,0.15833333333333333,0.04508474576271183,8.25,moderate,2026-08-06
125,125,0,Midday (9–15),25,14.0,14.0,14.0,0.0,24.0,2.0,2.0,2.0,0.31666666666666665,0.0,11.08,very low recovery time,2026-08-06
125,125,0,Overnight (0–6),4,13.0,5.241666666666667,14.4,9.158333333333333,3.0,5.0,3.4,5.0,0.15833333333333333,0.2806435137895812,22.38,moderate,2026-08-06
125,125,0,PM Peak (15–19),23,15.0,15.0,15.0,0.0,23.0,0.0,0.0,0.0,0.95,0.0,33.25,no recovery time,2026-08-06
125,125,1,AM Peak (6–9),19,15.0,14.8,15.0,0.1999999999999993,18.0,0.0,0.0,0.0,0.95,0.008447729672650445,33.76,no recovery time,2026-08-06
125,125,1,Evening (19–24),18,12.0,12.0,12.0,0.0,19.0,0.0,0.0,0.0,0.95,0.0,33.25,no recovery time,2026-08-06
125,125,1,Midday (9–15),24,14.0,14.0,14.0,0.0,25.0,0.0,0.0,0.0,0.95,0.0,33.25,no recovery time,2026-08-06
125,125,1,Overnight (0–6),5,12.0,2.1166666666666667,12.0,9.883333333333333,4.0,0.0,0.0,0.0,0.95,0.2962777916562578,51.03,no recovery time,2026-08-06
125,125,1,PM Peak (15–19),24,15.0,15.0,15.0,0.0,24.0,0.0,0.0,0.0,0.95,0.0,33.25,no recovery time,2026-08-06
126,126,0,AM Peak (6–9),8,16.0,13.0,16.0,3.0,7.0,1.0,0.6000000000000001,1.4000000000000004,0.475,0.11331444759206798,23.42,no recovery time,2026-08-06
126,126,0,Evening (19–24),10,13.0,11.0,13.0,2.0,11.0,2.0,1.0,5.0,0.31666666666666665,0.07850834151128556,15.79,very low recovery time,2026-08-06
126,126,0,Midday (9–15),15,16.0,16.0,16.0,0.0,15.0,6.0,1.4000000000000001,6.0,0.1357142857142857,0.0,4.75,moderate,2026-08-06
126,126,0,Overnight (0–6),3,11.0,11.0,12.6,1.5999999999999996,3.0,2.0,0.4,3.6,0.31666666666666665,0.06380857427716848,14.91,very low recovery time,2026-08-06
126,126,0,PM Peak (15–19),12,16.0,16.0,16.0,0.0,12.0,2.0,2.0,2.0,0.31666666666666665,0.0,11.08,very low recovery time,2026-08-06
126,126,1,AM Peak (6–9),7,15.0,12.0,15.0,3.0,8.0,8.0,2.1,10.5,0.10555555555555556,0.11331444759206798,10.49,moderate,2026-08-06
126,126,1,Evening (19–24),11,12.0,12.0,12.0,0.0,11.0,5.0,4.0,10.0,0.15833333333333333,0.0,5.54,moderate,2026-08-06
126,126,1,Midday (9–15),15,16.0,16.0,16.0,0.0,14.0,4.0,4.0,5.700000000000001,0.19,0.0,6.65,moderate,2026-08-06
126,126,1,Overnight (0–6),3,12.0,12.0,12.0,0.0,1.0,4.0,4.0,4.0,0.19,0.0,6.65,moderate,2026-08-06
126,126,1,PM Peak (15–19),12,16.0,16.0,16.0,0.0,12.0,6.0,6.0,6.0,0.1357142857142857,0.0,4.75,moderate,2026-08-06
127,127,0,AM Peak (6–9),8,36.0,25.0,36.0,11.0,6.0,3.0,1.0,6.0,0.2375,0.31907179115300943,27.46,very low recovery time,2026-08-06
127,127,0,Evening (19–24),12,21.5,20.0,25.0,5.0,12.0,4.0,0.30000000000000027,6.0,0.19,0.17559262510974538,17.19,moderate,2026-08-06
127,127,0,Midday (9–15),16,29.0,29.0,29.0,0.0,17.0,7.0,3.0,7.0,0.11875,0.0,4.16,moderate,2026-08-06
127,127,0,Overnight (0–6),3,20.0,20.0,20.0,0.0,3.0,4.0,4.0,4.0,0.19,0.0,6.65,moderate,2026-08-06
127,127,0,PM Peak (15–19),9,29.0,28.6,29.0,0.3999999999999986,9.0,7.0,6.6,7.0,0.11875,0.01675392670157062,5.16,moderate,2026-08-06
127,127,1,AM Peak (6–9),8,25.0,21.0,25.0,4.0,8.0,2.0,0.7000000000000001,2.0,0.31666666666666665,0.14558689717925385,19.82,very low recovery time,2026-08-06
127,127,1,Evening (19–24),12,23.5,21.0,26.0,5.0,12.0,3.0,0.0,3.0,0.2375,0.17559262510974538,18.85,very low recovery time,2026-08-06
127,127,1,Midday (9–15),17,27.0,26.2,34.2,8.000000000000004,16.0,3.0,2.0,3.5,0.2375,0.2541699761715648,23.56,very low recovery time,2026-08-06
127,127,1,Overnight (0–6),4,21.0,21.0,21.0,0.0,3.0,3.0,3.0,3.0,0.2375,0.0,8.31,very low recovery time,2026-08-06
127,127,1,PM Peak (15–19),9,39.0,38.0,39.0,1.0,9.0,3.0,3.0,3.6000000000000005,0.2375,0.04085801838610827,10.76,very low recovery time,2026-08-06
129,129,0,AM Peak (6–9),20,70.5,41.0,72.0,31.0,19.0,8.0,7.2,8.0,0.10555555555555556,0.5690683799908215,37.84,high schedule variability,2026-08-06
129,129,0,Evening (19–24),33,35.0,33.0,56.0,23.0,29.0,7.0,5.0,8.0,0.11875,0.4948897256589564,33.85,high schedule variability,2026-08-06
129,129,0,Midday (9–15),38,39.0,39.0,66.9,27.900000000000006,35.0,8.0,8.0,15.0,0.10555555555555556,0.5430656934306569,36.28,high schedule variability,2026-08-06
129,129,0,Overnight (0–6),16,34.0,31.0,59.0,28.0,13.0,8.0,2.8000000000000007,9.600000000000001,0.10555555555555556,0.5439533754249636,36.33,high schedule variability,2026-08-06
129,129,0,PM Peak (15–19),26,68.5,41.0,69.0,28.0,25.0,9.0,9.0,10.200000000000003,0.095,0.5439533754249636,35.96,high schedule variability,2026-08-06
129,129,1,AM Peak (6–9),19,67.0,37.8,67.0,29.200000000000003,18.0,9.5,3.0,18.0,0.09047619047619047,0.5543426672994779,36.43,high schedule variability,2026-08-06
129,129,1,Evening (19–24),32,35.0,32.0,62.60000000000001,30.60000000000001,33.0,9.0,6.0,16.0,0.095,0.5658807212205271,37.28,high schedule variability,2026-08-06
129,129,1,Midday (9–15),39,39.0,39.0,72.20000000000002,33.20000000000002,32.0,4.0,3.0,16.50000000000001,0.19,0.5857962064402294,41.8,high schedule variability,2026-08-06
129,129,1,Overnight (0–6),20,30.0,28.766666666666666,34.80000000000004,6.033333333333374,13.0,7.0,0.6000000000000005,17.8,0.11875,0.20446201637955488,16.42,moderate,2026-08-06
129,129,1,PM Peak (15–19),27,70.0,42.4,79.0,36.6,27.0,11.0,7.800000000000001,18.0,0.07916666666666666,0.6092384519350812,39.33,high schedule variability,2026-08-06
130,130,0,AM Peak (6–9),9,22.0,20.0,22.0,2.0,,10.0,,,0.08636363636363636,0.07850834151128556,7.73,moderate,2026-08-06
130,130,0,Evening (19–24),11,22.0,20.0,22.0,2.0,,10.0,,,0.08636363636363636,0.07850834151128556,7.73,moderate,2026-08-06
130,130,0,Midday (9–15),14,21.0,21.0,21.0,0.0,,10.0,,,0.08636363636363636,0.0,3.02,moderate,2026-08-06
130,130,0,Overnight (0–6),3,20.0,20.0,20.0,0.0,,10.0,,,0.08636363636363636,0.0,3.02,moderate,2026-08-06
130,130,0,PM Peak (15–19),11,24.0,22.0,24.0,2.0,,10.0,,,0.08636363636363636,0.07850834151128556,7.73,moderate,2026-08-06
130,130,1,AM Peak (6–9),8,24.0,20.0,24.0,4.0,8.0,7.0,5.5,12.5,0.11875,0.14558689717925385,12.89,moderate,2026-08-06
130,130,1,Evening (19–24),12,22.0,20.0,22.0,2.0,11.0,6.0,0.0,15.0,0.1357142857142857,0.07850834151128556,9.46,moderate,2026-08-06
130,130,1,Midday (9–15),15,20.0,20.0,20.0,0.0,14.0,3.0,3.0,3.0,0.2375,0.0,8.31,very low recovery time,2026-08-06
130,130,1,Overnight (0–6),4,20.0,20.0,20.0,0.0,2.0,0.0,0.0,0.0,0.95,0.0,33.25,no recovery time,2026-08-06
130,130,1,PM Peak (15–19),10,23.0,23.0,23.0,0.0,10.0,8.5,7.2,10.399999999999999,0.09999999999999999,0.0,3.5,moderate,2026-08-06
131,131,0,AM Peak (6–9),16,51.0,26.5,51.0,24.5,14.0,6.0,3.9000000000000004,9.400000000000002,0.1357142857142857,0.5106826472120897,35.39,high schedule variability,2026-08-06
131,131,0,Evening (19–24),16,47.0,44.0,47.0,3.0,19.0,4.0,0.0,4.199999999999999,0.19,0.11331444759206798,13.45,moderate,2026-08-06
131,131,0,Midday (9–15),21,51.0,51.0,52.0,1.0,22.0,6.0,6.0,10.50000000000001,0.1357142857142857,0.04085801838610827,7.2,moderate,2026-08-06
131,131,0,Overnight (0–6),9,41.93333333333333,2.0,44.6,42.6,9.0,0.0,0.0,0.6000000000000005,0.95,0.64472190692395,71.93,"no recovery time, high schedule variability",2026-08-06
131,131,0,PM Peak (15–19),20,55.0,55.0,55.0,0.0,18.0,6.0,5.4,7.200000000000003,0.1357142857142857,0.0,4.75,moderate,2026-08-06
131,131,1,AM Peak (6–9),13,50.0,50.0,50.0,0.0,14.0,10.0,4.0,10.0,0.08636363636363636,0.0,3.02,moderate,2026-08-06
131,131,1,Evening (19–24),19,41.0,31.0,41.0,10.0,16.0,10.0,9.0,17.5,0.08636363636363636,0.29873039581777444,20.95,moderate,2026-08-06
131,131,1,Midday (9–15),23,50.0,50.0,50.0,0.0,21.0,12.0,9.0,12.0,0.07307692307692307,0.0,2.56,moderate,2026-08-06
131,131,1,Overnight (0–6),9,38.0,3.0,43.0,40.0,2.0,1.5,1.1,1.9,0.38,0.6301693580149665,51.11,"very low recovery time, high schedule variability",2026-08-06
131,131,1,PM Peak (15–19),18,43.0,43.0,43.0,0.0,18.0,13.0,7.500000000000001,14.200000000000003,0.06785714285714285,0.0,2.38,moderate,2026-08-06
132,132,0,AM Peak (6–9),10,25.0,22.94,25.0,2.0599999999999987,8.0,0.0,0.0,2.0,0.95,0.08067358527511254,38.09,no recovery time,2026-08-06
132,132,0,Evening (19–24),11,24.0,24.0,27.0,3.0,11.0,0.0,0.0,3.0,0.95,0.11331444759206798,40.05,no recovery time,2026-08-06
132,132,0,Midday (9–15),14,24.0,24.0,24.0,0.0,15.0,0.0,0.0,0.0,0.95,0.0,33.25,no recovery time,2026-08-06
132,132,0,Overnight (0–6),4,24.0,10.280000000000001,24.0,13.719999999999999,5.0,0.0,0.0,3.0,0.95,0.36886678316978083,55.38,no recovery time,2026-08-06
132,132,0,PM Peak (15–19),11,27.0,27.0,27.0,0.0,11.0,0.0,0.0,0.0,0.95,0.0,33.25,no recovery time,2026-08-06
132,132,1,AM Peak (6–9),8,24.0,24.0,24.0,0.0,,10.0,,,0.08636363636363636,0.0,3.02,moderate,2026-08-06
132,132,1,Evening (19–24),11,21.0,18.0,23.0,5.0,,10.0,,,0.08636363636363636,0.17559262510974538,13.56,moderate,2026-08-06
132,132,1,Midday (9–15),15,24.0,24.0,24.0,0.0,,10.0,,,0.08636363636363636,0.0,3.02,moderate,2026-08-06
132,132,1,Overnight (0–6),5,18.0,7.960000000000001,21.6,13.64,,10.0,,,0.08636363636363636,0.36750639903004173,25.07,moderate,2026-08-06
132,132,1,PM Peak (15–19),11,22.0,22.0,22.0,0.0,,10.0,,,0.08636363636363636,0.0,3.02,moderate,2026-08-06
133,133,0,AM Peak (6–9),15,50.0,50.0,50.0,0.0,14.0,11.0,6.800000000000001,11.0,0.07916666666666666,0.0,2.77,moderate,2026-08-06
133,133,0,Evening (19–24),19,46.0,41.0,46.0,5.0,19.0,6.0,5.0,9.399999999999999,0.1357142857142857,0.17559262510974538,15.29,moderate,2026-08-06
133,133,0,Midday (9–15),32,50.0,49.0,53.0,4.0,30.0,11.0,10.9,12.0,0.07916666666666666,0.14558689717925385,11.51,moderate,2026-08-06
133,133,0,Overnight (0–6),9,41.0,36.0,44.2,8.200000000000003,8.0,5.0,5.0,11.5,0.15833333333333333,0.2588792423046567,21.07,moderate,2026-08-06
133,133,0,PM Peak (15–19),24,53.0,51.3,53.0,1.7000000000000028,24.0,11.0,11.0,11.0,0.07916666666666666,0.06752730883813317,6.82,moderate,2026-08-06
133,133,1,AM Peak (6–9),29,14.0,14.0,47.0,33.0,28.0,0.0,0.0,10.0,0.95,0.5843293492695883,68.31,"no recovery time, high schedule variability",2026-08-06
133,133,1,Evening (19–24),21,60.0,52.0,60.0,8.0,18.0,8.0,2.0,8.0,0.10555555555555556,0.2541699761715647,18.94,moderate,2026-08-06
133,133,1,Midday (9–15),48,46.0,14.0,64.0,50.0,48.0,9.0,0.0,11.0,0.095,0.6805035726437564,44.16,high schedule variability,2026-08-06
133,133,1,Overnight (0–6),16,36.5,10.0,50.0,40.0,9.0,0.0,0.0,3.000000000000001,0.95,0.6301693580149665,71.06,"no recovery time, high schedule variability",2026-08-06
133,133,1,PM Peak (15–19),24,64.0,64.0,64.0,0.0,24.0,12.0,10.600000000000001,12.0,0.07307692307692307,0.0,2.56,moderate,2026-08-06
134,134,0,AM Peak (6–9),12,23.0,23.0,23.0,0.0,11.0,4.0,4.0,4.0,0.19,0.0,6.65,moderate,2026-08-06
134,134,0,Evening (19–24),21,25.0,25.0,25.0,0.0,19.0,3.0,0.0,5.0,0.2375,0.0,8.31,very low recovery time,2026-08-06
134,134,0,Midday (9–15),24,27.0,23.0,30.0,7.0,24.0,2.0,2.0,5.0,0.31666666666666665,0.22969647251845773,24.87,very low recovery time,2026-08-06
134,134,0,Overnight (0–6),7,25.0,23.0,25.0,2.0,6.0,0.0,0.0,9.5,0.95,0.07850834151128556,37.96,no recovery time,2026-08-06
134,134,0,PM Peak (15–19),16,22.0,22.0,22.0,0.0,17.0,3.0,0.6000000000000001,3.0,0.2375,0.0,8.31,very low recovery time,2026-08-06
134,134,1,AM Peak (6–9),12,47.0,47.0,47.0,0.0,12.0,1.0,1.0,1.0,0.475,0.0,16.62,no recovery time,2026-08-06
134,134,1,Evening (19–24),19,25.0,25.0,25.0,0.0,21.0,5.0,0.0,6.0,0.15833333333333333,0.0,5.54,moderate,2026-08-06
134,134,1,Midday (9–15),25,30.0,27.0,47.0,20.0,24.0,1.0,0.30000000000000027,1.0,0.475,0.46003450258769407,44.23,no recovery time,2026-08-06
134,134,1,Overnight (0–6),10,25.0,22.15,47.0,24.85,7.0,0.0,0.0,0.0,0.95,0.5142265907915158,64.1,"no recovery time, high schedule variability",2026-08-06
134,134,1,PM Peak (15–19),17,48.0,45.6,48.0,2.3999999999999986,16.0,2.0,0.0,2.0,0.31666666666666665,0.09275362318840574,16.65,very low recovery time,2026-08-06
135,135,0,AM Peak (6–9),8,17.0,17.0,17.0,0.0,9.0,6.0,4.0,6.0,0.1357142857142857,0.0,4.75,moderate,2026-08-06
135,135,0,Evening (19–24),14,17.0,16.0,17.0,1.0,14.0,3.0,3.0,4.0,0.2375,0.04085801838610827,10.76,very low recovery time,2026-08-06
135,135,0,Midday (9–15),17,18.0,18.0,19.200000000000003,1.2000000000000028,16.0,5.0,5.0,5.0,0.15833333333333333,0.048632218844984906,8.46,moderate,2026-08-06
135,135,0,Overnight (0–6),8,16.0,16.0,17.0,1.0,6.0,4.0,2.0,6.5,0.19,0.04085801838610827,9.1,moderate,2026-08-06
135,135,0,PM Peak (15–19),9,21.0,21.0,21.0,0.0,9.0,5.0,5.0,5.0,0.15833333333333333,0.0,5.54,moderate,2026-08-06
135,135,1,AM Peak (6–9),8,19.0,16.0,19.0,3.0,8.0,2.5,2.0,5.6,0.2714285714285714,0.11331444759206798,16.3,very low recovery time,2026-08-06
135,135,1,Evening (19–24),14,16.0,16.0,16.0,0.0,14.0,8.0,4.0,8.0,0.10555555555555556,0.0,3.69,moderate,2026-08-06
135,135,1,Midday (9–15),17,16.0,16.0,19.4,3.3999999999999986,17.0,5.0,3.2,5.0,0.15833333333333333,0.1265116279069767,13.13,moderate,2026-08-06
135,135,1,Overnight (0–6),6,16.0,15.5,16.0,0.5,6.0,4.0,2.0,4.0,0.19,0.020855057351407715,7.9,moderate,2026-08-06
135,135,1,PM Peak (15–19),9,20.0,20.0,20.0,0.0,9.0,4.0,4.0,4.0,0.19,0.0,6.65,moderate,2026-08-06
149,149,0,AM Peak (6–9),8,21.0,16.0,21.0,5.0,8.0,6.0,4.4,7.499999999999999,0.1357142857142857,0.17559262510974538,15.29,moderate,2026-08-06
149,149,0,Evening (19–24),13,20.0,16.0,20.0,4.0,14.0,6.5,6.0,10.0,0.12666666666666665,0.14558689717925385,13.17,moderate,2026-08-06
149,149,0,Midday (9–15),14,22.0,22.0,22.0,0.0,14.0,6.0,6.0,6.0,0.1357142857142857,0.0,4.75,moderate,2026-08-06
149,149,0,Overnight (0–6),5,16.0,16.0,16.0,0.0,4.0,6.0,6.0,6.0,0.1357142857142857,0.0,4.75,moderate,2026-08-06
149,149,0,PM Peak (15–19),8,28.0,28.0,28.0,0.0,8.0,5.0,5.0,5.3,0.15833333333333333,0.0,5.54,moderate,2026-08-06
149,149,1,AM Peak (6–9),8,18.0,14.0,18.0,4.0,7.0,5.0,5.0,7.800000000000001,0.15833333333333333,0.14558689717925385,14.28,moderate,2026-08-06
149,149,1,Evening (19–24),13,15.0,13.0,15.0,2.0,14.0,5.0,5.0,5.0,0.15833333333333333,0.07850834151128556,10.25,moderate,2026-08-06
149,149,1,Midday (9–15),14,17.0,17.0,17.0,0.0,14.0,5.0,5.0,5.0,0.15833333333333333,0.0,5.54,moderate,2026-08-06
149,149,1,Overnight (0–6),6,13.0,12.5,13.0,0.5,3.0,5.0,5.0,5.0,0.15833333333333333,0.020855057351407715,6.79,moderate,2026-08-06
149,149,1,PM Peak (15–19),8,22.0,22.0,22.0,0.0,8.0,5.0,5.0,5.0,0.15833333333333333,0.0,5.54,moderate,2026-08-06
151,151,0,AM Peak (6–9),10,22.0,15.0,22.0,7.0,9.0,9.0,6.0,10.0,0.095,0.22969647251845773,17.11,moderate,2026-08-06
151,151,0,Evening (19–24),13,14.0,12.0,14.0,2.0,13.0,7.0,1.0,7.0,0.11875,0.07850834151128556,8.87,moderate,2026-08-06
151,151,0,Midday (9–15),15,19.0,19.0,20.0,1.0,14.0,6.0,6.0,8.400000000000002,0.1357142857142857,0.04085801838610827,7.2,moderate,2026-08-06
151,151,0,Overnight (0–6),8,12.0,12.0,15.0,3.0,9.0,2.0,0.0,6.0,0.31666666666666665,0.11331444759206798,17.88,very low recovery time,2026-08-06
151,151,0,PM Peak (15–19),13,20.0,20.0,20.0,0.0,13.0,7.0,7.0,7.0,0.11875,0.0,4.16,moderate,2026-08-06
151,151,1,AM Peak (6–9),9,20.0,17.0,21.0,4.0,9.0,8.0,2.0,10.4,0.10555555555555556,0.14558689717925385,12.43,moderate,2026-08-06
151,151,1,Evening (19–24),13,17.0,16.0,17.0,1.0,12.0,2.0,1.0,2.0,0.31666666666666665,0.04085801838610827,13.53,very low recovery time,2026-08-06
151,151,1,Midday (9–15),16,19.0,19.0,20.0,1.0,16.0,6.0,6.0,7.0,0.1357142857142857,0.04085801838610827,7.2,moderate,2026-08-06
151,151,1,Overnight (0–6),8,16.0,16.0,17.0,1.0,6.0,0.0,0.0,1.5,0.95,0.04085801838610827,35.7,no recovery time,2026-08-06
151,151,1,PM Peak (15–19),13,20.0,20.0,20.0,0.0,13.0,7.0,7.0,7.0,0.11875,0.0,4.16,moderate,2026-08-06
154,154,0,AM Peak (6–9),7,41.0,39.0,41.0,2.0,6.0,5.0,5.0,5.0,0.15833333333333333,0.07850834151128556,10.25,moderate,2026-08-06
154,154,0,Evening (19–24),12,39.0,37.0,39.0,2.0,13.0,5.0,1.0,5.0,0.15833333333333333,0.07850834151128556,10.25,moderate,2026-08-06
154,154,0,Midday (9–15),15,40.0,40.0,40.0,0.0,15.0,5.0,4.4,5.0,0.15833333333333333,0.0,5.54,moderate,2026-08-06
154,154,0,Overnight (0–6),10,37.0,15.883333333333333,37.2,21.31666666666667,10.0,5.0,0.0,5.0,0.15833333333333333,0.4759069767441861,34.1,moderate,2026-08-06
154,154,0,PM Peak (15–19),10,43.0,43.0,43.0,0.0,10.0,5.0,5.0,8.0,0.15833333333333333,0.0,5.54,moderate,2026-08-06
154,154,1,AM Peak (6–9),6,40.0,34.0,40.0,6.0,7.0,10.0,3.6000000000000005,12.0,0.08636363636363636,0.2035623409669211,15.24,moderate,2026-08-06
154,154,1,Evening (19–24),13,36.0,29.0,36.0,7.0,12.0,16.0,4.300000000000001,16.0,0.055882352941176466,0.22969647251845773,15.74,moderate,2026-08-06
154,154,1,Midday (9–15),15,42.0,42.0,42.0,0.0,14.0,9.0,9.0,9.0,0.095,0.0,3.32,moderate,2026-08-06
154,154,1,Overnight (0–6),10,29.0,29.0,34.0,5.0,6.0,7.0,7.0,8.5,0.11875,0.17559262510974538,14.69,moderate,2026-08-06
154,154,1,PM Peak (15–19),10,44.0,44.0,44.0,0.0,10.0,4.0,4.0,9.0,0.19,0.0,6.65,moderate,2026-08-06
156,156,0,AM Peak (6–9),6,25.0,25.0,25.0,0.0,6.0,4.0,4.0,4.0,0.19,0.0,6.65,moderate,2026-08-06
156,156,0,Evening (19–24),2,17.5,8.3,26.7,18.4,1.0,0.0,0.0,0.0,0.95,0.43940298507462683,59.61,no recovery time,2026-08-06
156,156,0,Midday (9–15),12,25.0,25.0,25.0,0.0,12.0,4.0,4.0,4.0,0.19,0.0,6.65,moderate,2026-08-06
156,156,0,Overnight (0–6),2,25.0,25.0,25.0,0.0,2.0,4.0,4.0,4.0,0.19,0.0,6.65,moderate,2026-08-06
156,156,0,PM Peak (15–19),8,29.0,28.4,29.0,0.6000000000000014,7.0,0.0,0.0,0.8000000000000007,0.95,0.02492211838006236,34.75,no recovery time,2026-08-06
156,156,1,AM Peak (6–9),6,26.0,26.0,26.0,0.0,6.0,5.0,5.0,5.0,0.15833333333333333,0.0,5.54,moderate,2026-08-06
156,156,1,Evening (19–24),1,30.0,30.0,30.0,0.0,2.0,1.0,1.0,1.0,0.475,0.0,16.62,no recovery time,2026-08-06
156,156,1,Midday (9–15),12,27.0,27.0,27.0,0.0,11.0,4.0,4.0,4.0,0.19,0.0,6.65,moderate,2026-08-06
156,156,1,Overnight (0–6),1,26.0,26.0,26.0,0.0,1.0,5.0,5.0,5.0,0.15833333333333333,0.0,5.54,moderate,2026-08-06
156,156,1,PM Peak (15–19),8,30.0,30.0,30.0,0.0,8.0,1.0,1.0,1.8999999999999995,0.475,0.0,16.62,no recovery time,2026-08-06
158,158,0,AM Peak (6–9),18,23.0,19.0,23.0,4.0,17.0,7.0,3.0,11.0,0.11875,0.14558689717925385,12.89,moderate,2026-08-06
158,158,0,Evening (19–24),17,19.0,15.0,19.0,4.0,16.0,8.0,5.0,9.0,0.10555555555555556,0.14558689717925385,12.43,moderate,2026-08-06
158,158,0,Midday (9–15),25,24.0,24.0,24.0,0.0,24.0,9.0,7.6000000000000005,9.0,0.095,0.0,3.32,moderate,2026-08-06
158,158,0,Overnight (0–6),9,15.0,15.0,19.0,4.0,5.0,5.0,5.0,7.0,0.15833333333333333,0.14558689717925385,14.28,moderate,2026-08-06
158,158,0,PM Peak (15–19),16,27.0,27.0,27.0,0.0,16.0,14.0,9.0,14.0,0.06333333333333332,0.0,2.22,moderate,2026-08-06
158,158,1,AM Peak (6–9),18,22.0,20.0,22.3,2.3000000000000007,17.0,4.0,4.0,4.0,0.19,0.08923375363724541,12.0,moderate,2026-08-06
158,158,1,Evening (19–24),16,23.0,18.0,23.0,5.0,18.0,2.0,0.0,3.0,0.31666666666666665,0.17559262510974538,21.62,very low recovery time,2026-08-06
158,158,1,Midday (9–15),24,24.0,24.0,24.0,0.0,25.0,3.0,3.0,3.0,0.2375,0.0,8.31,very low recovery time,2026-08-06
158,158,1,Overnight (0–6),9,20.0,18.0,20.0,2.0,7.0,2.0,1.6,6.4,0.31666666666666665,0.07850834151128556,15.79,very low recovery time,2026-08-06
158,158,1,PM Peak (15–19),16,29.0,29.0,29.0,0.0,16.0,5.0,3.0,5.0,0.15833333333333333,0.0,5.54,moderate,2026-08-06
160,160,0,AM Peak (6–9),9,37.0,35.0,37.0,2.0,7.0,3.0,3.0,7.0000000000000036,0.2375,0.07850834151128556,13.02,very low recovery time,2026-08-06
160,160,0,Evening (19–24),10,26.0,26.0,26.0,0.0,7.0,1.0,0.0,4.200000000000001,0.475,0.0,16.62,no recovery time,2026-08-06
160,160,0,Midday (9–15),16,28.0,28.0,32.5,4.5,15.0,3.0,2.4000000000000004,5.399999999999999,0.2375,0.16085790884718498,17.96,very low recovery time,2026-08-06
160,160,0,PM Peak (15–19),9,34.0,29.6,34.0,4.399999999999999,10.0,2.0,1.9,9.1,0.31666666666666665,0.15784753363228696,20.55,very low recovery time,2026-08-06
160,160,1,AM Peak (6–9),9,40.0,40.0,40.0,0.0,9.0,0.0,0.0,0.0,0.95,0.0,33.25,no recovery time,2026-08-06
160,160,1,Evening (19–24),7,45.0,45.0,46.6,1.6000000000000014,10.0,0.0,0.0,0.1999999999999993,0.95,0.06380857427716854,37.08,no recovery time,2026-08-06
160,160,1,Midday (9–15),16,44.0,40.0,46.5,6.5,16.0,0.0,0.0,1.0,0.95,0.21684737281067556,46.26,no recovery time,2026-08-06
160,160,1,Overnight (0–6),2,40.0,40.0,40.0,0.0,,10.0,,,0.08636363636363636,0.0,3.02,moderate,2026-08-06
160,160,1,PM Peak (15–19),10,60.0,55.0,60.0,5.0,9.0,0.0,0.0,1.2000000000000002,0.95,0.17559262510974538,43.79,no recovery time,2026-08-06
161,161,0,AM Peak (6–9),13,34.0,27.0,36.0,9.0,13.0,4.0,4.0,11.0,0.19,0.27713625866050806,23.28,moderate,2026-08-06
161,161,0,Evening (19–24),15,25.0,20.0,25.0,5.0,16.0,4.5,4.0,7.0,0.17272727272727273,0.17559262510974538,16.58,moderate,2026-08-06
161,161,0,Midday (9–15),20,29.0,29.0,34.0,5.0,20.0,10.0,4.800000000000001,10.0,0.08636363636363636,0.17559262510974538,13.56,moderate,2026-08-06
161,161,0,Overnight (0–6),6,23.5,20.0,27.0,7.0,4.0,7.0,4.9,7.0,0.11875,0.22969647251845773,17.94,moderate,2026-08-06
161,161,0,PM Peak (15–19),16,34.0,33.0,34.0,1.0,16.0,8.0,8.0,8.0,0.10555555555555556,0.04085801838610827,6.15,moderate,2026-08-06
161,161,1,AM Peak (6–9),12,29.5,24.0,31.0,7.0,12.0,5.0,0.5000000000000004,12.0,0.15833333333333333,0.22969647251845773,19.32,moderate,2026-08-06
161,161,1,Evening (19–24),17,27.0,22.0,27.0,5.0,15.0,4.0,4.0,11.0,0.19,0.17559262510974538,17.19,moderate,2026-08-06
161,161,1,Midday (9–15),20,30.0,30.0,40.0,10.0,17.0,11.0,3.6,11.0,0.07916666666666666,0.29873039581777444,20.69,moderate,2026-08-06
161,161,1,Overnight (0–6),6,22.0,13.716666666666667,23.0,9.283333333333333,4.0,12.0,3.3000000000000007,13.7,0.07307692307692307,0.283388450775884,19.56,moderate,2026-08-06
161,161,1,PM Peak (15–19),16,40.0,38.0,40.0,2.0,16.0,8.0,8.0,8.0,0.10555555555555556,0.07850834151128556,8.4,moderate,2026-08-06
162,162,0,AM Peak (6–9),7,26.0,26.0,26.0,0.0,6.0,6.5,4.0,9.0,0.12666666666666665,0.0,4.43,moderate,2026-08-06
162,162,0,Evening (19–24),7,26.0,26.0,26.0,0.0,6.0,5.0,4.0,5.0,0.15833333333333333,0.0,5.54,moderate,2026-08-06
162,162,0,Midday (9–15),12,27.0,27.0,28.8,1.8000000000000007,13.0,10.0,4.800000000000001,10.0,0.08636363636363636,0.07121661721068251,7.3,moderate,2026-08-06
162,162,0,Overnight (0–6),2,17.03333333333333,9.86,24.206666666666667,14.346666666666668,1.0,13.0,13.0,13.0,0.06785714285714285,0.3793240206230996,25.13,moderate,2026-08-06
162,162,0,PM Peak (15–19),10,33.0,33.0,33.0,0.0,10.0,7.0,7.0,8.499999999999998,0.11875,0.0,4.16,moderate,2026-08-06
162,162,1,AM Peak (6–9),8,29.0,29.0,29.0,0.0,7.0,0.0,0.0,0.40000000000000036,0.95,0.0,33.25,no recovery time,2026-08-06
162,162,1,Evening (19–24),7,28.0,28.0,28.0,0.0,7.0,1.0,0.6000000000000001,1.0,0.475,0.0,16.62,no recovery time,2026-08-06
162,162,1,Midday (9–15),13,29.0,29.0,30.6,1.6000000000000014,12.0,1.0,1.0,1.0,0.475,0.06380857427716854,20.45,no recovery time,2026-08-06
162,162,1,PM Peak (15–19),9,31.0,31.0,31.0,0.0,10.0,1.0,1.0,1.0,0.475,0.0,16.62,no recovery time,2026-08-06
164,164,0,AM Peak (6–9),7,28.0,25.2,28.0,2.8000000000000007,7.0,2.0,1.0,5.0,0.31666666666666665,0.10656517602283541,17.48,very low recovery time,2026-08-06
164,164,0,Evening (19–24),11,24.0,22.0,24.0,2.0,11.0,6.0,3.0,8.0,0.1357142857142857,0.07850834151128556,9.46,moderate,2026-08-06
164,164,0,Midday (9–15),13,26.0,26.0,26.0,0.0,13.0,4.0,4.0,4.0,0.19,0.0,6.65,moderate,2026-08-06
164,164,0,Overnight (0–6),5,22.0,22.0,24.0,2.0,4.0,3.0,0.9000000000000001,3.0,0.2375,0.07850834151128556,13.02,very low recovery time,2026-08-06
164,164,0,PM Peak (15–19),9,30.0,30.0,30.0,0.0,9.0,5.0,5.0,5.2,0.15833333333333333,0.0,5.54,moderate,2026-08-06
164,164,1,AM Peak (6–9),7,31.0,29.0,31.4,2.3999999999999986,7.0,5.0,4.6,7.600000000000001,0.15833333333333333,0.09275362318840574,11.11,moderate,2026-08-06
164,164,1,Evening (19–24),11,27.0,24.0,27.0,3.0,10.0,3.0,1.0,15.799999999999997,0.2375,0.11331444759206798,15.11,very low recovery time,2026-08-06
164,164,1,Midday (9–15),12,26.0,26.0,26.0,0.0,12.0,4.0,4.0,18.300000000000004,0.19,0.0,6.65,moderate,2026-08-06
164,164,1,Overnight (0–6),5,24.0,24.0,25.0,1.0,4.0,1.0,1.0,8.700000000000003,0.475,0.04085801838610827,19.08,no recovery time,2026-08-06
164,164,1,PM Peak (15–19),10,32.0,31.8,32.0,0.1999999999999993,9.0,8.0,8.0,8.0,0.10555555555555556,0.008447729672650445,4.2,moderate,2026-08-06
165,165,0,AM Peak (6–9),24,61.0,56.6,62.0,5.399999999999999,24.0,8.0,4.0,10.0,0.10555555555555556,0.18701298701298696,14.92,moderate,2026-08-06
165,165,0,Evening (19–24),36,43.5,3.433333333333333,48.0,44.56666666666667,29.0,4.0,4.0,5.599999999999998,0.19,0.654990814451929,45.95,high schedule variability,2026-08-06
165,165,0,Midday (9–15),38,60.0,60.0,70.0,10.0,33.0,4.0,4.0,8.600000000000001,0.19,0.29873039581777444,24.57,moderate,2026-08-06
165,165,0,Overnight (0–6),27,40.0,2.716666666666667,56.0,53.28333333333333,14.0,5.0,0.30000000000000004,8.0,0.15833333333333333,0.6941700141135599,47.19,high schedule variability,2026-08-06
165,165,0,PM Peak (15–19),24,70.0,58.2,70.0,11.799999999999997,23.0,9.0,9.0,9.0,0.095,0.33451452870304743,23.4,moderate,2026-08-06
165,165,1,AM Peak (6–9),24,64.0,58.0,68.4,10.400000000000006,25.0,4.0,0.40000000000000036,4.0,0.19,0.3070110701107012,25.07,moderate,2026-08-06
165,165,1,Evening (19–24),32,56.0,51.0,61.0,10.0,36.0,2.0,0.0,7.5,0.31666666666666665,0.29873039581777444,29.01,very low recovery time,2026-08-06
165,165,1,Midday (9–15),37,70.0,70.0,76.0,6.0,38.0,6.0,0.7000000000000002,9.0,0.1357142857142857,0.2035623409669211,16.96,moderate,2026-08-06
165,165,1,Overnight (0–6),27,48.0,15.516666666666667,58.0,42.483333333333334,23.0,0.0,0.0,4.600000000000001,0.95,0.6440934933670246,71.9,"no recovery time, high schedule variability",2026-08-06
165,165,1,PM Peak (15–19),25,76.0,65.2,76.0,10.799999999999997,23.0,5.0,5.0,5.0,0.15833333333333333,0.3150984682713347,24.45,moderate,2026-08-06
166,166,0,AM Peak (6–9),7,24.0,24.0,24.0,0.0,7.0,18.0,18.0,18.0,0.049999999999999996,0.0,1.75,moderate,2026-08-06
166,166,0,Evening (19–24),1,7.0,7.0,7.0,0.0,,10.0,,,0.08636363636363636,0.0,3.02,moderate,2026-08-06
166,166,0,Midday (9–15),2,17.0,8.2,25.8,17.6,,10.0,,,0.08636363636363636,0.42848447961046865,28.73,moderate,2026-08-06
166,166,0,Overnight (0–6),2,24.0,24.0,24.0,0.0,1.0,18.0,18.0,18.0,0.049999999999999996,0.0,1.75,moderate,2026-08-06
166,166,0,PM Peak (15–19),10,28.0,28.0,28.0,0.0,10.0,6.0,6.0,6.0,0.1357142857142857,0.0,4.75,moderate,2026-08-06
166,166,1,AM Peak (6–9),8,31.0,25.6,31.0,5.399999999999999,7.0,2.0,2.0,2.0,0.31666666666666665,0.18701298701298696,22.3,very low recovery time,2026-08-06
166,166,1,Evening (19–24),1,35.15,35.15,35.15,0.0,1.0,2.0,2.0,2.0,0.31666666666666665,0.0,11.08,very low recovery time,2026-08-06
166,166,1,Midday (9–15),4,22.058333333333334,16.0,35.735,19.735,2.0,2.0,2.0,2.0,0.31666666666666665,0.45672298079148343,38.49,very low recovery time,2026-08-06
166,166,1,Overnight (0–6),1,13.0,13.0,13.0,0.0,1.0,2.0,2.0,2.0,0.31666666666666665,0.0,11.08,very low recovery time,2026-08-06
166,166,1,PM Peak (15–19),9,39.0,39.0,39.0,0.0,10.0,2.0,2.0,2.0,0.31666666666666665,0.0,11.08,very low recovery time,2026-08-06
167,167,0,AM Peak (6–9),6,26.0,26.0,26.0,0.0,6.0,4.0,4.0,4.0,0.19,0.0,6.65,moderate,2026-08-06
167,167,0,Evening (19–24),10,26.0,22.0,26.0,4.0,10.0,4.0,4.0,8.0,0.19,0.14558689717925385,15.39,moderate,2026-08-06
167,167,0,Midday (9–15),12,28.0,28.0,28.0,0.0,12.0,2.0,2.0,2.0,0.31666666666666665,0.0,11.08,very low recovery time,2026-08-06
167,167,0,Overnight (0–6),4,22.0,22.0,24.8,2.8000000000000007,4.0,8.0,5.2,8.0,0.10555555555555556,0.10656517602283541,10.09,moderate,2026-08-06
167,167,0,PM Peak (15–19),8,29.0,28.1,29.0,0.8999999999999986,8.0,1.0,1.0,1.8999999999999995,0.475,0.036923076923076864,18.84,no recovery time,2026-08-06
167,167,1,AM Peak (6–9),6,24.0,24.0,24.0,0.0,6.0,6.0,6.0,6.0,0.1357142857142857,0.0,4.75,moderate,2026-08-06
167,167,1,Evening (19–24),10,23.0,23.0,25.0,2.0,10.0,7.0,5.0,7.0,0.11875,0.07850834151128556,8.87,moderate,2026-08-06
167,167,1,Midday (9–15),12,25.0,25.0,25.0,0.0,12.0,5.0,5.0,5.0,0.15833333333333333,0.0,5.54,moderate,2026-08-06
167,167,1,Overnight (0–6),5,23.0,23.0,23.6,0.6000000000000014,3.0,7.0,6.2,7.0,0.11875,0.02492211838006236,5.65,moderate,2026-08-06
167,167,1,PM Peak (15–19),8,25.0,25.0,25.0,0.0,8.0,5.0,5.0,5.0,0.15833333333333333,0.0,5.54,moderate,2026-08-06
168,168,0,AM Peak (6–9),12,28.0,23.2,28.0,4.800000000000001,12.0,7.0,2.0,7.0,0.11875,0.1697612732095491,14.34,moderate,2026-08-06
168,168,0,Evening (19–24),17,20.0,18.0,27.0,9.0,18.0,4.5,2.0,9.0,0.17272727272727273,0.27713625866050806,22.67,moderate,2026-08-06
168,168,0,Midday (9–15),25,26.0,26.0,30.6,4.600000000000001,25.0,11.0,10.0,11.0,0.07916666666666666,0.16384683882457707,12.6,moderate,2026-08-06
168,168,0,Overnight (0–6),11,18.0,18.0,23.0,5.0,9.0,4.0,3.4000000000000004,11.2,0.19,0.17559262510974538,17.19,moderate,2026-08-06
168,168,0,PM Peak (15–19),16,32.0,27.0,32.0,5.0,16.0,10.0,8.5,10.0,0.08636363636363636,0.17559262510974538,13.56,moderate,2026-08-06
168,168,1,AM Peak (6–9),13,28.0,21.8,28.0,6.199999999999999,12.0,7.0,0.20000000000000018,7.0,0.11875,0.20893007582139844,16.69,moderate,2026-08-06
168,168,1,Evening (19–24),18,23.0,19.0,28.3,9.3,16.0,5.0,2.5,10.0,0.15833333333333333,0.2837528604118993,22.57,moderate,2026-08-06
168,168,1,Midday (9–15),24,28.0,28.0,32.099999999999994,4.099999999999994,23.0,10.0,10.0,13.600000000000001,0.08636363636363636,0.1486854034451494,11.94,moderate,2026-08-06
168,168,1,Overnight (0–6),10,19.0,17.0,21.0,4.0,9.0,3.0,2.4000000000000004,14.8,0.2375,0.14558689717925385,17.05,very low recovery time,2026-08-06
168,168,1,PM Peak (15–19),17,33.0,29.0,33.0,4.0,17.0,9.0,2.6,9.4,0.095,0.14558689717925385,12.06,moderate,2026-08-06
169,169,0,AM Peak (6–9),6,36.0,33.5,36.0,2.5,6.0,10.0,9.0,12.0,0.08636363636363636,0.09624639076034648,8.8,moderate,2026-08-06
169,169,0,Evening (19–24),10,39.0,37.0,39.0,2.0,10.0,6.0,5.9,8.0,0.1357142857142857,0.07850834151128556,9.46,moderate,2026-08-06
169,169,0,Midday (9–15),12,38.0,38.0,39.8,1.7999999999999972,12.0,7.0,7.0,7.0,0.11875,0.07121661721068238,8.43,moderate,2026-08-06
169,169,0,Overnight (0–6),4,37.0,34.2,37.0,2.799999999999997,2.0,8.0,8.0,8.0,0.10555555555555556,0.10656517602283529,10.09,moderate,2026-08-06
169,169,0,PM Peak (15–19),8,40.0,40.0,40.0,0.0,8.0,5.0,5.0,5.0,0.15833333333333333,0.0,5.54,moderate,2026-08-06
169,169,1,AM Peak (6–9),6,40.0,36.0,41.0,5.0,6.0,7.0,4.0,10.5,0.11875,0.17559262510974538,14.69,moderate,2026-08-06
169,169,1,Evening (19–24),10,37.0,36.0,37.0,1.0,10.0,8.0,7.4,9.0,0.10555555555555556,0.04085801838610827,6.15,moderate,2026-08-06
169,169,1,Midday (9–15),12,39.0,39.0,42.8,3.799999999999997,12.0,6.0,4.0,6.0,0.1357142857142857,0.1393217231897341,13.11,moderate,2026-08-06
169,169,1,Overnight (0–6),5,36.0,29.39,36.0,6.609999999999999,4.0,9.0,3.4000000000000004,9.0,0.095,0.2197108193451886,16.51,moderate,2026-08-06
169,169,1,PM Peak (15–19),8,43.0,43.0,43.0,0.0,8.0,2.0,2.0,2.0,0.31666666666666665,0.0,11.08,very low recovery time,2026-08-06
171,171,0,AM Peak (6–9),8,13.95,11.95,13.95,2.0,8.0,1.0,1.0,1.0,0.475,0.07850834151128556,21.34,no recovery time,2026-08-06
171,171,0,Evening (19–24),15,11.95,11.1,11.95,0.8499999999999996,15.0,1.0,0.40000000000000013,1.0,0.475,0.03494347379239464,18.72,no recovery time,2026-08-06
171,171,0,Midday (9–15),14,12.95,12.95,15.140000000000002,2.190000000000003,14.0,1.0,1.0,1.0,0.475,0.0853302162478084,21.74,no recovery time,2026-08-06
171,171,0,Overnight (0–6),10,8.341666666666667,5.316666666666666,11.95,6.633333333333333,10.0,1.0,0.21666666666666667,1.0333333333333334,0.475,0.2203155272626626,29.84,no recovery time,2026-08-06
171,171,0,PM Peak (15–19),8,15.65,15.05,15.65,0.5999999999999996,8.0,1.0,1.0,1.0,0.475,0.024922118380062287,18.12,no recovery time,2026-08-06
171,171,1,AM Peak (6–9),8,22.866666666666667,17.083333333333332,22.866666666666667,5.783333333333335,,10.0,,,0.08636363636363636,0.1976644830532612,14.88,moderate,2026-08-06
171,171,1,Evening (19–24),15,18.983333333333334,17.083333333333332,18.983333333333334,1.9000000000000021,,10.0,,,0.08636363636363636,0.07487684729064047,7.52,moderate,2026-08-06
171,171,1,Midday (9–15),14,22.866666666666667,22.866666666666667,25.333333333333336,2.4666666666666686,,10.0,,,0.08636363636363636,0.09508512688724709,8.73,moderate,2026-08-06
171,171,1,Overnight (0–6),11,17.083333333333332,5.833333333333333,17.083333333333332,11.25,,10.0,,,0.08636363636363636,0.3239740820734341,22.46,moderate,2026-08-06
171,171,1,PM Peak (15–19),8,25.633333333333333,24.838333333333335,25.633333333333333,0.7949999999999982,,10.0,,,0.08636363636363636,0.03275648949320141,4.99,moderate,2026-08-06
184,184,0,AM Peak (6–9),6,11.0,11.0,11.0,0.0,,10.0,,,0.08636363636363636,0.0,3.02,moderate,2026-08-06
184,184,0,Evening (19–24),12,10.0,9.0,10.0,1.0,,10.0,,,0.08636363636363636,0.04085801838610827,5.47,moderate,2026-08-06
184,184,0,Midday (9–15),13,10.0,10.0,11.8,1.8000000000000007,,10.0,,,0.08636363636363636,0.07121661721068251,7.3,moderate,2026-08-06
184,184,0,Overnight (0–6),5,9.0,9.0,9.0,0.0,,10.0,,,0.08636363636363636,0.0,3.02,moderate,2026-08-06
184,184,0,PM Peak (15–19),8,12.0,12.0,12.0,0.0,,10.0,,,0.08636363636363636,0.0,3.02,moderate,2026-08-06
184,184,1,AM Peak (6–9),6,8.0,8.0,8.0,0.0,6.0,0.0,0.0,0.0,0.95,0.0,33.25,no recovery time,2026-08-06
184,184,1,Evening (19–24),13,8.0,8.0,8.0,0.0,12.0,0.0,0.0,0.0,0.95,0.0,33.25,no recovery time,2026-08-06
184,184,1,Midday (9–15),13,8.0,8.0,8.8,0.8000000000000007,13.0,0.0,0.0,0.0,0.95,0.03295571575695162,35.23,no recovery time,2026-08-06
184,184,1,Overnight (0–6),4,8.0,8.0,8.0,0.0,5.0,0.0,0.0,0.0,0.95,0.0,33.25,no recovery time,2026-08-06
184,184,1,PM Peak (15–19),8,9.0,9.0,9.0,0.0,8.0,0.0,0.0,0.0,0.95,0.0,33.25,no recovery time,2026-08-06
185,185,0,AM Peak (6–9),8,19.0,14.0,19.3,5.300000000000001,8.0,5.0,3.0,5.0,0.15833333333333333,0.1841876629018245,16.59,moderate,2026-08-06
185,185,0,Evening (19–24),15,17.0,13.0,17.0,4.0,16.0,3.0,3.0,5.0,0.2375,0.14558689717925385,17.05,very low recovery time,2026-08-06
185,185,0,Midday (9–15),14,19.0,19.0,19.700000000000003,0.7000000000000028,14.0,5.0,4.3,5.0,0.15833333333333333,0.02895553257497426,7.28,moderate,2026-08-06
185,185,0,Overnight (0–6),10,13.0,11.986666666666666,14.0,2.0133333333333336,8.0,4.0,2.0,5.6,0.19,0.07899038775910547,11.39,moderate,2026-08-06
185,185,0,PM Peak (15–19),10,22.0,21.8,22.0,0.1999999999999993,10.0,3.0,3.0,3.0,0.2375,0.008447729672650445,8.82,very low recovery time,2026-08-06
185,185,1,AM Peak (6–9),8,22.0,17.0,22.0,5.0,8.0,3.5,2.0,4.0,0.2111111111111111,0.17559262510974538,17.92,moderate,2026-08-06
185,185,1,Evening (19–24),15,18.0,16.0,18.0,2.0,16.0,2.0,2.0,2.0,0.31666666666666665,0.07850834151128556,15.79,very low recovery time,2026-08-06
185,185,1,Midday (9–15),14,21.0,21.0,21.0,0.0,14.0,5.0,4.0,5.0,0.15833333333333333,0.0,5.54,moderate,2026-08-06
185,185,1,Overnight (0–6),9,16.0,13.0,17.0,4.0,8.0,2.0,1.4000000000000001,3.015,0.31666666666666665,0.14558689717925385,19.82,very low recovery time,2026-08-06
185,185,1,PM Peak (15–19),10,23.0,22.8,23.0,0.1999999999999993,10.0,2.0,2.0,2.0,0.31666666666666665,0.008447729672650445,11.59,very low recovery time,2026-08-06
189,189,0,AM Peak (6–9),7,25.0,25.0,25.0,0.0,,10.0,,,0.08636363636363636,0.0,3.02,moderate,2026-08-06
189,189,0,Evening (19–24),11,19.0,17.0,19.0,2.0,,10.0,,,0.08636363636363636,0.07850834151128556,7.73,moderate,2026-08-06
189,189,0,Midday (9–15),14,24.0,24.0,24.0,0.0,,10.0,,,0.08636363636363636,0.0,3.02,moderate,2026-08-06
189,189,0,Overnight (0–6),5,17.0,12.8,24.6,11.8,1.0,0.0,0.0,0.0,0.95,0.33451452870304743,53.32,no recovery time,2026-08-06
189,189,0,PM Peak (15–19),9,29.0,23.0,29.0,6.0,,10.0,,,0.08636363636363636,0.2035623409669211,15.24,moderate,2026-08-06
189,189,1,AM Peak (6–9),7,18.0,18.0,18.0,0.0,7.0,0.0,0.0,0.0,0.95,0.0,33.25,no recovery time,2026-08-06
189,189,1,Evening (19–24),10,16.0,13.0,16.0,3.0,11.0,0.0,0.0,0.0,0.95,0.11331444759206798,40.05,no recovery time,2026-08-06
189,189,1,Midday (9–15),14,19.0,19.0,19.0,0.0,14.0,0.0,0.0,0.0,0.95,0.0,33.25,no recovery time,2026-08-06
189,189,1,Overnight (0–6),5,13.0,8.8,15.4,6.6,4.0,0.0,0.0,0.0,0.95,0.21945137157107228,46.42,no recovery time,2026-08-06
189,189,1,PM Peak (15–19),9,21.0,18.4,21.0,2.6000000000000014,9.0,0.0,0.0,0.0,0.95,0.09971236816874406,39.23,no recovery time,2026-08-06
191,191,0,AM Peak (6–9),8,19.0,17.0,21.0,4.0,7.0,1.0,0.0,6.0,0.475,0.14558689717925385,25.36,no recovery time,2026-08-06
191,191,0,Evening (19–24),14,14.0,14.0,14.0,0.0,16.0,6.0,4.0,6.0,0.1357142857142857,0.0,4.75,moderate,2026-08-06
191,191,0,Midday (9–15),13,19.0,19.0,19.0,0.0,12.0,1.0,1.0,1.0,0.475,0.0,16.62,no recovery time,2026-08-06
191,191,0,Overnight (0–6),6,14.0,10.591666666666667,15.5,4.908333333333333,4.0,6.0,3.9000000000000004,6.0,0.1357142857142857,0.1729301233118027,15.13,moderate,2026-08-06
191,191,0,PM Peak (15–19),11,20.0,20.0,22.0,2.0,9.0,16.0,16.0,18.0,0.055882352941176466,0.07850834151128556,6.67,moderate,2026-08-06
191,191,1,AM Peak (6–9),8,22.0,18.295,24.0,5.704999999999998,8.0,2.5,1.0,10.899999999999999,0.2714285714285714,0.19551062371487316,21.23,very low recovery time,2026-08-06
191,191,1,Evening (19–24),14,18.0,16.0,18.0,2.0,15.0,2.0,2.0,4.0,0.31666666666666665,0.07850834151128556,15.79,very low recovery time,2026-08-06
191,191,1,Midday (9–15),14,22.0,22.0,26.1,4.100000000000001,13.0,3.0,3.0,3.0,0.2375,0.14868540344514963,17.23,very low recovery time,2026-08-06
191,191,1,Overnight (0–6),6,16.0,9.65,16.0,6.35,5.0,4.0,0.0,4.0,0.19,0.21290863369656327,19.42,moderate,2026-08-06
191,191,1,PM Peak (15–19),10,25.0,23.0,27.0,4.0,11.0,7.0,4.0,11.0,0.11875,0.14558689717925385,12.89,moderate,2026-08-06
200,200,0,AM Peak (6–9),2,18.0,18.0,18.0,0.0,1.0,4.0,4.0,4.0,0.19,0.0,6.65,moderate,2026-08-06
200,200,0,Evening (19–24),4,19.0,19.0,19.0,0.0,4.0,4.0,4.0,4.0,0.19,0.0,6.65,moderate,2026-08-06
200,200,0,Midday (9–15),18,19.0,19.0,19.0,0.0,18.0,4.0,4.0,4.0,0.19,0.0,6.65,moderate,2026-08-06
200,200,0,PM Peak (15–19),12,19.0,19.0,19.0,0.0,12.0,4.0,4.0,4.0,0.19,0.0,6.65,moderate,2026-08-06
200,200,1,AM Peak (6–9),2,17.0,17.0,17.0,0.0,1.0,0.0,0.0,0.0,0.95,0.0,33.25,no recovery time,2026-08-06
200,200,1,Evening (19–24),4,17.0,17.0,17.0,0.0,4.0,0.0,0.0,0.0,0.95,0.0,33.25,no recovery time,2026-08-06
200,200,1,Midday (9–15),18,17.0,17.0,17.0,0.0,17.0,0.0,0.0,0.0,0.95,0.0,33.25,no recovery time,2026-08-06
200,200,1,PM Peak (15–19),12,17.0,17.0,17.0,0.0,12.0,0.0,0.0,0.0,0.95,0.0,33.25,no recovery time,2026-08-06
201,201,0,Evening (19–24),8,20.0,20.0,20.0,0.0,8.0,0.0,0.0,0.8999999999999995,0.95,0.0,33.25,no recovery time,2026-08-06
201,201,0,Midday (9–15),14,20.0,20.0,20.0,0.0,13.0,0.0,0.0,0.0,0.95,0.0,33.25,no recovery time,2026-08-06
201,201,0,PM Peak (15–19),10,20.0,20.0,20.0,0.0,11.0,0.0,0.0,0.0,0.95,0.0,33.25,no recovery time,2026-08-06
201,201,1,Evening (19–24),8,20.0,20.0,20.0,0.0,7.0,5.0,5.0,5.0,0.15833333333333333,0.0,5.54,moderate,2026-08-06
201,201,1,Midday (9–15),13,20.0,20.0,20.0,0.0,12.0,5.0,5.0,5.0,0.15833333333333333,0.0,5.54,moderate,2026-08-06
201,201,1,PM Peak (15–19),11,20.0,20.0,20.0,0.0,11.0,5.0,5.0,5.0,0.15833333333333333,0.0,5.54,moderate,2026-08-06
202,202,0,Evening (19–24),12,20.0,20.0,25.0,5.0,13.0,4.0,2.4000000000000004,7.600000000000001,0.19,0.17559262510974538,17.19,moderate,2026-08-06
202,202,0,Midday (9–15),14,22.0,22.0,26.200000000000006,4.200000000000006,14.0,4.0,4.0,4.0,0.19,0.15176151761517634,15.76,moderate,2026-08-06
202,202,0,PM Peak (15–19),9,28.0,25.0,28.0,3.0,8.0,4.0,4.0,10.099999999999998,0.19,0.11331444759206798,13.45,moderate,2026-08-06
202,202,1,Evening (19–24),13,17.0,17.0,18.0,1.0,11.0,4.0,4.0,9.0,0.19,0.04085801838610827,9.1,moderate,2026-08-06
202,202,1,Midday (9–15),14,19.0,19.0,21.800000000000004,2.8000000000000043,14.0,5.0,5.0,5.0,0.15833333333333333,0.10656517602283554,11.94,moderate,2026-08-06
202,202,1,PM Peak (15–19),10,23.0,18.0,23.0,5.0,9.0,5.0,5.0,9.0,0.15833333333333333,0.17559262510974538,16.08,moderate,2026-08-06
203,203,0,AM Peak (6–9),3,7.0,7.0,7.0,0.0,3.0,0.0,0.0,0.0,0.95,0.0,33.25,no recovery time,2026-08-06
203,203,0,Evening (19–24),1,7.0,7.0,7.0,0.0,1.0,0.0,0.0,0.0,0.95,0.0,33.25,no recovery time,2026-08-06
203,203,0,Midday (9–15),18,7.0,7.0,7.0,0.0,18.0,0.0,0.0,0.0,0.95,0.0,33.25,no recovery time,2026-08-06
203,203,0,PM Peak (15–19),12,7.0,7.0,7.0,0.0,12.0,0.0,0.0,0.0,0.95,0.0,33.25,no recovery time,2026-08-06
203,203,1,AM Peak (6–9),3,10.0,10.0,10.0,0.0,3.0,3.0,3.0,3.0,0.2375,0.0,8.31,very low recovery time,2026-08-06
203,203,1,Evening (19–24),1,10.0,10.0,10.0,0.0,,10.0,,,0.08636363636363636,0.0,3.02,moderate,2026-08-06
203,203,1,Midday (9–15),18,10.0,10.0,10.0,0.0,18.0,3.0,3.0,3.0,0.2375,0.0,8.31,very low recovery time,2026-08-06
203,203,1,PM Peak (15–19),12,10.0,10.0,10.0,0.0,12.0,3.0,3.0,3.0,0.2375,0.0,8.31,very low recovery time,2026-08-06
300,300,0,Overnight (0–6),50,73.0,3.0,76.0,73.0,32.0,10.0,0.0,15.0,0.08636363636363636,0.7566727131381187,48.42,high schedule variability,2026-08-06
300,300,1,Overnight (0–6),38,80.0,53.900000000000006,85.0,31.099999999999994,10.0,9.0,0.0,9.0,0.095,0.5698579935868071,37.52,high schedule variability,2026-08-06
307,307,0,Overnight (0–6),9,44.0,41.77666666666667,50.6,8.82333333333333,7.0,16.0,3.2,16.0,0.055882352941176466,0.27318231074874855,18.35,moderate,2026-08-06
307,307,1,Overnight (0–6),15,46.0,18.473333333333333,54.599999999999994,36.126666666666665,6.0,6.5,5.0,14.0,0.12666666666666665,0.6061351751908504,40.8,high schedule variability,2026-08-06
315,315,0,Overnight (0–6),7,27.95,27.95,28.37,0.4200000000000017,1.0,2.0,2.0,2.0,0.31666666666666665,0.017576898932831205,12.14,very low recovery time,2026-08-06
315,315,1,Overnight (0–6),8,27.883333333333333,27.883333333333333,29.0,1.1166666666666671,6.0,0.0,0.0,7.0,0.95,0.04540833615723485,35.97,no recovery time,2026-08-06
316,316,0,Overnight (0–6),6,41.0,41.0,41.0,0.0,5.0,8.0,8.0,8.0,0.10555555555555556,0.0,3.69,moderate,2026-08-06
316,316,1,Overnight (0–6),6,41.0,41.0,41.0,0.0,4.0,0.0,0.0,0.0,0.95,0.0,33.25,no recovery time,2026-08-06
320,320,0,Overnight (0–6),39,45.88333333333333,40.15,54.2,14.050000000000004,30.0,8.0,8.0,12.100000000000001,0.10555555555555556,0.37441705529646907,26.16,moderate,2026-08-06
320,320,1,Overnight (0–6),34,47.0,25.433333333333334,48.0,22.566666666666666,7.0,4.0,2.2,4.0,0.19,0.4901357466063348,36.06,high schedule variability,2026-08-06
322,322,0,Overnight (0–6),7,23.0,20.2,23.0,2.8000000000000007,5.0,9.0,3.6,9.0,0.095,0.10656517602283541,9.72,moderate,2026-08-06
322,322,1,Overnight (0–6),7,23.0,14.71,23.0,8.29,1.0,1.0333333333333334,1.0333333333333334,1.0333333333333334,0.4672131147540984,0.2609790650086573,32.01,very low recovery time,2026-08-06
324,324,0,Overnight (0–6),7,36.0,36.0,36.0,0.0,6.0,5.0,5.0,5.0,0.15833333333333333,0.0,5.54,moderate,2026-08-06
324,324,1,Overnight (0–6),6,36.0,36.0,38.5,2.5,4.0,13.0,13.0,13.7,0.06785714285714285,0.09624639076034648,8.15,moderate,2026-08-06
325,325,0,Overnight (0–6),9,51.0,38.58,51.4,12.82,3.0,7.0,7.0,10.2,0.11875,0.3532166965146714,25.35,moderate,2026-08-06
325,325,1,Overnight (0–6),8,51.0,34.65,51.0,16.35,7.0,7.0,3.6133333333333333,7.800000000000001,0.11875,0.4105461393596987,28.79,moderate,2026-08-06
329,329,0,Overnight (0–6),13,41.86666666666667,19.043333333333333,59.0,39.95666666666666,11.0,2.0,1.0,9.0,0.31666666666666665,0.6299167082687406,48.88,"very low recovery time, high schedule variability",2026-08-06
329,329,1,Overnight (0–6),15,46.63333333333333,18.946666666666673,59.0,40.05333333333333,4.0,0.0,0.0,0.0,0.95,0.6304798383923184,71.08,"no recovery time, high schedule variability",2026-08-06
334,334,0,Overnight (0–6),26,71.0,0.5833333333333334,88.0,87.41666666666667,12.0,0.0,0.0,0.0,0.95,0.7883069061396257,80.55,"no recovery time, high schedule variability",2026-08-06
334,334,1,Overnight (0–6),29,81.0,1.6,96.99999999999999,95.39999999999999,3.0,10.0,8.4,13.2,0.08636363636363636,0.8025236593059936,51.17,high schedule variability,2026-08-06
335,335,0,Overnight (0–6),12,42.0,8.0,42.0,34.0,6.0,4.0,0.0,18.0,0.19,0.5915615484993475,42.14,high schedule variability,2026-08-06
335,335,1,Overnight (0–6),11,40.0,5.0,40.0,35.0,11.0,9.0,6.0,10.0,0.095,0.5985463873450192,39.24,high schedule variability,2026-08-06
336,336,0,Overnight (0–6),18,40.9,24.486666666666668,53.0,28.513333333333332,12.0,0.0,0.0,6.800000000000001,0.95,0.5484563844452282,66.16,"no recovery time, high schedule variability",2026-08-06
336,336,1,Overnight (0–6),19,33.0,27.6,54.0,26.4,4.0,13.0,13.0,15.100000000000001,0.06785714285714285,0.5293233082706766,34.13,high schedule variability,2026-08-06
337,337,0,Overnight (0–6),7,43.0,43.0,44.373333333333335,1.3733333333333348,4.0,3.0,0.9466666666666668,3.0,0.2375,0.055268629686766435,11.63,very low recovery time,2026-08-06
337,337,1,Overnight (0–6),7,44.0,42.95333333333333,45.4,2.4466666666666654,6.0,0.0,0.0,13.0,0.95,0.09438693499646365,38.91,no recovery time,2026-08-06
339,339,0,Overnight (0–6),14,35.0,5.0,35.0,30.0,13.0,0.0,0.0,0.0,0.95,0.5610098176718092,66.91,"no recovery time, high schedule variability",2026-08-06
339,339,1,AM Peak (6–9),1,1.75,1.75,1.75,0.0,,10.0,,,0.08636363636363636,0.0,3.02,moderate,2026-08-06
339,339,1,Overnight (0–6),17,34.0,1.75,39.0,37.25,9.0,0.0,0.0,0.0,0.95,0.6134211609715933,70.06,"no recovery time, high schedule variability",2026-08-06
340,340,0,Overnight (0–6),9,14.0,14.0,14.600000000000001,0.6000000000000014,8.0,3.0,2.1,3.0,0.2375,0.02492211838006236,9.81,very low recovery time,2026-08-06
340,340,1,Overnight (0–6),9,13.0,12.67,13.0,0.33000000000000007,8.0,0.0,0.0,0.0,0.95,0.013862633900441087,34.08,no recovery time,2026-08-06
341,341,0,Overnight (0–6),5,41.083333333333336,41.083333333333336,41.083333333333336,0.0,,10.0,,,0.08636363636363636,0.0,3.02,moderate,2026-08-06
341,341,1,Overnight (0–6),7,43.9,43.9,43.94,0.03999999999999915,7.0,4.0,2.4000000000000004,9.400000000000002,0.19,0.0017010418881564595,6.75,moderate,2026-08-06
343,343,0,Overnight (0–6),7,27.0,27.0,27.0,0.0,7.0,3.0,3.0,3.0,0.2375,0.0,8.31,very low recovery time,2026-08-06
343,343,1,Overnight (0–6),8,27.0,19.78,27.0,7.219999999999999,6.0,3.0,1.5,6.0,0.2375,0.23521746212738226,22.43,very low recovery time,2026-08-06
352,352,0,Overnight (0–6),14,29.5,4.0,55.0,51.0,9.0,1.0,0.0,7.2,0.475,0.6847935548841894,57.71,"no recovery time, high schedule variability",2026-08-06
352,352,1,Overnight (0–6),7,60.0,60.0,65.2,5.200000000000003,6.0,0.0,0.0,0.0,0.95,0.18134263295553626,44.13,no recovery time,2026-08-06
353,353,0,Overnight (0–6),14,60.0,1.15,60.0,58.85,12.0,1.0,1.0,1.0,0.475,0.714849681141816,59.52,"no recovery time, high schedule variability",2026-08-06
353,353,1,AM Peak (6–9),2,5.833333333333333,5.833333333333333,5.833333333333333,0.0,,10.0,,,0.08636363636363636,0.0,3.02,moderate,2026-08-06
353,353,1,Overnight (0–6),12,58.0,5.833333333333333,58.0,52.166666666666664,7.0,1.0,1.0,1.0,0.475,0.689655172413793,58.0,"no recovery time, high schedule variability",2026-08-06
354,354,0,Overnight (0–6),14,48.0,2.0,75.29000000000002,73.29000000000002,10.0,5.0,0.0,12.599999999999998,0.15833333333333333,0.7574019531855527,50.99,high schedule variability,2026-08-06
354,354,1,Overnight (0–6),17,47.333333333333336,2.0,50.85666666666667,48.85666666666667,7.0,11.0,9.8,17.800000000000004,0.07916666666666666,0.675453351459711,43.3,high schedule variability,2026-08-06
363,363,0,Overnight (0–6),8,25.0,25.0,25.3,0.3000000000000007,8.0,8.0,0.0,8.0,0.10555555555555556,0.012618296529968483,4.45,moderate,2026-08-06
363,363,1,Overnight (0–6),9,24.0,20.0,31.400000000000002,11.400000000000002,,10.0,,,0.08636363636363636,0.3268817204301076,22.64,moderate,2026-08-06
365,365,0,Overnight (0–6),7,13.266666666666667,13.266666666666667,13.266666666666667,0.0,7.0,0.0,0.0,0.0,0.95,0.0,33.25,no recovery time,2026-08-06
365,365,1,Overnight (0–6),7,13.566666666666666,13.566666666666666,13.566666666666666,0.0,,10.0,,,0.08636363636363636,0.0,3.02,moderate,2026-08-06
384,384,0,Overnight (0–6),7,39.0,36.0,39.4,3.3999999999999986,2.0,11.5,11.1,11.9,0.076,0.1265116279069767,10.25,moderate,2026-08-06
384,384,1,Overnight (0–6),6,35.63333333333333,30.59166666666667,37.5,6.908333333333331,3.0,12.0,7.8533333333333335,14.4,0.07307692307692307,0.22737246297312116,16.2,moderate,2026-08-06
385,385,0,Overnight (0–6),7,50.86666666666667,46.46666666666667,52.31666666666667,5.850000000000001,4.0,10.5,3.7,11.0,0.08260869565217391,0.19948849104859337,14.86,moderate,2026-08-06
385,385,1,Overnight (0–6),8,51.86666666666667,39.09166666666667,51.86666666666667,12.774999999999999,,10.0,,,0.08636363636363636,0.3524137931034482,24.17,moderate,2026-08-06
386,386,0,Overnight (0–6),7,29.0,29.0,31.6,2.6000000000000014,4.0,3.0,0.0,8.8,0.2375,0.09971236816874406,14.3,very low recovery time,2026-08-06
386,386,1,Overnight (0–6),9,28.0,28.0,28.0,0.0,7.0,3.0,3.0,15.200000000000001,0.2375,0.0,8.31,very low recovery time,2026-08-06
395,395,0,Overnight (0–6),12,47.03333333333333,7.0,55.03333333333333,48.03333333333333,5.0,8.0,3.0,8.0,0.10555555555555556,0.6717165831488172,44.0,high schedule variability,2026-08-06
395,395,1,Overnight (0–6),7,47.28333333333333,44.88333333333333,50.900000000000006,6.016666666666673,,10.0,,,0.08636363636363636,0.20401243289064724,15.26,moderate,2026-08-06
396,396,0,Overnight (0–6),9,43.53333333333333,36.666666666666664,43.53333333333333,6.866666666666667,,10.0,,,0.08636363636363636,0.2263114528975556,16.6,moderate,2026-08-06
396,396,1,Overnight (0–6),10,44.2,44.2,44.28,0.0799999999999983,5.0,5.0,5.0,5.0,0.15833333333333333,0.0033963065166630565,5.75,moderate,2026-08-06
403,403,0,Midday (9–15),4,37.0,37.0,37.0,0.0,3.0,0.0,0.0,24.0,0.95,0.0,33.25,no recovery time,2026-08-06
403,403,0,PM Peak (15–19),2,32.391666666666666,28.705000000000002,36.07833333333333,7.373333333333331,2.0,0.0,0.0,0.0,0.95,0.23901885569182554,47.59,no recovery time,2026-08-06
403,403,1,Midday (9–15),4,38.0,31.338333333333335,38.0,6.661666666666665,4.0,0.0,0.0,0.0,0.95,0.2210485565756,46.51,no recovery time,2026-08-06
403,403,1,PM Peak (15–19),2,38.0,38.0,38.0,0.0,2.0,0.0,0.0,0.0,0.95,0.0,33.25,no recovery time,2026-08-06
404,404,0,Midday (9–15),6,60.0,60.0,60.0,0.0,5.0,0.0,0.0,0.0,0.95,0.0,33.25,no recovery time,2026-08-06
404,404,0,PM Peak (15–19),2,60.0,60.0,60.0,0.0,2.0,0.0,0.0,0.0,0.95,0.0,33.25,no recovery time,2026-08-06
404,404,1,Midday (9–15),6,60.0,60.0,65.0,5.0,5.0,5.0,0.0,33.0,0.15833333333333333,0.17559262510974538,16.08,moderate,2026-08-06
404,404,1,PM Peak (15–19),2,65.0,65.0,65.0,0.0,2.0,5.0,5.0,5.0,0.15833333333333333,0.0,5.54,moderate,2026-08-06
405,405,0,Midday (9–15),6,80.0,39.30833333333334,80.0,40.69166666666666,3.0,0.0,0.0,0.0,0.95,0.6341558441558441,71.3,"no recovery time, high schedule variability",2026-08-06
405,405,0,PM Peak (15–19),1,80.0,80.0,80.0,0.0,2.0,0.0,0.0,0.0,0.95,0.0,33.25,no recovery time,2026-08-06
405,405,1,Midday (9–15),5,70.0,32.14333333333333,70.0,37.85666666666667,5.0,0.0,0.0,17.96,0.95,0.6172450338324411,70.28,"no recovery time, high schedule variability",2026-08-06
405,405,1,PM Peak (15–19),2,70.0,70.0,70.0,0.0,1.0,0.0,0.0,0.0,0.95,0.0,33.25,no recovery time,2026-08-06
900,900,0,AM Peak (6–9),35,3.0,3.0,16.0,13.0,35.0,3.0,1.0,8.0,0.2375,0.3564084989718985,29.7,very low recovery time,2026-08-06
900,900,0,Evening (19–24),66,8.0,3.0,14.0,11.0,63.0,1.0,1.0,8.0,0.475,0.31907179115300943,35.77,no recovery time,2026-08-06
900,900,0,Midday (9–15),80,8.5,3.0,14.0,11.0,78.0,2.0,1.0,8.0,0.31666666666666665,0.31907179115300943,30.23,very low recovery time,2026-08-06
900,900,0,Overnight (0–6),20,8.0,3.0,13.0,10.0,19.0,5.0,0.0,10.999999999999996,0.15833333333333333,0.29873039581777444,23.47,moderate,2026-08-06
900,900,0,PM Peak (15–19),53,17.0,3.0,17.0,14.0,52.0,2.0,2.0,8.0,0.31666666666666665,0.3735823882588392,33.5,very low recovery time,2026-08-06
900,900,1,AM Peak (6–9),19,19.0,17.0,19.0,2.0,17.0,1.0,1.0,1.0,0.475,0.07850834151128556,21.34,no recovery time,2026-08-06
900,900,1,Evening (19–24),32,18.0,17.0,18.0,1.0,32.0,1.0,1.0,1.0,0.475,0.04085801838610827,19.08,no recovery time,2026-08-06
900,900,1,Midday (9–15),40,18.0,18.0,18.0,0.0,40.0,1.0,1.0,1.0,0.475,0.0,16.62,no recovery time,2026-08-06
900,900,1,Overnight (0–6),12,17.0,17.0,17.0,0.0,14.0,1.0,1.0,1.0,0.475,0.0,16.62,no recovery time,2026-08-06
900,900,1,PM Peak (15–19),27,23.0,23.0,23.0,0.0,27.0,1.0,1.0,1.0,0.475,0.0,16.62,no recovery time,2026-08-06
902,902,0,AM Peak (6–9),13,56.0,56.0,56.0,0.0,8.0,4.0,4.0,4.0,0.19,0.0,6.65,moderate,2026-08-06
902,902,0,Evening (19–24),4,6.283333333333333,6.283333333333333,6.283333333333333,0.0,,10.0,,,0.08636363636363636,0.0,3.02,moderate,2026-08-06
902,902,0,Midday (9–15),25,53.0,53.0,53.0,0.0,24.0,7.0,5.6000000000000005,7.0,0.11875,0.0,4.16,moderate,2026-08-06
902,902,0,PM Peak (15–19),17,61.0,61.0,61.0,0.0,16.0,10.0,5.0,11.0,0.08636363636363636,0.0,3.02,moderate,2026-08-06
902,902,1,AM Peak (6–9),18,57.0,8.1,57.0,48.9,13.0,3.0,0.0,3.0,0.2375,0.6756476683937823,48.85,"very low recovery time, high schedule variability",2026-08-06
902,902,1,Midday (9–15),24,53.0,53.0,56.0,3.0,25.0,7.0,5.4,7.0,0.11875,0.11331444759206798,10.96,moderate,2026-08-06
902,902,1,PM Peak (15–19),16,60.0,59.5,60.0,0.5,16.0,4.0,4.0,8.0,0.19,0.020855057351407715,7.9,moderate,2026-08-06
903,903,0,AM Peak (6–9),18,15.0,15.0,26.0,11.0,18.0,12.0,12.0,12.0,0.07307692307692307,0.31907179115300943,21.7,moderate,2026-08-06
903,903,0,Evening (19–24),15,24.0,15.0,24.0,9.0,14.0,12.0,5.5,12.0,0.07307692307692307,0.27713625866050806,19.19,moderate,2026-08-06
903,903,0,Midday (9–15),37,26.0,15.0,26.0,11.0,36.0,12.0,12.0,12.0,0.07307692307692307,0.31907179115300943,21.7,moderate,2026-08-06
903,903,0,Overnight (0–6),2,15.0,15.0,15.0,0.0,1.0,3.0,3.0,3.0,0.2375,0.0,8.31,very low recovery time,2026-08-06
903,903,0,PM Peak (15–19),25,16.0,16.0,27.0,11.0,24.0,12.0,12.0,12.0,0.07307692307692307,0.31907179115300943,21.7,moderate,2026-08-06
903,903,1,AM Peak (6–9),19,16.0,13.0,25.0,12.0,17.0,7.0,7.0,7.4,0.11875,0.3382663847780127,24.45,moderate,2026-08-06
903,903,1,Evening (19–24),15,24.0,13.0,24.0,11.0,14.0,8.0,5.9,12.0,0.10555555555555556,0.31907179115300943,22.84,moderate,2026-08-06
903,903,1,Midday (9–15),36,20.5,16.0,25.0,9.0,36.0,7.0,6.0,7.0,0.11875,0.27713625866050806,20.78,moderate,2026-08-06
903,903,1,PM Peak (15–19),24,21.5,16.0,27.0,11.0,24.0,11.0,6.0,24.0,0.07916666666666666,0.31907179115300943,21.92,moderate,2026-08-06
904,904,0,AM Peak (6–9),10,45.0,40.0,45.0,5.0,7.0,9.0,9.0,14.0,0.095,0.17559262510974538,13.86,moderate,2026-08-06
904,904,0,Evening (19–24),20,42.0,39.0,42.0,3.0,20.0,21.0,9.0,21.0,0.04318181818181818,0.11331444759206798,8.31,moderate,2026-08-06
904,904,0,Midday (9–15),30,45.0,45.0,45.0,0.0,29.0,12.0,12.0,12.0,0.07307692307692307,0.0,2.56,moderate,2026-08-06
904,904,0,Overnight (0–6),5,39.0,39.0,39.0,0.0,1.0,9.0,9.0,9.0,0.095,0.0,3.32,moderate,2026-08-06
904,904,0,PM Peak (15–19),16,50.0,50.0,50.0,0.0,16.0,13.0,12.5,15.5,0.06785714285714285,0.0,2.38,moderate,2026-08-06
904,904,1,AM Peak (6–9),11,47.0,43.0,47.0,4.0,8.0,4.0,4.0,9.5,0.19,0.14558689717925385,15.39,moderate,2026-08-06
904,904,1,Evening (19–24),20,40.0,37.0,40.0,3.0,20.0,2.0,2.0,7.0,0.31666666666666665,0.11331444759206798,17.88,very low recovery time,2026-08-06
904,904,1,Midday (9–15),30,45.0,45.0,45.0,0.0,30.0,6.0,6.0,6.0,0.1357142857142857,0.0,4.75,moderate,2026-08-06
904,904,1,Overnight (0–6),2,37.0,37.0,37.0,0.0,4.0,5.0,5.0,5.0,0.15833333333333333,0.0,5.54,moderate,2026-08-06
904,904,1,PM Peak (15–19),16,50.0,50.0,50.0,0.0,16.0,7.0,7.0,8.0,0.11875,0.0,4.16,moderate,2026-08-06
905,905,0,AM Peak (6–9),12,30.0,30.0,30.0,0.0,12.0,4.0,4.0,4.0,0.19,0.0,6.65,moderate,2026-08-06
905,905,0,Evening (19–24),13,30.0,30.0,30.0,0.0,15.0,5.0,5.0,5.0,0.15833333333333333,0.0,5.54,moderate,2026-08-06
905,905,0,Midday (9–15),35,31.0,30.0,31.0,1.0,34.0,3.0,3.0,3.0,0.2375,0.04085801838610827,10.76,very low recovery time,2026-08-06
905,905,0,Overnight (0–6),2,30.0,30.0,30.0,0.0,,10.0,,,0.08636363636363636,0.0,3.02,moderate,2026-08-06
905,905,0,PM Peak (15–19),16,36.0,33.0,36.0,3.0,16.0,2.0,2.0,2.0,0.31666666666666665,0.11331444759206798,17.88,very low recovery time,2026-08-06
905,905,1,AM Peak (6–9),12,31.0,31.0,31.0,0.0,9.0,10.0,8.8,10.0,0.08636363636363636,0.0,3.02,moderate,2026-08-06
905,905,1,Evening (19–24),15,30.0,30.0,30.0,0.0,13.0,10.0,5.800000000000001,10.0,0.08636363636363636,0.0,3.02,moderate,2026-08-06
905,905,1,Midday (9–15),35,30.0,30.0,31.0,1.0,35.0,6.0,6.0,6.0,0.1357142857142857,0.04085801838610827,7.2,moderate,2026-08-06
905,905,1,PM Peak (15–19),16,32.0,31.0,32.0,1.0,15.0,5.0,5.0,5.0,0.15833333333333333,0.04085801838610827,7.99,moderate,2026-08-06
906,906,0,AM Peak (6–9),12,28.0,28.0,28.0,0.0,12.0,8.0,8.0,8.0,0.10555555555555556,0.0,3.69,moderate,2026-08-06
906,906,0,Evening (19–24),12,27.0,27.0,27.0,0.0,12.0,9.0,7.1,9.0,0.095,0.0,3.32,moderate,2026-08-06
906,906,0,Midday (9–15),24,29.0,29.0,29.0,0.0,24.0,5.0,5.0,5.0,0.15833333333333333,0.0,5.54,moderate,2026-08-06
906,906,0,Overnight (0–6),4,28.0,28.0,28.0,0.0,2.0,8.0,8.0,8.0,0.10555555555555556,0.0,3.69,moderate,2026-08-06
906,906,0,PM Peak (15–19),16,30.0,29.5,30.0,0.5,16.0,4.0,4.0,4.5,0.19,0.020855057351407715,7.9,moderate,2026-08-06
906,906,1,AM Peak (6–9),12,31.0,31.0,31.0,0.0,12.0,8.0,8.0,8.0,0.10555555555555556,0.0,3.69,moderate,2026-08-06
906,906,1,Evening (19–24),13,30.0,29.2,30.0,0.8000000000000007,12.0,9.0,6.300000000000001,9.0,0.095,0.03295571575695162,5.3,moderate,2026-08-06
906,906,1,Midday (9–15),24,36.0,36.0,36.0,0.0,24.0,5.0,5.0,5.0,0.15833333333333333,0.0,5.54,moderate,2026-08-06
906,906,1,Overnight (0–6),5,31.0,31.0,31.0,0.0,3.0,8.0,5.6,8.0,0.10555555555555556,0.0,3.69,moderate,2026-08-06
906,906,1,PM Peak (15–19),16,38.0,38.0,38.0,0.0,16.0,3.0,3.0,3.5,0.2375,0.0,8.31,very low recovery time,2026-08-06
924,924,0,AM Peak (6–9),18,47.0,39.0,47.0,8.0,13.0,8.0,0.0,8.0,0.10555555555555556,0.2541699761715647,18.94,moderate,2026-08-06
924,924,0,PM Peak (15–19),24,44.0,44.0,44.0,0.0,19.0,6.0,6.0,6.0,0.1357142857142857,0.0,4.75,moderate,2026-08-06
924,924,1,AM Peak (6–9),18,38.0,33.0,38.0,5.0,13.0,7.0,0.0,7.0,0.11875,0.17559262510974538,14.69,moderate,2026-08-06
924,924,1,PM Peak (15–19),24,44.0,44.0,44.0,0.0,19.0,6.0,6.0,6.0,0.1357142857142857,0.0,4.75,moderate,2026-08-06
925,925,0,AM Peak (6–9),16,51.0,51.0,51.0,0.0,13.0,12.0,11.2,14.400000000000002,0.07307692307692307,0.0,2.56,moderate,2026-08-06
925,925,0,Evening (19–24),13,44.0,44.0,44.0,0.0,12.0,5.0,5.0,5.9,0.15833333333333333,0.0,5.54,moderate,2026-08-06
925,925,0,Midday (9–15),24,47.0,47.0,47.0,0.0,24.0,16.0,13.200000000000001,16.0,0.055882352941176466,0.0,1.96,moderate,2026-08-06
925,925,0,Overnight (0–6),1,17.1,17.1,17.1,0.0,,10.0,,,0.08636363636363636,0.0,3.02,moderate,2026-08-06
925,925,0,PM Peak (15–19),22,50.0,50.0,50.0,0.0,20.0,5.0,5.0,5.300000000000004,0.15833333333333333,0.0,5.54,moderate,2026-08-06
925,925,1,AM Peak (6–9),15,53.0,53.0,53.0,0.0,12.0,4.0,4.0,5.800000000000001,0.19,0.0,6.65,moderate,2026-08-06
925,925,1,Evening (19–24),13,53.0,53.0,53.0,0.0,13.0,3.0,1.4000000000000004,4.800000000000001,0.2375,0.0,8.31,very low recovery time,2026-08-06
925,925,1,Midday (9–15),24,54.0,54.0,54.0,0.0,23.0,3.0,3.0,3.0,0.2375,0.0,8.31,very low recovery time,2026-08-06
925,925,1,Overnight (0–6),1,51.0,51.0,51.0,0.0,,10.0,,,0.08636363636363636,0.0,3.02,moderate,2026-08-06
925,925,1,PM Peak (15–19),22,62.0,62.0,62.0,0.0,20.0,4.0,4.0,5.300000000000004,0.19,0.0,6.65,moderate,2026-08-06
927,927,0,AM Peak (6–9),35,26.0,21.0,46.0,25.0,34.0,6.0,3.0,10.0,0.1357142857142857,0.5157297576070139,35.69,high schedule variability,2026-08-06
927,927,0,Evening (19–24),35,35.0,21.0,40.800000000000004,19.800000000000004,34.0,6.0,4.300000000000001,9.7,0.1357142857142857,0.45753899480069327,32.2,moderate,2026-08-06
927,927,0,Midday (9–15),52,41.0,22.0,47.699999999999996,25.699999999999996,48.0,6.0,2.0,8.0,0.1357142857142857,0.5226232841891204,36.11,high schedule variability,2026-08-06
927,927,0,Overnight (0–6),11,35.0,21.0,41.0,20.0,8.0,6.0,4.4,7.499999999999999,0.1357142857142857,0.46003450258769407,32.35,moderate,2026-08-06
927,927,0,PM Peak (15–19),48,28.0,25.0,53.0,28.0,44.0,6.0,2.3,10.0,0.1357142857142857,0.5439533754249636,37.39,high schedule variability,2026-08-06
927,927,1,AM Peak (6–9),35,33.0,26.0,49.0,23.0,32.0,8.0,3.0,9.0,0.10555555555555556,0.4948897256589564,33.39,high schedule variability,2026-08-06
927,927,1,Evening (19–24),33,37.0,23.0,40.0,17.0,33.0,11.0,5.2,12.0,0.07916666666666666,0.4200123533045089,27.97,moderate,2026-08-06
927,927,1,Midday (9–15),53,43.0,25.0,52.80000000000005,27.800000000000047,48.0,10.0,5.0,10.0,0.08636363636363636,0.542174549000488,35.55,high schedule variability,2026-08-06
927,927,1,Overnight (0–6),15,28.0,23.0,37.0,14.0,6.0,8.0,3.0,12.5,0.10555555555555556,0.3735823882588392,26.11,moderate,2026-08-06
927,927,1,PM Peak (15–19),46,34.0,30.0,55.0,25.0,46.0,5.0,1.0,7.0,0.15833333333333333,0.5157297576070139,36.49,high schedule variability,2026-08-06
929,929,0,AM Peak (6–9),23,45.0,38.2,45.0,6.799999999999997,17.0,4.0,4.0,7.0,0.19,0.22460776218001643,20.13,moderate,2026-08-06
929,929,0,Evening (19–24),23,42.0,40.2,42.0,1.7999999999999972,23.0,5.0,5.0,5.800000000000001,0.15833333333333333,0.07121661721068238,9.81,moderate,2026-08-06
929,929,0,Midday (9–15),46,47.0,47.0,50.5,3.5,45.0,4.0,4.0,5.0,0.19,0.12974976830398516,14.43,moderate,2026-08-06
929,929,0,PM Peak (15–19),29,57.0,50.8,57.0,6.200000000000003,30.0,2.0,1.0,2.0,0.31666666666666665,0.20893007582139855,23.62,very low recovery time,2026-08-06
929,929,1,AM Peak (6–9),22,41.0,38.1,46.0,7.899999999999999,16.0,5.0,2.5,7.0,0.15833333333333333,0.25179282868525893,20.65,moderate,2026-08-06
929,929,1,Evening (19–24),23,44.0,43.0,44.0,1.0,22.0,5.0,5.0,6.900000000000002,0.15833333333333333,0.04085801838610827,7.99,moderate,2026-08-06
929,929,1,Midday (9–15),46,49.0,49.0,50.5,1.5,45.0,4.0,2.0,7.400000000000006,0.19,0.06006006006006006,10.25,moderate,2026-08-06
929,929,1,PM Peak (15–19),31,59.0,50.0,59.0,9.0,29.0,10.0,5.0,11.0,0.08636363636363636,0.27713625866050806,19.65,moderate,2026-08-06
935,935,0,AM Peak (6–9),22,45.0,42.0,45.0,3.0,20.0,9.0,4.800000000000001,10.0,0.095,0.11331444759206798,10.12,moderate,2026-08-06
935,935,0,Evening (19–24),19,37.0,36.8,37.0,0.20000000000000284,16.0,7.0,2.5,7.0,0.11875,0.008447729672650594,4.66,moderate,2026-08-06
935,935,0,Midday (9–15),42,44.0,42.0,54.599999999999994,12.599999999999994,34.0,8.0,7.0,9.0,0.10555555555555556,0.3492723492723492,24.65,moderate,2026-08-06
935,935,0,Overnight (0–6),5,40.083333333333336,35.68333333333334,40.63333333333333,4.949999999999996,2.0,9.0,7.4,10.6,0.095,0.17414248021108167,13.77,moderate,2026-08-06
935,935,0,PM Peak (15–19),29,51.0,45.800000000000004,55.0,9.199999999999996,29.0,11.0,6.0,11.0,0.07916666666666666,0.28156082631981627,19.66,moderate,2026-08-06
935,935,1,AM Peak (6–9),23,44.0,40.0,44.0,4.0,22.0,10.0,8.1,10.0,0.08636363636363636,0.14558689717925385,11.76,moderate,2026-08-06
935,935,1,Evening (19–24),17,39.0,38.6,39.0,0.3999999999999986,18.0,7.0,4.4,7.0,0.11875,0.01675392670157062,5.16,moderate,2026-08-06
935,935,1,Midday (9–15),41,45.0,42.0,51.0,9.0,41.0,10.0,7.0,27.0,0.08636363636363636,0.27713625866050806,19.65,moderate,2026-08-06
935,935,1,Overnight (0–6),6,40.0,38.5,40.0,1.5,1.0,0.0,0.0,0.0,0.95,0.06006006006006006,36.85,no recovery time,2026-08-06
935,935,1,PM Peak (15–19),30,48.0,45.7,54.0,8.299999999999997,28.0,11.5,7.7,24.0,0.076,0.26121164437450817,18.33,moderate,2026-08-06
937,937,0,AM Peak (6–9),11,38.0,36.0,38.0,2.0,8.0,11.0,11.0,13.0,0.07916666666666666,0.07850834151128556,7.48,moderate,2026-08-06
937,937,0,Evening (19–24),4,37.0,37.0,37.0,0.0,1.0,1.0,1.0,1.0,0.475,0.0,16.62,no recovery time,2026-08-06
937,937,0,Midday (9–15),2,38.0,38.0,38.0,0.0,1.0,15.0,15.0,15.0,0.059375,0.0,2.08,moderate,2026-08-06
937,937,0,PM Peak (15–19),13,40.0,37.0,40.0,3.0,10.0,10.0,7.0,13.2,0.08636363636363636,0.11331444759206798,9.82,moderate,2026-08-06
937,937,1,AM Peak (6–9),12,37.0,33.0,37.0,4.0,11.0,4.0,4.0,8.0,0.19,0.14558689717925385,15.39,moderate,2026-08-06
937,937,1,Evening (19–24),2,40.0,40.0,40.0,0.0,4.0,6.5,6.0,9.8,0.12666666666666665,0.0,4.43,moderate,2026-08-06
937,937,1,Midday (9–15),2,37.0,37.0,37.0,0.0,2.0,4.0,4.0,4.0,0.19,0.0,6.65,moderate,2026-08-06
937,937,1,Overnight (0–6),1,33.0,33.0,33.0,0.0,,10.0,,,0.08636363636363636,0.0,3.02,moderate,2026-08-06
937,937,1,PM Peak (15–19),14,46.0,40.0,46.0,6.0,12.0,3.0,3.0,6.0,0.2375,0.2035623409669211,20.53,very low recovery time,2026-08-06
939,939,0,AM Peak (6–9),36,49.0,19.633333333333333,81.0,61.36666666666667,30.0,6.0,0.9000000000000004,9.0,0.1357142857142857,0.7233081229741676,48.15,high schedule variability,2026-08-06
939,939,0,Evening (19–24),31,59.0,19.0,78.0,59.0,29.0,10.0,0.0,11.0,0.08636363636363636,0.7153682934222492,45.94,high schedule variability,2026-08-06
939,939,0,Midday (9–15),47,62.0,20.200000000000003,90.0,69.8,40.0,16.0,0.0,16.0,0.055882352941176466,0.7483248458858214,46.86,high schedule variability,2026-08-06
939,939,0,Overnight (0–6),12,29.266666666666666,18.266666666666666,50.0,31.733333333333334,7.0,10.0,1.2000000000000002,10.0,0.08636363636363636,0.5747924528301886,37.51,high schedule variability,2026-08-06
939,939,0,PM Peak (15–19),33,57.0,57.0,100.0,43.0,30.0,15.5,13.0,16.0,0.05757575757575757,0.6468597216998873,40.83,high schedule variability,2026-08-06
939,939,1,AM Peak (6–9),32,62.0,51.0,87.0,36.0,28.0,6.5,1.0,9.3,0.12666666666666665,0.605296343001261,40.75,high schedule variability,2026-08-06
939,939,1,Evening (19–24),30,57.0,13.0,74.0,61.0,29.0,12.0,5.0,17.0,0.07307692307692307,0.7221071322876591,45.88,high schedule variability,2026-08-06
939,939,1,Midday (9–15),43,65.0,57.0,86.0,29.0,40.0,7.0,1.0,10.100000000000001,0.11875,0.5526441162458313,37.31,high schedule variability,2026-08-06
939,939,1,Overnight (0–6),12,54.0,50.0,62.400000000000006,12.400000000000006,4.0,10.0,10.0,13.5,0.08636363636363636,0.34564459930313596,23.76,moderate,2026-08-06
939,939,1,PM Peak (15–19),31,60.0,60.0,93.0,33.0,33.0,5.0,5.0,16.0,0.15833333333333333,0.5843293492695883,40.6,high schedule variability,2026-08-06
952,952,0,AM Peak (6–9),30,5.0,5.0,60.0,55.0,24.0,5.5,1.5000000000000013,12.0,0.14615384615384613,0.7008601465434853,47.17,high schedule variability,2026-08-06
952,952,0,Evening (19–24),1,60.0,60.0,60.0,0.0,,10.0,,,0.08636363636363636,0.0,3.02,moderate,2026-08-06
952,952,0,Midday (9–15),5,60.0,5.0,60.0,55.0,3.0,12.0,6.4,12.0,0.07307692307692307,0.7008601465434853,44.61,high schedule variability,2026-08-06
952,952,0,PM Peak (15–19),40,32.5,5.0,68.0,63.0,35.0,1.0,0.0,8.0,0.475,0.7285342584562012,60.34,"no recovery time, high schedule variability",2026-08-06
952,952,1,AM Peak (6–9),17,62.0,41.6,62.0,20.4,12.0,0.0,0.0,0.0,0.95,0.4649572649572649,61.15,no recovery time,2026-08-06
952,952,1,Midday (9–15),2,67.5,62.3,72.7,10.400000000000006,1.0,0.0,0.0,0.0,0.95,0.3070110701107012,51.67,no recovery time,2026-08-06
952,952,1,PM Peak (15–19),20,74.0,64.0,74.0,10.0,15.0,0.0,0.0,0.0,0.95,0.29873039581777444,51.17,no recovery time,2026-08-06
953,953,0,AM Peak (6–9),13,59.0,59.0,59.0,0.0,9.0,5.0,4.8,5.0,0.15833333333333333,0.0,5.54,moderate,2026-08-06
953,953,0,Midday (9–15),3,71.0,71.0,71.0,0.0,3.0,10.0,6.0,12.4,0.08636363636363636,0.0,3.02,moderate,2026-08-06
953,953,0,PM Peak (15–19),16,71.0,71.0,71.0,0.0,15.0,5.0,5.0,10.0,0.15833333333333333,0.0,5.54,moderate,2026-08-06
953,953,1,AM Peak (6–9),13,56.0,56.0,56.0,0.0,12.0,10.0,10.0,10.0,0.08636363636363636,0.0,3.02,moderate,2026-08-06
953,953,1,Midday (9–15),2,66.0,66.0,66.0,0.0,,10.0,,,0.08636363636363636,0.0,3.02,moderate,2026-08-06
953,953,1,Overnight (0–6),4,56.0,56.0,56.0,0.0,,10.0,,,0.08636363636363636,0.0,3.02,moderate,2026-08-06
953,953,1,PM Peak (15–19),14,66.0,66.0,66.0,0.0,12.0,12.0,12.0,12.0,0.07307692307692307,0.0,2.56,moderate,2026-08-06
954,954,0,AM Peak (6–9),16,59.0,54.0,59.0,5.0,11.0,12.0,7.0,12.0,0.07307692307692307,0.17559262510974538,13.09,moderate,2026-08-06
954,954,0,Midday (9–15),1,68.0,68.0,68.0,0.0,,10.0,,,0.08636363636363636,0.0,3.02,moderate,2026-08-06
954,954,0,PM Peak (15–19),19,63.0,55.0,68.0,13.0,14.0,14.0,14.0,15.0,0.06333333333333332,0.3564084989718985,23.6,moderate,2026-08-06
954,954,1,AM Peak (6–9),14,62.0,48.0,62.0,14.0,7.0,18.0,13.0,18.0,0.049999999999999996,0.3735823882588392,24.16,moderate,2026-08-06
954,954,1,Midday (9–15),1,62.0,62.0,62.0,0.0,,10.0,,,0.08636363636363636,0.0,3.02,moderate,2026-08-06
954,954,1,PM Peak (15–19),19,52.0,52.0,63.0,11.0,12.0,11.0,10.0,11.0,0.07916666666666666,0.31907179115300943,21.92,moderate,2026-08-06
960,960,0,AM Peak (6–9),23,63.0,63.0,63.0,0.0,21.0,15.0,12.0,16.0,0.059375,0.0,2.08,moderate,2026-08-06
960,960,0,Evening (19–24),18,45.0,45.0,57.900000000000006,12.900000000000006,17.0,7.0,2.0,12.4,0.11875,0.35463917525773203,25.43,moderate,2026-08-06
960,960,0,Midday (9–15),40,61.0,60.0,69.0,9.0,37.0,22.0,8.2,26.0,0.041304347826086954,0.27713625866050806,18.07,moderate,2026-08-06
960,960,0,Overnight (0–6),6,60.0,60.0,60.0,0.0,,10.0,,,0.08636363636363636,0.0,3.02,moderate,2026-08-06
960,960,0,PM Peak (15–19),30,69.0,69.0,69.0,0.0,30.0,15.0,11.9,15.0,0.059375,0.0,2.08,moderate,2026-08-06
960,960,1,AM Peak (6–9),23,57.0,52.2,57.0,4.799999999999997,21.0,8.0,5.0,10.0,0.10555555555555556,0.16976127320954898,13.88,moderate,2026-08-06
960,960,1,Evening (19–24),18,42.0,42.0,61.5,19.5,22.0,9.5,4.1,16.0,0.09047619047619047,0.4537521815008726,30.39,moderate,2026-08-06
960,960,1,Midday (9–15),39,56.0,56.0,70.0,14.0,37.0,8.0,0.6000000000000001,8.0,0.10555555555555556,0.3735823882588392,26.11,moderate,2026-08-06
960,960,1,Overnight (0–6),5,53.0,53.0,53.0,0.0,,10.0,,,0.08636363636363636,0.0,3.02,moderate,2026-08-06
960,960,1,PM Peak (15–19),31,70.0,70.0,70.0,0.0,29.0,6.0,3.0,6.199999999999999,0.1357142857142857,0.0,4.75,moderate,2026-08-06
984,984,0,AM Peak (6–9),16,35.0,34.0,35.0,1.0,12.0,1.0,1.0,1.0,0.475,0.04085801838610827,19.08,no recovery time,2026-08-06
984,984,0,Midday (9–15),6,40.0,40.0,40.0,0.0,4.0,4.5,0.30000000000000004,8.0,0.17272727272727273,0.0,6.05,moderate,2026-08-06
984,984,0,PM Peak (15–19),23,40.0,35.2,40.0,4.799999999999997,24.0,7.0,7.0,8.0,0.11875,0.16976127320954898,14.34,moderate,2026-08-06
984,984,1,AM Peak (6–9),20,36.0,2.033333333333333,38.0,35.96666666666667,16.0,7.5,0.0,8.0,0.11176470588235293,0.6050750035048367,40.22,high schedule variability,2026-08-06
984,984,1,Evening (19–24),4,38.0,38.0,38.0,0.0,,10.0,,,0.08636363636363636,0.0,3.02,moderate,2026-08-06
984,984,1,Midday (9–15),12,39.0,2.033333333333333,40.0,37.96666666666667,6.0,0.0,0.0,1.0,0.95,0.6179302861793029,70.33,"no recovery time, high schedule variability",2026-08-06
984,984,1,PM Peak (15–19),24,40.0,38.6,40.0,1.3999999999999986,23.0,3.0,3.0,3.0,0.2375,0.05628140703517582,11.69,very low recovery time,2026-08-06
985,985,0,AM Peak (6–9),13,39.0,14.25,39.0,24.75,8.0,4.5,2.0,11.3,0.17272727272727273,0.5132192846034215,36.84,high schedule variability,2026-08-06
985,985,0,Midday (9–15),5,14.25,14.25,14.25,0.0,4.0,2.0,2.0,3.4000000000000004,0.31666666666666665,0.0,11.08,very low recovery time,2026-08-06
985,985,0,PM Peak (15–19),18,48.0,37.87500000000001,48.0,10.124999999999993,12.0,2.0,2.0,2.0,0.31666666666666665,0.30133928571428553,29.16,very low recovery time,2026-08-06
985,985,1,AM Peak (6–9),12,49.0,24.633333333333333,49.0,24.366666666666667,10.0,10.0,9.5,10.399999999999999,0.08636363636363636,0.5093189339836265,33.58,high schedule variability,2026-08-06
985,985,1,Midday (9–15),4,50.0,50.0,50.0,0.0,,10.0,,,0.08636363636363636,0.0,3.02,moderate,2026-08-06
985,985,1,PM Peak (15–19),12,50.0,50.0,50.0,0.0,16.0,5.0,5.0,5.0,0.15833333333333333,0.0,5.54,moderate,2026-08-06
986,986,0,AM Peak (6–9),30,33.0,33.0,33.0,0.0,18.0,6.0,6.0,6.0,0.1357142857142857,0.0,4.75,moderate,2026-08-06
986,986,0,Midday (9–15),1,38.0,38.0,38.0,0.0,,10.0,,,0.08636363636363636,0.0,3.02,moderate,2026-08-06
986,986,0,PM Peak (15–19),18,38.0,38.0,38.0,0.0,11.0,8.0,8.0,8.0,0.10555555555555556,0.0,3.69,moderate,2026-08-06
986,986,1,AM Peak (6–9),24,33.0,33.0,33.0,0.0,24.0,6.0,6.0,6.0,0.1357142857142857,0.0,4.75,moderate,2026-08-06
986,986,1,PM Peak (15–19),17,34.0,34.0,34.0,0.0,17.0,4.0,4.0,4.0,0.19,0.0,6.65,moderate,2026-08-06
989,989,0,AM Peak (6–9),8,55.0,55.0,55.0,0.0,5.0,9.0,9.0,9.0,0.095,0.0,3.32,moderate,2026-08-06
989,989,0,Evening (19–24),1,59.0,59.0,59.0,0.0,,10.0,,,0.08636363636363636,0.0,3.02,moderate,2026-08-06
989,989,0,PM Peak (15–19),14,59.0,59.0,59.0,0.0,11.0,10.0,10.0,10.0,0.08636363636363636,0.0,3.02,moderate,2026-08-06
989,989,1,AM Peak (6–9),9,53.0,53.0,53.0,0.0,6.0,9.0,9.0,9.0,0.095,0.0,3.32,moderate,2026-08-06
989,989,1,Evening (19–24),1,52.0,52.0,52.0,0.0,,10.0,,,0.08636363636363636,0.0,3.02,moderate,2026-08-06
989,989,1,Midday (9–15),1,53.0,53.0,53.0,0.0,,10.0,,,0.08636363636363636,0.0,3.02,moderate,2026-08-06
989,989,1,PM Peak (15–19),13,62.0,62.0,62.0,0.0,10.0,13.0,11.8,13.0,0.06785714285714285,0.0,2.38,moderate,2026-08-06
995,995,0,AM Peak (6–9),10,50.0,48.9,50.0,1.1000000000000014,7.0,6.0,5.0,9.0,0.1357142857142857,0.04476093591047818,7.44,moderate,2026-08-06
995,995,0,Evening (19–24),1,49.0,49.0,49.0,0.0,5.0,8.0,6.8,10.2,0.10555555555555556,0.0,3.69,moderate,2026-08-06
995,995,0,Midday (9–15),25,49.0,49.0,49.6,0.6000000000000014,25.0,14.0,10.0,14.0,0.06333333333333332,0.02492211838006236,3.71,moderate,2026-08-06
995,995,0,PM Peak (15–19),16,57.0,54.5,57.0,2.5,15.0,12.0,12.0,16.2,0.07307692307692307,0.09624639076034648,8.33,moderate,2026-08-06
995,995,1,AM Peak (6–9),12,58.5,55.2,59.0,3.799999999999997,11.0,2.0,2.0,8.0,0.31666666666666665,0.1393217231897341,19.44,very low recovery time,2026-08-06
995,995,1,Evening (19–24),1,49.0,49.0,49.0,0.0,,10.0,,,0.08636363636363636,0.0,3.02,moderate,2026-08-06
995,995,1,Midday (9–15),24,51.0,51.0,51.0,0.0,24.0,6.0,0.0,6.0,0.1357142857142857,0.0,4.75,moderate,2026-08-06
995,995,1,Overnight (0–6),2,57.0,57.0,57.0,0.0,,10.0,,,0.08636363636363636,0.0,3.02,moderate,2026-08-06
995,995,1,PM Peak (15–19),16,54.0,51.5,54.0,2.5,16.0,12.0,0.5,12.0,0.07307692307692307,0.09624639076034648,8.33,moderate,2026-08-06
996,996,0,AM Peak (6–9),20,102.0,92.96833333333333,103.1,10.13166666666666,17.0,8.0,3.0,8.0,0.10555555555555556,0.30147788137274334,21.78,moderate,2026-08-06
996,996,0,Midday (9–15),33,98.0,98.0,106.0,8.0,33.0,8.0,7.0,10.8,0.10555555555555556,0.2541699761715647,18.94,moderate,2026-08-06
996,996,0,Overnight (0–6),9,47.68333333333333,42.449999999999996,98.2,55.75000000000001,2.0,6.0,2.8,9.2,0.1357142857142857,0.7036920164089618,46.97,high schedule variability,2026-08-06
996,996,0,PM Peak (15–19),24,106.0,59.9,106.0,46.1,23.0,7.0,7.0,7.800000000000001,0.11875,0.662594322673374,43.91,high schedule variability,2026-08-06
996,996,1,AM Peak (6–9),21,103.0,57.46666666666667,107.0,49.53333333333333,12.0,2.5,2.0,5.700000000000001,0.2714285714285714,0.6784613628581213,50.21,"very low recovery time, high schedule variability",2026-08-06
996,996,1,Evening (19–24),5,43.93333333333333,43.93333333333333,43.93333333333333,0.0,,10.0,,,0.08636363636363636,0.0,3.02,moderate,2026-08-06
996,996,1,Midday (9–15),32,103.0,103.0,105.0,2.0,29.0,4.0,2.8000000000000003,9.0,0.19,0.07850834151128556,11.36,moderate,2026-08-06
996,996,1,Overnight (0–6),2,75.73333333333333,58.72,92.74666666666667,34.02666666666667,,10.0,,,0.08636363636363636,0.5917509637401814,38.53,high schedule variability,2026-08-06
996,996,1,PM Peak (15–19),24,105.0,48.23333333333333,105.0,56.76666666666667,23.0,2.0,2.0,3.8000000000000007,0.31666666666666665,0.7074462561013605,53.53,"very low recovery time, high schedule variability",2026-08-06
