route_id,route_short_name,direction_id,time_band,trips,median_runtime_min,p10_runtime_min,p90_runtime_min,runtime_spread_min,layovers,median_layover_min,p10_layover_min,p90_layover_min,layover_score,runtime_score,fragility_score,why,data_updated_date
7,7,0,AM Peak (6–9),19,63.0,57.8,63.0,5.200000000000003,18.0,10.0,5.7,10.0,0.08636363636363636,0.1818181818181819,13.93,moderate,2026-02-28
7,7,0,Evening (19–24),30,41.0,33.0,48.0,15.0,30.0,9.0,5.800000000000001,15.100000000000001,0.095,0.390625,26.76,moderate,2026-02-28
7,7,0,Midday (9–15),39,56.0,56.0,64.0,8.0,38.0,9.0,4.0,11.0,0.095,0.25477707006369427,18.61,moderate,2026-02-28
7,7,0,Overnight (0–6),14,33.0,33.0,49.800000000000004,16.800000000000004,10.0,4.0,4.0,9.299999999999999,0.19,0.4179104477611941,31.72,moderate,2026-02-28
7,7,0,PM Peak (15–19),24,61.5,52.3,64.0,11.700000000000003,24.0,10.0,7.200000000000001,11.399999999999999,0.08636363636363636,0.3333333333333334,23.02,moderate,2026-02-28
7,7,1,AM Peak (6–9),22,57.0,27.765,57.0,29.235,16.0,10.0,4.5,12.0,0.08636363636363636,0.5554288971216871,36.35,high schedule variability,2026-02-28
7,7,1,Evening (19–24),30,48.0,38.0,55.0,17.0,29.0,8.0,5.0,15.0,0.10555555555555556,0.42079207920792083,28.94,moderate,2026-02-28
7,7,1,Midday (9–15),38,61.0,61.0,81.0,20.0,37.0,12.0,8.6,12.0,0.07307692307692307,0.4608294930875576,30.21,moderate,2026-02-28
7,7,1,Overnight (0–6),11,38.0,31.0,38.0,7.0,10.0,5.0,5.0,8.599999999999998,0.15833333333333333,0.23026315789473686,19.36,moderate,2026-02-28
7,7,1,PM Peak (15–19),24,78.0,61.9,81.0,19.1,24.0,15.0,9.0,15.0,0.059375,0.4494117647058824,29.04,moderate,2026-02-28
8,8,0,AM Peak (6–9),8,44.0,44.0,44.0,0.0,8.0,3.0,3.0,3.8999999999999995,0.2375,0.0,8.31,very low recovery time,2026-02-28
8,8,0,Evening (19–24),13,33.0,29.0,33.0,4.0,13.0,2.0,2.0,5.0,0.31666666666666665,0.14598540145985403,19.84,very low recovery time,2026-02-28
8,8,0,Midday (9–15),16,38.0,38.0,41.0,3.0,16.0,6.0,3.0,6.0,0.1357142857142857,0.11363636363636365,11.57,moderate,2026-02-28
8,8,0,Overnight (0–6),7,29.0,29.0,44.0,15.0,5.0,5.0,2.0,5.0,0.15833333333333333,0.390625,28.98,moderate,2026-02-28
8,8,0,PM Peak (15–19),10,38.5,37.8,39.0,1.2000000000000028,11.0,6.0,2.0,6.0,0.1357142857142857,0.04878048780487816,7.68,moderate,2026-02-28
8,8,1,AM Peak (6–9),8,36.0,36.0,36.0,0.0,8.0,5.0,5.0,5.0,0.15833333333333333,0.0,5.54,moderate,2026-02-28
8,8,1,Evening (19–24),12,33.0,29.0,33.0,4.0,12.0,4.0,4.0,9.0,0.19,0.14598540145985403,15.41,moderate,2026-02-28
8,8,1,Midday (9–15),16,35.0,35.0,35.0,0.0,17.0,9.0,7.4,9.0,0.095,0.0,3.32,moderate,2026-02-28
8,8,1,Overnight (0–6),10,29.0,29.0,36.0,7.0,7.0,9.0,3.8000000000000003,9.0,0.095,0.23026315789473686,17.14,moderate,2026-02-28
8,8,1,PM Peak (15–19),11,43.0,39.0,43.0,4.0,10.0,5.0,4.0,8.499999999999998,0.15833333333333333,0.14598540145985403,14.3,moderate,2026-02-28
9,9,0,AM Peak (6–9),10,42.0,40.0,44.0,4.0,10.0,4.5,2.0,5.1,0.17272727272727273,0.14598540145985403,14.8,moderate,2026-02-28
9,9,0,Evening (19–24),13,36.0,36.0,36.0,0.0,11.0,2.0,0.0,2.0,0.31666666666666665,0.0,11.08,very low recovery time,2026-02-28
9,9,0,Midday (9–15),14,39.0,39.0,44.0,5.0,13.0,4.0,0.40000000000000036,4.0,0.19,0.17605633802816903,17.21,moderate,2026-02-28
9,9,0,Overnight (0–6),6,35.5,31.0,40.0,9.0,4.0,4.5,4.0,11.3,0.17272727272727273,0.2777777777777778,22.71,moderate,2026-02-28
9,9,0,PM Peak (15–19),13,41.0,41.0,41.0,0.0,13.0,4.0,1.0,5.0,0.19,0.0,6.65,moderate,2026-02-28
9,9,1,AM Peak (6–9),10,44.0,38.0,44.0,6.0,10.0,1.5,0.0,3.1999999999999993,0.38,0.20408163265306123,25.54,very low recovery time,2026-02-28
9,9,1,Evening (19–24),11,40.0,40.0,40.0,0.0,13.0,0.0,0.0,0.0,0.95,0.0,33.25,no recovery time,2026-02-28
9,9,1,Midday (9–15),14,41.0,41.0,47.0,6.0,12.0,0.0,0.0,0.0,0.95,0.20408163265306123,45.49,no recovery time,2026-02-28
9,9,1,Overnight (0–6),7,38.0,34.0,38.0,4.0,5.0,4.0,0.0,8.4,0.19,0.14598540145985403,15.41,moderate,2026-02-28
9,9,1,PM Peak (15–19),15,44.0,44.0,47.0,3.0,13.0,0.0,0.0,2.8000000000000007,0.95,0.11363636363636365,40.07,no recovery time,2026-02-28
10,10,0,AM Peak (6–9),6,12.0,11.5,12.0,0.5,6.0,3.0,3.0,3.5,0.2375,0.020920502092050212,9.57,very low recovery time,2026-02-28
10,10,0,Evening (19–24),1,12.0,12.0,12.0,0.0,,10.0,,,0.08636363636363636,0.0,3.02,moderate,2026-02-28
10,10,0,Midday (9–15),2,12.0,12.0,12.0,0.0,1.0,3.0,3.0,3.0,0.2375,0.0,8.31,very low recovery time,2026-02-28
10,10,0,Overnight (0–6),2,11.0,11.0,11.0,0.0,2.0,4.0,4.0,4.0,0.19,0.0,6.65,moderate,2026-02-28
10,10,0,PM Peak (15–19),8,12.0,12.0,12.0,0.0,8.0,3.0,3.0,3.0,0.2375,0.0,8.31,very low recovery time,2026-02-28
10,10,1,AM Peak (6–9),6,15.0,14.0,15.0,1.0,6.0,0.0,0.0,1.0,0.95,0.04098360655737705,35.71,no recovery time,2026-02-28
10,10,1,Midday (9–15),3,15.0,15.0,15.0,0.0,2.0,0.0,0.0,0.0,0.95,0.0,33.25,no recovery time,2026-02-28
10,10,1,Overnight (0–6),2,8.966666666666667,4.9399999999999995,12.993333333333334,8.053333333333335,2.0,0.5,0.1,0.9,0.6333333333333333,0.2560406952098347,37.53,no recovery time,2026-02-28
10,10,1,PM Peak (15–19),8,15.0,15.0,15.0,0.0,8.0,0.0,0.0,0.0,0.95,0.0,33.25,no recovery time,2026-02-28
11,11,0,AM Peak (6–9),19,52.0,21.0,66.0,45.0,15.0,2.0,0.0,7.599999999999998,0.31666666666666665,0.6578947368421052,50.56,"very low recovery time, high schedule variability",2026-02-28
11,11,0,Evening (19–24),26,25.0,13.0,46.0,33.0,25.0,4.0,0.8000000000000007,4.0,0.19,0.5851063829787234,41.76,high schedule variability,2026-02-28
11,11,0,Midday (9–15),36,36.5,20.0,56.0,36.0,33.0,3.0,2.2,3.8000000000000007,0.2375,0.6060606060606061,44.68,"very low recovery time, high schedule variability",2026-02-28
11,11,0,Overnight (0–6),8,24.5,13.0,32.0,19.0,7.0,2.0,1.2000000000000002,3.200000000000001,0.31666666666666665,0.4481132075471698,37.97,very low recovery time,2026-02-28
11,11,0,PM Peak (15–19),24,35.5,25.0,56.0,31.0,24.0,3.0,3.0,4.0,0.2375,0.5698529411764706,42.5,"very low recovery time, high schedule variability",2026-02-28
11,11,1,AM Peak (6–9),18,42.0,18.4,51.0,32.6,15.0,1.0,0.0,7.799999999999997,0.475,0.5821428571428572,51.55,"no recovery time, high schedule variability",2026-02-28
11,11,1,Evening (19–24),25,18.0,13.0,46.0,33.0,25.0,2.0,0.40000000000000036,2.0,0.31666666666666665,0.5851063829787234,46.19,"very low recovery time, high schedule variability",2026-02-28
11,11,1,Midday (9–15),34,35.5,19.0,53.3,34.3,34.0,5.0,2.0,12.0,0.15833333333333333,0.5944540727902946,41.21,high schedule variability,2026-02-28
11,11,1,Overnight (0–6),10,34.0,13.0,42.0,29.0,8.0,2.0,2.0,3.5999999999999996,0.31666666666666665,0.5534351145038168,44.29,"very low recovery time, high schedule variability",2026-02-28
11,11,1,PM Peak (15–19),24,36.0,22.0,61.0,39.0,24.0,2.5,2.0,8.799999999999997,0.2714285714285714,0.625,47.0,"very low recovery time, high schedule variability",2026-02-28
12,12,0,AM Peak (6–9),16,45.0,38.0,52.0,14.0,13.0,19.0,14.2,19.0,0.0475,0.37433155080213903,24.12,moderate,2026-02-28
12,12,0,Evening (19–24),21,34.0,27.0,43.0,16.0,20.0,10.0,5.0,17.0,0.08636363636363636,0.40609137055837563,27.39,moderate,2026-02-28
12,12,0,Midday (9–15),33,38.0,21.266666666666666,52.0,30.733333333333334,25.0,14.0,10.8,14.0,0.06333333333333332,0.5677339901477833,36.28,high schedule variability,2026-02-28
12,12,0,Overnight (0–6),9,27.0,26.236666666666668,34.0,7.763333333333332,8.0,5.0,4.945,15.0,0.15833333333333333,0.24911755267943092,20.49,moderate,2026-02-28
12,12,0,PM Peak (15–19),23,44.0,44.0,54.0,10.0,23.0,10.0,10.0,15.600000000000001,0.08636363636363636,0.29940119760479045,20.99,moderate,2026-02-28
12,12,1,AM Peak (6–9),16,43.0,36.0,51.0,15.0,13.0,3.0,0.20000000000000018,16.400000000000002,0.2375,0.390625,31.75,very low recovery time,2026-02-28
12,12,1,Evening (19–24),22,33.0,28.0,45.0,17.0,19.0,0.0,0.0,3.0,0.95,0.42079207920792083,58.5,no recovery time,2026-02-28
12,12,1,Midday (9–15),25,43.0,38.0,49.0,11.0,24.0,0.5,0.0,5.0,0.6333333333333333,0.31976744186046513,41.35,no recovery time,2026-02-28
12,12,1,Overnight (0–6),8,28.0,22.0,30.703333333333333,8.703333333333333,6.0,0.0,0.0,15.0,0.95,0.27110372754646456,49.52,no recovery time,2026-02-28
12,12,1,PM Peak (15–19),23,56.0,43.0,56.0,13.0,23.0,3.0,0.0,10.0,0.2375,0.35714285714285715,29.74,very low recovery time,2026-02-28
13,13,0,AM Peak (6–9),9,30.0,20.0,30.0,10.0,9.0,0.0,0.0,0.0,0.95,0.29940119760479045,51.21,no recovery time,2026-02-28
13,13,0,Evening (19–24),12,22.0,22.0,24.9,2.8999999999999986,13.0,1.0,0.0,1.0,0.475,0.11026615969581745,23.24,no recovery time,2026-02-28
13,13,0,Midday (9–15),15,32.0,31.0,32.0,1.0,15.0,0.0,0.0,0.0,0.95,0.04098360655737705,35.71,no recovery time,2026-02-28
13,13,0,Overnight (0–6),6,22.0,21.0,22.0,1.0,5.0,1.0,1.0,1.0,0.475,0.04098360655737705,19.08,no recovery time,2026-02-28
13,13,0,PM Peak (15–19),9,31.0,31.0,31.0,0.0,9.0,0.0,0.0,0.0,0.95,0.0,33.25,no recovery time,2026-02-28
13,13,1,AM Peak (6–9),9,27.0,21.0,27.0,6.0,7.0,3.0,2.2,8.600000000000001,0.2375,0.20408163265306123,20.56,very low recovery time,2026-02-28
13,13,1,Evening (19–24),13,25.0,25.0,29.000000000000004,4.0000000000000036,12.0,2.0,1.1,3.8000000000000007,0.31666666666666665,0.14598540145985414,19.84,very low recovery time,2026-02-28
13,13,1,Midday (9–15),15,34.0,34.0,37.599999999999994,3.5999999999999943,15.0,9.0,4.4,9.0,0.095,0.13333333333333316,11.32,moderate,2026-02-28
13,13,1,Overnight (0–6),5,25.0,12.82,25.0,12.18,4.0,2.0,2.0,2.0,0.31666666666666665,0.342327150084317,31.62,very low recovery time,2026-02-28
13,13,1,PM Peak (15–19),9,40.0,40.0,40.0,0.0,10.0,4.0,4.0,4.0,0.19,0.0,6.65,moderate,2026-02-28
14,14,0,AM Peak (6–9),7,28.0,24.0,28.0,4.0,5.0,0.0,0.0,11.600000000000001,0.95,0.14598540145985403,42.01,no recovery time,2026-02-28
14,14,0,Evening (19–24),9,24.0,20.0,24.0,4.0,10.0,3.0,2.0,3.0,0.2375,0.14598540145985403,17.07,very low recovery time,2026-02-28
14,14,0,Midday (9–15),14,26.0,26.0,26.0,0.0,15.0,6.0,4.800000000000001,7.799999999999999,0.1357142857142857,0.0,4.75,moderate,2026-02-28
14,14,0,Overnight (0–6),3,20.0,20.0,20.0,0.0,2.0,1.5,1.1,1.9,0.38,0.0,13.3,very low recovery time,2026-02-28
14,14,0,PM Peak (15–19),11,33.0,24.0,33.0,9.0,10.0,6.0,5.7,6.799999999999997,0.1357142857142857,0.2777777777777778,21.42,moderate,2026-02-28
14,14,1,AM Peak (6–9),7,35.0,25.0,35.0,10.0,7.0,4.0,2.0,7.600000000000001,0.19,0.29940119760479045,24.61,moderate,2026-02-28
14,14,1,Evening (19–24),10,22.0,19.0,22.0,3.0,10.0,4.0,4.0,8.0,0.19,0.11363636363636365,13.47,moderate,2026-02-28
14,14,1,Midday (9–15),14,25.0,25.0,25.0,0.0,14.0,8.0,8.0,8.0,0.10555555555555556,0.0,3.69,moderate,2026-02-28
14,14,1,Overnight (0–6),3,19.0,19.0,23.8,4.800000000000001,2.0,13.0,11.4,14.6,0.06785714285714285,0.17021276595744683,12.59,moderate,2026-02-28
14,14,1,PM Peak (15–19),11,28.0,22.0,28.0,6.0,10.0,5.0,4.9,11.799999999999997,0.15833333333333333,0.20408163265306123,17.79,moderate,2026-02-28
15,15,0,AM Peak (6–9),9,23.0,22.0,23.0,1.0,9.0,7.0,5.4,9.0,0.11875,0.04098360655737705,6.62,moderate,2026-02-28
15,15,0,Evening (19–24),11,22.0,19.0,22.0,3.0,11.0,3.0,3.0,3.0,0.2375,0.11363636363636365,15.13,very low recovery time,2026-02-28
15,15,0,Midday (9–15),14,23.0,23.0,26.0,3.0,13.0,7.0,6.2,9.400000000000002,0.11875,0.11363636363636365,10.97,moderate,2026-02-28
15,15,0,Overnight (0–6),4,19.0,19.0,21.1,2.1000000000000014,4.0,3.0,3.0,3.0,0.2375,0.08235294117647064,13.25,very low recovery time,2026-02-28
15,15,0,PM Peak (15–19),16,26.0,26.0,26.0,0.0,15.0,6.0,6.0,6.0,0.1357142857142857,0.0,4.75,moderate,2026-02-28
15,15,1,AM Peak (6–9),8,23.0,20.0,23.0,3.0,8.0,5.0,1.0,6.199999999999999,0.15833333333333333,0.11363636363636365,12.36,moderate,2026-02-28
15,15,1,Evening (19–24),11,21.0,18.0,21.0,3.0,7.0,4.0,4.0,6.8000000000000025,0.19,0.11363636363636365,13.47,moderate,2026-02-28
15,15,1,Midday (9–15),14,22.0,22.0,25.0,3.0,14.0,8.0,5.6,8.0,0.10555555555555556,0.11363636363636365,10.51,moderate,2026-02-28
15,15,1,Overnight (0–6),6,18.0,18.0,20.0,2.0,1.0,1.0,1.0,1.0,0.475,0.07874015748031496,21.35,no recovery time,2026-02-28
15,15,1,PM Peak (15–19),16,25.0,25.0,25.0,0.0,15.0,7.0,7.0,7.0,0.11875,0.0,4.16,moderate,2026-02-28
16,16,0,AM Peak (6–9),17,34.0,34.0,34.0,0.0,16.0,6.0,2.0,6.5,0.1357142857142857,0.0,4.75,moderate,2026-02-28
16,16,0,Evening (19–24),24,30.0,26.0,30.0,4.0,24.0,5.0,4.0,6.0,0.15833333333333333,0.14598540145985403,14.3,moderate,2026-02-28
16,16,0,Midday (9–15),37,32.0,32.0,32.0,0.0,36.0,3.0,3.0,3.0,0.2375,0.0,8.31,very low recovery time,2026-02-28
16,16,0,Overnight (0–6),9,26.0,23.0,34.0,11.0,8.0,5.0,3.7,10.0,0.15833333333333333,0.31976744186046513,24.73,moderate,2026-02-28
16,16,0,PM Peak (15–19),24,36.0,34.6,36.0,1.3999999999999986,24.0,4.0,3.0,4.0,0.19,0.056451612903225756,10.04,moderate,2026-02-28
16,16,1,AM Peak (6–9),17,34.0,34.0,34.0,0.0,16.0,6.0,2.0,6.5,0.1357142857142857,0.0,4.75,moderate,2026-02-28
16,16,1,Evening (19–24),24,30.0,27.0,30.0,3.0,24.0,5.0,1.0,5.0,0.15833333333333333,0.11363636363636365,12.36,moderate,2026-02-28
16,16,1,Midday (9–15),36,32.0,32.0,32.0,0.0,36.0,3.0,3.0,3.0,0.2375,0.0,8.31,very low recovery time,2026-02-28
16,16,1,Overnight (0–6),11,27.0,26.0,34.0,8.0,7.0,2.0,1.0,11.000000000000004,0.31666666666666665,0.25477707006369427,26.37,very low recovery time,2026-02-28
16,16,1,PM Peak (15–19),24,36.0,34.6,36.0,1.3999999999999986,23.0,4.0,4.0,4.0,0.19,0.056451612903225756,10.04,moderate,2026-02-28
17,17,0,AM Peak (6–9),18,43.0,43.0,57.0,14.0,16.0,6.0,6.0,8.0,0.1357142857142857,0.37433155080213903,27.21,moderate,2026-02-28
17,17,0,Evening (19–24),14,36.0,33.0,41.60000000000001,8.600000000000009,14.0,8.0,3.6,8.0,0.10555555555555556,0.2687500000000002,19.82,moderate,2026-02-28
17,17,0,Midday (9–15),20,42.0,42.0,46.000000000000014,4.000000000000014,23.0,6.0,3.0,6.0,0.1357142857142857,0.14598540145985447,13.51,moderate,2026-02-28
17,17,0,Overnight (0–6),10,33.0,33.0,52.5,19.5,7.0,6.0,3.6000000000000005,8.400000000000002,0.1357142857142857,0.4545454545454546,32.02,moderate,2026-02-28
17,17,0,PM Peak (15–19),26,44.0,44.0,60.0,16.0,22.0,10.0,5.1,10.0,0.08636363636363636,0.40609137055837563,27.39,moderate,2026-02-28
17,17,1,AM Peak (6–9),18,43.0,42.0,51.0,9.0,19.0,8.0,8.0,16.0,0.10555555555555556,0.2777777777777778,20.36,moderate,2026-02-28
17,17,1,Evening (19–24),15,40.0,35.0,40.0,5.0,14.0,0.0,0.0,18.400000000000013,0.95,0.17605633802816903,43.81,no recovery time,2026-02-28
17,17,1,Midday (9–15),25,42.0,31.866666666666667,49.0,17.133333333333333,18.0,5.0,5.0,5.0,0.15833333333333333,0.42269736842105265,30.9,moderate,2026-02-28
17,17,1,Overnight (0–6),16,35.0,3.8,45.5,41.7,10.0,2.0,0.0,7.099999999999996,0.31666666666666665,0.6405529953917052,49.52,"very low recovery time, high schedule variability",2026-02-28
17,17,1,PM Peak (15–19),24,49.0,49.0,59.0,10.0,25.0,7.0,7.0,11.0,0.11875,0.29940119760479045,22.12,moderate,2026-02-28
18,18,0,AM Peak (6–9),12,20.0,15.2,21.0,5.800000000000001,12.0,4.0,3.0,9.0,0.19,0.1986301369863014,18.57,moderate,2026-02-28
18,18,0,Evening (19–24),16,16.0,16.0,17.5,1.5,17.0,3.0,3.0,4.0,0.2375,0.06024096385542169,11.93,very low recovery time,2026-02-28
18,18,0,Midday (9–15),20,19.5,19.0,23.0,4.0,19.0,4.0,3.0,4.0,0.19,0.14598540145985403,15.41,moderate,2026-02-28
18,18,0,Overnight (0–6),7,16.0,15.6,17.0,1.4000000000000004,5.0,3.0,3.0,7.2,0.2375,0.056451612903225826,11.7,very low recovery time,2026-02-28
18,18,0,PM Peak (15–19),17,22.0,19.0,23.0,4.0,17.0,4.0,3.2,5.800000000000001,0.19,0.14598540145985403,15.41,moderate,2026-02-28
18,18,1,AM Peak (6–9),12,18.0,17.0,19.0,2.0,12.0,2.0,2.0,3.0,0.31666666666666665,0.07874015748031496,15.81,very low recovery time,2026-02-28
18,18,1,Evening (19–24),17,14.0,14.0,16.6,2.6000000000000014,17.0,3.0,3.0,4.0,0.2375,0.10000000000000006,14.31,very low recovery time,2026-02-28
18,18,1,Midday (9–15),20,17.0,17.0,25.0,8.0,18.0,4.0,4.0,7.0,0.19,0.25477707006369427,21.94,moderate,2026-02-28
18,18,1,Overnight (0–6),6,14.0,14.0,17.0,3.0,4.0,3.0,1.6,7.200000000000001,0.2375,0.11363636363636365,15.13,very low recovery time,2026-02-28
18,18,1,PM Peak (15–19),16,23.0,19.5,25.0,5.5,17.0,6.0,4.0,7.0,0.1357142857142857,0.1903114186851211,16.17,moderate,2026-02-28
19,19,0,AM Peak (6–9),8,29.5,26.0,31.0,5.0,6.0,6.0,2.0,10.0,0.1357142857142857,0.17605633802816903,15.31,moderate,2026-02-28
19,19,0,Evening (19–24),11,29.0,23.0,29.0,6.0,11.0,7.0,5.0,11.0,0.11875,0.20408163265306123,16.4,moderate,2026-02-28
19,19,0,Midday (9–15),14,35.0,35.0,35.0,0.0,15.0,4.0,3.4000000000000004,4.0,0.19,0.0,6.65,moderate,2026-02-28
19,19,0,Overnight (0–6),4,24.5,23.0,26.0,3.0,5.0,10.0,9.4,11.0,0.08636363636363636,0.11363636363636365,9.84,moderate,2026-02-28
19,19,0,PM Peak (15–19),11,39.0,34.0,39.0,5.0,9.0,13.0,13.0,16.2,0.06785714285714285,0.17605633802816903,12.94,moderate,2026-02-28
19,19,1,AM Peak (6–9),7,25.0,24.0,31.0,7.0,7.0,0.0,0.0,3.200000000000003,0.95,0.23026315789473686,47.07,no recovery time,2026-02-28
19,19,1,Evening (19–24),10,24.0,24.0,26.1,2.1000000000000014,11.0,0.0,0.0,0.0,0.95,0.08235294117647064,38.19,no recovery time,2026-02-28
19,19,1,Midday (9–15),15,36.0,36.0,36.6,0.6000000000000014,14.0,0.0,0.0,0.0,0.95,0.02500000000000006,34.75,no recovery time,2026-02-28
19,19,1,Overnight (0–6),5,26.0,24.8,26.0,1.1999999999999993,2.0,0.0,0.0,0.0,0.95,0.04878048780487802,36.18,no recovery time,2026-02-28
19,19,1,PM Peak (15–19),10,36.0,35.7,36.0,0.29999999999999716,11.0,0.0,0.0,0.0,0.95,0.012658227848101148,34.01,no recovery time,2026-02-28
20,20,0,AM Peak (6–9),10,34.0,28.0,35.0,7.0,9.0,8.0,7.0,8.2,0.10555555555555556,0.23026315789473686,17.51,moderate,2026-02-28
20,20,0,Evening (19–24),11,32.0,26.0,32.0,6.0,12.0,10.0,6.0,11.0,0.08636363636363636,0.20408163265306123,15.27,moderate,2026-02-28
20,20,0,Midday (9–15),19,32.0,32.0,38.0,6.0,19.0,8.0,5.8,8.0,0.10555555555555556,0.20408163265306123,15.94,moderate,2026-02-28
20,20,0,Overnight (0–6),5,26.0,26.0,28.0,2.0,4.0,7.0,4.6,9.4,0.11875,0.07874015748031496,8.88,moderate,2026-02-28
20,20,0,PM Peak (15–19),14,38.0,34.9,38.0,3.1000000000000014,14.0,6.0,6.0,6.0,0.1357142857142857,0.11698113207547176,11.77,moderate,2026-02-28
20,20,1,AM Peak (6–9),9,35.0,31.0,35.0,4.0,9.0,3.0,2.0,5.6000000000000005,0.2375,0.14598540145985403,17.07,very low recovery time,2026-02-28
20,20,1,Evening (19–24),12,31.5,27.0,32.0,5.0,11.0,1.0,0.0,12.0,0.475,0.17605633802816903,27.19,no recovery time,2026-02-28
20,20,1,Midday (9–15),18,35.0,35.0,38.0,3.0,18.0,5.0,4.7,9.3,0.15833333333333333,0.11363636363636365,12.36,moderate,2026-02-28
20,20,1,Overnight (0–6),8,31.0,27.0,31.0,4.0,6.0,4.0,0.5,8.0,0.19,0.14598540145985403,15.41,moderate,2026-02-28
20,20,1,PM Peak (15–19),16,38.0,34.0,38.0,4.0,13.0,14.0,9.200000000000001,15.0,0.06333333333333332,0.14598540145985403,10.98,moderate,2026-02-28
21,21,0,AM Peak (6–9),10,40.125,38.65,41.6,2.950000000000003,10.0,13.5,12.9,21.2,0.06551724137931034,0.11195445920303615,9.01,moderate,2026-02-28
21,21,0,Evening (19–24),15,35.65,31.7,39.6,7.900000000000002,13.0,10.0,8.4,14.0,0.08636363636363636,0.25239616613418536,18.17,moderate,2026-02-28
21,21,0,Midday (9–15),21,38.65,38.65,44.6,5.950000000000003,19.0,9.0,8.8,18.0,0.095,0.202725724020443,15.49,moderate,2026-02-28
21,21,0,Overnight (0–6),7,31.7,31.7,38.65,6.949999999999999,4.0,11.5,10.0,16.5,0.076,0.22899505766062603,16.4,moderate,2026-02-28
21,21,0,PM Peak (15–19),14,44.6,39.6,44.6,5.0,12.0,18.0,9.4,18.9,0.049999999999999996,0.17605633802816903,12.31,moderate,2026-02-28
21,21,1,AM Peak (6–9),11,40.7,36.7,40.7,4.0,,10.0,,,0.08636363636363636,0.14598540145985403,11.78,moderate,2026-02-28
21,21,1,Evening (19–24),14,36.7,33.7,42.7,9.0,,10.0,,,0.08636363636363636,0.2777777777777778,19.69,moderate,2026-02-28
21,21,1,Midday (9–15),21,38.7,38.7,47.7,9.0,,10.0,,,0.08636363636363636,0.2777777777777778,19.69,moderate,2026-02-28
21,21,1,Overnight (0–6),5,33.7,33.7,36.7,3.0,,10.0,,,0.08636363636363636,0.11363636363636365,9.84,moderate,2026-02-28
21,21,1,PM Peak (15–19),14,47.7,42.7,47.7,5.0,,10.0,,,0.08636363636363636,0.17605633802816903,13.59,moderate,2026-02-28
22,22,0,AM Peak (6–9),18,11.0,9.0,11.0,2.0,17.0,1.0,1.0,1.0,0.475,0.07874015748031496,21.35,no recovery time,2026-02-28
22,22,0,Evening (19–24),30,11.0,9.0,11.0,2.0,31.0,1.0,1.0,5.0,0.475,0.07874015748031496,21.35,no recovery time,2026-02-28
22,22,0,Midday (9–15),36,11.0,11.0,11.0,0.0,36.0,1.0,1.0,1.0,0.475,0.0,16.62,no recovery time,2026-02-28
22,22,0,Overnight (0–6),15,9.0,7.0,9.0,2.0,15.0,5.0,0.40000000000000013,5.0,0.15833333333333333,0.07874015748031496,10.27,moderate,2026-02-28
22,22,0,PM Peak (15–19),24,11.0,11.0,11.0,0.0,24.0,1.0,1.0,1.0,0.475,0.0,16.62,no recovery time,2026-02-28
22,22,1,AM Peak (6–9),18,12.0,11.0,12.0,1.0,18.0,6.0,6.0,9.0,0.1357142857142857,0.04098360655737705,7.21,moderate,2026-02-28
22,22,1,Evening (19–24),30,11.0,7.0,11.0,4.0,29.0,7.0,7.0,9.0,0.11875,0.14598540145985403,12.92,moderate,2026-02-28
22,22,1,Midday (9–15),36,11.0,11.0,12.0,1.0,36.0,7.0,6.0,7.0,0.11875,0.04098360655737705,6.62,moderate,2026-02-28
22,22,1,Overnight (0–6),15,7.0,5.0,11.0,6.0,13.0,9.0,3.0,9.0,0.095,0.20408163265306123,15.57,moderate,2026-02-28
22,22,1,PM Peak (15–19),24,12.0,12.0,12.0,0.0,24.0,6.0,6.0,6.0,0.1357142857142857,0.0,4.75,moderate,2026-02-28
23,23,0,AM Peak (6–9),21,17.0,13.0,17.0,4.0,19.0,8.0,5.0,9.0,0.10555555555555556,0.14598540145985403,12.45,moderate,2026-02-28
23,23,0,Evening (19–24),24,14.0,11.0,14.0,3.0,23.0,6.0,6.0,6.0,0.1357142857142857,0.11363636363636365,11.57,moderate,2026-02-28
23,23,0,Midday (9–15),36,16.0,16.0,16.0,0.0,36.0,9.0,7.0,9.0,0.095,0.0,3.32,moderate,2026-02-28
23,23,0,Overnight (0–6),11,11.0,3.8,13.0,9.2,9.0,6.0,5.0,7.000000000000001,0.1357142857142857,0.28220858895705525,21.68,moderate,2026-02-28
23,23,0,PM Peak (15–19),24,18.0,15.200000000000001,18.0,2.799999999999999,23.0,9.0,3.6000000000000005,9.0,0.095,0.10687022900763356,9.74,moderate,2026-02-28
23,23,1,AM Peak (6–9),22,14.0,13.0,14.0,1.0,21.0,1.0,1.0,1.0,0.475,0.04098360655737705,19.08,no recovery time,2026-02-28
23,23,1,Evening (19–24),23,15.0,12.0,15.0,3.0,24.0,1.0,1.0,1.0,0.475,0.11363636363636365,23.44,no recovery time,2026-02-28
23,23,1,Midday (9–15),36,14.0,14.0,14.0,0.0,36.0,1.0,1.0,1.0,0.475,0.0,16.62,no recovery time,2026-02-28
23,23,1,Overnight (0–6),12,12.0,12.0,13.0,1.0,11.0,1.0,0.0,1.0,0.475,0.04098360655737705,19.08,no recovery time,2026-02-28
23,23,1,PM Peak (15–19),23,20.0,20.0,20.0,0.0,24.0,3.0,3.0,3.0,0.2375,0.0,8.31,very low recovery time,2026-02-28
24,24,0,AM Peak (6–9),27,46.0,38.88333333333333,56.0,17.116666666666667,26.0,8.133333333333333,8.116666666666667,8.183333333333334,0.10401459854014598,0.42245989304812837,28.99,moderate,2026-02-28
24,24,0,Evening (19–24),36,43.0,36.0,43.0,7.0,33.0,7.133333333333334,2.1333333333333333,8.166666666666666,0.1168032786885246,0.23026315789473686,17.9,moderate,2026-02-28
24,24,0,Midday (9–15),53,50.0,41.88333333333333,53.800000000000004,11.916666666666671,48.0,8.183333333333334,7.5166666666666675,12.136666666666667,0.10344827586206896,0.3374233128834357,23.87,moderate,2026-02-28
24,24,0,Overnight (0–6),17,36.0,34.8,46.0,11.200000000000003,13.0,7.133333333333334,3.933333333333334,9.926666666666668,0.1168032786885246,0.323699421965318,23.51,moderate,2026-02-28
24,24,0,PM Peak (15–19),35,52.0,41.85,54.0,12.149999999999999,32.0,8.175,6.183333333333334,8.183333333333334,0.10354223433242506,0.34177215189873417,24.13,moderate,2026-02-28
24,24,1,AM Peak (6–9),27,44.0,38.92,47.81666666666667,8.896666666666668,23.0,5.0,2.0,8.0,0.15833333333333333,0.2754670244607287,22.07,moderate,2026-02-28
24,24,1,Evening (19–24),35,42.833333333333336,36.86666666666667,42.833333333333336,5.966666666666669,35.0,2.0,0.0,4.600000000000001,0.31666666666666665,0.20317820658342797,23.27,very low recovery time,2026-02-28
24,24,1,Midday (9–15),51,47.81666666666667,46.0,54.81666666666667,8.81666666666667,51.0,4.0,0.0,8.0,0.19,0.27366787377134,23.07,moderate,2026-02-28
24,24,1,Overnight (0–6),18,36.86666666666667,30.9,40.86666666666667,9.966666666666669,12.0,2.0,0.0,7.600000000000001,0.31666666666666665,0.29870129870129875,29.01,very low recovery time,2026-02-28
24,24,1,PM Peak (15–19),35,54.81666666666667,49.81666666666667,55.0,5.18333333333333,35.0,3.0,1.4000000000000004,6.200000000000003,0.2375,0.18134110787172003,19.19,very low recovery time,2026-02-28
25,25,0,AM Peak (6–9),45,46.0,14.0,46.0,32.0,46.0,4.316666666666666,3.0,7.0,0.1786833855799373,0.5776173285198556,40.91,high schedule variability,2026-02-28
25,25,0,Evening (19–24),57,41.0,13.0,48.0,35.0,55.0,4.0,1.0,8.316666666666666,0.19,0.5993150684931507,42.61,high schedule variability,2026-02-28
25,25,0,Midday (9–15),81,21.833333333333332,12.0,43.0,31.0,78.0,2.316666666666667,1.0,3.316666666666667,0.28643216080402006,0.5698529411764706,44.22,"very low recovery time, high schedule variability",2026-02-28
25,25,0,Overnight (0–6),21,43.0,8.0,48.0,40.0,11.0,4.0,4.0,9.0,0.19,0.6309148264984227,44.5,high schedule variability,2026-02-28
25,25,0,PM Peak (15–19),75,21.833333333333332,14.0,46.0,32.0,72.0,4.316666666666666,2.0,5.316666666666666,0.1786833855799373,0.5776173285198556,40.91,high schedule variability,2026-02-28
25,25,1,AM Peak (6–9),45,41.0,17.683333333333334,42.0,24.316666666666666,43.0,4.0,0.0,7.0,0.19,0.5096053091163115,37.23,high schedule variability,2026-02-28
25,25,1,Evening (19–24),56,40.0,18.683333333333334,48.0,29.316666666666666,55.0,2.0,0.0,7.0,0.31666666666666665,0.5561176098640531,44.45,"very low recovery time, high schedule variability",2026-02-28
25,25,1,Midday (9–15),81,42.0,17.683333333333334,42.0,24.316666666666666,80.0,4.0,4.0,4.0,0.19,0.5096053091163115,37.23,high schedule variability,2026-02-28
25,25,1,Overnight (0–6),19,38.0,10.783333333333333,48.0,37.21666666666667,15.0,0.0,0.0,5.6,0.95,0.6139675556777564,70.09,"no recovery time, high schedule variability",2026-02-28
25,25,1,PM Peak (15–19),77,41.0,19.683333333333334,48.0,28.316666666666666,73.0,4.0,0.0,8.0,0.19,0.5475346438930068,39.5,high schedule variability,2026-02-28
26,26,0,AM Peak (6–9),8,39.0,28.0,39.0,11.0,7.0,6.0,1.0,8.4,0.1357142857142857,0.31976744186046513,23.94,moderate,2026-02-28
26,26,0,Evening (19–24),11,36.0,28.0,36.0,8.0,11.0,5.0,1.0,5.0,0.15833333333333333,0.25477707006369427,20.83,moderate,2026-02-28
26,26,0,Midday (9–15),13,40.0,40.0,42.400000000000006,2.4000000000000057,12.0,3.0,3.0,17.9,0.2375,0.0930232558139537,13.89,very low recovery time,2026-02-28
26,26,0,Overnight (0–6),6,28.0,28.0,28.0,0.0,4.0,2.0,1.3,2.0,0.31666666666666665,0.0,11.08,very low recovery time,2026-02-28
26,26,0,PM Peak (15–19),8,51.0,45.1,51.0,5.899999999999999,9.0,8.0,3.6,14.4,0.10555555555555556,0.20136518771331055,15.78,moderate,2026-02-28
26,26,1,AM Peak (6–9),7,44.0,34.0,44.0,10.0,7.0,12.0,2.0,16.400000000000002,0.07307692307692307,0.29940119760479045,20.52,moderate,2026-02-28
26,26,1,Evening (19–24),12,34.0,27.0,34.0,7.0,10.0,6.5,3.0,20.4,0.12666666666666665,0.23026315789473686,18.25,moderate,2026-02-28
26,26,1,Midday (9–15),13,41.0,41.0,43.400000000000006,2.4000000000000057,13.0,6.0,3.6000000000000005,12.0,0.1357142857142857,0.0930232558139537,10.33,moderate,2026-02-28
26,26,1,Overnight (0–6),6,27.0,27.0,31.0,4.0,5.0,3.0,3.0,3.6,0.2375,0.14598540145985403,17.07,very low recovery time,2026-02-28
26,26,1,PM Peak (15–19),8,45.0,45.0,45.0,0.0,9.0,11.0,9.6,12.4,0.07916666666666666,0.0,2.77,moderate,2026-02-28
27,27,0,AM Peak (6–9),18,20.0,17.0,20.0,3.0,18.0,4.5,3.7,5.0,0.17272727272727273,0.11363636363636365,12.86,moderate,2026-02-28
27,27,0,Evening (19–24),29,17.0,14.0,17.0,3.0,30.0,8.0,6.0,8.0,0.10555555555555556,0.11363636363636365,10.51,moderate,2026-02-28
27,27,0,Midday (9–15),36,22.0,21.0,24.0,3.0,36.0,5.0,3.0,5.0,0.15833333333333333,0.11363636363636365,12.36,moderate,2026-02-28
27,27,0,Overnight (0–6),16,14.0,12.0,17.0,5.0,14.0,6.0,4.3,11.700000000000001,0.1357142857142857,0.17605633802816903,15.31,moderate,2026-02-28
27,27,0,PM Peak (15–19),24,22.5,22.0,24.0,2.0,24.0,5.5,5.0,8.0,0.14615384615384613,0.07874015748031496,9.84,moderate,2026-02-28
27,27,1,AM Peak (6–9),18,20.0,16.0,20.0,4.0,18.0,5.0,3.0,5.0,0.15833333333333333,0.14598540145985403,14.3,moderate,2026-02-28
27,27,1,Evening (19–24),30,17.0,15.0,17.0,2.0,30.0,6.5,3.9000000000000004,8.0,0.12666666666666665,0.07874015748031496,9.16,moderate,2026-02-28
27,27,1,Midday (9–15),36,19.5,18.0,27.0,9.0,35.0,6.0,4.0,6.0,0.1357142857142857,0.2777777777777778,21.42,moderate,2026-02-28
27,27,1,Overnight (0–6),16,15.0,12.0,16.0,4.0,13.0,5.0,5.0,9.0,0.15833333333333333,0.14598540145985403,14.3,moderate,2026-02-28
27,27,1,PM Peak (15–19),23,24.0,23.0,27.0,4.0,23.0,4.0,4.0,7.0,0.19,0.14598540145985403,15.41,moderate,2026-02-28
28,28,0,AM Peak (6–9),6,17.0,17.0,17.0,0.0,6.0,4.0,1.0,11.0,0.19,0.0,6.65,moderate,2026-02-28
28,28,0,Evening (19–24),10,14.0,14.0,14.0,0.0,10.0,4.0,4.0,8.0,0.19,0.0,6.65,moderate,2026-02-28
28,28,0,Midday (9–15),14,16.0,16.0,16.0,0.0,13.0,8.0,4.800000000000001,8.0,0.10555555555555556,0.0,3.69,moderate,2026-02-28
28,28,0,Overnight (0–6),3,14.0,14.0,14.0,0.0,2.0,9.0,9.0,9.0,0.095,0.0,3.32,moderate,2026-02-28
28,28,0,PM Peak (15–19),10,17.0,14.0,17.0,3.0,11.0,5.0,4.0,5.0,0.15833333333333333,0.11363636363636365,12.36,moderate,2026-02-28
28,28,1,AM Peak (6–9),7,14.0,14.0,14.0,0.0,6.0,5.0,2.0,8.0,0.15833333333333333,0.0,5.54,moderate,2026-02-28
28,28,1,Evening (19–24),10,12.0,12.0,12.0,0.0,10.0,7.0,7.0,7.1,0.11875,0.0,4.16,moderate,2026-02-28
28,28,1,Midday (9–15),14,12.0,12.0,12.0,0.0,14.0,3.0,1.6,4.400000000000002,0.2375,0.0,8.31,very low recovery time,2026-02-28
28,28,1,Overnight (0–6),2,12.0,12.0,12.0,0.0,3.0,5.0,3.4,6.6,0.15833333333333333,0.0,5.54,moderate,2026-02-28
28,28,1,PM Peak (15–19),10,14.0,12.0,14.0,2.0,10.0,2.0,2.0,5.199999999999999,0.31666666666666665,0.07874015748031496,15.81,very low recovery time,2026-02-28
29,29,0,AM Peak (6–9),23,51.0,44.0,55.6,11.600000000000001,20.0,8.0,2.9000000000000004,12.0,0.10555555555555556,0.33142857142857146,23.58,moderate,2026-02-28
29,29,0,Evening (19–24),34,50.0,42.0,55.0,13.0,33.0,6.0,2.0,13.0,0.1357142857142857,0.35714285714285715,26.18,moderate,2026-02-28
29,29,0,Midday (9–15),46,59.0,54.0,60.0,6.0,46.0,4.0,4.0,9.0,0.19,0.20408163265306123,18.89,moderate,2026-02-28
29,29,0,Overnight (0–6),12,42.0,39.1,45.8,6.699999999999996,10.0,12.0,2.0,14.1,0.07307692307692307,0.22259136212624575,15.91,moderate,2026-02-28
29,29,0,PM Peak (15–19),30,63.0,60.7,69.0,8.299999999999997,30.0,3.0,1.0,5.0,0.2375,0.26182965299684535,24.02,very low recovery time,2026-02-28
29,29,1,AM Peak (6–9),24,53.0,44.6,60.4,15.799999999999997,17.0,2.0,0.0,4.4,0.31666666666666665,0.40306122448979587,35.27,very low recovery time,2026-02-28
29,29,1,Evening (19–24),35,49.0,41.0,54.0,13.0,33.0,7.0,4.2,9.0,0.11875,0.35714285714285715,25.58,moderate,2026-02-28
29,29,1,Midday (9–15),45,61.0,55.0,61.6,6.600000000000001,45.0,7.0,5.0,7.0,0.11875,0.22000000000000006,17.36,moderate,2026-02-28
29,29,1,Overnight (0–6),12,41.0,34.980000000000004,46.0,11.019999999999996,8.0,5.0,4.4,6.499999999999999,0.15833333333333333,0.3201626961069145,24.75,moderate,2026-02-28
29,29,1,PM Peak (15–19),30,65.0,61.7,72.0,10.299999999999997,30.0,6.0,5.0,8.100000000000001,0.1357142857142857,0.30563798219584565,23.09,moderate,2026-02-28
30,30,0,AM Peak (6–9),7,7.0,7.0,7.0,0.0,,10.0,,,0.08636363636363636,0.0,3.02,moderate,2026-02-28
30,30,0,Evening (19–24),11,7.0,7.0,7.0,0.0,,10.0,,,0.08636363636363636,0.0,3.02,moderate,2026-02-28
30,30,0,Midday (9–15),15,7.0,7.0,7.0,0.0,,10.0,,,0.08636363636363636,0.0,3.02,moderate,2026-02-28
30,30,0,Overnight (0–6),3,7.0,7.0,7.0,0.0,,10.0,,,0.08636363636363636,0.0,3.02,moderate,2026-02-28
30,30,0,PM Peak (15–19),9,8.0,8.0,8.0,0.0,,10.0,,,0.08636363636363636,0.0,3.02,moderate,2026-02-28
30,30,1,AM Peak (6–9),8,9.0,9.0,9.0,0.0,7.0,0.0,0.0,0.0,0.95,0.0,33.25,no recovery time,2026-02-28
30,30,1,Evening (19–24),11,9.0,8.0,9.0,1.0,11.0,0.0,0.0,0.0,0.95,0.04098360655737705,35.71,no recovery time,2026-02-28
30,30,1,Midday (9–15),14,9.0,9.0,9.0,0.0,15.0,0.0,0.0,0.0,0.95,0.0,33.25,no recovery time,2026-02-28
30,30,1,Overnight (0–6),4,8.0,7.3,8.0,0.7000000000000002,3.0,0.0,0.0,0.8,0.95,0.029045643153526982,34.99,no recovery time,2026-02-28
30,30,1,PM Peak (15–19),9,10.0,10.0,10.0,0.0,9.0,0.0,0.0,0.0,0.95,0.0,33.25,no recovery time,2026-02-28
31,31,0,AM Peak (6–9),12,19.35,19.35,19.35,0.0,,10.0,,,0.08636363636363636,0.0,3.02,moderate,2026-02-28
31,31,0,Evening (19–24),18,16.5,14.5,16.5,2.0,,10.0,,,0.08636363636363636,0.07874015748031496,7.75,moderate,2026-02-28
31,31,0,Midday (9–15),24,17.5,17.5,17.5,0.0,,10.0,,,0.08636363636363636,0.0,3.02,moderate,2026-02-28
31,31,0,Overnight (0–6),8,14.5,14.5,17.35,2.8500000000000014,,10.0,,,0.08636363636363636,0.10857142857142862,9.54,moderate,2026-02-28
31,31,0,PM Peak (15–19),16,21.35,21.35,21.35,0.0,,10.0,,,0.08636363636363636,0.0,3.02,moderate,2026-02-28
31,31,1,AM Peak (6–9),12,19.116666666666667,19.116666666666667,19.116666666666667,0.0,12.0,4.0,4.0,4.0,0.19,0.0,6.65,moderate,2026-02-28
31,31,1,Evening (19–24),19,15.116666666666667,12.116666666666667,15.116666666666667,3.0,18.0,7.0,4.4,7.0,0.11875,0.11363636363636365,10.97,moderate,2026-02-28
31,31,1,Midday (9–15),24,18.116666666666667,18.116666666666667,18.116666666666667,0.0,24.0,5.0,5.0,5.0,0.15833333333333333,0.0,5.54,moderate,2026-02-28
31,31,1,Overnight (0–6),8,12.116666666666667,12.116666666666667,17.116666666666667,5.0,6.0,7.0,7.0,15.0,0.11875,0.17605633802816903,14.72,moderate,2026-02-28
31,31,1,PM Peak (15–19),16,18.116666666666667,18.116666666666667,18.116666666666667,0.0,16.0,3.0,3.0,3.0,0.2375,0.0,8.31,very low recovery time,2026-02-28
32,32,0,AM Peak (6–9),18,30.0,29.1,30.0,0.8999999999999986,14.0,7.0,7.0,9.100000000000003,0.11875,0.03703703703703698,6.38,moderate,2026-02-28
32,32,0,Evening (19–24),20,23.0,20.0,23.0,3.0,21.0,8.0,1.0,10.0,0.10555555555555556,0.11363636363636365,10.51,moderate,2026-02-28
32,32,0,Midday (9–15),38,28.0,28.0,31.0,3.0,39.0,7.0,7.0,7.200000000000003,0.11875,0.11363636363636365,10.97,moderate,2026-02-28
32,32,0,Overnight (0–6),5,20.0,20.0,20.0,0.0,5.0,1.0,1.0,1.0,0.475,0.0,16.62,no recovery time,2026-02-28
32,32,0,PM Peak (15–19),24,28.5,28.0,31.0,3.0,25.0,7.0,7.0,10.0,0.11875,0.11363636363636365,10.97,moderate,2026-02-28
32,32,1,AM Peak (6–9),24,30.0,25.0,30.0,5.0,15.0,8.0,8.0,10.2,0.10555555555555556,0.17605633802816903,14.26,moderate,2026-02-28
32,32,1,Evening (19–24),22,21.0,20.0,21.0,1.0,18.0,8.0,4.0,8.3,0.10555555555555556,0.04098360655737705,6.15,moderate,2026-02-28
32,32,1,Midday (9–15),42,27.0,27.0,34.0,7.0,36.0,8.0,7.0,10.0,0.10555555555555556,0.23026315789473686,17.51,moderate,2026-02-28
32,32,1,Overnight (0–6),8,21.5,20.0,25.0,5.0,6.0,4.0,4.0,4.0,0.19,0.17605633802816903,17.21,moderate,2026-02-28
32,32,1,PM Peak (15–19),24,30.0,28.6,34.0,5.399999999999999,24.0,8.0,8.0,12.0,0.10555555555555556,0.18749999999999997,14.94,moderate,2026-02-28
33,33,0,AM Peak (6–9),10,16.0,12.771666666666667,17.0,4.2283333333333335,9.0,4.0,3.2,6.2,0.19,0.15304337334861556,15.83,moderate,2026-02-28
33,33,0,Evening (19–24),10,12.0,11.0,12.0,1.0,10.0,6.0,6.0,7.0,0.1357142857142857,0.04098360655737705,7.21,moderate,2026-02-28
33,33,0,Midday (9–15),12,14.0,14.0,14.0,0.0,12.0,2.0,1.1,2.0,0.31666666666666665,0.0,11.08,very low recovery time,2026-02-28
33,33,0,Overnight (0–6),4,10.858333333333334,5.7,11.0,5.3,3.0,7.0,3.8,7.8,0.11875,0.18466898954703834,15.24,moderate,2026-02-28
33,33,0,PM Peak (15–19),14,15.0,12.0,15.0,3.0,13.0,5.0,5.0,5.0,0.15833333333333333,0.11363636363636365,12.36,moderate,2026-02-28
33,33,1,AM Peak (6–9),9,15.0,11.0,15.0,4.0,9.0,0.0,0.0,1.0000000000000009,0.95,0.14598540145985403,42.01,no recovery time,2026-02-28
33,33,1,Evening (19–24),10,12.0,11.0,12.0,1.0,10.0,0.0,0.0,1.0,0.95,0.04098360655737705,35.71,no recovery time,2026-02-28
33,33,1,Midday (9–15),12,14.0,14.0,14.0,0.0,12.0,0.0,0.0,0.0,0.95,0.0,33.25,no recovery time,2026-02-28
33,33,1,Overnight (0–6),3,11.0,11.0,11.0,0.0,3.0,0.0,0.0,0.8,0.95,0.0,33.25,no recovery time,2026-02-28
33,33,1,PM Peak (15–19),13,16.0,16.0,16.0,0.0,13.0,0.0,0.0,0.0,0.95,0.0,33.25,no recovery time,2026-02-28
34,34,0,AM Peak (6–9),10,86.0,75.5,88.0,12.5,5.0,27.0,27.0,28.8,0.033928571428571426,0.34818941504178275,22.08,moderate,2026-02-28
34,34,0,Evening (19–24),15,64.0,58.0,72.0,14.0,16.0,25.0,19.0,28.0,0.036538461538461534,0.37433155080213903,23.74,moderate,2026-02-28
34,34,0,Midday (9–15),20,88.0,88.0,107.0,19.0,19.0,28.0,21.2,32.2,0.03275862068965517,0.4481132075471698,28.03,moderate,2026-02-28
34,34,0,Overnight (0–6),5,58.0,52.0,64.0,12.0,5.0,19.0,14.4,19.0,0.0475,0.33898305084745767,22.0,moderate,2026-02-28
34,34,0,PM Peak (15–19),12,97.5,79.8,106.9,27.10000000000001,12.0,35.0,20.3,35.0,0.02638888888888889,0.5366336633663368,33.12,high schedule variability,2026-02-28
34,34,1,AM Peak (6–9),10,88.0,73.6,90.1,16.5,7.0,15.0,14.0,18.8,0.059375,0.4135338345864662,26.89,moderate,2026-02-28
34,34,1,Evening (19–24),16,63.5,53.0,71.0,18.0,13.0,12.0,10.0,23.400000000000002,0.07307692307692307,0.43478260869565216,28.64,moderate,2026-02-28
34,34,1,Midday (9–15),19,86.0,86.0,102.0,16.0,18.0,17.0,13.0,19.900000000000002,0.05277777777777778,0.40609137055837563,26.21,moderate,2026-02-28
34,34,1,Overnight (0–6),6,53.0,43.0,61.0,18.0,4.0,10.0,10.0,10.0,0.08636363636363636,0.43478260869565216,29.11,moderate,2026-02-28
34,34,1,PM Peak (15–19),13,97.0,80.4,102.0,21.599999999999994,12.0,16.0,16.0,19.8,0.055882352941176466,0.4799999999999999,30.76,moderate,2026-02-28
35,35,0,AM Peak (6–9),30,47.0,43.0,50.0,7.0,29.0,8.0,7.0,12.0,0.10555555555555556,0.23026315789473686,17.51,moderate,2026-02-28
35,35,0,Evening (19–24),39,39.0,36.0,43.0,7.0,35.0,6.0,5.0,9.600000000000001,0.1357142857142857,0.23026315789473686,18.57,moderate,2026-02-28
35,35,0,Midday (9–15),54,48.0,44.0,61.7,17.700000000000003,47.0,8.0,5.200000000000001,10.399999999999999,0.10555555555555556,0.43065693430656937,29.53,moderate,2026-02-28
35,35,0,Overnight (0–6),22,38.0,32.1,43.800000000000004,11.700000000000003,15.0,6.0,6.0,12.0,0.1357142857142857,0.3333333333333334,24.75,moderate,2026-02-28
35,35,0,PM Peak (15–19),36,56.0,48.5,63.0,14.5,36.0,12.0,10.0,16.5,0.07307692307692307,0.38258575197889183,25.51,moderate,2026-02-28
35,35,1,AM Peak (6–9),31,47.0,41.0,52.0,11.0,31.0,11.0,4.0,16.0,0.07916666666666666,0.31976744186046513,21.96,moderate,2026-02-28
35,35,1,Evening (19–24),37,41.0,35.0,44.0,9.0,39.0,13.0,6.800000000000001,16.0,0.06785714285714285,0.2777777777777778,19.04,moderate,2026-02-28
35,35,1,Midday (9–15),54,52.0,48.0,58.7,10.700000000000003,51.0,12.0,4.0,17.0,0.07307692307692307,0.3137829912023461,21.38,moderate,2026-02-28
35,35,1,Overnight (0–6),21,39.0,32.0,46.0,14.0,15.0,7.0,1.6000000000000005,13.0,0.11875,0.37433155080213903,26.62,moderate,2026-02-28
35,35,1,PM Peak (15–19),37,54.0,49.4,62.0,12.600000000000001,35.0,13.0,10.0,18.0,0.06785714285714285,0.35000000000000003,23.38,moderate,2026-02-28
36,36,0,AM Peak (6–9),37,23.0,18.0,23.0,5.0,35.0,4.0,2.0,4.0,0.19,0.17605633802816903,17.21,moderate,2026-02-28
36,36,0,Evening (19–24),43,20.0,19.0,20.0,1.0,37.0,8.0,2.0,8.0,0.10555555555555556,0.04098360655737705,6.15,moderate,2026-02-28
36,36,0,Midday (9–15),73,22.0,22.0,23.0,1.0,70.0,2.0,2.0,6.0,0.31666666666666665,0.04098360655737705,13.54,very low recovery time,2026-02-28
36,36,0,Overnight (0–6),18,18.0,15.0,19.0,4.0,14.0,2.0,2.0,5.700000000000001,0.31666666666666665,0.14598540145985403,19.84,very low recovery time,2026-02-28
36,36,0,PM Peak (15–19),55,23.0,21.0,23.0,2.0,52.0,6.0,5.0,7.0,0.1357142857142857,0.07874015748031496,9.47,moderate,2026-02-28
36,36,1,AM Peak (6–9),37,24.0,21.0,24.0,3.0,37.0,3.0,2.0,4.0,0.2375,0.11363636363636365,15.13,very low recovery time,2026-02-28
36,36,1,Evening (19–24),39,22.0,18.0,22.0,4.0,43.0,6.0,1.0,6.0,0.1357142857142857,0.14598540145985403,13.51,moderate,2026-02-28
36,36,1,Midday (9–15),76,22.0,22.0,31.0,9.0,73.0,2.0,2.0,5.0,0.31666666666666665,0.2777777777777778,27.75,very low recovery time,2026-02-28
36,36,1,Overnight (0–6),16,18.0,17.0,21.0,4.0,11.0,1.0,1.0,6.0,0.475,0.14598540145985403,25.38,no recovery time,2026-02-28
36,36,1,PM Peak (15–19),53,31.0,25.0,31.0,6.0,54.0,5.0,3.0,5.0,0.15833333333333333,0.20408163265306123,17.79,moderate,2026-02-28
37,37,0,AM Peak (6–9),18,45.0,36.0,54.0,18.0,18.0,8.0,7.4,10.3,0.10555555555555556,0.43478260869565216,29.78,moderate,2026-02-28
37,37,0,Evening (19–24),25,34.0,31.0,49.0,18.0,25.0,8.0,3.0,9.0,0.10555555555555556,0.43478260869565216,29.78,moderate,2026-02-28
37,37,0,Midday (9–15),36,50.0,39.0,55.0,16.0,35.0,8.0,8.0,11.0,0.10555555555555556,0.40609137055837563,28.06,moderate,2026-02-28
37,37,0,Overnight (0–6),16,36.0,29.0,47.5,18.5,12.0,9.0,6.2,9.0,0.095,0.441527446300716,29.82,moderate,2026-02-28
37,37,0,PM Peak (15–19),26,49.0,39.0,61.0,22.0,24.0,8.0,7.300000000000001,9.0,0.10555555555555556,0.4845814977973568,32.77,high schedule variability,2026-02-28
37,37,1,AM Peak (6–9),19,47.0,34.0,53.0,19.0,17.0,12.0,3.0,16.8,0.07307692307692307,0.4481132075471698,29.44,moderate,2026-02-28
37,37,1,Evening (19–24),25,46.0,33.0,49.0,16.0,25.0,5.0,2.0,12.0,0.15833333333333333,0.40609137055837563,29.91,moderate,2026-02-28
37,37,1,Midday (9–15),38,50.0,39.0,53.0,14.0,36.0,11.0,4.0,15.0,0.07916666666666666,0.37433155080213903,25.23,moderate,2026-02-28
37,37,1,Overnight (0–6),15,33.0,27.8,46.0,18.2,13.0,2.0,0.40000000000000036,5.0,0.31666666666666665,0.43750000000000006,37.33,very low recovery time,2026-02-28
37,37,1,PM Peak (15–19),24,53.5,42.0,62.0,20.0,24.0,9.0,9.0,17.0,0.095,0.4608294930875576,30.97,moderate,2026-02-28
38,38,0,AM Peak (6–9),22,41.5,32.0,53.0,21.0,19.0,6.0,3.6,15.0,0.1357142857142857,0.47297297297297297,33.13,moderate,2026-02-28
38,38,0,Evening (19–24),20,46.0,42.0,46.0,4.0,18.0,10.0,7.7,12.0,0.08636363636363636,0.14598540145985403,11.78,moderate,2026-02-28
38,38,0,Midday (9–15),46,51.0,37.0,52.0,15.0,48.0,12.0,11.0,12.0,0.07307692307692307,0.390625,26.0,moderate,2026-02-28
38,38,0,Overnight (0–6),9,45.0,42.0,45.0,3.0,6.0,10.0,6.0,13.5,0.08636363636363636,0.11363636363636365,9.84,moderate,2026-02-28
38,38,0,PM Peak (15–19),16,54.0,54.0,54.0,0.0,16.0,12.0,12.0,12.0,0.07307692307692307,0.0,2.56,moderate,2026-02-28
38,38,1,AM Peak (6–9),12,44.5,41.0,48.0,7.0,12.0,14.0,4.0,19.0,0.06333333333333332,0.23026315789473686,16.03,moderate,2026-02-28
38,38,1,Evening (19–24),20,46.0,41.0,46.0,5.0,19.0,10.0,5.0,11.2,0.08636363636363636,0.17605633802816903,13.59,moderate,2026-02-28
38,38,1,Midday (9–15),46,47.0,35.0,47.0,12.0,43.0,6.0,5.0,10.0,0.1357142857142857,0.33898305084745767,25.09,moderate,2026-02-28
38,38,1,Overnight (0–6),10,41.0,34.72833333333333,41.0,6.271666666666668,6.0,7.0,4.5,12.0,0.11875,0.21136887041509864,16.84,moderate,2026-02-28
38,38,1,PM Peak (15–19),31,52.0,38.0,52.0,14.0,31.0,6.0,6.0,17.0,0.1357142857142857,0.37433155080213903,27.21,moderate,2026-02-28
39,39,0,AM Peak (6–9),31,49.0,28.0,58.0,30.0,26.0,11.0,6.5,13.0,0.07916666666666666,0.5617977528089888,36.48,high schedule variability,2026-02-28
39,39,0,Evening (19–24),35,39.0,33.0,44.6,11.600000000000001,34.0,7.0,4.300000000000001,7.699999999999999,0.11875,0.33142857142857146,24.04,moderate,2026-02-28
39,39,0,Midday (9–15),47,53.0,31.0,56.8,25.799999999999997,42.0,8.0,7.0,11.899999999999999,0.10555555555555556,0.524390243902439,35.16,high schedule variability,2026-02-28
39,39,0,Overnight (0–6),23,36.0,3.15,40.0,36.85,15.0,8.0,5.4,12.6,0.10555555555555556,0.6116182572614108,40.39,high schedule variability,2026-02-28
39,39,0,PM Peak (15–19),41,51.0,30.0,59.0,29.0,37.0,14.0,10.0,15.0,0.06333333333333332,0.5534351145038168,35.42,high schedule variability,2026-02-28
39,39,1,AM Peak (6–9),33,47.0,7.2933333333333366,55.8,48.50666666666666,31.0,5.0,0.0,9.0,0.15833333333333333,0.6745781568700167,46.02,high schedule variability,2026-02-28
39,39,1,Evening (19–24),37,42.0,22.14666666666667,50.0,27.85333333333333,37.0,6.0,0.0,13.399999999999999,0.1357142857142857,0.5434443288241415,37.36,high schedule variability,2026-02-28
39,39,1,Midday (9–15),49,53.0,30.600000000000005,60.400000000000006,29.8,47.0,6.0,4.6000000000000005,12.0,0.1357142857142857,0.5601503759398496,38.36,high schedule variability,2026-02-28
39,39,1,Overnight (0–6),27,35.0,2.8666666666666667,41.400000000000006,38.53333333333334,24.0,1.0,0.0,14.0,0.475,0.6221743810548978,53.96,"no recovery time, high schedule variability",2026-02-28
39,39,1,PM Peak (15–19),39,54.0,32.0,67.0,35.0,41.0,8.0,2.0,8.0,0.10555555555555556,0.5993150684931507,39.65,high schedule variability,2026-02-28
40,40,0,AM Peak (6–9),16,22.5,12.0,36.0,24.0,15.0,1.0,0.0,9.0,0.475,0.5063291139240507,47.0,"no recovery time, high schedule variability",2026-02-28
40,40,0,Evening (19–24),20,23.0,12.0,33.20000000000002,21.200000000000017,20.0,2.0,0.0,10.600000000000009,0.31666666666666665,0.47533632286995536,39.6,very low recovery time,2026-02-28
40,40,0,Midday (9–15),33,20.0,18.0,37.0,19.0,33.0,6.0,0.0,7.0,0.1357142857142857,0.4481132075471698,31.64,moderate,2026-02-28
40,40,0,Overnight (0–6),11,23.083333333333332,12.0,26.0,14.0,11.0,3.0,0.0,12.0,0.2375,0.37433155080213903,30.77,very low recovery time,2026-02-28
40,40,0,PM Peak (15–19),20,32.0,20.0,44.0,24.0,19.0,1.0,0.0,4.0,0.475,0.5063291139240507,47.0,"no recovery time, high schedule variability",2026-02-28
40,40,1,AM Peak (6–9),16,22.0,14.5,37.0,22.5,15.0,11.0,8.4,12.0,0.07916666666666666,0.4901960784313726,32.18,high schedule variability,2026-02-28
40,40,1,Evening (19–24),20,22.5,12.0,31.000000000000014,19.000000000000014,19.0,6.0,4.2,11.599999999999998,0.1357142857142857,0.44811320754717,31.64,moderate,2026-02-28
40,40,1,Midday (9–15),32,27.5,17.0,35.0,18.0,33.0,9.0,9.0,9.0,0.095,0.43478260869565216,29.41,moderate,2026-02-28
40,40,1,Overnight (0–6),13,12.0,11.0,25.0,14.0,10.0,6.0,5.991666666666667,10.0,0.1357142857142857,0.37433155080213903,27.21,moderate,2026-02-28
40,40,1,PM Peak (15–19),20,30.0,20.0,40.0,20.0,20.0,8.0,6.0,8.0,0.10555555555555556,0.4608294930875576,31.34,moderate,2026-02-28
41,41,0,AM Peak (6–9),18,70.5,64.0,71.0,7.0,18.0,8.0,8.0,11.3,0.10555555555555556,0.23026315789473686,17.51,moderate,2026-02-28
41,41,0,Evening (19–24),23,61.0,49.0,61.0,12.0,24.0,8.0,8.0,9.0,0.10555555555555556,0.33898305084745767,24.03,moderate,2026-02-28
41,41,0,Midday (9–15),37,67.0,67.0,77.0,10.0,36.0,8.0,8.0,8.0,0.10555555555555556,0.29940119760479045,21.66,moderate,2026-02-28
41,41,0,Overnight (0–6),15,45.983333333333334,44.02666666666667,60.0,15.97333333333333,8.0,9.0,0.0,12.899999999999999,0.095,0.40568912969861154,27.67,moderate,2026-02-28
41,41,0,PM Peak (15–19),25,77.0,65.4,77.0,11.599999999999994,24.0,8.0,8.0,8.0,0.10555555555555556,0.33142857142857135,23.58,moderate,2026-02-28
41,41,1,AM Peak (6–9),19,67.0,62.8,67.0,4.200000000000003,18.0,4.0,4.0,8.0,0.19,0.15217391304347835,15.78,moderate,2026-02-28
41,41,1,Evening (19–24),24,58.0,51.0,58.0,7.0,22.0,4.5,3.0,12.0,0.17272727272727273,0.23026315789473686,19.86,moderate,2026-02-28
41,41,1,Midday (9–15),37,66.0,66.0,75.0,9.0,36.0,9.0,7.5,9.0,0.095,0.2777777777777778,19.99,moderate,2026-02-28
41,41,1,Overnight (0–6),12,51.4,45.1,61.75,16.65,6.0,2.0,0.0,12.0,0.31666666666666665,0.4157303370786517,36.03,very low recovery time,2026-02-28
41,41,1,PM Peak (15–19),24,75.0,65.5,75.0,9.5,24.0,10.0,10.0,10.0,0.08636363636363636,0.2887537993920973,20.35,moderate,2026-02-28
42,42,0,AM Peak (6–9),21,52.0,46.0,52.0,6.0,19.0,6.0,2.0,10.0,0.1357142857142857,0.20408163265306123,16.99,moderate,2026-02-28
42,42,0,Evening (19–24),19,42.0,38.0,42.599999999999994,4.599999999999994,17.0,6.0,3.2,8.0,0.1357142857142857,0.16428571428571412,14.61,moderate,2026-02-28
42,42,0,Midday (9–15),23,46.0,46.0,46.0,0.0,23.0,14.0,10.8,14.0,0.06333333333333332,0.0,2.22,moderate,2026-02-28
42,42,0,Overnight (0–6),7,52.0,38.0,52.0,14.0,4.0,4.0,4.0,6.800000000000001,0.19,0.37433155080213903,29.11,moderate,2026-02-28
42,42,0,PM Peak (15–19),25,52.0,52.0,52.0,0.0,24.0,8.0,7.300000000000001,8.0,0.10555555555555556,0.0,3.69,moderate,2026-02-28
42,42,1,AM Peak (6–9),22,49.0,11.6,50.0,38.4,16.0,6.0,0.0,6.0,0.1357142857142857,0.6213592233009709,42.03,high schedule variability,2026-02-28
42,42,1,Evening (19–24),19,43.0,42.0,43.599999999999994,1.5999999999999943,18.0,5.0,2.7,5.300000000000001,0.15833333333333333,0.0639999999999998,9.38,moderate,2026-02-28
42,42,1,Midday (9–15),25,46.0,46.0,47.2,1.2000000000000028,23.0,6.0,2.2,6.0,0.1357142857142857,0.04878048780487816,7.68,moderate,2026-02-28
42,42,1,Overnight (0–6),4,42.0,42.0,42.0,0.0,3.0,4.0,4.0,7.2,0.19,0.0,6.65,moderate,2026-02-28
42,42,1,PM Peak (15–19),26,54.0,52.5,54.0,1.5,24.0,6.0,4.300000000000001,6.0,0.1357142857142857,0.06024096385542169,8.36,moderate,2026-02-28
43,43,0,AM Peak (6–9),39,25.0,22.0,38.0,16.0,37.0,4.0,1.0,8.0,0.19,0.40609137055837563,31.02,moderate,2026-02-28
43,43,0,Evening (19–24),38,32.0,26.0,33.50000000000002,7.500000000000021,36.0,10.0,8.0,10.0,0.08636363636363636,0.24271844660194228,17.59,moderate,2026-02-28
43,43,0,Midday (9–15),56,38.0,25.0,43.0,18.0,54.0,7.0,6.0,10.0,0.11875,0.43478260869565216,30.24,moderate,2026-02-28
43,43,0,Overnight (0–6),18,27.0,25.5,30.0,4.5,17.0,10.0,4.0,10.0,0.08636363636363636,0.16129032258064516,12.7,moderate,2026-02-28
43,43,0,PM Peak (15–19),47,37.0,26.0,43.0,17.0,46.0,10.0,3.5,10.0,0.08636363636363636,0.42079207920792083,28.27,moderate,2026-02-28
43,43,1,AM Peak (6–9),39,24.0,17.0,36.0,19.0,35.0,4.0,0.0,12.0,0.19,0.4481132075471698,33.54,moderate,2026-02-28
43,43,1,Evening (19–24),38,32.0,24.0,37.0,13.0,36.0,7.0,4.0,9.0,0.11875,0.35714285714285715,25.58,moderate,2026-02-28
43,43,1,Midday (9–15),55,37.0,24.0,42.0,18.0,54.0,4.0,0.3000000000000007,8.0,0.19,0.43478260869565216,32.74,moderate,2026-02-28
43,43,1,Overnight (0–6),22,27.0,3.85,27.0,23.15,18.0,6.0,0.0,8.0,0.1357142857142857,0.49731471535982813,34.59,high schedule variability,2026-02-28
43,43,1,PM Peak (15–19),47,37.0,20.0,42.0,22.0,45.0,5.0,2.0,13.0,0.15833333333333333,0.4845814977973568,34.62,high schedule variability,2026-02-28
44,44,0,AM Peak (6–9),22,22.0,19.0,22.0,3.0,21.0,4.0,0.0,5.0,0.19,0.11363636363636365,13.47,moderate,2026-02-28
44,44,0,Evening (19–24),30,18.0,15.0,18.0,3.0,28.0,1.0,1.0,3.0,0.475,0.11363636363636365,23.44,no recovery time,2026-02-28
44,44,0,Midday (9–15),48,21.0,21.0,21.0,0.0,48.0,4.0,4.0,5.0,0.19,0.0,6.65,moderate,2026-02-28
44,44,0,Overnight (0–6),16,15.0,15.0,18.683333333333334,3.6833333333333336,13.0,3.0,0.0,4.600000000000001,0.2375,0.136,16.47,very low recovery time,2026-02-28
44,44,0,PM Peak (15–19),32,23.0,23.0,23.0,0.0,31.0,2.0,1.0,3.0,0.31666666666666665,0.0,11.08,very low recovery time,2026-02-28
44,44,1,AM Peak (6–9),22,18.0,16.0,18.0,2.0,22.0,6.0,5.0,6.0,0.1357142857142857,0.07874015748031496,9.47,moderate,2026-02-28
44,44,1,Evening (19–24),30,16.0,14.0,16.0,2.0,31.0,5.0,5.0,8.0,0.15833333333333333,0.07874015748031496,10.27,moderate,2026-02-28
44,44,1,Midday (9–15),50,18.0,18.0,18.0,0.0,48.0,6.0,5.0,6.0,0.1357142857142857,0.0,4.75,moderate,2026-02-28
44,44,1,Overnight (0–6),18,14.0,14.0,16.0,2.0,13.0,5.0,1.0,8.0,0.15833333333333333,0.07874015748031496,10.27,moderate,2026-02-28
44,44,1,PM Peak (15–19),33,20.0,20.0,20.0,0.0,30.0,6.0,6.0,6.0,0.1357142857142857,0.0,4.75,moderate,2026-02-28
45,45,0,AM Peak (6–9),18,35.4,30.7,46.1,15.400000000000002,18.0,4.0,4.0,8.0,0.19,0.39690721649484545,30.46,moderate,2026-02-28
45,45,0,Evening (19–24),30,34.8,32.13333333333333,34.8,2.6666666666666643,30.0,5.0,5.0,8.0,0.15833333333333333,0.10230179028132985,11.68,moderate,2026-02-28
45,45,0,Midday (9–15),45,41.45,32.0,41.45,9.450000000000003,43.0,8.0,8.0,8.0,0.10555555555555556,0.2876712328767124,20.95,moderate,2026-02-28
45,45,0,Overnight (0–6),19,32.13333333333333,31.166666666666668,34.46666666666666,3.2999999999999936,13.0,7.0,4.0,8.0,0.11875,0.12359550561797733,11.57,moderate,2026-02-28
45,45,0,PM Peak (15–19),24,38.05,38.0,46.1,8.100000000000001,24.0,8.0,8.0,8.0,0.10555555555555556,0.2571428571428572,19.12,moderate,2026-02-28
45,45,1,AM Peak (6–9),18,34.0,31.7,39.11666666666667,7.416666666666668,9.0,7.0,4.8,8.0,0.11875,0.24067063277447273,18.6,moderate,2026-02-28
45,45,1,Evening (19–24),30,34.28333333333333,31.333333333333332,35.233333333333334,3.900000000000002,,10.0,,,0.08636363636363636,0.14285714285714293,11.59,moderate,2026-02-28
45,45,1,Midday (9–15),46,38.11666666666667,32.0,38.11666666666667,6.116666666666667,22.0,8.0,7.1,8.0,0.10555555555555556,0.20722755505364204,16.13,moderate,2026-02-28
45,45,1,Overnight (0–6),20,31.333333333333332,30.595,32.88333333333333,2.288333333333334,1.0,5.0,5.0,5.0,0.15833333333333333,0.08908064620774674,10.89,moderate,2026-02-28
45,45,1,PM Peak (15–19),24,38.733333333333334,33.0,45.016666666666666,12.016666666666666,12.0,11.0,11.0,11.0,0.07916666666666666,0.3392941176470588,23.13,moderate,2026-02-28
46,46,0,AM Peak (6–9),14,47.0,45.0,47.0,2.0,11.0,5.0,4.0,8.0,0.15833333333333333,0.07874015748031496,10.27,moderate,2026-02-28
46,46,0,Evening (19–24),14,42.0,42.0,42.0,0.0,14.0,4.0,4.0,6.800000000000004,0.19,0.0,6.65,moderate,2026-02-28
46,46,0,Midday (9–15),20,45.0,45.0,47.0,2.0,19.0,3.0,1.6,3.0,0.2375,0.07874015748031496,13.04,very low recovery time,2026-02-28
46,46,0,Overnight (0–6),7,47.0,42.0,47.0,5.0,5.0,4.0,4.0,5.0,0.19,0.17605633802816903,17.21,moderate,2026-02-28
46,46,0,PM Peak (15–19),18,47.0,44.0,47.0,3.0,18.0,5.0,4.7,7.300000000000001,0.15833333333333333,0.11363636363636365,12.36,moderate,2026-02-28
46,46,1,AM Peak (6–9),12,47.0,45.0,47.0,2.0,13.0,5.0,2.0,5.0,0.15833333333333333,0.07874015748031496,10.27,moderate,2026-02-28
46,46,1,Evening (19–24),17,44.0,44.0,44.0,0.0,13.0,2.0,1.2000000000000002,2.0,0.31666666666666665,0.0,11.08,very low recovery time,2026-02-28
46,46,1,Midday (9–15),20,45.0,45.0,47.0,2.0,19.0,2.0,2.0,2.0,0.31666666666666665,0.07874015748031496,15.81,very low recovery time,2026-02-28
46,46,1,Overnight (0–6),9,46.4,44.0,47.0,3.0,5.0,2.0,1.0,5.0,0.31666666666666665,0.11363636363636365,17.9,very low recovery time,2026-02-28
46,46,1,PM Peak (15–19),20,47.0,47.0,47.0,0.0,17.0,5.0,1.2000000000000002,5.0,0.15833333333333333,0.0,5.54,moderate,2026-02-28
47,47,0,AM Peak (6–9),61,15.0,6.0,18.0,12.0,57.0,2.0,1.0,2.0,0.31666666666666665,0.33898305084745767,31.42,very low recovery time,2026-02-28
47,47,0,Evening (19–24),71,7.0,6.0,14.0,8.0,71.0,2.0,1.0,2.0,0.31666666666666665,0.25477707006369427,26.37,very low recovery time,2026-02-28
47,47,0,Midday (9–15),104,12.0,7.0,16.0,9.0,104.0,1.5,1.0,2.0,0.38,0.2777777777777778,29.97,very low recovery time,2026-02-28
47,47,0,Overnight (0–6),30,11.0,6.0,17.400000000000006,11.400000000000006,28.0,2.0,0.0,2.3000000000000007,0.31666666666666665,0.3275862068965518,30.74,very low recovery time,2026-02-28
47,47,0,PM Peak (15–19),92,8.0,8.0,17.0,9.0,96.0,2.0,1.0,2.0,0.31666666666666665,0.2777777777777778,27.75,very low recovery time,2026-02-28
47,47,1,AM Peak (6–9),57,10.0,8.0,18.0,10.0,52.0,2.0,2.0,7.0,0.31666666666666665,0.29940119760479045,29.05,very low recovery time,2026-02-28
47,47,1,Evening (19–24),73,14.0,7.0,14.0,7.0,73.0,2.0,2.0,7.0,0.31666666666666665,0.23026315789473686,24.9,very low recovery time,2026-02-28
47,47,1,Midday (9–15),103,10.0,9.0,17.0,8.0,99.0,3.0,2.0,6.0,0.2375,0.25477707006369427,23.6,very low recovery time,2026-02-28
47,47,1,Overnight (0–6),29,14.0,7.0,16.599999999999994,9.599999999999994,24.0,2.5,2.0,8.0,0.2714285714285714,0.2909090909090908,26.95,very low recovery time,2026-02-28
47,47,1,PM Peak (15–19),97,14.0,10.0,23.0,13.0,93.0,3.0,3.0,6.0,0.2375,0.35714285714285715,29.74,very low recovery time,2026-02-28
48,48,0,AM Peak (6–9),8,25.0,19.0,25.0,6.0,8.0,5.0,3.1,10.0,0.15833333333333333,0.20408163265306123,17.79,moderate,2026-02-28
48,48,0,Evening (19–24),11,20.0,18.0,20.0,2.0,11.0,0.0,0.0,2.0,0.95,0.07874015748031496,37.97,no recovery time,2026-02-28
48,48,0,Midday (9–15),14,21.0,21.0,23.800000000000004,2.8000000000000043,14.0,4.0,4.0,5.0,0.19,0.10687022900763374,13.06,moderate,2026-02-28
48,48,0,Overnight (0–6),4,18.0,18.0,18.7,0.6999999999999993,3.0,2.0,2.0,2.0,0.31666666666666665,0.029045643153526944,12.83,very low recovery time,2026-02-28
48,48,0,PM Peak (15–19),8,25.0,25.0,25.0,0.0,8.0,5.0,3.5000000000000004,5.0,0.15833333333333333,0.0,5.54,moderate,2026-02-28
48,48,1,AM Peak (6–9),8,26.0,21.0,26.0,5.0,8.0,5.0,4.0,6.8999999999999995,0.15833333333333333,0.17605633802816903,16.11,moderate,2026-02-28
48,48,1,Evening (19–24),11,22.0,19.0,22.0,3.0,7.0,8.0,7.6,10.000000000000002,0.10555555555555556,0.11363636363636365,10.51,moderate,2026-02-28
48,48,1,Midday (9–15),16,21.0,21.0,22.5,1.5,15.0,4.0,4.0,5.799999999999999,0.19,0.06024096385542169,10.26,moderate,2026-02-28
48,48,1,Overnight (0–6),5,19.0,19.0,21.0,2.0,1.0,2.0,2.0,2.0,0.31666666666666665,0.07874015748031496,15.81,very low recovery time,2026-02-28
48,48,1,PM Peak (15–19),10,23.0,22.8,23.0,0.1999999999999993,8.0,7.0,7.0,7.0,0.11875,0.008474576271186411,4.66,moderate,2026-02-28
49,49,0,AM Peak (6–9),12,11.0,9.2,11.0,1.8000000000000007,11.0,0.0,0.0,1.0,0.95,0.07142857142857145,37.54,no recovery time,2026-02-28
49,49,0,Evening (19–24),10,10.5,9.0,11.0,2.0,10.0,0.0,0.0,2.0,0.95,0.07874015748031496,37.97,no recovery time,2026-02-28
49,49,0,Midday (9–15),12,11.0,11.0,11.0,0.0,12.0,0.0,0.0,0.0,0.95,0.0,33.25,no recovery time,2026-02-28
49,49,0,Overnight (0–6),6,9.0,8.0,9.0,1.0,7.0,2.0,1.2000000000000002,3.4000000000000004,0.31666666666666665,0.04098360655737705,13.54,very low recovery time,2026-02-28
49,49,0,PM Peak (15–19),15,13.0,13.0,13.0,0.0,15.0,0.0,0.0,0.0,0.95,0.0,33.25,no recovery time,2026-02-28
49,49,1,AM Peak (6–9),11,18.0,17.0,18.0,1.0,11.0,3.0,3.0,3.0,0.2375,0.04098360655737705,10.77,very low recovery time,2026-02-28
49,49,1,Evening (19–24),10,13.0,11.0,13.0,2.0,10.0,6.0,6.0,8.0,0.1357142857142857,0.07874015748031496,9.47,moderate,2026-02-28
49,49,1,Midday (9–15),12,14.0,14.0,14.0,0.0,12.0,5.0,5.0,5.0,0.15833333333333333,0.0,5.54,moderate,2026-02-28
49,49,1,Overnight (0–6),9,11.0,7.633333333333334,14.0,6.366666666666666,7.0,8.0,6.800000000000001,10.0,0.10555555555555556,0.21388577827547592,16.53,moderate,2026-02-28
49,49,1,PM Peak (15–19),15,16.0,16.0,16.0,0.0,12.0,5.0,5.0,5.0,0.15833333333333333,0.0,5.54,moderate,2026-02-28
50,50,0,AM Peak (6–9),13,20.0,14.0,20.0,6.0,12.0,2.0,2.0,2.0,0.31666666666666665,0.20408163265306123,23.33,very low recovery time,2026-02-28
50,50,0,Evening (19–24),15,16.0,14.0,16.0,2.0,15.0,2.0,2.0,2.0,0.31666666666666665,0.07874015748031496,15.81,very low recovery time,2026-02-28
50,50,0,Midday (9–15),18,18.0,18.0,18.0,0.0,19.0,2.0,2.0,2.0,0.31666666666666665,0.0,11.08,very low recovery time,2026-02-28
50,50,0,Overnight (0–6),9,14.0,13.0,14.0,1.0,6.0,2.0,1.5,8.5,0.31666666666666665,0.04098360655737705,13.54,very low recovery time,2026-02-28
50,50,0,PM Peak (15–19),14,20.0,20.0,20.0,0.0,15.0,2.0,2.0,2.0,0.31666666666666665,0.0,11.08,very low recovery time,2026-02-28
50,50,1,AM Peak (6–9),13,19.0,15.0,19.0,4.0,13.0,7.0,5.0,7.0,0.11875,0.14598540145985403,12.92,moderate,2026-02-28
50,50,1,Evening (19–24),15,16.0,13.0,16.0,3.0,15.0,6.0,6.0,11.0,0.1357142857142857,0.11363636363636365,11.57,moderate,2026-02-28
50,50,1,Midday (9–15),19,17.0,17.0,17.0,0.0,18.0,3.0,3.0,3.0,0.2375,0.0,8.31,very low recovery time,2026-02-28
50,50,1,Overnight (0–6),8,13.0,11.0,15.0,4.0,8.0,5.0,3.4000000000000004,11.0,0.15833333333333333,0.14598540145985403,14.3,moderate,2026-02-28
50,50,1,PM Peak (15–19),16,19.0,19.0,19.0,0.0,15.0,7.0,7.0,10.799999999999999,0.11875,0.0,4.16,moderate,2026-02-28
51,51,0,AM Peak (6–9),16,31.0,27.5,40.0,12.5,15.0,9.0,7.800000000000001,11.6,0.095,0.34818941504178275,24.22,moderate,2026-02-28
51,51,0,Evening (19–24),25,27.0,23.0,31.0,8.0,24.0,7.0,4.0,8.399999999999999,0.11875,0.25477707006369427,19.44,moderate,2026-02-28
51,51,0,Midday (9–15),30,34.0,27.0,37.2,10.200000000000003,30.0,10.0,5.9,13.100000000000001,0.08636363636363636,0.30357142857142866,21.24,moderate,2026-02-28
51,51,0,Overnight (0–6),14,25.0,14.066666666666666,29.800000000000004,15.733333333333338,9.0,4.0,3.0,7.4,0.19,0.40204429301533223,30.77,moderate,2026-02-28
51,51,0,PM Peak (15–19),22,35.0,26.5,39.0,12.5,21.0,9.0,9.0,12.0,0.095,0.34818941504178275,24.22,moderate,2026-02-28
51,51,1,AM Peak (6–9),16,33.0,27.5,41.0,13.5,15.0,9.0,4.4,12.6,0.095,0.36585365853658536,25.28,moderate,2026-02-28
51,51,1,Evening (19–24),25,27.0,23.0,33.0,10.0,24.0,6.0,0.0,16.099999999999998,0.1357142857142857,0.29940119760479045,22.71,moderate,2026-02-28
51,51,1,Midday (9–15),31,40.0,33.0,45.0,12.0,30.0,8.0,1.9000000000000004,11.0,0.10555555555555556,0.33898305084745767,24.03,moderate,2026-02-28
51,51,1,Overnight (0–6),14,23.625,4.791666666666667,27.0,22.208333333333332,14.0,1.0,0.0,17.0,0.475,0.4869358669833729,45.84,"no recovery time, high schedule variability",2026-02-28
51,51,1,PM Peak (15–19),22,40.0,33.2,50.0,16.799999999999997,23.0,8.0,4.0,12.8,0.10555555555555556,0.417910447761194,28.77,moderate,2026-02-28
52,52,0,AM Peak (6–9),51,48.0,5.0,79.86666666666666,74.86666666666666,48.0,1.0,0.0,12.200000000000017,0.475,0.7618724559023067,62.34,"no recovery time, high schedule variability",2026-02-28
52,52,0,Evening (19–24),61,42.0,3.0,67.9,64.9,61.0,0.0,0.0,10.0,0.95,0.7349943374858436,77.35,"no recovery time, high schedule variability",2026-02-28
52,52,0,Midday (9–15),95,48.0,5.0,79.86666666666666,74.86666666666666,93.0,3.0,0.0,14.0,0.2375,0.7618724559023067,54.02,"very low recovery time, high schedule variability",2026-02-28
52,52,0,Overnight (0–6),39,44.0,3.44,63.31666666666667,59.87666666666667,30.0,0.0,0.0,6.0,0.95,0.7190089260697274,76.39,"no recovery time, high schedule variability",2026-02-28
52,52,0,PM Peak (15–19),70,57.0,5.0,83.81666666666666,78.81666666666666,65.0,8.0,0.0,14.600000000000001,0.10555555555555556,0.771074514919289,49.96,high schedule variability,2026-02-28
52,52,1,AM Peak (6–9),37,61.0,39.0,80.0,41.0,22.0,5.133333333333334,2.22,10.133333333333333,0.15489130434782608,0.6366459627329192,43.62,high schedule variability,2026-02-28
52,52,1,Evening (19–24),46,49.5,29.0,66.5,37.5,28.0,6.083333333333333,2.8150000000000004,8.115,0.13411764705882354,0.6157635467980296,41.64,high schedule variability,2026-02-28
52,52,1,Midday (9–15),76,56.5,39.0,78.0,39.0,49.0,8.0,4.9333333333333345,8.133333333333333,0.10555555555555556,0.625,41.19,high schedule variability,2026-02-28
52,52,1,Overnight (0–6),26,47.0,29.0,59.275,30.275,13.0,7.083333333333333,4.283333333333333,12.466666666666669,0.1175257731958763,0.5640428504890544,37.96,high schedule variability,2026-02-28
52,52,1,PM Peak (15–19),51,64.0,41.0,81.0,40.0,34.0,8.183333333333334,7.15,8.86,0.10344827586206896,0.6309148264984227,41.48,high schedule variability,2026-02-28
53,53,0,AM Peak (6–9),28,58.0,52.0,58.0,6.0,27.0,10.0,4.0,10.0,0.08636363636363636,0.20408163265306123,15.27,moderate,2026-02-28
53,53,0,Evening (19–24),42,49.0,41.0,58.0,17.0,49.0,4.0,2.0,4.0,0.19,0.42079207920792083,31.9,moderate,2026-02-28
53,53,0,Midday (9–15),56,54.0,54.0,64.0,10.0,55.0,4.0,4.0,4.0,0.19,0.29940119760479045,24.61,moderate,2026-02-28
53,53,0,Overnight (0–6),24,52.0,41.0,52.0,11.0,20.0,4.0,1.8000000000000003,4.6000000000000085,0.19,0.31976744186046513,25.84,moderate,2026-02-28
53,53,0,PM Peak (15–19),40,60.0,49.0,60.0,11.0,37.0,4.0,4.0,7.399999999999999,0.19,0.31976744186046513,25.84,moderate,2026-02-28
53,53,1,AM Peak (6–9),28,60.0,57.0,60.0,3.0,21.0,11.0,8.0,11.0,0.07916666666666666,0.11363636363636365,9.59,moderate,2026-02-28
53,53,1,Evening (19–24),52,54.0,32.88333333333333,57.0,24.116666666666667,39.0,3.0,2.0,13.0,0.2375,0.50754121360926,38.76,"very low recovery time, high schedule variability",2026-02-28
53,53,1,Midday (9–15),56,56.0,56.0,66.0,10.0,53.0,3.0,3.0,9.0,0.2375,0.29940119760479045,26.28,very low recovery time,2026-02-28
53,53,1,Overnight (0–6),19,50.0,32.88333333333333,57.0,24.116666666666667,10.0,1.0,1.0,13.0,0.475,0.50754121360926,47.08,"no recovery time, high schedule variability",2026-02-28
53,53,1,PM Peak (15–19),40,68.0,54.0,68.0,14.0,32.0,11.0,5.1,11.0,0.07916666666666666,0.37433155080213903,25.23,moderate,2026-02-28
54,54,0,AM Peak (6–9),36,56.05833333333334,48.11666666666667,67.0,18.883333333333333,35.0,9.0,8.0,10.0,0.095,0.4465904611746157,30.12,moderate,2026-02-28
54,54,0,Evening (19–24),42,41.11666666666667,2.0,52.0,50.0,39.0,10.0,5.0,11.200000000000003,0.08636363636363636,0.6811989100817438,43.89,high schedule variability,2026-02-28
54,54,0,Midday (9–15),52,62.55833333333334,53.11666666666667,71.9,18.78333333333334,50.0,8.0,7.0,11.0,0.10555555555555556,0.44527854602923755,30.41,moderate,2026-02-28
54,54,0,Overnight (0–6),23,44.0,8.623333333333338,59.0,50.376666666666665,13.0,10.0,5.0,14.200000000000003,0.08636363636363636,0.6828265485925993,43.99,high schedule variability,2026-02-28
54,54,0,PM Peak (15–19),37,59.11666666666667,51.11666666666667,72.0,20.883333333333333,36.0,11.0,10.5,12.5,0.07916666666666666,0.47158449378998873,31.07,moderate,2026-02-28
54,54,1,AM Peak (6–9),36,61.35,54.53333333333333,71.0,16.46666666666667,11.0,12.0,12.0,12.0,0.07307692307692307,0.4130434782608696,27.34,moderate,2026-02-28
54,54,1,Evening (19–24),36,50.36666666666667,38.016666666666666,62.0,23.983333333333334,17.0,10.0,0.0,10.4,0.08636363636363636,0.5061554695743933,33.39,high schedule variability,2026-02-28
54,54,1,Midday (9–15),54,68.85,57.36666666666667,79.10000000000001,21.73333333333334,25.0,18.0,13.0,19.0,0.049999999999999996,0.481536189069424,30.64,moderate,2026-02-28
54,54,1,Overnight (0–6),10,38.19166666666666,30.266666666666666,49.0,18.733333333333334,6.0,0.0,0.0,0.0,0.95,0.444620253164557,59.93,no recovery time,2026-02-28
54,54,1,PM Peak (15–19),36,67.7,58.36666666666667,81.5,23.133333333333333,18.0,15.0,12.5,17.0,0.059375,0.497134670487106,31.91,high schedule variability,2026-02-28
55,55,0,AM Peak (6–9),8,19.0,14.0,19.0,5.0,8.0,7.0,2.0,8.5,0.11875,0.17605633802816903,14.72,moderate,2026-02-28
55,55,0,Evening (19–24),11,14.0,12.0,14.0,2.0,9.0,2.0,2.0,4.4,0.31666666666666665,0.07874015748031496,15.81,very low recovery time,2026-02-28
55,55,0,Midday (9–15),12,15.0,15.0,15.0,0.0,12.0,1.0,1.0,1.0,0.475,0.0,16.62,no recovery time,2026-02-28
55,55,0,Overnight (0–6),5,12.0,12.0,14.0,2.0,5.0,4.0,2.8,5.800000000000001,0.19,0.07874015748031496,11.37,moderate,2026-02-28
55,55,0,PM Peak (15–19),12,19.0,19.0,19.0,0.0,11.0,6.0,6.0,6.0,0.1357142857142857,0.0,4.75,moderate,2026-02-28
55,55,1,AM Peak (6–9),8,13.0,11.0,13.0,2.0,8.0,1.0,1.0,3.0,0.475,0.07874015748031496,21.35,no recovery time,2026-02-28
55,55,1,Evening (19–24),10,13.0,11.0,13.0,2.0,11.0,1.0,1.0,3.0,0.475,0.07874015748031496,21.35,no recovery time,2026-02-28
55,55,1,Midday (9–15),13,13.0,13.0,13.0,0.0,12.0,1.0,1.0,1.0,0.475,0.0,16.62,no recovery time,2026-02-28
55,55,1,Overnight (0–6),5,11.0,5.63,11.0,5.37,5.0,3.0,1.8,3.0,0.2375,0.18665276329509906,19.51,very low recovery time,2026-02-28
55,55,1,PM Peak (15–19),12,15.0,15.0,15.0,0.0,12.0,0.0,0.0,0.0,0.95,0.0,33.25,no recovery time,2026-02-28
57,57,0,AM Peak (6–9),16,37.75,31.5,37.75,6.25,14.0,8.0,2.9000000000000004,8.0,0.10555555555555556,0.21079258010118046,16.34,moderate,2026-02-28
57,57,0,Evening (19–24),17,33.75,30.5,33.75,3.25,17.0,4.0,4.0,7.0,0.19,0.12195121951219513,13.97,moderate,2026-02-28
57,57,0,Midday (9–15),35,37.5,37.5,37.5,0.0,35.0,5.0,5.0,5.600000000000001,0.15833333333333333,0.0,5.54,moderate,2026-02-28
57,57,0,Overnight (0–6),9,31.5,30.5,31.5,1.0,7.0,5.0,5.0,7.0,0.15833333333333333,0.04098360655737705,8.0,moderate,2026-02-28
57,57,0,PM Peak (15–19),19,39.75,33.75,39.75,6.0,19.0,4.0,4.0,5.199999999999999,0.19,0.20408163265306123,18.89,moderate,2026-02-28
57,57,1,AM Peak (6–9),16,39.31666666666667,35.05,39.31666666666667,4.266666666666673,,10.0,,,0.08636363636363636,0.15421686746987973,12.28,moderate,2026-02-28
57,57,1,Evening (19–24),17,34.05,31.05,34.05,2.9999999999999964,,10.0,,,0.08636363636363636,0.11363636363636352,9.84,moderate,2026-02-28
57,57,1,Midday (9–15),36,38.05,38.05,38.81666666666666,0.7666666666666657,,10.0,,,0.08636363636363636,0.03172413793103444,4.93,moderate,2026-02-28
57,57,1,Overnight (0–6),8,34.8,31.05,34.8,3.7499999999999964,,10.0,,,0.08636363636363636,0.13812154696132586,11.31,moderate,2026-02-28
57,57,1,PM Peak (15–19),19,42.31666666666667,34.05,42.31666666666667,8.266666666666673,,10.0,,,0.08636363636363636,0.26105263157894754,18.69,moderate,2026-02-28
59,59,0,AM Peak (6–9),12,30.0,28.2,32.0,3.8000000000000007,12.0,4.0,2.0,6.0,0.19,0.1397058823529412,15.03,moderate,2026-02-28
59,59,0,Evening (19–24),11,28.0,25.0,28.0,3.0,13.0,2.0,0.0,4.0,0.31666666666666665,0.11363636363636365,17.9,very low recovery time,2026-02-28
59,59,0,Midday (9–15),16,32.0,31.0,33.0,2.0,15.0,5.0,2.4000000000000004,6.6,0.15833333333333333,0.07874015748031496,10.27,moderate,2026-02-28
59,59,0,Overnight (0–6),5,25.0,17.12,27.2,10.079999999999998,4.0,4.5,4.0,5.0,0.17272727272727273,0.30107526881720426,24.11,moderate,2026-02-28
59,59,0,PM Peak (15–19),13,37.0,37.0,39.0,2.0,13.0,4.0,2.0,5.0,0.19,0.07874015748031496,11.37,moderate,2026-02-28
59,59,1,AM Peak (6–9),12,35.0,33.2,37.0,3.799999999999997,10.0,4.0,4.0,8.2,0.19,0.1397058823529411,15.03,moderate,2026-02-28
59,59,1,Evening (19–24),13,28.0,25.4,30.8,5.400000000000002,12.0,6.5,0.30000000000000027,12.600000000000001,0.12666666666666665,0.18750000000000006,15.68,moderate,2026-02-28
59,59,1,Midday (9–15),16,33.0,32.0,34.5,2.5,15.0,7.0,0.40000000000000013,9.399999999999999,0.11875,0.09652509652509653,9.95,moderate,2026-02-28
59,59,1,Overnight (0–6),3,7.4,7.013333333333334,21.48,14.466666666666667,2.0,6.0,5.2,6.8,0.1357142857142857,0.38204225352112675,27.67,moderate,2026-02-28
59,59,1,PM Peak (15–19),13,36.0,36.0,37.0,1.0,11.0,12.0,8.0,12.0,0.07307692307692307,0.04098360655737705,5.02,moderate,2026-02-28
60,60,0,AM Peak (6–9),27,31.45,27.583333333333332,31.45,3.866666666666667,28.0,4.55,4.416666666666667,4.55,0.17117117117117117,0.14180929095354525,14.5,moderate,2026-02-28
60,60,0,Evening (19–24),28,28.45,22.583333333333332,45.0,22.416666666666668,24.0,1.55,1.55,8.0,0.37254901960784315,0.4892688250272827,42.4,"very low recovery time, high schedule variability",2026-02-28
60,60,0,Midday (9–15),42,32.45,31.45,35.45,4.0000000000000036,42.0,4.55,4.55,4.55,0.17117117117117117,0.14598540145985414,14.75,moderate,2026-02-28
60,60,0,Overnight (0–6),22,30.283333333333335,21.683333333333334,47.10000000000001,25.416666666666675,16.0,4.208333333333334,1.7083333333333335,8.0,0.18239999999999998,0.5206555138272448,37.62,high schedule variability,2026-02-28
60,60,0,PM Peak (15–19),29,38.45,35.45,38.45,3.0,29.0,1.55,1.55,3.55,0.37254901960784315,0.11363636363636365,19.86,very low recovery time,2026-02-28
60,60,1,AM Peak (6–9),26,34.0,30.0,34.0,4.0,26.0,7.0,4.0,7.0,0.11875,0.14598540145985403,12.92,moderate,2026-02-28
60,60,1,Evening (19–24),27,34.0,26.8,45.0,18.2,29.0,6.0,4.0,10.0,0.1357142857142857,0.43750000000000006,31.0,moderate,2026-02-28
60,60,1,Midday (9–15),43,35.0,34.0,38.0,4.0,41.0,9.0,5.0,9.0,0.095,0.14598540145985403,12.08,moderate,2026-02-28
60,60,1,Overnight (0–6),19,27.0,23.776666666666667,45.06666666666667,21.290000000000003,11.0,10.0,2.0,13.0,0.08636363636363636,0.47639292906690545,31.61,moderate,2026-02-28
60,60,1,PM Peak (15–19),30,41.0,38.9,41.0,2.1000000000000014,28.0,7.0,7.0,7.0,0.11875,0.08235294117647064,9.1,moderate,2026-02-28
61,61,0,AM Peak (6–9),10,22.5,15.0,23.0,8.0,9.0,10.0,5.0,10.4,0.08636363636363636,0.25477707006369427,18.31,moderate,2026-02-28
61,61,0,Evening (19–24),15,15.0,14.0,18.6,4.600000000000001,14.0,5.0,2.0,8.100000000000003,0.15833333333333333,0.16428571428571434,15.4,moderate,2026-02-28
61,61,0,Midday (9–15),19,20.0,20.0,20.4,0.3999999999999986,19.0,8.0,7.8,9.0,0.10555555555555556,0.016806722689075574,4.7,moderate,2026-02-28
61,61,0,Overnight (0–6),7,14.0,14.0,15.0,1.0,7.0,6.0,6.0,7.0,0.1357142857142857,0.04098360655737705,7.21,moderate,2026-02-28
61,61,0,PM Peak (15–19),14,22.0,19.0,22.0,3.0,13.0,15.0,8.0,15.0,0.059375,0.11363636363636365,8.9,moderate,2026-02-28
61,61,1,AM Peak (6–9),10,23.0,16.0,23.0,7.0,9.0,2.0,2.0,4.0,0.31666666666666665,0.23026315789473686,24.9,very low recovery time,2026-02-28
61,61,1,Evening (19–24),15,18.0,15.0,21.2,6.199999999999999,15.0,5.0,5.0,5.6,0.15833333333333333,0.20945945945945946,18.11,moderate,2026-02-28
61,61,1,Midday (9–15),21,21.0,21.0,23.0,2.0,20.0,5.0,4.0,7.0,0.15833333333333333,0.07874015748031496,10.27,moderate,2026-02-28
61,61,1,Overnight (0–6),6,15.0,15.0,15.5,0.5,5.0,5.0,3.2,5.0,0.15833333333333333,0.020920502092050212,6.8,moderate,2026-02-28
61,61,1,PM Peak (15–19),13,31.0,22.6,31.0,8.399999999999999,13.0,4.0,2.4000000000000004,5.0,0.19,0.2641509433962264,22.5,moderate,2026-02-28
62,62,0,AM Peak (6–9),10,31.0,24.0,31.0,7.0,9.0,7.0,6.0,8.0,0.11875,0.23026315789473686,17.97,moderate,2026-02-28
62,62,0,Evening (19–24),15,22.0,20.0,22.0,2.0,15.0,2.0,0.0,2.0,0.31666666666666665,0.07874015748031496,15.81,very low recovery time,2026-02-28
62,62,0,Midday (9–15),18,27.0,27.0,27.0,0.0,19.0,5.0,2.6,5.0,0.15833333333333333,0.0,5.54,moderate,2026-02-28
62,62,0,Overnight (0–6),5,20.0,20.0,24.0,4.0,4.0,0.0,0.0,5.600000000000001,0.95,0.14598540145985403,42.01,no recovery time,2026-02-28
62,62,0,PM Peak (15–19),14,30.0,30.0,30.0,0.0,13.0,6.0,6.0,6.0,0.1357142857142857,0.0,4.75,moderate,2026-02-28
62,62,1,AM Peak (6–9),11,27.0,22.0,27.0,5.0,11.0,1.0,0.0,7.0,0.475,0.17605633802816903,27.19,no recovery time,2026-02-28
62,62,1,Evening (19–24),16,23.0,20.0,23.0,3.0,15.0,7.0,6.0,8.0,0.11875,0.11363636363636365,10.97,moderate,2026-02-28
62,62,1,Midday (9–15),19,25.0,25.0,25.4,0.3999999999999986,17.0,3.0,3.0,3.0,0.2375,0.016806722689075574,9.32,very low recovery time,2026-02-28
62,62,1,Overnight (0–6),5,20.0,20.0,22.0,2.0,4.0,8.0,2.4000000000000004,8.0,0.10555555555555556,0.07874015748031496,8.42,moderate,2026-02-28
62,62,1,PM Peak (15–19),13,30.0,30.0,30.0,0.0,13.0,6.0,2.8000000000000007,6.0,0.1357142857142857,0.0,4.75,moderate,2026-02-28
63,63,0,AM Peak (6–9),66,17.966666666666665,6.25,21.866666666666667,15.616666666666667,29.0,1.0,1.0,4.0,0.475,0.4002563007261854,40.64,no recovery time,2026-02-28
63,63,0,Evening (19–24),60,16.65,12.3,19.1,6.800000000000001,31.0,0.0,0.0,0.0,0.95,0.22516556291390732,46.76,no recovery time,2026-02-28
63,63,0,Midday (9–15),94,18.916666666666664,16.966666666666665,21.866666666666667,4.900000000000002,46.0,3.0,1.0,3.0,0.2375,0.1731448763250884,18.7,very low recovery time,2026-02-28
63,63,0,Overnight (0–6),27,13.05,11.966666666666667,18.333333333333332,6.366666666666665,15.0,0.0,0.0,7.199999999999999,0.95,0.2138857782754759,46.08,no recovery time,2026-02-28
63,63,0,PM Peak (15–19),90,20.366666666666667,7.5,21.866666666666667,14.366666666666667,48.0,1.0,1.0,1.0,0.475,0.3804060017652251,39.45,no recovery time,2026-02-28
63,63,1,AM Peak (6–9),55,17.0,11.916666666666666,28.0,16.083333333333336,40.0,2.0,2.0,7.0,0.31666666666666665,0.4073448712536936,35.52,very low recovery time,2026-02-28
63,63,1,Evening (19–24),65,25.0,13.0,26.0,13.0,61.0,2.0,2.0,8.0,0.31666666666666665,0.35714285714285715,32.51,very low recovery time,2026-02-28
63,63,1,Midday (9–15),92,19.0,16.0,28.0,12.0,82.0,2.0,2.0,8.0,0.31666666666666665,0.33898305084745767,31.42,very low recovery time,2026-02-28
63,63,1,Overnight (0–6),28,13.0,10.0,25.0,15.0,23.0,2.0,2.0,5.0,0.31666666666666665,0.390625,34.52,very low recovery time,2026-02-28
63,63,1,PM Peak (15–19),96,19.0,16.866666666666667,37.0,20.133333333333333,72.0,2.0,2.0,6.0,0.31666666666666665,0.4624808575803982,38.83,very low recovery time,2026-02-28
64,64,0,AM Peak (6–9),18,8.0,8.0,11.0,3.0,17.0,4.0,0.0,4.0,0.19,0.11363636363636365,13.47,moderate,2026-02-28
64,64,0,Evening (19–24),16,9.0,8.0,9.0,1.0,16.0,0.0,0.0,0.0,0.95,0.04098360655737705,35.71,no recovery time,2026-02-28
64,64,0,Midday (9–15),37,9.0,9.0,9.0,0.0,37.0,0.0,0.0,0.0,0.95,0.0,33.25,no recovery time,2026-02-28
64,64,0,Overnight (0–6),7,8.0,8.0,8.0,0.0,8.0,0.0,0.0,2.5999999999999996,0.95,0.0,33.25,no recovery time,2026-02-28
64,64,0,PM Peak (15–19),24,10.0,10.0,10.0,0.0,24.0,0.0,0.0,0.0,0.95,0.0,33.25,no recovery time,2026-02-28
64,64,1,AM Peak (6–9),18,9.0,9.0,10.0,1.0,,10.0,,,0.08636363636363636,0.04098360655737705,5.48,moderate,2026-02-28
64,64,1,Evening (19–24),16,9.0,8.0,9.0,1.0,6.0,4.0,4.0,4.0,0.19,0.04098360655737705,9.11,moderate,2026-02-28
64,64,1,Midday (9–15),37,9.0,9.0,9.399999999999999,0.3999999999999986,,10.0,,,0.08636363636363636,0.016806722689075574,4.03,moderate,2026-02-28
64,64,1,Overnight (0–6),7,8.0,8.0,9.0,1.0,3.0,4.0,4.0,4.0,0.19,0.04098360655737705,9.11,moderate,2026-02-28
64,64,1,PM Peak (15–19),24,11.0,11.0,11.0,0.0,,10.0,,,0.08636363636363636,0.0,3.02,moderate,2026-02-28
65,65,0,AM Peak (6–9),23,21.0,17.0,21.0,4.0,22.0,2.0,2.0,4.0,0.31666666666666665,0.14598540145985403,19.84,very low recovery time,2026-02-28
65,65,0,Evening (19–24),21,19.0,16.0,19.0,3.0,21.0,1.0,1.0,2.0,0.475,0.11363636363636365,23.44,no recovery time,2026-02-28
65,65,0,Midday (9–15),29,21.0,21.0,23.0,2.0,29.0,3.0,2.6000000000000005,3.0,0.2375,0.07874015748031496,13.04,very low recovery time,2026-02-28
65,65,0,Overnight (0–6),15,16.0,16.0,17.0,1.0,14.0,2.0,2.0,2.700000000000001,0.31666666666666665,0.04098360655737705,13.54,very low recovery time,2026-02-28
65,65,0,PM Peak (15–19),27,23.0,23.0,23.0,0.0,26.0,3.0,3.0,3.0,0.2375,0.0,8.31,very low recovery time,2026-02-28
65,65,1,AM Peak (6–9),21,21.0,18.0,21.0,3.0,22.0,4.0,3.0,4.0,0.19,0.11363636363636365,13.47,moderate,2026-02-28
65,65,1,Evening (19–24),22,21.0,17.0,21.0,4.0,21.0,4.0,2.0,4.0,0.19,0.14598540145985403,15.41,moderate,2026-02-28
65,65,1,Midday (9–15),30,22.0,22.0,25.0,3.0,29.0,6.0,2.8000000000000003,6.0,0.1357142857142857,0.11363636363636365,11.57,moderate,2026-02-28
65,65,1,Overnight (0–6),14,17.0,17.0,18.0,1.0,10.0,4.0,1.8,4.0,0.19,0.04098360655737705,9.11,moderate,2026-02-28
65,65,1,PM Peak (15–19),27,25.0,25.0,25.0,0.0,26.0,3.0,3.0,3.0,0.2375,0.0,8.31,very low recovery time,2026-02-28
66,66,0,AM Peak (6–9),31,19.0,13.916666666666666,23.0,9.083333333333334,29.0,1.0,0.8000000000000003,5.0,0.475,0.2796305797845049,33.4,no recovery time,2026-02-28
66,66,0,Evening (19–24),22,19.433333333333334,14.9,24.0,9.1,22.0,1.0,0.0,3.0,0.475,0.27999999999999997,33.42,no recovery time,2026-02-28
66,66,0,Midday (9–15),28,17.4,16.9,23.0,6.100000000000001,27.0,8.0,0.0,8.0,0.10555555555555556,0.2067796610169492,16.1,moderate,2026-02-28
66,66,0,Overnight (0–6),9,14.9,12.133333333333333,22.0,9.866666666666667,6.0,1.5,0.0,3.5,0.38,0.2965931863727455,31.1,very low recovery time,2026-02-28
66,66,0,PM Peak (15–19),40,25.0,18.866666666666667,25.0,6.133333333333333,39.0,1.0,1.0,4.0,0.475,0.2076749435665914,29.09,no recovery time,2026-02-28
66,66,1,AM Peak (6–9),28,17.433333333333334,16.33,19.866666666666667,3.536666666666669,19.0,6.133333333333334,6.1,6.133333333333334,0.13317757009345793,0.13129563172874653,12.54,moderate,2026-02-28
66,66,1,Evening (19–24),23,14.9,12.0,16.866666666666667,4.866666666666667,,10.0,,,0.08636363636363636,0.17216981132075473,13.35,moderate,2026-02-28
66,66,1,Midday (9–15),28,16.933333333333334,16.0,17.866666666666667,1.8666666666666671,1.0,7.133333333333334,7.133333333333334,7.133333333333334,0.1168032786885246,0.07387862796833775,8.52,moderate,2026-02-28
66,66,1,Overnight (0–6),9,14.9,12.0,15.38,3.380000000000001,1.0,21.083333333333332,21.083333333333332,21.083333333333332,0.0430188679245283,0.12621359223300974,9.08,moderate,2026-02-28
66,66,1,PM Peak (15–19),40,17.866666666666667,16.0,17.866666666666667,1.8666666666666671,38.0,6.133333333333334,6.133333333333334,6.133333333333334,0.13317757009345793,0.07387862796833775,9.09,moderate,2026-02-28
67,67,0,AM Peak (6–9),23,15.0,15.0,30.0,15.0,21.0,0.0,0.0,0.0,0.95,0.390625,56.69,no recovery time,2026-02-28
67,67,0,Evening (19–24),15,24.0,22.0,24.0,2.0,14.0,2.0,0.6000000000000001,4.800000000000004,0.31666666666666665,0.07874015748031496,15.81,very low recovery time,2026-02-28
67,67,0,Midday (9–15),26,28.0,28.0,28.0,0.0,24.0,4.0,4.0,4.0,0.19,0.0,6.65,moderate,2026-02-28
67,67,0,Overnight (0–6),5,22.0,16.6,28.0,11.399999999999999,4.0,3.0,2.0,4.0,0.2375,0.3275862068965517,27.97,very low recovery time,2026-02-28
67,67,0,PM Peak (15–19),23,30.0,30.0,30.0,0.0,23.0,5.0,5.0,5.0,0.15833333333333333,0.0,5.54,moderate,2026-02-28
67,67,1,AM Peak (6–9),21,18.0,18.0,30.0,12.0,21.0,7.0,7.0,12.0,0.11875,0.33898305084745767,24.5,moderate,2026-02-28
67,67,1,Evening (19–24),15,26.0,24.0,26.0,2.0,15.0,2.0,2.0,4.0,0.31666666666666665,0.07874015748031496,15.81,very low recovery time,2026-02-28
67,67,1,Midday (9–15),24,27.0,27.0,27.0,0.0,24.0,1.0,1.0,1.0,0.475,0.0,16.62,no recovery time,2026-02-28
67,67,1,Overnight (0–6),6,25.0,24.0,26.0,2.0,3.0,2.0,0.4,9.200000000000001,0.31666666666666665,0.07874015748031496,15.81,very low recovery time,2026-02-28
67,67,1,PM Peak (15–19),24,31.0,31.0,31.0,0.0,22.0,4.0,4.0,4.0,0.19,0.0,6.65,moderate,2026-02-28
68,68,0,AM Peak (6–9),22,42.0,42.0,65.0,23.0,21.0,8.0,7.0,8.0,0.10555555555555556,0.4956896551724138,33.44,high schedule variability,2026-02-28
68,68,0,Evening (19–24),20,36.0,33.0,52.0,19.0,19.0,6.0,5.8,12.799999999999997,0.1357142857142857,0.4481132075471698,31.64,moderate,2026-02-28
68,68,0,Midday (9–15),36,43.0,43.0,62.0,19.0,36.0,6.0,6.0,6.5,0.1357142857142857,0.4481132075471698,31.64,moderate,2026-02-28
68,68,0,Overnight (0–6),12,37.0,33.0,41.5,8.5,9.0,2.0,1.6,6.2,0.31666666666666665,0.2664576802507837,27.07,very low recovery time,2026-02-28
68,68,0,PM Peak (15–19),22,50.0,36.2,71.0,34.8,21.0,3.0,2.0,6.0,0.2375,0.5979381443298969,44.19,"very low recovery time, high schedule variability",2026-02-28
68,68,1,AM Peak (6–9),22,41.0,41.0,62.0,21.0,19.0,13.0,8.8,17.0,0.06785714285714285,0.47297297297297297,30.75,moderate,2026-02-28
68,68,1,Evening (19–24),19,39.0,35.0,54.0,19.0,19.0,4.0,2.4000000000000004,14.0,0.19,0.4481132075471698,33.54,moderate,2026-02-28
68,68,1,Midday (9–15),37,43.0,43.0,60.8,17.799999999999997,35.0,8.0,2.0,11.400000000000006,0.10555555555555556,0.4320388349514563,29.62,moderate,2026-02-28
68,68,1,Overnight (0–6),13,35.0,35.0,50.0,15.0,9.0,8.0,3.2,12.400000000000002,0.10555555555555556,0.390625,27.13,moderate,2026-02-28
68,68,1,PM Peak (15–19),20,52.5,50.2,69.0,18.799999999999997,20.0,13.5,7.500000000000001,20.0,0.06551724137931034,0.44549763033175355,29.02,moderate,2026-02-28
69,69,0,AM Peak (6–9),9,25.0,22.0,25.0,3.0,9.0,1.0,0.0,1.0,0.475,0.11363636363636365,23.44,no recovery time,2026-02-28
69,69,0,Evening (19–24),15,23.0,19.0,23.0,4.0,16.0,1.0,0.5,6.5,0.475,0.14598540145985403,25.38,no recovery time,2026-02-28
69,69,0,Midday (9–15),20,24.0,24.0,25.0,1.0,20.0,1.0,0.9000000000000001,1.1000000000000014,0.475,0.04098360655737705,19.08,no recovery time,2026-02-28
69,69,0,Overnight (0–6),8,19.0,2.0833333333333335,19.9,17.816666666666666,8.0,1.0,0.0,1.0,0.475,0.4322684997978164,42.56,no recovery time,2026-02-28
69,69,0,PM Peak (15–19),14,25.0,23.0,25.0,2.0,13.0,1.0,1.0,1.0,0.475,0.07874015748031496,21.35,no recovery time,2026-02-28
69,69,1,AM Peak (6–9),9,29.0,21.0,29.0,8.0,8.0,3.0,1.7000000000000002,6.799999999999999,0.2375,0.25477707006369427,23.6,very low recovery time,2026-02-28
69,69,1,Evening (19–24),16,28.0,19.0,28.0,9.0,14.0,8.5,1.3,16.0,0.09999999999999999,0.2777777777777778,20.17,moderate,2026-02-28
69,69,1,Midday (9–15),20,26.0,26.0,29.0,3.0,20.0,3.0,3.0,3.1000000000000014,0.2375,0.11363636363636365,15.13,very low recovery time,2026-02-28
69,69,1,Overnight (0–6),8,19.0,14.200000000000001,21.0,6.799999999999999,7.0,2.0,2.0,7.600000000000003,0.31666666666666665,0.22516556291390727,24.59,very low recovery time,2026-02-28
69,69,1,PM Peak (15–19),13,29.0,28.0,29.0,1.0,13.0,10.0,10.0,11.600000000000001,0.08636363636363636,0.04098360655737705,5.48,moderate,2026-02-28
70,70,0,AM Peak (6–9),14,27.0,20.0,27.0,7.0,13.0,8.0,4.0,8.0,0.10555555555555556,0.23026315789473686,17.51,moderate,2026-02-28
70,70,0,Evening (19–24),23,20.0,18.0,25.400000000000002,7.400000000000002,23.0,6.0,0.40000000000000036,7.0,0.1357142857142857,0.2402597402597403,19.17,moderate,2026-02-28
70,70,0,Midday (9–15),33,24.0,24.0,26.0,2.0,33.0,6.0,3.2,6.0,0.1357142857142857,0.07874015748031496,9.47,moderate,2026-02-28
70,70,0,Overnight (0–6),10,18.0,17.985,20.0,2.0150000000000006,7.0,7.0,4.0,13.000000000000005,0.11875,0.07928388746803071,8.91,moderate,2026-02-28
70,70,0,PM Peak (15–19),26,26.0,26.0,26.0,0.0,24.0,2.0,2.0,2.0,0.31666666666666665,0.0,11.08,very low recovery time,2026-02-28
70,70,1,AM Peak (6–9),15,25.0,21.0,25.0,4.0,13.0,0.0,0.0,2.0,0.95,0.14598540145985403,42.01,no recovery time,2026-02-28
70,70,1,Evening (19–24),24,22.0,20.0,28.099999999999998,8.099999999999998,23.0,0.0,0.0,4.800000000000001,0.95,0.2571428571428571,48.68,no recovery time,2026-02-28
70,70,1,Midday (9–15),32,25.0,25.0,25.0,0.0,33.0,0.0,0.0,0.0,0.95,0.0,33.25,no recovery time,2026-02-28
70,70,1,Overnight (0–6),10,20.0,20.0,21.066666666666666,1.0666666666666664,10.0,0.0,0.0,0.0,0.95,0.0435967302452316,35.87,no recovery time,2026-02-28
70,70,1,PM Peak (15–19),24,32.0,32.0,32.0,0.0,23.0,0.0,0.0,0.0,0.95,0.0,33.25,no recovery time,2026-02-28
71,71,0,AM Peak (6–9),16,31.5,28.0,34.0,6.0,15.0,6.0,3.2,6.0,0.1357142857142857,0.20408163265306123,16.99,moderate,2026-02-28
71,71,0,Evening (19–24),18,27.0,22.0,27.0,5.0,19.0,4.0,2.8,5.0,0.19,0.17605633802816903,17.21,moderate,2026-02-28
71,71,0,Midday (9–15),25,30.0,30.0,30.0,0.0,25.0,3.0,3.0,4.0,0.2375,0.0,8.31,very low recovery time,2026-02-28
71,71,0,Overnight (0–6),8,22.0,15.73,28.0,12.27,5.0,5.0,0.8,5.0,0.15833333333333333,0.343986543313709,26.18,moderate,2026-02-28
71,71,0,PM Peak (15–19),20,33.0,27.0,33.0,6.0,21.0,3.0,0.0,3.0,0.2375,0.20408163265306123,20.56,very low recovery time,2026-02-28
71,71,1,AM Peak (6–9),15,32.0,26.0,32.6,6.600000000000001,13.0,12.0,9.4,13.0,0.07307692307692307,0.22000000000000006,15.76,moderate,2026-02-28
71,71,1,Evening (19–24),18,29.0,25.0,29.0,4.0,17.0,14.0,5.6,15.0,0.06333333333333332,0.14598540145985403,10.98,moderate,2026-02-28
71,71,1,Midday (9–15),25,33.0,33.0,33.0,0.0,24.0,9.0,2.6000000000000005,9.0,0.095,0.0,3.32,moderate,2026-02-28
71,71,1,Overnight (0–6),7,25.0,25.0,26.0,1.0,4.0,8.0,8.0,11.5,0.10555555555555556,0.04098360655737705,6.15,moderate,2026-02-28
71,71,1,PM Peak (15–19),21,41.0,29.0,41.0,12.0,19.0,7.0,5.4,7.0,0.11875,0.33898305084745767,24.5,moderate,2026-02-28
72,72,0,AM Peak (6–9),25,52.0,43.0,52.0,9.0,22.0,4.0,1.0,5.0,0.19,0.2777777777777778,23.32,moderate,2026-02-28
72,72,0,Evening (19–24),32,46.0,41.0,46.0,5.0,33.0,5.0,3.0,5.0,0.15833333333333333,0.17605633802816903,16.11,moderate,2026-02-28
72,72,0,Midday (9–15),42,51.0,51.0,55.0,4.0,34.0,4.0,3.0,5.399999999999999,0.19,0.14598540145985403,15.41,moderate,2026-02-28
72,72,0,Overnight (0–6),14,41.0,34.0,42.61666666666667,8.616666666666667,9.0,3.0,2.8,7.2,0.2375,0.26913066111400313,24.46,very low recovery time,2026-02-28
72,72,0,PM Peak (15–19),32,55.0,46.9,55.0,8.100000000000001,31.0,4.0,4.0,5.0,0.19,0.2571428571428572,22.08,moderate,2026-02-28
72,72,1,AM Peak (6–9),24,50.0,41.0,50.0,9.0,22.0,5.0,5.0,7.0,0.15833333333333333,0.2777777777777778,22.21,moderate,2026-02-28
72,72,1,Evening (19–24),32,48.0,40.0,48.0,8.0,31.0,9.0,4.0,9.0,0.095,0.25477707006369427,18.61,moderate,2026-02-28
72,72,1,Midday (9–15),42,55.0,55.0,60.0,5.0,40.0,7.0,5.9,7.100000000000001,0.11875,0.17605633802816903,14.72,moderate,2026-02-28
72,72,1,Overnight (0–6),18,40.0,12.766666666666667,41.0,28.233333333333334,9.0,6.0,5.8,11.0,0.1357142857142857,0.5468043899289865,37.56,high schedule variability,2026-02-28
72,72,1,PM Peak (15–19),32,60.0,60.0,60.0,0.0,31.0,8.0,8.0,8.0,0.10555555555555556,0.0,3.69,moderate,2026-02-28
73,73,0,AM Peak (6–9),24,30.0,22.0,53.0,31.0,23.0,6.0,6.0,9.0,0.1357142857142857,0.5698529411764706,38.94,high schedule variability,2026-02-28
73,73,0,Evening (19–24),26,24.0,21.0,42.0,21.0,26.0,7.0,2.0,9.0,0.11875,0.47297297297297297,32.53,moderate,2026-02-28
73,73,0,Midday (9–15),34,30.5,26.200000000000003,50.0,23.799999999999997,33.0,9.0,2.0,9.0,0.095,0.5042372881355932,33.58,high schedule variability,2026-02-28
73,73,0,Overnight (0–6),14,29.5,21.0,43.0,22.0,7.0,7.0,2.0,9.0,0.11875,0.4845814977973568,33.23,high schedule variability,2026-02-28
73,73,0,PM Peak (15–19),30,32.0,25.0,53.0,28.0,30.0,2.0,2.0,2.0,0.31666666666666665,0.5447470817120623,43.77,"very low recovery time, high schedule variability",2026-02-28
73,73,1,AM Peak (6–9),23,34.0,21.8,48.0,26.2,23.0,6.0,2.0,25.0,0.1357142857142857,0.528225806451613,36.44,high schedule variability,2026-02-28
73,73,1,Evening (19–24),26,32.5,25.0,46.0,21.0,26.0,5.0,2.0,13.5,0.15833333333333333,0.47297297297297297,33.92,moderate,2026-02-28
73,73,1,Midday (9–15),35,36.0,32.0,48.0,16.0,31.0,5.0,0.0,13.0,0.15833333333333333,0.40609137055837563,29.91,moderate,2026-02-28
73,73,1,Overnight (0–6),13,27.0,25.0,44.0,19.0,11.0,5.0,2.0,9.0,0.15833333333333333,0.4481132075471698,32.43,moderate,2026-02-28
73,73,1,PM Peak (15–19),30,36.0,26.0,56.0,30.0,30.0,7.0,2.0,21.0,0.11875,0.5617977528089888,37.86,high schedule variability,2026-02-28
74,74,0,AM Peak (6–9),9,25.0,17.0,26.6,9.600000000000001,9.0,2.0,1.6,8.4,0.31666666666666665,0.29090909090909095,28.54,very low recovery time,2026-02-28
74,74,0,Evening (19–24),14,16.0,14.0,16.0,2.0,14.0,3.0,3.0,5.0,0.2375,0.07874015748031496,13.04,very low recovery time,2026-02-28
74,74,0,Midday (9–15),15,19.0,19.0,20.799999999999997,1.7999999999999972,14.0,6.0,4.6,6.0,0.1357142857142857,0.07142857142857133,9.04,moderate,2026-02-28
74,74,0,Overnight (0–6),6,14.0,14.0,16.6,2.6000000000000014,5.0,5.0,2.0,12.200000000000001,0.15833333333333333,0.10000000000000006,11.54,moderate,2026-02-28
74,74,0,PM Peak (15–19),13,22.0,20.0,22.0,2.0,14.0,4.0,4.0,10.0,0.19,0.07874015748031496,11.37,moderate,2026-02-28
74,74,1,AM Peak (6–9),10,21.891666666666666,18.0,22.0,4.0,8.0,4.0,3.0,8.399999999999999,0.19,0.14598540145985403,15.41,moderate,2026-02-28
74,74,1,Evening (19–24),15,18.0,15.0,18.0,3.0,14.0,3.0,3.0,6.0,0.2375,0.11363636363636365,15.13,very low recovery time,2026-02-28
74,74,1,Midday (9–15),15,20.0,20.0,20.0,0.0,14.0,5.0,5.0,5.0,0.15833333333333333,0.0,5.54,moderate,2026-02-28
74,74,1,Overnight (0–6),6,15.0,15.0,15.0,0.0,5.0,6.0,0.0,6.0,0.1357142857142857,0.0,4.75,moderate,2026-02-28
74,74,1,PM Peak (15–19),13,28.0,24.0,28.0,4.0,13.0,6.0,6.0,9.200000000000003,0.1357142857142857,0.14598540145985403,13.51,moderate,2026-02-28
75,75,0,AM Peak (6–9),31,29.0,20.783333333333335,29.0,8.216666666666665,30.0,7.0,1.9000000000000004,8.0,0.11875,0.25988402741170263,19.75,moderate,2026-02-28
75,75,0,Evening (19–24),14,26.0,23.0,26.0,3.0,16.0,11.0,2.0,12.0,0.07916666666666666,0.11363636363636365,9.59,moderate,2026-02-28
75,75,0,Midday (9–15),48,28.0,28.0,28.0,0.0,49.0,7.0,6.600000000000001,7.0,0.11875,0.0,4.16,moderate,2026-02-28
75,75,0,Overnight (0–6),9,23.0,15.866666666666667,23.0,7.133333333333333,6.0,2.5,1.5,5.0,0.2714285714285714,0.2336244541484716,23.52,very low recovery time,2026-02-28
75,75,0,PM Peak (15–19),30,31.0,30.8,31.0,0.1999999999999993,30.0,12.0,6.9,12.0,0.07307692307692307,0.008474576271186411,3.07,moderate,2026-02-28
75,75,1,AM Peak (6–9),28,20.0,17.0,20.0,3.0,27.0,3.0,1.0,3.0,0.2375,0.11363636363636365,15.13,very low recovery time,2026-02-28
75,75,1,Evening (19–24),17,18.0,17.0,18.8,1.8000000000000007,14.0,4.0,2.0,6.0,0.19,0.07142857142857145,10.94,moderate,2026-02-28
75,75,1,Midday (9–15),50,22.0,22.0,22.0,0.0,48.0,3.0,3.0,3.0,0.2375,0.0,8.31,very low recovery time,2026-02-28
75,75,1,Overnight (0–6),6,17.0,17.0,17.0,0.0,4.0,2.0,0.6000000000000001,2.0,0.31666666666666665,0.0,11.08,very low recovery time,2026-02-28
75,75,1,PM Peak (15–19),30,24.0,24.0,24.0,0.0,28.0,5.0,5.0,5.0,0.15833333333333333,0.0,5.54,moderate,2026-02-28
76,76,0,AM Peak (6–9),40,18.0,9.85,24.0,14.15,27.0,0.0,0.0,5.0,0.95,0.37683089214380827,55.86,no recovery time,2026-02-28
76,76,0,Evening (19–24),36,17.0,13.0,19.0,6.0,38.0,0.0,0.0,0.0,0.95,0.20408163265306123,45.49,no recovery time,2026-02-28
76,76,0,Midday (9–15),50,21.0,11.0,21.0,10.0,48.0,5.0,0.0,5.0,0.15833333333333333,0.29940119760479045,23.51,moderate,2026-02-28
76,76,0,Overnight (0–6),20,17.0,8.183333333333334,19.98,11.796666666666667,18.0,0.0,0.0,0.6000000000000014,0.95,0.3351643148025381,53.36,no recovery time,2026-02-28
76,76,0,PM Peak (15–19),36,22.0,15.0,22.0,7.0,36.0,1.0,1.0,4.0,0.475,0.23026315789473686,30.44,no recovery time,2026-02-28
76,76,1,AM Peak (6–9),38,18.0,7.85,19.0,11.15,35.0,4.0,4.0,6.200000000000003,0.19,0.32272069464544145,26.01,moderate,2026-02-28
76,76,1,Evening (19–24),39,11.0,9.0,13.0,4.0,36.0,8.0,2.0,8.0,0.10555555555555556,0.14598540145985403,12.45,moderate,2026-02-28
76,76,1,Midday (9–15),53,16.0,11.0,16.0,5.0,50.0,8.0,4.0,8.0,0.10555555555555556,0.17605633802816903,14.26,moderate,2026-02-28
76,76,1,Overnight (0–6),18,11.0,8.830000000000002,14.0,5.169999999999998,15.0,2.0,2.0,4.6,0.31666666666666665,0.1809590479523976,21.94,very low recovery time,2026-02-28
76,76,1,PM Peak (15–19),38,19.0,13.0,19.0,6.0,36.0,8.0,7.0,8.0,0.10555555555555556,0.20408163265306123,15.94,moderate,2026-02-28
77,77,0,AM Peak (6–9),18,15.0,15.0,15.0,0.0,18.0,3.0,3.0,3.0,0.2375,0.0,8.31,very low recovery time,2026-02-28
77,77,0,Evening (19–24),12,14.0,13.0,14.0,1.0,12.0,3.0,3.0,4.0,0.2375,0.04098360655737705,10.77,very low recovery time,2026-02-28
77,77,0,Midday (9–15),13,16.0,16.0,16.0,0.0,13.0,3.0,3.0,3.0,0.2375,0.0,8.31,very low recovery time,2026-02-28
77,77,0,Overnight (0–6),7,13.0,11.916666666666666,15.0,3.083333333333334,7.0,3.0,1.2000000000000002,4.0,0.2375,0.11642542479546887,15.3,very low recovery time,2026-02-28
77,77,0,PM Peak (15–19),16,18.0,17.0,18.0,1.0,16.0,2.0,2.0,3.0,0.31666666666666665,0.04098360655737705,13.54,very low recovery time,2026-02-28
77,77,1,AM Peak (6–9),18,8.0,8.0,8.0,0.0,18.0,4.0,4.0,4.0,0.19,0.0,6.65,moderate,2026-02-28
77,77,1,Evening (19–24),12,7.0,6.0,7.0,1.0,11.0,3.0,3.0,4.0,0.2375,0.04098360655737705,10.77,very low recovery time,2026-02-28
77,77,1,Midday (9–15),13,8.0,8.0,8.0,0.0,12.0,3.0,3.0,3.0,0.2375,0.0,8.31,very low recovery time,2026-02-28
77,77,1,Overnight (0–6),7,6.0,6.0,8.0,2.0,5.0,6.0,4.0,7.6,0.1357142857142857,0.07874015748031496,9.47,moderate,2026-02-28
77,77,1,PM Peak (15–19),16,8.0,8.0,8.0,0.0,16.0,2.0,2.0,2.0,0.31666666666666665,0.0,11.08,very low recovery time,2026-02-28
78,78,0,AM Peak (6–9),9,11.0,11.0,11.0,0.0,8.0,2.0,1.0,3.3,0.31666666666666665,0.0,11.08,very low recovery time,2026-02-28
78,78,0,Evening (19–24),12,12.0,11.1,12.0,0.9000000000000004,12.0,6.0,2.1,7.0,0.1357142857142857,0.037037037037037056,6.97,moderate,2026-02-28
78,78,0,Midday (9–15),14,12.0,12.0,12.700000000000001,0.7000000000000011,15.0,6.0,5.0,6.0,0.1357142857142857,0.029045643153527013,6.49,moderate,2026-02-28
78,78,0,Overnight (0–6),2,11.0,11.0,11.0,0.0,2.0,4.5,4.1,4.9,0.17272727272727273,0.0,6.05,moderate,2026-02-28
78,78,0,PM Peak (15–19),12,13.0,13.0,13.0,0.0,12.0,3.0,3.0,3.0,0.2375,0.0,8.31,very low recovery time,2026-02-28
78,78,1,AM Peak (6–9),9,18.0,3.0,18.0,15.0,9.0,0.0,0.0,0.0,0.95,0.390625,56.69,no recovery time,2026-02-28
78,78,1,Evening (19–24),11,16.0,14.0,16.0,2.0,12.0,0.0,0.0,0.0,0.95,0.07874015748031496,37.97,no recovery time,2026-02-28
78,78,1,Midday (9–15),15,17.0,17.0,17.6,0.6000000000000014,14.0,0.0,0.0,0.0,0.95,0.02500000000000006,34.75,no recovery time,2026-02-28
78,78,1,Overnight (0–6),3,14.0,14.0,14.0,0.0,2.0,0.5,0.1,0.9,0.6333333333333333,0.0,22.17,no recovery time,2026-02-28
78,78,1,PM Peak (15–19),12,19.0,19.0,19.0,0.0,12.0,0.0,0.0,0.0,0.95,0.0,33.25,no recovery time,2026-02-28
79,79,0,AM Peak (6–9),26,31.0,27.0,37.0,10.0,23.0,7.0,5.2,8.0,0.11875,0.29940119760479045,22.12,moderate,2026-02-28
79,79,0,Evening (19–24),22,25.5,22.0,29.0,7.0,20.0,3.0,0.0,8.200000000000003,0.2375,0.23026315789473686,22.13,very low recovery time,2026-02-28
79,79,0,Midday (9–15),26,30.0,29.0,35.0,6.0,24.0,3.0,2.0,9.099999999999998,0.2375,0.20408163265306123,20.56,very low recovery time,2026-02-28
79,79,0,Overnight (0–6),14,25.5,7.253333333333335,29.0,21.746666666666666,7.0,5.0,2.6,10.600000000000001,0.15833333333333333,0.48168930891907863,34.44,moderate,2026-02-28
79,79,0,PM Peak (15–19),23,36.0,36.0,39.0,3.0,23.0,6.0,6.0,8.0,0.1357142857142857,0.11363636363636365,11.57,moderate,2026-02-28
79,79,1,AM Peak (6–9),25,28.0,26.0,28.0,2.0,24.0,0.0,0.0,2.6999999999999993,0.95,0.07874015748031496,37.97,no recovery time,2026-02-28
79,79,1,Evening (19–24),21,28.0,25.0,29.0,4.0,22.0,3.0,0.0,8.0,0.2375,0.14598540145985403,17.07,very low recovery time,2026-02-28
79,79,1,Midday (9–15),25,28.0,28.0,32.6,4.600000000000001,25.0,0.0,0.0,0.0,0.95,0.16428571428571434,43.11,no recovery time,2026-02-28
79,79,1,Overnight (0–6),7,26.0,25.0,28.0,3.0,7.0,8.0,0.0,9.200000000000001,0.10555555555555556,0.11363636363636365,10.51,moderate,2026-02-28
79,79,1,PM Peak (15–19),24,35.5,35.0,36.0,1.0,24.0,0.0,0.0,2.0,0.95,0.04098360655737705,35.71,no recovery time,2026-02-28
80,80,0,AM Peak (6–9),15,44.0,44.0,53.6,9.600000000000001,13.0,8.0,3.0,13.600000000000001,0.10555555555555556,0.29090909090909095,21.15,moderate,2026-02-28
80,80,0,Evening (19–24),14,38.0,34.0,41.0,7.0,12.0,6.0,6.0,12.0,0.1357142857142857,0.23026315789473686,18.57,moderate,2026-02-28
80,80,0,Midday (9–15),14,46.0,46.0,47.0,1.0,14.0,6.0,3.0,6.0,0.1357142857142857,0.04098360655737705,7.21,moderate,2026-02-28
80,80,0,Overnight (0–6),9,34.0,28.916666666666668,45.0,16.083333333333332,4.0,11.0,7.5,12.4,0.07916666666666666,0.4073448712536935,27.21,moderate,2026-02-28
80,80,0,PM Peak (15–19),18,47.0,45.415,54.0,8.585,16.0,5.0,1.0,13.0,0.15833333333333333,0.26840706581209944,21.65,moderate,2026-02-28
80,80,1,AM Peak (6–9),14,30.0,21.0,39.0,18.0,15.0,5.0,1.2000000000000004,9.6,0.15833333333333333,0.43478260869565216,31.63,moderate,2026-02-28
80,80,1,Evening (19–24),12,35.5,29.0,36.0,7.0,14.0,5.0,4.3,6.0,0.15833333333333333,0.23026315789473686,19.36,moderate,2026-02-28
80,80,1,Midday (9–15),15,42.0,41.4,45.0,3.6000000000000014,14.0,6.0,3.6,6.0,0.1357142857142857,0.1333333333333334,12.75,moderate,2026-02-28
80,80,1,Overnight (0–6),8,29.0,17.7,33.9,16.2,6.0,6.0,0.5,8.5,0.1357142857142857,0.4090909090909091,29.3,moderate,2026-02-28
80,80,1,PM Peak (15–19),18,30.5,24.0,45.0,21.0,17.0,4.0,2.0,10.4,0.19,0.47297297297297297,35.03,moderate,2026-02-28
82,82,0,AM Peak (6–9),7,9.0,8.0,9.0,1.0,6.0,4.0,2.0,4.5,0.19,0.04098360655737705,9.11,moderate,2026-02-28
82,82,0,Evening (19–24),13,8.0,7.0,8.0,1.0,13.0,6.0,3.0,6.0,0.1357142857142857,0.04098360655737705,7.21,moderate,2026-02-28
82,82,0,Midday (9–15),14,9.0,9.0,9.0,0.0,15.0,4.0,4.0,4.0,0.19,0.0,6.65,moderate,2026-02-28
82,82,0,Overnight (0–6),1,7.0,7.0,7.0,0.0,1.0,1.0,1.0,1.0,0.475,0.0,16.62,no recovery time,2026-02-28
82,82,0,PM Peak (15–19),10,9.0,8.0,9.0,1.0,10.0,4.0,4.0,6.0,0.19,0.04098360655737705,9.11,moderate,2026-02-28
82,82,1,AM Peak (6–9),7,12.0,11.0,12.0,1.0,7.0,0.0,0.0,0.40000000000000036,0.95,0.04098360655737705,35.71,no recovery time,2026-02-28
82,82,1,Evening (19–24),13,11.0,10.0,11.0,1.0,13.0,0.0,0.0,0.0,0.95,0.04098360655737705,35.71,no recovery time,2026-02-28
82,82,1,Midday (9–15),15,12.0,12.0,12.0,0.0,14.0,0.0,0.0,0.0,0.95,0.0,33.25,no recovery time,2026-02-28
82,82,1,Overnight (0–6),2,10.0,10.0,10.0,0.0,1.0,2.0,2.0,2.0,0.31666666666666665,0.0,11.08,very low recovery time,2026-02-28
82,82,1,PM Peak (15–19),9,12.0,11.0,12.0,1.0,10.0,0.0,0.0,0.0,0.95,0.04098360655737705,35.71,no recovery time,2026-02-28
83,83,0,AM Peak (6–9),13,19.0,19.0,19.0,0.0,13.0,4.0,4.0,4.0,0.19,0.0,6.65,moderate,2026-02-28
83,83,0,Evening (19–24),16,17.0,16.0,17.0,1.0,15.0,2.0,2.0,2.0,0.31666666666666665,0.04098360655737705,13.54,very low recovery time,2026-02-28
83,83,0,Midday (9–15),18,20.0,20.0,20.0,0.0,17.0,4.0,4.0,4.0,0.19,0.0,6.65,moderate,2026-02-28
83,83,0,Overnight (0–6),5,16.0,15.4,16.0,0.5999999999999996,5.0,2.0,0.8,2.0,0.31666666666666665,0.024999999999999984,12.58,very low recovery time,2026-02-28
83,83,0,PM Peak (15–19),18,20.0,20.0,20.0,0.0,19.0,12.0,12.0,12.0,0.07307692307692307,0.0,2.56,moderate,2026-02-28
83,83,1,AM Peak (6–9),14,18.0,18.0,18.0,0.0,12.0,1.0,1.0,1.0,0.475,0.0,16.62,no recovery time,2026-02-28
83,83,1,Evening (19–24),16,16.5,15.0,18.0,3.0,16.0,2.5,1.0,3.0,0.2714285714285714,0.11363636363636365,16.32,very low recovery time,2026-02-28
83,83,1,Midday (9–15),17,19.0,19.0,19.0,0.0,17.0,1.0,1.0,3.0000000000000018,0.475,0.0,16.62,no recovery time,2026-02-28
83,83,1,Overnight (0–6),6,15.0,15.0,15.0,0.0,4.0,1.0,1.0,2.4000000000000004,0.475,0.0,16.62,no recovery time,2026-02-28
83,83,1,PM Peak (15–19),18,19.0,19.0,19.0,0.0,17.0,1.0,1.0,1.8000000000000007,0.475,0.0,16.62,no recovery time,2026-02-28
84,84,0,AM Peak (6–9),44,42.0,37.0,55.10000000000001,18.10000000000001,38.0,5.0,1.0,10.0,0.15833333333333333,0.43614457831325315,31.71,moderate,2026-02-28
84,84,0,Evening (19–24),44,35.0,31.0,37.0,6.0,40.0,9.0,4.0,10.0,0.095,0.20408163265306123,15.57,moderate,2026-02-28
84,84,0,Midday (9–15),63,40.0,40.0,46.0,6.0,62.0,7.0,1.1000000000000005,7.0,0.11875,0.20408163265306123,16.4,moderate,2026-02-28
84,84,0,Overnight (0–6),20,30.0,1.8,36.1,34.300000000000004,16.0,4.0,0.0,10.0,0.19,0.5944540727902947,42.32,high schedule variability,2026-02-28
84,84,0,PM Peak (15–19),38,46.0,37.0,69.0,32.0,38.0,8.0,6.0,14.300000000000004,0.10555555555555556,0.5776173285198556,38.35,high schedule variability,2026-02-28
84,84,1,AM Peak (6–9),42,41.0,35.0,54.9,19.9,33.0,5.0,5.0,5.0,0.15833333333333333,0.45958429561200925,33.12,moderate,2026-02-28
84,84,1,Evening (19–24),41,30.0,28.0,34.0,6.0,42.0,4.5,3.0,7.0,0.17272727272727273,0.20408163265306123,18.29,moderate,2026-02-28
84,84,1,Midday (9–15),63,37.0,37.0,45.0,8.0,59.0,7.0,2.0,7.0,0.11875,0.25477707006369427,19.44,moderate,2026-02-28
84,84,1,Overnight (0–6),16,28.0,25.0,35.0,10.0,13.0,7.0,4.0,9.8,0.11875,0.29940119760479045,22.12,moderate,2026-02-28
84,84,1,PM Peak (15–19),40,45.0,34.0,66.0,32.0,35.0,7.0,3.4000000000000004,9.0,0.11875,0.5776173285198556,38.81,high schedule variability,2026-02-28
85,85,0,AM Peak (6–9),20,55.0,50.6,64.0,13.399999999999999,20.0,6.5,5.0,10.0,0.12666666666666665,0.3641304347826087,26.28,moderate,2026-02-28
85,85,0,Evening (19–24),36,45.0,35.0,54.0,19.0,34.0,10.0,4.0,12.0,0.08636363636363636,0.4481132075471698,29.91,moderate,2026-02-28
85,85,0,Midday (9–15),48,57.5,50.0,62.60000000000001,12.600000000000009,45.0,10.0,8.0,11.600000000000001,0.08636363636363636,0.35000000000000014,24.02,moderate,2026-02-28
85,85,0,Overnight (0–6),20,41.0,23.67166666666667,53.300000000000004,29.628333333333334,16.0,4.0,4.0,10.5,0.19,0.5587264669830594,40.17,high schedule variability,2026-02-28
85,85,0,PM Peak (15–19),26,53.0,47.0,64.0,17.0,28.0,7.0,7.0,9.0,0.11875,0.42079207920792083,29.4,moderate,2026-02-28
85,85,1,AM Peak (6–9),20,51.0,43.9,59.2,15.300000000000004,20.0,8.5,5.0,10.0,0.09999999999999999,0.3953488372093024,27.22,moderate,2026-02-28
85,85,1,Evening (19–24),36,50.5,42.0,60.0,18.0,35.0,9.0,1.0,11.600000000000001,0.095,0.43478260869565216,29.41,moderate,2026-02-28
85,85,1,Midday (9–15),47,54.0,49.0,61.0,12.0,46.0,9.0,3.0,10.5,0.095,0.33898305084745767,23.66,moderate,2026-02-28
85,85,1,Overnight (0–6),18,42.0,33.0,51.6,18.6,13.0,9.0,3.4000000000000004,13.200000000000003,0.095,0.4428571428571429,29.9,moderate,2026-02-28
85,85,1,PM Peak (15–19),27,60.0,53.2,66.0,12.799999999999997,26.0,10.0,4.0,16.0,0.08636363636363636,0.35359116022099446,24.24,moderate,2026-02-28
86,86,0,AM Peak (6–9),30,32.0,29.9,43.0,13.100000000000001,28.0,4.0,4.0,4.300000000000001,0.19,0.3589041095890411,28.18,moderate,2026-02-28
86,86,0,Evening (19–24),39,30.0,27.8,36.0,8.2,38.0,6.0,6.0,6.0,0.1357142857142857,0.25949367088607594,20.32,moderate,2026-02-28
86,86,0,Midday (9–15),48,30.0,29.0,41.0,12.0,47.0,6.0,4.0,6.0,0.1357142857142857,0.33898305084745767,25.09,moderate,2026-02-28
86,86,0,Overnight (0–6),20,30.0,28.0,36.0,8.0,16.0,6.0,4.5,9.0,0.1357142857142857,0.25477707006369427,20.04,moderate,2026-02-28
86,86,0,PM Peak (15–19),41,31.0,30.0,42.0,12.0,41.0,4.0,4.0,4.0,0.19,0.33898305084745767,26.99,moderate,2026-02-28
86,86,1,AM Peak (6–9),30,37.0,30.6,43.1,12.5,28.0,6.0,2.7,12.0,0.1357142857142857,0.34818941504178275,25.64,moderate,2026-02-28
86,86,1,Evening (19–24),38,39.0,35.0,42.0,7.0,40.0,4.0,2.9000000000000004,7.200000000000003,0.19,0.23026315789473686,20.47,moderate,2026-02-28
86,86,1,Midday (9–15),47,38.0,34.0,47.0,13.0,45.0,11.0,2.0,14.0,0.07916666666666666,0.35714285714285715,24.2,moderate,2026-02-28
86,86,1,Overnight (0–6),19,33.0,11.0,39.0,28.0,15.0,5.0,2.000000000000001,12.0,0.15833333333333333,0.5447470817120623,38.23,high schedule variability,2026-02-28
86,86,1,PM Peak (15–19),41,40.0,36.0,50.0,14.0,40.0,2.0,0.0,9.0,0.31666666666666665,0.37433155080213903,33.54,very low recovery time,2026-02-28
87,87,0,AM Peak (6–9),18,23.0,23.0,29.0,6.0,18.0,8.0,8.0,8.0,0.10555555555555556,0.20408163265306123,15.94,moderate,2026-02-28
87,87,0,Evening (19–24),30,21.0,19.0,21.0,2.0,30.0,8.0,8.0,8.0,0.10555555555555556,0.07874015748031496,8.42,moderate,2026-02-28
87,87,0,Midday (9–15),36,27.0,27.0,27.5,0.5,36.0,8.0,8.0,8.0,0.10555555555555556,0.020920502092050212,4.95,moderate,2026-02-28
87,87,0,Overnight (0–6),16,19.0,17.0,23.0,6.0,11.0,8.0,3.0,8.0,0.10555555555555556,0.20408163265306123,15.94,moderate,2026-02-28
87,87,0,PM Peak (15–19),24,28.0,28.0,28.0,0.0,24.0,8.0,8.0,8.0,0.10555555555555556,0.0,3.69,moderate,2026-02-28
87,87,1,AM Peak (6–9),18,22.0,22.0,26.0,4.0,,10.0,,,0.08636363636363636,0.14598540145985403,11.78,moderate,2026-02-28
87,87,1,Evening (19–24),30,22.0,19.0,22.0,3.0,19.0,4.0,4.0,9.0,0.19,0.11363636363636365,13.47,moderate,2026-02-28
87,87,1,Midday (9–15),36,26.0,26.0,26.0,0.0,,10.0,,,0.08636363636363636,0.0,3.02,moderate,2026-02-28
87,87,1,Overnight (0–6),15,19.0,18.0,22.0,4.0,9.0,4.0,4.0,9.0,0.19,0.14598540145985403,15.41,moderate,2026-02-28
87,87,1,PM Peak (15–19),24,29.0,29.0,29.0,0.0,,10.0,,,0.08636363636363636,0.0,3.02,moderate,2026-02-28
88,88,0,AM Peak (6–9),24,30.0,16.0,36.0,20.0,22.0,6.0,4.0,10.0,0.1357142857142857,0.4608294930875576,32.4,moderate,2026-02-28
88,88,0,Evening (19–24),15,15.0,13.0,28.0,15.0,14.0,3.0,2.0,7.9000000000000075,0.2375,0.390625,31.75,very low recovery time,2026-02-28
88,88,0,Midday (9–15),18,26.0,17.0,34.0,17.0,18.0,4.0,3.4000000000000004,4.300000000000001,0.19,0.42079207920792083,31.9,moderate,2026-02-28
88,88,0,Overnight (0–6),7,25.0,14.8,30.0,15.2,5.0,5.0,3.0,10.8,0.15833333333333333,0.3937823834196892,29.17,moderate,2026-02-28
88,88,0,PM Peak (15–19),20,25.5,17.0,36.0,19.0,18.0,6.0,2.4000000000000004,7.300000000000001,0.1357142857142857,0.4481132075471698,31.64,moderate,2026-02-28
88,88,1,AM Peak (6–9),25,18.0,15.0,32.0,17.0,23.0,2.0,1.0,10.0,0.31666666666666665,0.42079207920792083,36.33,very low recovery time,2026-02-28
88,88,1,Evening (19–24),14,20.5,14.0,29.0,15.0,15.0,7.0,3.4000000000000004,7.0,0.11875,0.390625,27.59,moderate,2026-02-28
88,88,1,Midday (9–15),19,24.0,17.0,32.0,15.0,18.0,5.0,4.4,7.0,0.15833333333333333,0.390625,28.98,moderate,2026-02-28
88,88,1,Overnight (0–6),7,15.0,13.716666666666667,25.0,11.283333333333333,5.0,1.0,0.0,3.2,0.475,0.32532436328688136,36.14,no recovery time,2026-02-28
88,88,1,PM Peak (15–19),18,29.5,22.0,39.0,17.0,18.0,9.0,4.0,11.0,0.095,0.42079207920792083,28.57,moderate,2026-02-28
89,89,0,AM Peak (6–9),19,47.0,40.0,49.0,9.0,18.0,8.0,8.0,8.3,0.10555555555555556,0.2777777777777778,20.36,moderate,2026-02-28
89,89,0,Evening (19–24),29,37.0,31.0,40.0,9.0,30.0,8.0,8.0,8.0,0.10555555555555556,0.2777777777777778,20.36,moderate,2026-02-28
89,89,0,Midday (9–15),37,48.0,48.0,57.0,9.0,36.0,8.0,8.0,8.0,0.10555555555555556,0.2777777777777778,20.36,moderate,2026-02-28
89,89,0,Overnight (0–6),18,31.0,28.033333333333335,40.0,11.966666666666665,12.0,8.0,4.300000000000001,11.600000000000001,0.10555555555555556,0.3383600377002828,24.0,moderate,2026-02-28
89,89,0,PM Peak (15–19),24,57.0,50.2,57.0,6.799999999999997,24.0,8.0,8.0,8.0,0.10555555555555556,0.2251655629139072,17.2,moderate,2026-02-28
89,89,1,AM Peak (6–9),18,46.0,39.0,47.0,8.0,17.0,7.0,5.2,13.0,0.11875,0.25477707006369427,19.44,moderate,2026-02-28
89,89,1,Evening (19–24),30,42.5,34.0,43.0,9.0,29.0,9.0,7.0,10.0,0.095,0.2777777777777778,19.99,moderate,2026-02-28
89,89,1,Midday (9–15),36,49.0,49.0,61.0,12.0,34.0,5.0,5.0,9.7,0.15833333333333333,0.33898305084745767,25.88,moderate,2026-02-28
89,89,1,Overnight (0–6),17,34.0,31.0,37.76,6.759999999999998,13.0,7.0,7.0,11.0,0.11875,0.2241379310344827,17.6,moderate,2026-02-28
89,89,1,PM Peak (15–19),24,61.0,56.3,61.0,4.700000000000003,23.0,14.0,14.0,14.0,0.06333333333333332,0.16725978647686843,12.25,moderate,2026-02-28
90,90,0,AM Peak (6–9),15,20.0,14.0,20.0,6.0,13.0,8.0,4.0,8.0,0.10555555555555556,0.20408163265306123,15.94,moderate,2026-02-28
90,90,0,Evening (19–24),20,14.0,13.0,14.0,1.0,21.0,2.0,2.0,7.0,0.31666666666666665,0.04098360655737705,13.54,very low recovery time,2026-02-28
90,90,0,Midday (9–15),36,16.0,16.0,17.0,1.0,36.0,5.0,5.0,8.0,0.15833333333333333,0.04098360655737705,8.0,moderate,2026-02-28
90,90,0,Overnight (0–6),8,13.0,12.66,13.3,0.6400000000000006,7.0,7.0,4.200000000000001,8.200000000000001,0.11875,0.02662229617304495,5.75,moderate,2026-02-28
90,90,0,PM Peak (15–19),24,17.0,17.0,17.0,0.0,24.0,4.0,4.0,4.0,0.19,0.0,6.65,moderate,2026-02-28
90,90,1,AM Peak (6–9),13,18.0,15.0,18.0,3.0,12.0,4.0,3.0,6.9,0.19,0.11363636363636365,13.47,moderate,2026-02-28
90,90,1,Evening (19–24),21,16.0,14.0,16.0,2.0,21.0,4.0,4.0,6.0,0.19,0.07874015748031496,11.37,moderate,2026-02-28
90,90,1,Midday (9–15),37,17.0,17.0,21.599999999999994,4.599999999999994,35.0,2.0,2.0,7.0,0.31666666666666665,0.16428571428571412,20.94,very low recovery time,2026-02-28
90,90,1,Overnight (0–6),9,14.0,13.61,14.546666666666667,0.9366666666666674,6.0,6.0,6.0,11.5,0.1357142857142857,0.03848787837282567,7.06,moderate,2026-02-28
90,90,1,PM Peak (15–19),23,24.0,24.0,24.0,0.0,24.0,5.0,5.0,5.0,0.15833333333333333,0.0,5.54,moderate,2026-02-28
91,91,0,AM Peak (6–9),11,28.0,25.0,28.0,3.0,11.0,13.0,6.0,13.0,0.06785714285714285,0.11363636363636365,9.19,moderate,2026-02-28
91,91,0,Evening (19–24),12,23.0,20.0,23.0,3.0,12.0,3.0,3.0,5.0,0.2375,0.11363636363636365,15.13,very low recovery time,2026-02-28
91,91,0,Midday (9–15),18,25.0,25.0,25.3,0.3000000000000007,17.0,5.0,4.6,9.000000000000004,0.15833333333333333,0.012658227848101297,6.3,moderate,2026-02-28
91,91,0,Overnight (0–6),7,20.0,14.720000000000002,25.0,10.279999999999998,4.0,5.0,5.0,5.7,0.15833333333333333,0.30522565320665085,23.86,moderate,2026-02-28
91,91,0,PM Peak (15–19),12,26.0,25.0,31.400000000000002,6.400000000000002,11.0,10.0,1.0,10.0,0.08636363636363636,0.21476510067114102,15.91,moderate,2026-02-28
91,91,1,AM Peak (6–9),13,32.0,27.2,36.0,8.8,10.0,2.0,1.8,2.599999999999998,0.31666666666666665,0.2732919254658385,27.48,very low recovery time,2026-02-28
91,91,1,Evening (19–24),12,26.0,23.0,26.0,3.0,11.0,0.0,0.0,2.0,0.95,0.11363636363636365,40.07,no recovery time,2026-02-28
91,91,1,Midday (9–15),19,29.0,29.0,36.0,7.0,18.0,1.0,1.0,4.0,0.475,0.23026315789473686,30.44,no recovery time,2026-02-28
91,91,1,Overnight (0–6),6,24.875,23.0,26.875,3.875,6.0,2.0,1.0,2.0,0.31666666666666665,0.14207149404216315,19.61,very low recovery time,2026-02-28
91,91,1,PM Peak (15–19),11,37.0,34.0,40.0,6.0,11.0,4.0,4.0,11.0,0.19,0.20408163265306123,18.89,moderate,2026-02-28
92,92,0,AM Peak (6–9),16,10.0,9.0,10.0,1.0,16.0,4.0,3.0,4.5,0.19,0.04098360655737705,9.11,moderate,2026-02-28
92,92,0,Evening (19–24),21,9.0,9.0,11.0,2.0,22.0,2.0,1.0,3.0,0.31666666666666665,0.07874015748031496,15.81,very low recovery time,2026-02-28
92,92,0,Midday (9–15),26,10.0,10.0,10.0,0.0,26.0,3.0,3.0,3.0,0.2375,0.0,8.31,very low recovery time,2026-02-28
92,92,0,Overnight (0–6),7,9.0,9.0,9.0,0.0,6.0,2.5,1.5,3.0,0.2714285714285714,0.0,9.5,very low recovery time,2026-02-28
92,92,0,PM Peak (15–19),24,11.0,11.0,11.0,0.0,24.0,2.0,2.0,2.0,0.31666666666666665,0.0,11.08,very low recovery time,2026-02-28
92,92,1,AM Peak (6–9),16,9.0,9.0,11.0,2.0,15.0,3.0,3.0,6.199999999999999,0.2375,0.07874015748031496,13.04,very low recovery time,2026-02-28
92,92,1,Evening (19–24),23,9.0,8.0,13.400000000000002,5.400000000000002,21.0,3.0,2.0,3.0,0.2375,0.18750000000000006,19.56,very low recovery time,2026-02-28
92,92,1,Midday (9–15),26,11.0,11.0,11.0,0.0,26.0,4.0,4.0,4.0,0.19,0.0,6.65,moderate,2026-02-28
92,92,1,Overnight (0–6),6,8.5,8.0,9.0,1.0,5.0,3.0,2.4,8.200000000000001,0.2375,0.04098360655737705,10.77,very low recovery time,2026-02-28
92,92,1,PM Peak (15–19),23,14.0,14.0,14.0,0.0,17.0,3.0,3.0,3.0,0.2375,0.0,8.31,very low recovery time,2026-02-28
93,93,0,AM Peak (6–9),6,11.5,11.0,12.0,1.0,6.0,8.0,3.0,8.0,0.10555555555555556,0.04098360655737705,6.15,moderate,2026-02-28
93,93,0,Evening (19–24),11,11.0,10.0,15.0,5.0,11.0,4.0,0.0,5.0,0.19,0.17605633802816903,17.21,moderate,2026-02-28
93,93,0,Midday (9–15),12,12.0,12.0,12.0,0.0,12.0,7.0,7.0,7.0,0.11875,0.0,4.16,moderate,2026-02-28
93,93,0,Overnight (0–6),4,10.0,10.0,10.0,0.0,3.0,1.0,0.2,4.2,0.475,0.0,16.62,no recovery time,2026-02-28
93,93,0,PM Peak (15–19),8,15.0,14.1,15.0,0.9000000000000004,2.0,1.5,0.30000000000000004,2.7,0.38,0.037037037037037056,15.52,very low recovery time,2026-02-28
93,93,1,AM Peak (6–9),7,9.0,6.193333333333333,9.0,2.8066666666666666,7.0,1.0,0.0,1.0,0.475,0.1070974306792165,23.05,no recovery time,2026-02-28
93,93,1,Evening (19–24),11,11.0,9.0,14.0,5.0,10.0,1.0,1.0,4.0,0.475,0.17605633802816903,27.19,no recovery time,2026-02-28
93,93,1,Midday (9–15),12,10.0,10.0,10.0,0.0,12.0,1.0,1.0,1.0,0.475,0.0,16.62,no recovery time,2026-02-28
93,93,1,Overnight (0–6),3,9.0,9.0,9.0,0.0,4.0,1.0,0.30000000000000004,1.0,0.475,0.0,16.62,no recovery time,2026-02-28
93,93,1,PM Peak (15–19),8,14.0,14.0,14.0,0.0,8.0,1.0,1.0,1.0,0.475,0.0,16.62,no recovery time,2026-02-28
94,94,0,AM Peak (6–9),18,20.5,11.0,36.0,25.0,18.0,4.0,0.0,9.0,0.19,0.5165289256198348,37.64,high schedule variability,2026-02-28
94,94,0,Evening (19–24),30,18.5,9.0,29.0,20.0,32.0,8.0,0.0,12.0,0.10555555555555556,0.4608294930875576,31.34,moderate,2026-02-28
94,94,0,Midday (9–15),36,24.5,14.0,35.0,21.0,36.0,1.0,1.0,3.0,0.475,0.47297297297297297,45.0,no recovery time,2026-02-28
94,94,0,Overnight (0–6),8,25.0,9.0,25.6,16.6,6.0,0.0,0.0,12.0,0.95,0.41500000000000004,58.15,no recovery time,2026-02-28
94,94,0,PM Peak (15–19),24,25.0,15.0,40.0,25.0,23.0,0.0,0.0,13.0,0.95,0.5165289256198348,64.24,"no recovery time, high schedule variability",2026-02-28
94,94,1,AM Peak (6–9),19,29.0,11.8,34.0,22.2,18.0,0.0,0.0,0.0,0.95,0.48684210526315796,62.46,"no recovery time, high schedule variability",2026-02-28
94,94,1,Evening (19–24),31,25.0,9.0,30.0,21.0,30.0,0.0,0.0,0.0,0.95,0.47297297297297297,61.63,no recovery time,2026-02-28
94,94,1,Midday (9–15),36,24.5,13.0,34.0,21.0,36.0,0.0,0.0,0.0,0.95,0.47297297297297297,61.63,no recovery time,2026-02-28
94,94,1,Overnight (0–6),9,25.0,9.0,25.8,16.8,6.0,0.0,0.0,0.0,0.95,0.417910447761194,58.32,no recovery time,2026-02-28
94,94,1,PM Peak (15–19),24,22.5,15.0,37.0,22.0,24.0,0.0,0.0,0.0,0.95,0.4845814977973568,62.32,"no recovery time, high schedule variability",2026-02-28
95,95,0,AM Peak (6–9),19,70.0,65.0,71.0,6.0,18.0,8.0,6.7,9.0,0.10555555555555556,0.20408163265306123,15.94,moderate,2026-02-28
95,95,0,Evening (19–24),43,52.0,44.0,56.0,12.0,44.0,6.0,4.0,6.0,0.1357142857142857,0.33898305084745767,25.09,moderate,2026-02-28
95,95,0,Midday (9–15),37,64.0,64.0,64.4,0.4000000000000057,36.0,9.0,5.5,9.0,0.095,0.016806722689075865,4.33,moderate,2026-02-28
95,95,0,Overnight (0–6),16,48.0,43.0,63.0,20.0,14.0,6.0,4.3,8.700000000000001,0.1357142857142857,0.4608294930875576,32.4,moderate,2026-02-28
95,95,0,PM Peak (15–19),26,69.0,58.0,69.0,11.0,24.0,3.0,3.0,7.099999999999998,0.2375,0.31976744186046513,27.5,very low recovery time,2026-02-28
95,95,1,AM Peak (6–9),20,67.0,54.27666666666667,68.0,13.72333333333333,15.0,5.0,2.0,9.6,0.15833333333333333,0.36966867199425335,27.72,moderate,2026-02-28
95,95,1,Evening (19–24),48,50.0,44.0,61.0,17.0,37.0,7.0,1.2000000000000002,12.0,0.11875,0.42079207920792083,29.4,moderate,2026-02-28
95,95,1,Midday (9–15),37,65.0,65.0,65.0,0.0,37.0,2.0,2.0,2.3999999999999986,0.31666666666666665,0.0,11.08,very low recovery time,2026-02-28
95,95,1,Overnight (0–6),22,44.0,1.85,53.0,51.15,19.0,0.0,0.0,10.399999999999999,0.95,0.6861167002012073,74.42,"no recovery time, high schedule variability",2026-02-28
95,95,1,PM Peak (15–19),26,76.0,67.0,76.0,9.0,24.0,12.0,7.300000000000001,13.0,0.07307692307692307,0.2777777777777778,19.22,moderate,2026-02-28
96,96,0,AM Peak (6–9),21,64.0,60.0,69.0,9.0,19.0,11.0,5.8,17.0,0.07916666666666666,0.2777777777777778,19.44,moderate,2026-02-28
96,96,0,Evening (19–24),30,62.0,54.0,65.0,11.0,27.0,12.0,6.0,16.0,0.07307692307692307,0.31976744186046513,21.74,moderate,2026-02-28
96,96,0,Midday (9–15),37,70.0,67.0,77.8,10.799999999999997,36.0,10.0,3.0,18.0,0.08636363636363636,0.3157894736842105,21.97,moderate,2026-02-28
96,96,0,Overnight (0–6),18,52.0,43.2,60.3,17.099999999999994,13.0,13.0,5.200000000000001,16.0,0.06785714285714285,0.42222222222222217,27.71,moderate,2026-02-28
96,96,0,PM Peak (15–19),24,77.0,73.6,81.0,7.400000000000006,23.0,18.0,11.0,18.0,0.049999999999999996,0.24025974025974042,16.17,moderate,2026-02-28
96,96,1,AM Peak (6–9),21,70.0,62.0,74.0,12.0,20.0,4.0,3.8000000000000003,4.100000000000001,0.19,0.33898305084745767,26.99,moderate,2026-02-28
96,96,1,Evening (19–24),30,58.5,55.0,62.0,7.0,30.0,4.0,4.0,6.100000000000001,0.19,0.23026315789473686,20.47,moderate,2026-02-28
96,96,1,Midday (9–15),37,73.0,69.0,80.0,11.0,36.0,4.0,2.5,4.0,0.19,0.31976744186046513,25.84,moderate,2026-02-28
96,96,1,Overnight (0–6),23,53.0,22.816666666666666,61.0,38.18333333333334,14.0,5.0,4.3,10.0,0.15833333333333333,0.6200270635994588,42.74,high schedule variability,2026-02-28
96,96,1,PM Peak (15–19),24,80.0,69.6,83.0,13.400000000000006,23.0,5.0,5.0,5.0,0.15833333333333333,0.3641304347826088,27.39,moderate,2026-02-28
97,97,0,AM Peak (6–9),14,44.5,30.0,61.400000000000006,31.400000000000006,14.0,4.5,2.0,10.400000000000002,0.17272727272727273,0.572992700729927,40.43,high schedule variability,2026-02-28
97,97,0,Evening (19–24),22,38.5,24.0,47.0,23.0,21.0,6.0,2.0,12.0,0.1357142857142857,0.4956896551724138,34.49,high schedule variability,2026-02-28
97,97,0,Midday (9–15),26,47.5,40.0,57.0,17.0,26.0,11.5,2.0,19.0,0.076,0.42079207920792083,27.91,moderate,2026-02-28
97,97,0,Overnight (0–6),9,41.0,23.8,60.4,36.599999999999994,6.0,7.0,6.0,8.0,0.11875,0.61,40.76,high schedule variability,2026-02-28
97,97,0,PM Peak (15–19),16,46.5,36.0,71.0,35.0,17.0,2.0,2.0,20.0,0.31666666666666665,0.5993150684931507,47.04,"very low recovery time, high schedule variability",2026-02-28
97,97,1,AM Peak (6–9),15,41.833333333333336,35.0,55.2,20.200000000000003,13.0,3.0,2.0,8.0,0.2375,0.46330275229357804,36.11,very low recovery time,2026-02-28
97,97,1,Evening (19–24),21,36.0,31.0,48.0,17.0,21.0,7.0,3.0,16.0,0.11875,0.42079207920792083,29.4,moderate,2026-02-28
97,97,1,Midday (9–15),25,58.0,36.0,63.0,27.0,25.0,2.0,2.0,12.0,0.31666666666666665,0.5357142857142857,43.23,"very low recovery time, high schedule variability",2026-02-28
97,97,1,Overnight (0–6),10,33.0,30.4,45.0,14.600000000000001,6.0,12.0,3.0,18.5,0.07307692307692307,0.3842105263157895,25.61,moderate,2026-02-28
97,97,1,PM Peak (15–19),16,47.5,47.0,65.0,18.0,16.0,3.5,1.0,5.0,0.2111111111111111,0.43478260869565216,33.48,moderate,2026-02-28
98,98,0,AM Peak (6–9),8,36.5,33.0,38.0,5.0,8.0,3.0,2.0,4.0,0.2375,0.17605633802816903,18.88,very low recovery time,2026-02-28
98,98,0,Evening (19–24),14,26.0,26.0,30.800000000000004,4.800000000000004,13.0,2.0,2.0,2.0,0.31666666666666665,0.17021276595744694,21.3,very low recovery time,2026-02-28
98,98,0,Midday (9–15),15,34.0,34.0,36.4,2.3999999999999986,13.0,2.0,2.0,2.0,0.31666666666666665,0.09302325581395345,16.66,very low recovery time,2026-02-28
98,98,0,Overnight (0–6),6,29.5,13.425,33.0,19.575,6.0,2.0,0.0,2.0,0.31666666666666665,0.4554973821989529,38.41,very low recovery time,2026-02-28
98,98,0,PM Peak (15–19),10,38.0,32.0,38.0,6.0,12.0,2.0,2.0,4.0,0.31666666666666665,0.20408163265306123,23.33,very low recovery time,2026-02-28
98,98,1,AM Peak (6–9),8,38.5,33.0,40.0,7.0,7.0,5.0,2.4000000000000004,10.4,0.15833333333333333,0.23026315789473686,19.36,moderate,2026-02-28
98,98,1,Evening (19–24),13,29.0,29.0,31.400000000000002,2.400000000000002,11.0,9.0,7.0,9.0,0.095,0.09302325581395357,8.91,moderate,2026-02-28
98,98,1,Midday (9–15),13,35.0,35.0,37.400000000000006,2.4000000000000057,14.0,10.0,2.6,10.0,0.08636363636363636,0.0930232558139537,8.6,moderate,2026-02-28
98,98,1,Overnight (0–6),6,29.0,15.958333333333334,33.0,17.041666666666664,3.0,10.0,7.6,12.4,0.08636363636363636,0.42138883165052543,28.31,moderate,2026-02-28
98,98,1,PM Peak (15–19),12,40.0,34.0,40.0,6.0,11.0,7.0,1.0,10.0,0.11875,0.20408163265306123,16.4,moderate,2026-02-28
99,99,0,Evening (19–24),16,7.0,7.0,7.0,0.0,,10.0,,,0.08636363636363636,0.0,3.02,moderate,2026-02-28
99,99,0,Midday (9–15),22,7.0,7.0,7.0,0.0,,10.0,,,0.08636363636363636,0.0,3.02,moderate,2026-02-28
99,99,0,Overnight (0–6),8,7.0,7.0,7.0,0.0,,10.0,,,0.08636363636363636,0.0,3.02,moderate,2026-02-28
99,99,0,PM Peak (15–19),8,7.0,7.0,7.0,0.0,,10.0,,,0.08636363636363636,0.0,3.02,moderate,2026-02-28
99,99,1,Evening (19–24),15,12.916666666666666,12.916666666666666,12.916666666666666,0.0,16.0,3.0,2.0,3.0,0.2375,0.0,8.31,very low recovery time,2026-02-28
99,99,1,Midday (9–15),23,14.916666666666666,14.916666666666666,14.916666666666666,0.0,23.0,3.0,1.4000000000000004,3.0,0.2375,0.0,8.31,very low recovery time,2026-02-28
99,99,1,Overnight (0–6),9,12.916666666666666,12.916666666666666,12.916666666666666,0.0,8.0,7.0,0.0,7.015,0.11875,0.0,4.16,moderate,2026-02-28
99,99,1,PM Peak (15–19),9,12.916666666666666,12.916666666666666,12.916666666666666,0.0,8.0,3.0,0.0,3.0,0.2375,0.0,8.31,very low recovery time,2026-02-28
100,100,0,AM Peak (6–9),36,31.5,30.0,35.0,5.0,35.0,2.0,2.0,3.0,0.31666666666666665,0.17605633802816903,21.65,very low recovery time,2026-02-28
100,100,0,Evening (19–24),30,30.0,26.0,30.0,4.0,30.0,3.0,3.0,4.0,0.2375,0.14598540145985403,17.07,very low recovery time,2026-02-28
100,100,0,Midday (9–15),50,34.0,34.0,35.0,1.0,48.0,2.0,2.0,3.0,0.31666666666666665,0.04098360655737705,13.54,very low recovery time,2026-02-28
100,100,0,Overnight (0–6),15,25.75,25.75,26.0,0.25,9.0,4.0,2.0,4.4,0.19,0.010570824524312896,7.28,moderate,2026-02-28
100,100,0,PM Peak (15–19),40,35.0,35.0,35.0,0.0,40.0,3.0,3.0,3.0,0.2375,0.0,8.31,very low recovery time,2026-02-28
100,100,1,AM Peak (6–9),36,33.0,32.0,34.0,2.0,36.0,1.0,0.0,3.0,0.475,0.07874015748031496,21.35,no recovery time,2026-02-28
100,100,1,Evening (19–24),31,33.0,29.0,33.0,4.0,30.0,4.0,1.0,5.200000000000003,0.19,0.14598540145985403,15.41,moderate,2026-02-28
100,100,1,Midday (9–15),50,34.0,34.0,38.0,4.0,47.0,2.0,2.0,3.0,0.31666666666666665,0.14598540145985403,19.84,very low recovery time,2026-02-28
100,100,1,Overnight (0–6),13,29.0,22.133333333333333,31.400000000000002,9.26666666666667,7.0,1.0,1.0,1.8000000000000007,0.475,0.2836734693877551,33.65,no recovery time,2026-02-28
100,100,1,PM Peak (15–19),40,38.0,38.0,38.0,0.0,40.0,2.0,2.0,2.0,0.31666666666666665,0.0,11.08,very low recovery time,2026-02-28
101,101,0,AM Peak (6–9),7,40.0,38.2,40.0,1.7999999999999972,6.0,6.5,2.5,14.0,0.12666666666666665,0.07142857142857133,8.72,moderate,2026-02-28
101,101,0,Evening (19–24),10,20.0,19.0,21.499999999999993,2.499999999999993,10.0,11.0,9.2,18.5,0.07916666666666666,0.09652509652509628,8.56,moderate,2026-02-28
101,101,0,Midday (9–15),12,21.0,21.0,35.400000000000006,14.400000000000006,12.0,10.0,1.6000000000000005,12.9,0.08636363636363636,0.38095238095238104,25.88,moderate,2026-02-28
101,101,0,Overnight (0–6),5,19.0,19.0,32.373333333333335,13.373333333333335,4.0,0.0,0.0,10.500000000000004,0.95,0.36366932559825965,55.07,no recovery time,2026-02-28
101,101,0,PM Peak (15–19),10,44.0,28.1,44.0,15.899999999999999,9.0,13.0,7.2,19.0,0.06785714285714285,0.40458015267175573,26.65,moderate,2026-02-28
101,101,1,AM Peak (6–9),8,39.0,39.0,39.0,0.0,,10.0,,,0.08636363636363636,0.0,3.02,moderate,2026-02-28
101,101,1,Evening (19–24),9,21.0,20.0,23.6,3.6000000000000014,,10.0,,,0.08636363636363636,0.1333333333333334,11.02,moderate,2026-02-28
101,101,1,Midday (9–15),13,25.0,25.0,40.0,15.0,,10.0,,,0.08636363636363636,0.390625,26.46,moderate,2026-02-28
101,101,1,Overnight (0–6),6,20.0,1.9333333333333333,38.78333333333333,36.85,,10.0,,,0.08636363636363636,0.6116182572614108,39.72,high schedule variability,2026-02-28
101,101,1,PM Peak (15–19),10,45.0,27.3,45.0,17.7,2.0,10.0,10.0,10.0,0.08636363636363636,0.43065693430656937,28.86,moderate,2026-02-28
102,102,0,AM Peak (6–9),31,62.0,41.0,85.0,44.0,28.0,9.0,9.0,11.0,0.095,0.6528189910979227,42.49,high schedule variability,2026-02-28
102,102,0,Evening (19–24),54,45.5,29.0,68.40000000000003,39.400000000000034,54.0,5.0,1.0,11.400000000000006,0.15833333333333333,0.6273885350318473,43.18,high schedule variability,2026-02-28
102,102,0,Midday (9–15),56,60.0,39.0,79.0,40.0,55.0,19.0,11.8,19.0,0.0475,0.6309148264984227,39.52,high schedule variability,2026-02-28
102,102,0,Overnight (0–6),27,44.0,23.353333333333335,56.0,32.64666666666666,21.0,7.0,0.0,9.0,0.11875,0.5824907814916142,39.11,high schedule variability,2026-02-28
102,102,0,PM Peak (15–19),36,70.0,42.0,86.0,44.0,35.0,13.0,8.0,15.0,0.06785714285714285,0.6528189910979227,41.54,high schedule variability,2026-02-28
102,102,1,AM Peak (6–9),32,66.0,43.1,87.9,44.800000000000004,27.0,7.0,0.0,36.0,0.11875,0.6568914956011731,43.57,high schedule variability,2026-02-28
102,102,1,Evening (19–24),56,49.0,35.0,70.5,35.5,55.0,8.0,0.0,16.0,0.10555555555555556,0.6027164685908319,39.86,high schedule variability,2026-02-28
102,102,1,Midday (9–15),56,61.0,42.0,88.0,46.0,54.0,0.0,0.0,14.0,0.95,0.6628242074927954,73.02,"no recovery time, high schedule variability",2026-02-28
102,102,1,Overnight (0–6),36,37.3,8.1,66.0,57.9,23.0,7.0,0.0,8.0,0.11875,0.7121771217712177,46.89,high schedule variability,2026-02-28
102,102,1,PM Peak (15–19),36,67.0,45.0,98.0,53.0,38.0,4.0,0.0,13.0,0.19,0.6937172774869109,48.27,high schedule variability,2026-02-28
103,103,0,AM Peak (6–9),8,16.0,16.0,23.0,7.0,8.0,6.0,4.0,7.499999999999999,0.1357142857142857,0.23026315789473686,18.57,moderate,2026-02-28
103,103,0,Evening (19–24),13,15.0,13.0,15.0,2.0,14.0,5.0,2.0,5.0,0.15833333333333333,0.07874015748031496,10.27,moderate,2026-02-28
103,103,0,Midday (9–15),16,19.0,19.0,19.5,0.5,15.0,8.0,5.6000000000000005,8.0,0.10555555555555556,0.020920502092050212,4.95,moderate,2026-02-28
103,103,0,Overnight (0–6),5,13.0,6.25,16.0,9.75,3.0,2.0,2.0,6.0,0.31666666666666665,0.29411764705882354,28.73,very low recovery time,2026-02-28
103,103,0,PM Peak (15–19),10,19.0,17.275,20.0,2.7250000000000014,9.0,4.0,4.0,6.0,0.19,0.10430622009569383,12.91,moderate,2026-02-28
103,103,1,AM Peak (6–9),8,15.0,15.0,20.0,5.0,7.0,3.0,3.0,5.000000000000002,0.2375,0.17605633802816903,18.88,very low recovery time,2026-02-28
103,103,1,Evening (19–24),13,15.0,14.0,15.0,1.0,13.0,5.0,1.0,6.600000000000001,0.15833333333333333,0.04098360655737705,8.0,moderate,2026-02-28
103,103,1,Midday (9–15),15,17.0,17.0,20.0,3.0,15.0,6.0,4.800000000000001,6.0,0.1357142857142857,0.11363636363636365,11.57,moderate,2026-02-28
103,103,1,Overnight (0–6),4,14.0,14.0,14.7,0.6999999999999993,4.0,1.0,0.30000000000000004,8.000000000000002,0.475,0.029045643153526944,18.37,no recovery time,2026-02-28
103,103,1,PM Peak (15–19),9,19.0,19.0,22.0,3.0,9.0,4.0,2.4000000000000004,6.0,0.19,0.11363636363636365,13.47,moderate,2026-02-28
104,104,0,AM Peak (6–9),6,26.0,24.0,26.0,2.0,,10.0,,,0.08636363636363636,0.07874015748031496,7.75,moderate,2026-02-28
104,104,0,Evening (19–24),12,24.0,20.0,24.0,4.0,,10.0,,,0.08636363636363636,0.14598540145985403,11.78,moderate,2026-02-28
104,104,0,Midday (9–15),14,25.0,25.0,26.700000000000003,1.7000000000000028,,10.0,,,0.08636363636363636,0.06772908366533875,7.09,moderate,2026-02-28
104,104,0,Overnight (0–6),5,20.0,20.0,22.4,2.3999999999999986,,10.0,,,0.08636363636363636,0.09302325581395345,8.6,moderate,2026-02-28
104,104,0,PM Peak (15–19),8,27.0,27.0,27.0,0.0,,10.0,,,0.08636363636363636,0.0,3.02,moderate,2026-02-28
104,104,1,AM Peak (6–9),6,30.0,27.0,30.0,3.0,6.0,2.5,1.0,4.0,0.2714285714285714,0.11363636363636365,16.32,very low recovery time,2026-02-28
104,104,1,Evening (19–24),12,26.0,23.0,26.0,3.0,12.0,1.0,0.10000000000000009,2.0,0.475,0.11363636363636365,23.44,no recovery time,2026-02-28
104,104,1,Midday (9–15),14,28.0,28.0,30.700000000000003,2.700000000000003,14.0,1.0,1.0,1.700000000000001,0.475,0.10344827586206908,22.83,no recovery time,2026-02-28
104,104,1,Overnight (0–6),4,23.0,23.0,25.8,2.8000000000000007,4.0,2.0,0.6000000000000001,2.0,0.31666666666666665,0.10687022900763361,17.5,very low recovery time,2026-02-28
104,104,1,PM Peak (15–19),8,31.0,31.0,31.0,0.0,8.0,2.0,1.7000000000000002,2.0,0.31666666666666665,0.0,11.08,very low recovery time,2026-02-28
105,105,0,AM Peak (6–9),16,12.0,11.0,13.0,2.0,16.0,5.0,4.0,6.0,0.15833333333333333,0.07874015748031496,10.27,moderate,2026-02-28
105,105,0,Evening (19–24),16,11.0,9.0,13.5,4.5,16.0,4.0,2.5,4.5,0.19,0.16129032258064516,16.33,moderate,2026-02-28
105,105,0,Midday (9–15),22,13.0,13.0,13.0,0.0,21.0,8.0,2.0,8.0,0.10555555555555556,0.0,3.69,moderate,2026-02-28
105,105,0,Overnight (0–6),7,11.0,9.0,15.0,6.0,6.0,3.0,0.0,5.0,0.2375,0.20408163265306123,20.56,very low recovery time,2026-02-28
105,105,0,PM Peak (15–19),19,16.0,14.0,18.0,4.0,18.0,10.0,2.0,10.0,0.08636363636363636,0.14598540145985403,11.78,moderate,2026-02-28
105,105,1,AM Peak (6–9),16,13.5,13.0,15.0,2.0,16.0,2.0,1.5,2.0,0.31666666666666665,0.07874015748031496,15.81,very low recovery time,2026-02-28
105,105,1,Evening (19–24),16,12.0,11.0,12.0,1.0,17.0,3.0,1.0,5.0,0.2375,0.04098360655737705,10.77,very low recovery time,2026-02-28
105,105,1,Midday (9–15),21,14.0,14.0,15.0,1.0,22.0,1.0,1.0,2.0,0.475,0.04098360655737705,19.08,no recovery time,2026-02-28
105,105,1,Overnight (0–6),6,12.0,11.0,15.0,4.0,4.0,4.0,1.2000000000000002,5.4,0.19,0.14598540145985403,15.41,moderate,2026-02-28
105,105,1,PM Peak (15–19),21,16.0,15.0,19.0,4.0,19.0,1.0,1.0,5.0,0.475,0.14598540145985403,25.38,no recovery time,2026-02-28
106,106,0,AM Peak (6–9),11,26.0,22.0,26.0,4.0,10.0,5.0,5.0,8.1,0.15833333333333333,0.14598540145985403,14.3,moderate,2026-02-28
106,106,0,Evening (19–24),16,22.0,20.0,25.0,5.0,17.0,6.0,5.0,6.0,0.1357142857142857,0.17605633802816903,15.31,moderate,2026-02-28
106,106,0,Midday (9–15),19,24.0,24.0,24.999999999999996,0.9999999999999964,19.0,7.0,5.8,7.0,0.11875,0.040983606557376914,6.62,moderate,2026-02-28
106,106,0,Overnight (0–6),8,20.0,19.865000000000002,22.0,2.134999999999998,7.0,7.0,5.0,19.0,0.11875,0.08361073037008021,9.17,moderate,2026-02-28
106,106,0,PM Peak (15–19),17,29.0,26.2,29.0,2.8000000000000007,17.0,6.0,5.0,7.0,0.1357142857142857,0.10687022900763361,11.16,moderate,2026-02-28
106,106,1,AM Peak (6–9),10,27.0,24.0,27.0,3.0,10.0,4.5,2.8,6.499999999999998,0.17272727272727273,0.11363636363636365,12.86,moderate,2026-02-28
106,106,1,Evening (19–24),18,21.0,19.0,25.0,6.0,16.0,5.0,1.0,8.0,0.15833333333333333,0.20408163265306123,17.79,moderate,2026-02-28
106,106,1,Midday (9–15),19,23.0,23.0,26.599999999999998,3.599999999999998,18.0,6.0,6.0,8.600000000000001,0.1357142857142857,0.13333333333333328,12.75,moderate,2026-02-28
106,106,1,Overnight (0–6),9,19.0,19.0,24.0,5.0,7.0,2.0,1.6,4.4,0.31666666666666665,0.17605633802816903,21.65,very low recovery time,2026-02-28
106,106,1,PM Peak (15–19),18,29.0,23.055,29.0,5.945,16.0,6.0,4.0,8.5,0.1357142857142857,0.20258987902538764,16.91,moderate,2026-02-28
107,107,0,AM Peak (6–9),7,33.0,33.0,33.0,0.0,7.0,13.0,2.2,23.0,0.06785714285714285,0.0,2.38,moderate,2026-02-28
107,107,0,Evening (19–24),9,27.0,26.0,27.0,1.0,9.0,18.0,7.2,20.4,0.049999999999999996,0.04098360655737705,4.21,moderate,2026-02-28
107,107,0,Midday (9–15),12,31.0,31.0,31.0,0.0,11.0,4.0,0.0,22.0,0.19,0.0,6.65,moderate,2026-02-28
107,107,0,Overnight (0–6),5,26.0,26.0,33.0,7.0,4.0,0.5,0.0,16.400000000000006,0.6333333333333333,0.23026315789473686,35.98,no recovery time,2026-02-28
107,107,0,PM Peak (15–19),8,34.0,32.5,34.0,1.5,8.0,7.5,0.0,14.0,0.11176470588235293,0.06024096385542169,7.53,moderate,2026-02-28
107,107,1,AM Peak (6–9),7,34.0,34.0,34.0,0.0,,10.0,,,0.08636363636363636,0.0,3.02,moderate,2026-02-28
107,107,1,Evening (19–24),10,27.0,26.0,28.0,2.0,,10.0,,,0.08636363636363636,0.07874015748031496,7.75,moderate,2026-02-28
107,107,1,Midday (9–15),12,33.0,33.0,33.0,0.0,,10.0,,,0.08636363636363636,0.0,3.02,moderate,2026-02-28
107,107,1,Overnight (0–6),5,26.0,26.0,33.88666666666667,7.88666666666667,,10.0,,,0.08636363636363636,0.2520775623268699,18.15,moderate,2026-02-28
107,107,1,PM Peak (15–19),8,37.0,36.1,37.0,0.8999999999999986,,10.0,,,0.08636363636363636,0.03703703703703698,5.24,moderate,2026-02-28
108,108,0,AM Peak (6–9),18,33.5,30.0,38.0,8.0,19.0,8.0,5.6,9.2,0.10555555555555556,0.25477707006369427,18.98,moderate,2026-02-28
108,108,0,Evening (19–24),22,31.5,27.0,34.0,7.0,22.0,7.0,3.0,9.900000000000002,0.11875,0.23026315789473686,17.97,moderate,2026-02-28
108,108,0,Midday (9–15),36,34.0,31.0,35.0,4.0,36.0,8.0,8.0,8.0,0.10555555555555556,0.14598540145985403,12.45,moderate,2026-02-28
108,108,0,Overnight (0–6),9,27.0,19.85,34.0,14.149999999999999,6.0,3.0,3.0,4.0,0.2375,0.37683089214380827,30.92,very low recovery time,2026-02-28
108,108,0,PM Peak (15–19),22,36.0,35.0,41.0,6.0,21.0,8.0,8.0,8.0,0.10555555555555556,0.20408163265306123,15.94,moderate,2026-02-28
108,108,1,AM Peak (6–9),19,34.0,30.0,38.0,8.0,18.0,9.0,7.4,13.0,0.095,0.25477707006369427,18.61,moderate,2026-02-28
108,108,1,Evening (19–24),21,31.0,28.0,34.0,6.0,21.0,6.0,6.0,15.0,0.1357142857142857,0.20408163265306123,16.99,moderate,2026-02-28
108,108,1,Midday (9–15),36,35.0,31.0,38.5,7.5,33.0,10.0,3.0,14.0,0.08636363636363636,0.24271844660194175,17.59,moderate,2026-02-28
108,108,1,Overnight (0–6),10,28.0,23.195,30.0,6.805,6.0,14.5,8.5,16.0,0.06129032258064516,0.22529382552557523,15.66,moderate,2026-02-28
108,108,1,PM Peak (15–19),22,36.0,36.0,42.0,6.0,21.0,14.0,14.0,14.0,0.06333333333333332,0.20408163265306123,14.46,moderate,2026-02-28
109,109,0,AM Peak (6–9),11,29.0,9.95,32.0,22.05,10.0,2.0,0.0,4.0,0.31666666666666665,0.48514851485148514,40.19,"very low recovery time, high schedule variability",2026-02-28
109,109,0,Evening (19–24),11,22.0,19.0,24.0,5.0,12.0,7.0,4.0,7.9,0.11875,0.17605633802816903,14.72,moderate,2026-02-28
109,109,0,Midday (9–15),18,27.0,26.0,28.0,2.0,18.0,5.0,4.4,5.0,0.15833333333333333,0.07874015748031496,10.27,moderate,2026-02-28
109,109,0,Overnight (0–6),5,19.0,9.6,19.6,10.000000000000002,5.0,4.0,1.6,7.0,0.19,0.2994011976047905,24.61,moderate,2026-02-28
109,109,0,PM Peak (15–19),12,35.0,32.3,37.0,4.700000000000003,12.0,4.0,0.0,4.0,0.19,0.16725978647686843,16.69,moderate,2026-02-28
109,109,1,AM Peak (6–9),10,24.0,21.0,26.0,5.0,9.0,1.0,0.0,5.4,0.475,0.17605633802816903,27.19,no recovery time,2026-02-28
109,109,1,Evening (19–24),12,21.0,20.0,24.0,4.0,11.0,4.0,0.0,6.0,0.19,0.14598540145985403,15.41,moderate,2026-02-28
109,109,1,Midday (9–15),18,25.0,24.0,25.0,1.0,18.0,3.5,2.0,5.0,0.2111111111111111,0.04098360655737705,9.85,moderate,2026-02-28
109,109,1,Overnight (0–6),6,20.0,8.5,20.0,11.5,5.0,4.0,0.8,5.2,0.19,0.32951289398280803,26.42,moderate,2026-02-28
109,109,1,PM Peak (15–19),12,35.0,28.1,36.0,7.899999999999999,11.0,5.0,0.0,8.0,0.15833333333333333,0.2523961661341853,20.69,moderate,2026-02-28
110,110,0,AM Peak (6–9),31,23.0,18.25,26.0,7.75,14.0,4.5,3.3,7.0,0.17272727272727273,0.24879614767255218,20.97,moderate,2026-02-28
110,110,0,Evening (19–24),24,20.625,17.25,24.0,6.75,11.0,4.0,1.0,13.0,0.19,0.22388059701492538,20.08,moderate,2026-02-28
110,110,0,Midday (9–15),29,22.25,20.25,26.0,5.75,15.0,5.0,5.0,5.0,0.15833333333333333,0.19725557461406518,17.38,moderate,2026-02-28
110,110,0,Overnight (0–6),16,16.25,5.183333333333334,22.0,16.816666666666666,5.0,4.0,4.0,12.600000000000001,0.19,0.41815167840861994,31.74,moderate,2026-02-28
110,110,0,PM Peak (15–19),30,23.125,21.950000000000003,27.0,5.049999999999997,14.0,7.0,5.0,9.0,0.11875,0.17750439367311066,14.81,moderate,2026-02-28
110,110,1,AM Peak (6–9),30,23.0,20.0,29.0,9.0,29.0,3.0,2.0,7.0,0.2375,0.2777777777777778,24.98,very low recovery time,2026-02-28
110,110,1,Evening (19–24),23,21.0,20.0,25.0,5.0,22.0,8.0,1.0,10.0,0.10555555555555556,0.17605633802816903,14.26,moderate,2026-02-28
110,110,1,Midday (9–15),31,24.85,22.0,29.0,7.0,27.0,4.0,4.0,9.0,0.19,0.23026315789473686,20.47,moderate,2026-02-28
110,110,1,Overnight (0–6),15,20.0,8.503333333333334,23.0,14.496666666666666,12.0,1.0,1.0,9.8,0.475,0.3825314451578855,39.58,no recovery time,2026-02-28
110,110,1,PM Peak (15–19),31,25.0,21.0,30.0,9.0,30.0,7.5,5.9,11.100000000000001,0.11176470588235293,0.2777777777777778,20.58,moderate,2026-02-28
111,111,0,AM Peak (6–9),16,28.0,27.0,28.0,1.0,15.0,6.0,3.0,6.0,0.1357142857142857,0.04098360655737705,7.21,moderate,2026-02-28
111,111,0,Evening (19–24),14,23.0,20.0,23.0,3.0,13.0,5.0,5.0,5.0,0.15833333333333333,0.11363636363636365,12.36,moderate,2026-02-28
111,111,0,Midday (9–15),23,26.0,26.0,26.0,0.0,23.0,2.0,1.2000000000000002,5.200000000000003,0.31666666666666665,0.0,11.08,very low recovery time,2026-02-28
111,111,0,Overnight (0–6),7,24.0,20.0,24.0,4.0,6.0,4.0,1.5,5.0,0.19,0.14598540145985403,15.41,moderate,2026-02-28
111,111,0,PM Peak (15–19),21,29.0,29.0,29.0,0.0,20.0,5.0,5.0,5.0,0.15833333333333333,0.0,5.54,moderate,2026-02-28
111,111,1,AM Peak (6–9),17,31.0,26.4,31.0,4.600000000000001,16.0,1.0,1.0,5.0,0.475,0.16428571428571434,26.48,no recovery time,2026-02-28
111,111,1,Evening (19–24),14,29.0,27.0,31.1,4.100000000000001,13.0,3.0,2.0,3.0,0.2375,0.14909090909090914,17.26,very low recovery time,2026-02-28
111,111,1,Midday (9–15),24,29.0,29.0,29.0,0.0,23.0,7.0,1.4000000000000004,7.0,0.11875,0.0,4.16,moderate,2026-02-28
111,111,1,Overnight (0–6),10,24.0,3.8833333333333333,27.0,23.116666666666667,7.0,0.0,0.0,2.0,0.95,0.4969544965962021,63.07,"no recovery time, high schedule variability",2026-02-28
111,111,1,PM Peak (15–19),20,34.0,33.8,34.0,0.20000000000000284,21.0,4.0,4.0,6.0,0.19,0.00847457627118656,7.16,moderate,2026-02-28
112,112,0,AM Peak (6–9),16,38.0,34.0,42.0,8.0,15.0,7.0,6.4,7.0,0.11875,0.25477707006369427,19.44,moderate,2026-02-28
112,112,0,Evening (19–24),17,53.0,45.0,53.0,8.0,15.0,4.0,2.8000000000000003,6.199999999999999,0.19,0.25477707006369427,21.94,moderate,2026-02-28
112,112,0,Midday (9–15),36,30.0,30.0,60.0,30.0,32.0,6.0,0.10000000000000009,9.0,0.1357142857142857,0.5617977528089888,38.46,high schedule variability,2026-02-28
112,112,0,Overnight (0–6),10,45.0,34.0,45.0,11.0,6.0,5.0,3.0,5.5,0.15833333333333333,0.31976744186046513,24.73,moderate,2026-02-28
112,112,0,PM Peak (15–19),18,53.0,30.0,60.0,30.0,18.0,5.0,5.0,7.300000000000001,0.15833333333333333,0.5617977528089888,39.25,high schedule variability,2026-02-28
112,112,1,AM Peak (6–9),17,63.0,36.0,63.0,27.0,15.0,8.0,0.0,9.0,0.10555555555555556,0.5357142857142857,35.84,high schedule variability,2026-02-28
112,112,1,Evening (19–24),16,38.0,34.0,38.0,4.0,16.0,6.0,4.0,7.0,0.1357142857142857,0.14598540145985403,13.51,moderate,2026-02-28
112,112,1,Midday (9–15),31,37.0,32.0,55.0,23.0,33.0,9.0,0.0,12.0,0.095,0.4956896551724138,33.07,high schedule variability,2026-02-28
112,112,1,Overnight (0–6),8,34.0,18.983333333333334,62.556666666666665,43.57333333333333,7.0,4.0,2.4000000000000004,5.200000000000001,0.19,0.6506072068484969,45.69,high schedule variability,2026-02-28
112,112,1,PM Peak (15–19),19,38.0,37.0,43.0,6.0,19.0,5.0,0.0,12.0,0.15833333333333333,0.20408163265306123,17.79,moderate,2026-02-28
113,113,0,AM Peak (6–9),9,29.0,22.0,29.0,7.0,10.0,8.0,7.0,8.0,0.10555555555555556,0.23026315789473686,17.51,moderate,2026-02-28
113,113,0,Evening (19–24),11,27.0,22.0,27.0,5.0,11.0,11.0,6.0,11.0,0.07916666666666666,0.17605633802816903,13.33,moderate,2026-02-28
113,113,0,Midday (9–15),19,28.0,28.0,31.0,3.0,18.0,8.0,6.0,8.0,0.10555555555555556,0.11363636363636365,10.51,moderate,2026-02-28
113,113,0,Overnight (0–6),8,22.0,10.116666666666667,22.0,11.883333333333333,5.0,6.0,6.0,7.0,0.1357142857142857,0.3367973547472839,24.96,moderate,2026-02-28
113,113,0,PM Peak (15–19),14,31.0,28.9,31.0,2.1000000000000014,15.0,6.0,6.0,6.0,0.1357142857142857,0.08235294117647064,9.69,moderate,2026-02-28
113,113,1,AM Peak (6–9),9,28.0,23.0,28.0,5.0,9.0,15.0,2.0,16.0,0.059375,0.17605633802816903,12.64,moderate,2026-02-28
113,113,1,Evening (19–24),11,27.0,23.0,27.0,4.0,11.0,10.0,6.0,15.0,0.08636363636363636,0.14598540145985403,11.78,moderate,2026-02-28
113,113,1,Midday (9–15),19,28.0,28.0,33.0,5.0,18.0,16.0,10.7,16.0,0.055882352941176466,0.17605633802816903,12.52,moderate,2026-02-28
113,113,1,Overnight (0–6),8,21.5,9.45,23.0,13.55,7.0,9.0,3.6,12.0,0.095,0.36671177266576455,25.33,moderate,2026-02-28
113,113,1,PM Peak (15–19),15,33.0,28.6,33.0,4.399999999999999,13.0,10.0,10.0,10.0,0.08636363636363636,0.158273381294964,12.52,moderate,2026-02-28
114,114,0,AM Peak (6–9),25,21.0,18.6,21.0,2.3999999999999986,24.0,5.0,5.0,5.0,0.15833333333333333,0.09302325581395345,11.12,moderate,2026-02-28
114,114,0,Evening (19–24),20,19.0,18.0,19.0,1.0,20.0,1.0,1.0,2.0,0.475,0.04098360655737705,19.08,no recovery time,2026-02-28
114,114,0,Midday (9–15),36,22.0,22.0,22.0,0.0,36.0,3.0,3.0,3.0,0.2375,0.0,8.31,very low recovery time,2026-02-28
114,114,0,Overnight (0–6),8,18.0,17.0,18.0,1.0,7.0,2.0,2.0,5.0,0.31666666666666665,0.04098360655737705,13.54,very low recovery time,2026-02-28
114,114,0,PM Peak (15–19),24,24.0,24.0,24.0,0.0,24.0,1.0,1.0,1.0,0.475,0.0,16.62,no recovery time,2026-02-28
114,114,1,AM Peak (6–9),24,25.0,21.5,25.0,3.5,21.0,12.0,12.0,12.0,0.07307692307692307,0.13011152416356878,10.36,moderate,2026-02-28
114,114,1,Evening (19–24),20,21.0,20.0,21.0,1.0,19.0,19.0,5.0,19.0,0.0475,0.04098360655737705,4.12,moderate,2026-02-28
114,114,1,Midday (9–15),36,24.0,24.0,25.5,1.5,35.0,11.0,11.0,11.0,0.07916666666666666,0.06024096385542169,6.39,moderate,2026-02-28
114,114,1,Overnight (0–6),9,20.0,20.0,20.0,0.0,6.0,6.5,5.0,10.0,0.12666666666666665,0.0,4.43,moderate,2026-02-28
114,114,1,PM Peak (15–19),24,32.0,32.0,32.0,0.0,23.0,23.0,23.0,23.0,0.03958333333333333,0.0,1.39,moderate,2026-02-28
115,115,0,AM Peak (6–9),8,20.0,15.0,20.0,5.0,7.0,9.0,4.0,15.0,0.095,0.17605633802816903,13.89,moderate,2026-02-28
115,115,0,Evening (19–24),10,16.0,16.0,16.299999999999997,0.29999999999999716,8.0,5.0,2.0,5.0,0.15833333333333333,0.012658227848101148,6.3,moderate,2026-02-28
115,115,0,Midday (9–15),15,15.0,15.0,19.0,4.0,14.0,5.0,2.9000000000000004,11.30000000000001,0.15833333333333333,0.14598540145985403,14.3,moderate,2026-02-28
115,115,0,PM Peak (15–19),12,19.0,19.0,19.0,0.0,11.0,3.0,3.0,5.0,0.2375,0.0,8.31,very low recovery time,2026-02-28
115,115,1,AM Peak (6–9),9,26.0,20.0,26.0,6.0,8.0,0.0,0.0,0.0,0.95,0.20408163265306123,45.49,no recovery time,2026-02-28
115,115,1,Evening (19–24),9,19.0,19.0,24.200000000000003,5.200000000000003,10.0,0.0,0.0,1.3999999999999986,0.95,0.1818181818181819,44.16,no recovery time,2026-02-28
115,115,1,Midday (9–15),15,20.0,20.0,24.2,4.199999999999999,15.0,0.0,0.0,1.5999999999999996,0.95,0.15217391304347824,42.38,no recovery time,2026-02-28
115,115,1,PM Peak (15–19),12,29.0,29.0,29.0,0.0,12.0,14.0,12.2,14.0,0.06333333333333332,0.0,2.22,moderate,2026-02-28
116,116,0,AM Peak (6–9),26,51.0,47.5,52.0,4.5,23.0,5.0,3.2,8.0,0.15833333333333333,0.16129032258064516,15.22,moderate,2026-02-28
116,116,0,Evening (19–24),34,46.0,40.0,51.4,11.399999999999999,34.0,6.0,5.300000000000001,7.0,0.1357142857142857,0.3275862068965517,24.41,moderate,2026-02-28
116,116,0,Midday (9–15),46,51.0,51.0,52.0,1.0,45.0,6.0,4.0,8.0,0.1357142857142857,0.04098360655737705,7.21,moderate,2026-02-28
116,116,0,Overnight (0–6),17,40.0,39.0,47.0,8.0,15.0,6.0,6.0,10.0,0.1357142857142857,0.25477707006369427,20.04,moderate,2026-02-28
116,116,0,PM Peak (15–19),31,52.0,52.0,52.0,0.0,30.0,8.0,7.9,8.0,0.10555555555555556,0.0,3.69,moderate,2026-02-28
116,116,1,AM Peak (6–9),29,53.0,48.0,54.0,6.0,25.0,3.0,2.0,7.600000000000001,0.2375,0.20408163265306123,20.56,very low recovery time,2026-02-28
116,116,1,Evening (19–24),37,51.0,47.0,57.8,10.799999999999997,34.0,6.5,3.0,8.0,0.12666666666666665,0.3157894736842105,23.38,moderate,2026-02-28
116,116,1,Midday (9–15),46,54.0,54.0,64.0,10.0,45.0,9.0,5.4,10.600000000000001,0.095,0.29940119760479045,21.29,moderate,2026-02-28
116,116,1,Overnight (0–6),26,41.0,3.7666666666666666,47.5,43.733333333333334,17.0,3.0,0.0,7.4,0.2375,0.6514399205561073,47.4,"very low recovery time, high schedule variability",2026-02-28
116,116,1,PM Peak (15–19),32,64.0,64.0,64.0,0.0,30.0,4.0,4.0,4.0,0.19,0.0,6.65,moderate,2026-02-28
117,117,0,AM Peak (6–9),9,26.0,23.0,26.0,3.0,9.0,13.0,5.2,13.0,0.06785714285714285,0.11363636363636365,9.19,moderate,2026-02-28
117,117,0,Evening (19–24),15,25.0,19.0,25.0,6.0,14.0,9.0,0.30000000000000004,11.0,0.095,0.20408163265306123,15.57,moderate,2026-02-28
117,117,0,Midday (9–15),20,25.0,25.0,28.0,3.0,20.0,18.0,13.0,18.0,0.049999999999999996,0.11363636363636365,8.57,moderate,2026-02-28
117,117,0,Overnight (0–6),7,19.0,19.0,20.6,1.6000000000000014,5.0,1.0,1.0,1.0,0.475,0.06400000000000006,20.47,no recovery time,2026-02-28
117,117,0,PM Peak (15–19),13,28.0,25.0,28.0,3.0,13.0,4.0,4.0,11.0,0.19,0.11363636363636365,13.47,moderate,2026-02-28
117,117,1,AM Peak (6–9),10,26.0,19.611666666666668,26.0,6.388333333333332,8.0,3.0,2.4000000000000004,10.099999999999998,0.2375,0.21445756168522348,21.18,very low recovery time,2026-02-28
117,117,1,Evening (19–24),15,23.0,20.0,23.0,3.0,15.0,1.0,1.0,5.199999999999999,0.475,0.11363636363636365,23.44,no recovery time,2026-02-28
117,117,1,Midday (9–15),20,24.0,24.0,28.0,4.0,20.0,5.0,3.0,5.0,0.15833333333333333,0.14598540145985403,14.3,moderate,2026-02-28
117,117,1,Overnight (0–6),6,20.0,13.558333333333334,20.0,6.441666666666666,6.0,7.0,7.0,12.0,0.11875,0.21586149120357442,17.11,moderate,2026-02-28
117,117,1,PM Peak (15–19),13,28.0,23.0,28.0,5.0,14.0,1.0,1.0,4.100000000000003,0.475,0.17605633802816903,27.19,no recovery time,2026-02-28
118,118,0,AM Peak (6–9),8,31.0,29.0,31.0,2.0,8.0,0.0,0.0,0.0,0.95,0.07874015748031496,37.97,no recovery time,2026-02-28
118,118,0,Evening (19–24),12,35.0,30.0,35.0,5.0,12.0,0.0,0.0,0.0,0.95,0.17605633802816903,43.81,no recovery time,2026-02-28
118,118,0,Midday (9–15),13,33.0,33.0,33.0,0.0,13.0,0.0,0.0,0.0,0.95,0.0,33.25,no recovery time,2026-02-28
118,118,0,Overnight (0–6),5,30.0,29.0,30.0,1.0,4.0,0.0,0.0,0.0,0.95,0.04098360655737705,35.71,no recovery time,2026-02-28
118,118,0,PM Peak (15–19),10,42.0,42.0,42.0,0.0,10.0,0.0,0.0,0.0,0.95,0.0,33.25,no recovery time,2026-02-28
118,118,1,AM Peak (6–9),8,38.0,35.0,38.0,3.0,7.0,11.0,6.0,15.4,0.07916666666666666,0.11363636363636365,9.59,moderate,2026-02-28
118,118,1,Evening (19–24),12,28.0,21.0,28.0,7.0,11.0,12.0,9.0,17.0,0.07307692307692307,0.23026315789473686,16.37,moderate,2026-02-28
118,118,1,Midday (9–15),13,36.0,36.0,36.0,0.0,13.0,12.0,9.600000000000001,12.0,0.07307692307692307,0.0,2.56,moderate,2026-02-28
118,118,1,Overnight (0–6),4,21.0,21.0,30.800000000000004,9.800000000000004,3.0,9.0,9.0,9.0,0.095,0.2951807228915664,21.04,moderate,2026-02-28
118,118,1,PM Peak (15–19),10,38.0,37.8,38.0,0.20000000000000284,8.0,16.0,5.1000000000000005,16.0,0.055882352941176466,0.00847457627118656,2.46,moderate,2026-02-28
119,119,0,AM Peak (6–9),9,52.0,47.663333333333334,52.0,4.336666666666666,9.0,2.0,1.0,3.000000000000001,0.31666666666666665,0.1563514000721067,20.46,very low recovery time,2026-02-28
119,119,0,Evening (19–24),1,32.31666666666667,32.31666666666667,32.31666666666667,0.0,2.0,2.0,0.4,3.6,0.31666666666666665,0.0,11.08,very low recovery time,2026-02-28
119,119,0,Midday (9–15),13,30.316666666666666,28.316666666666666,58.6,30.283333333333335,4.0,3.5,1.3,6.4,0.2111111111111111,0.5641105246817758,41.24,high schedule variability,2026-02-28
119,119,0,Overnight (0–6),3,37.0,23.666666666666664,49.0,25.333333333333336,,10.0,,,0.08636363636363636,0.5198358413132695,34.21,high schedule variability,2026-02-28
119,119,0,PM Peak (15–19),9,59.0,59.0,59.0,0.0,9.0,7.0,7.0,7.4,0.11875,0.0,4.16,moderate,2026-02-28
119,119,1,AM Peak (6–9),9,44.0,43.8,44.0,0.20000000000000284,9.0,2.0,2.0,3.0,0.31666666666666665,0.00847457627118656,11.59,very low recovery time,2026-02-28
119,119,1,Evening (19–24),2,7.0,7.0,7.0,0.0,,10.0,,,0.08636363636363636,0.0,3.02,moderate,2026-02-28
119,119,1,Midday (9–15),13,33.65,31.65,43.0,11.350000000000001,12.0,11.5,2.5000000000000004,12.0,0.076,0.3266187050359713,22.26,moderate,2026-02-28
119,119,1,Overnight (0–6),3,32.65,32.65,32.65,0.0,1.0,3.0,3.0,3.0,0.2375,0.0,8.31,very low recovery time,2026-02-28
119,119,1,PM Peak (15–19),10,52.0,52.0,52.0,0.0,10.0,7.0,6.8,11.0,0.11875,0.0,4.16,moderate,2026-02-28
120,120,0,AM Peak (6–9),5,25.0,25.0,25.0,0.0,5.0,2.0,2.0,3.8000000000000003,0.31666666666666665,0.0,11.08,very low recovery time,2026-02-28
120,120,0,Evening (19–24),10,24.0,21.0,24.0,3.0,10.0,6.0,5.4,9.0,0.1357142857142857,0.11363636363636365,11.57,moderate,2026-02-28
120,120,0,Midday (9–15),13,28.0,28.0,29.0,1.0,12.0,2.0,0.20000000000000018,2.0,0.31666666666666665,0.04098360655737705,13.54,very low recovery time,2026-02-28
120,120,0,Overnight (0–6),3,21.0,21.0,21.0,0.0,4.0,0.0,0.0,6.300000000000002,0.95,0.0,33.25,no recovery time,2026-02-28
120,120,0,PM Peak (15–19),10,29.0,24.0,29.0,5.0,10.0,8.0,0.0,8.0,0.10555555555555556,0.17605633802816903,14.26,moderate,2026-02-28
120,120,1,AM Peak (6–9),6,28.0,23.316666666666666,28.0,4.683333333333334,6.0,3.5,0.0,5.0,0.2111111111111111,0.16676557863501484,17.39,moderate,2026-02-28
120,120,1,Evening (19–24),10,24.0,21.0,24.0,3.0,10.0,6.0,6.0,9.0,0.1357142857142857,0.11363636363636365,11.57,moderate,2026-02-28
120,120,1,Midday (9–15),14,28.0,28.0,30.0,2.0,11.0,2.0,1.0,2.0,0.31666666666666665,0.07874015748031496,15.81,very low recovery time,2026-02-28
120,120,1,Overnight (0–6),4,11.891666666666666,2.783333333333333,21.0,18.21666666666667,3.0,3.0,0.6000000000000001,7.800000000000001,0.2375,0.4377252703243893,34.58,very low recovery time,2026-02-28
120,120,1,PM Peak (15–19),10,30.0,21.878333333333334,30.0,8.121666666666666,10.0,8.0,0.9,8.1,0.10555555555555556,0.25765346587003646,19.15,moderate,2026-02-28
121,121,0,AM Peak (6–9),11,29.0,28.0,29.0,1.0,10.0,2.0,2.0,3.1999999999999993,0.31666666666666665,0.04098360655737705,13.54,very low recovery time,2026-02-28
121,121,0,Evening (19–24),14,32.5,30.0,35.0,5.0,13.0,2.0,1.2000000000000002,2.0,0.31666666666666665,0.17605633802816903,21.65,very low recovery time,2026-02-28
121,121,0,Midday (9–15),18,29.0,29.0,29.0,0.0,18.0,1.0,0.0,1.0,0.475,0.0,16.62,no recovery time,2026-02-28
121,121,0,Overnight (0–6),4,30.0,29.498333333333335,30.0,0.5016666666666652,5.0,2.0,2.0,7.120000000000001,0.31666666666666665,0.020988773446760974,12.34,very low recovery time,2026-02-28
121,121,0,PM Peak (15–19),13,36.0,31.4,36.0,4.600000000000001,12.0,3.0,1.2000000000000002,11.700000000000001,0.2375,0.16428571428571434,18.17,very low recovery time,2026-02-28
121,121,1,AM Peak (6–9),12,26.0,26.0,26.0,0.0,11.0,3.0,3.0,5.0,0.2375,0.0,8.31,very low recovery time,2026-02-28
121,121,1,Evening (19–24),14,29.0,24.0,29.0,5.0,14.0,4.5,4.0,6.0,0.17272727272727273,0.17605633802816903,16.61,moderate,2026-02-28
121,121,1,Midday (9–15),18,28.0,28.0,28.0,0.0,17.0,2.0,2.0,2.0,0.31666666666666665,0.0,11.08,very low recovery time,2026-02-28
121,121,1,Overnight (0–6),5,24.0,24.0,24.0,0.0,4.0,4.0,1.2000000000000002,4.0,0.19,0.0,6.65,moderate,2026-02-28
121,121,1,PM Peak (15–19),12,32.0,29.3,32.0,2.6999999999999993,13.0,1.0,1.0,3.0,0.475,0.10344827586206895,22.83,no recovery time,2026-02-28
122,122,0,AM Peak (6–9),14,28.5,24.0,30.0,6.0,13.0,9.0,8.0,11.400000000000002,0.095,0.20408163265306123,15.57,moderate,2026-02-28
122,122,0,Evening (19–24),16,28.0,25.0,31.0,6.0,13.0,6.0,6.0,12.0,0.1357142857142857,0.20408163265306123,16.99,moderate,2026-02-28
122,122,0,Midday (9–15),20,27.0,25.0,30.0,5.0,18.0,6.5,4.0,9.800000000000004,0.12666666666666665,0.17605633802816903,15.0,moderate,2026-02-28
122,122,0,Overnight (0–6),5,25.0,24.4,25.0,0.6000000000000014,3.0,12.0,12.0,12.0,0.07307692307692307,0.02500000000000006,4.06,moderate,2026-02-28
122,122,0,PM Peak (15–19),24,31.0,31.0,31.0,0.0,22.0,7.0,7.0,7.0,0.11875,0.0,4.16,moderate,2026-02-28
122,122,1,AM Peak (6–9),15,29.0,26.0,33.0,7.0,14.0,1.0,1.0,1.0,0.475,0.23026315789473686,30.44,no recovery time,2026-02-28
122,122,1,Evening (19–24),14,25.0,22.0,25.0,3.0,16.0,1.0,1.0,1.0,0.475,0.11363636363636365,23.44,no recovery time,2026-02-28
122,122,1,Midday (9–15),20,28.0,27.0,30.1,3.1000000000000014,20.0,1.0,1.0,1.0,0.475,0.11698113207547176,23.64,no recovery time,2026-02-28
122,122,1,Overnight (0–6),6,22.0,9.0,24.0,15.0,5.0,1.0,1.0,1.0,0.475,0.390625,40.06,no recovery time,2026-02-28
122,122,1,PM Peak (15–19),24,31.0,31.0,31.0,0.0,24.0,1.0,1.0,1.0,0.475,0.0,16.62,no recovery time,2026-02-28
123,123,0,AM Peak (6–9),35,15.0,15.0,26.0,11.0,31.0,6.0,5.0,7.0,0.1357142857142857,0.31976744186046513,23.94,moderate,2026-02-28
123,123,0,Evening (19–24),24,21.0,20.0,21.0,1.0,24.0,4.0,1.6000000000000005,7.0,0.19,0.04098360655737705,9.11,moderate,2026-02-28
123,123,0,Midday (9–15),34,16.5,16.0,27.0,11.0,34.0,7.0,3.0,9.0,0.11875,0.31976744186046513,23.34,moderate,2026-02-28
123,123,0,Overnight (0–6),13,20.0,10.106666666666667,21.0,10.893333333333333,10.0,5.0,3.9,11.1,0.15833333333333333,0.317651632970451,24.6,moderate,2026-02-28
123,123,0,PM Peak (15–19),44,17.0,15.0,29.0,14.0,44.0,5.0,3.0,5.0,0.15833333333333333,0.37433155080213903,28.0,moderate,2026-02-28
123,123,1,AM Peak (6–9),33,16.0,16.0,32.0,16.0,33.0,6.0,3.0,7.0,0.1357142857142857,0.40609137055837563,29.12,moderate,2026-02-28
123,123,1,Evening (19–24),25,24.0,22.0,26.0,4.0,23.0,3.0,1.2000000000000002,3.0,0.2375,0.14598540145985403,17.07,very low recovery time,2026-02-28
123,123,1,Midday (9–15),35,19.0,16.0,32.0,16.0,33.0,3.0,3.0,5.0,0.2375,0.40609137055837563,32.68,very low recovery time,2026-02-28
123,123,1,Overnight (0–6),11,24.0,22.0,29.0,7.0,10.0,2.0,1.9,9.499999999999998,0.31666666666666665,0.23026315789473686,24.9,very low recovery time,2026-02-28
123,123,1,PM Peak (15–19),45,19.0,18.0,36.0,18.0,42.0,5.0,3.0,5.0,0.15833333333333333,0.43478260869565216,31.63,moderate,2026-02-28
124,124,0,AM Peak (6–9),19,13.0,10.0,13.0,3.0,18.0,5.0,4.7,7.0,0.15833333333333333,0.11363636363636365,12.36,moderate,2026-02-28
124,124,0,Evening (19–24),16,11.0,9.0,11.0,2.0,16.0,5.0,5.0,7.0,0.15833333333333333,0.07874015748031496,10.27,moderate,2026-02-28
124,124,0,Midday (9–15),22,13.0,13.0,13.0,0.0,21.0,6.0,4.0,6.0,0.1357142857142857,0.0,4.75,moderate,2026-02-28
124,124,0,Overnight (0–6),7,10.0,9.0,10.0,1.0,7.0,7.0,4.0,7.0,0.11875,0.04098360655737705,6.62,moderate,2026-02-28
124,124,0,PM Peak (15–19),24,15.0,13.0,15.0,2.0,22.0,3.0,3.0,4.900000000000002,0.2375,0.07874015748031496,13.04,very low recovery time,2026-02-28
124,124,1,AM Peak (6–9),19,15.0,13.0,15.0,2.0,18.0,3.0,3.0,3.0,0.2375,0.07874015748031496,13.04,very low recovery time,2026-02-28
124,124,1,Evening (19–24),16,11.0,10.0,11.0,1.0,16.0,3.0,3.0,4.0,0.2375,0.04098360655737705,10.77,very low recovery time,2026-02-28
124,124,1,Midday (9–15),20,14.0,14.0,14.0,0.0,22.0,3.0,3.0,3.0,0.2375,0.0,8.31,very low recovery time,2026-02-28
124,124,1,Overnight (0–6),7,12.0,10.0,14.0,4.0,5.0,4.0,1.6,4.0,0.19,0.14598540145985403,15.41,moderate,2026-02-28
124,124,1,PM Peak (15–19),26,15.0,13.5,15.0,1.5,24.0,3.0,3.0,3.0,0.2375,0.06024096385542169,11.93,very low recovery time,2026-02-28
125,125,0,AM Peak (6–9),22,15.0,15.0,15.0,0.0,21.0,0.0,0.0,0.0,0.95,0.0,33.25,no recovery time,2026-02-28
125,125,0,Evening (19–24),18,12.0,12.0,12.0,0.0,19.0,0.0,0.0,0.0,0.95,0.0,33.25,no recovery time,2026-02-28
125,125,0,Midday (9–15),25,14.0,14.0,14.0,0.0,26.0,0.0,0.0,1.0,0.95,0.0,33.25,no recovery time,2026-02-28
125,125,0,Overnight (0–6),5,12.0,2.1166666666666667,12.0,9.883333333333333,4.0,0.0,0.0,0.0,0.95,0.2969454181271908,51.07,no recovery time,2026-02-28
125,125,0,PM Peak (15–19),25,15.0,14.4,15.0,0.5999999999999996,25.0,0.0,0.0,0.0,0.95,0.024999999999999984,34.75,no recovery time,2026-02-28
125,125,1,AM Peak (6–9),21,15.0,15.0,15.0,0.0,19.0,0.0,0.0,1.0,0.95,0.0,33.25,no recovery time,2026-02-28
125,125,1,Evening (19–24),20,13.0,11.891666666666667,13.0,1.1083333333333325,18.0,5.0,3.8000000000000007,5.0,0.15833333333333333,0.04522271336280174,8.26,moderate,2026-02-28
125,125,1,Midday (9–15),26,14.0,14.0,14.0,0.0,26.0,2.0,2.0,2.5,0.31666666666666665,0.0,11.08,very low recovery time,2026-02-28
125,125,1,Overnight (0–6),4,13.0,5.241666666666667,14.4,9.158333333333333,3.0,5.0,3.4,5.0,0.15833333333333333,0.2812899923214743,22.42,moderate,2026-02-28
125,125,1,PM Peak (15–19),24,15.0,15.0,15.0,0.0,23.0,0.0,0.0,0.0,0.95,0.0,33.25,no recovery time,2026-02-28
126,126,0,AM Peak (6–9),9,16.0,11.0,16.0,5.0,8.0,2.0,0.0,2.0,0.31666666666666665,0.17605633802816903,21.65,very low recovery time,2026-02-28
126,126,0,Evening (19–24),10,13.0,11.0,13.0,2.0,11.0,2.0,2.0,4.0,0.31666666666666665,0.07874015748031496,15.81,very low recovery time,2026-02-28
126,126,0,Midday (9–15),13,14.0,14.0,15.600000000000001,1.6000000000000014,13.0,0.0,0.0,0.0,0.95,0.06400000000000006,37.09,no recovery time,2026-02-28
126,126,0,Overnight (0–6),3,11.0,11.0,11.0,0.0,3.0,4.0,0.8,4.0,0.19,0.0,6.65,moderate,2026-02-28
126,126,0,PM Peak (15–19),13,16.0,16.0,16.0,0.0,13.0,0.0,0.0,0.0,0.95,0.0,33.25,no recovery time,2026-02-28
126,126,1,AM Peak (6–9),8,16.0,12.0,16.0,4.0,8.0,2.0,2.0,7.0,0.31666666666666665,0.14598540145985403,19.84,very low recovery time,2026-02-28
126,126,1,Evening (19–24),10,13.0,11.0,13.0,2.0,10.0,2.0,1.8,4.0,0.31666666666666665,0.07874015748031496,15.81,very low recovery time,2026-02-28
126,126,1,Midday (9–15),13,16.0,16.0,18.400000000000002,2.400000000000002,12.0,0.0,0.0,2.700000000000001,0.95,0.09302325581395357,38.83,no recovery time,2026-02-28
126,126,1,Overnight (0–6),4,11.0,11.0,11.7,0.6999999999999993,2.0,4.0,4.0,4.0,0.19,0.029045643153526944,8.39,moderate,2026-02-28
126,126,1,PM Peak (15–19),13,19.0,19.0,19.0,0.0,12.0,1.0,1.0,1.0,0.475,0.0,16.62,no recovery time,2026-02-28
127,127,0,AM Peak (6–9),8,25.0,21.0,25.0,4.0,8.0,2.0,0.7000000000000001,2.0,0.31666666666666665,0.14598540145985403,19.84,very low recovery time,2026-02-28
127,127,0,Evening (19–24),12,23.5,21.0,26.0,5.0,12.0,3.0,0.0,3.0,0.2375,0.17605633802816903,18.88,very low recovery time,2026-02-28
127,127,0,Midday (9–15),17,27.0,26.2,34.2,8.000000000000004,16.0,3.0,2.0,3.5,0.2375,0.2547770700636944,23.6,very low recovery time,2026-02-28
127,127,0,Overnight (0–6),4,21.0,21.0,21.0,0.0,3.0,3.0,3.0,3.0,0.2375,0.0,8.31,very low recovery time,2026-02-28
127,127,0,PM Peak (15–19),9,39.0,38.0,39.0,1.0,9.0,3.0,3.0,3.6000000000000005,0.2375,0.04098360655737705,10.77,very low recovery time,2026-02-28
127,127,1,AM Peak (6–9),8,36.0,25.0,36.0,11.0,6.0,3.0,1.0,6.0,0.2375,0.31976744186046513,27.5,very low recovery time,2026-02-28
127,127,1,Evening (19–24),12,21.5,20.0,25.0,5.0,11.0,4.0,3.0,6.0,0.19,0.17605633802816903,17.21,moderate,2026-02-28
127,127,1,Midday (9–15),16,29.0,29.0,29.0,0.0,17.0,7.0,3.0,7.0,0.11875,0.0,4.16,moderate,2026-02-28
127,127,1,Overnight (0–6),3,20.0,20.0,20.0,0.0,3.0,4.0,4.0,4.0,0.19,0.0,6.65,moderate,2026-02-28
127,127,1,PM Peak (15–19),9,29.0,28.6,29.0,0.3999999999999986,9.0,7.0,6.6,7.0,0.11875,0.016806722689075574,5.16,moderate,2026-02-28
129,129,0,AM Peak (6–9),20,70.5,41.0,72.0,31.0,19.0,8.0,7.2,8.0,0.10555555555555556,0.5698529411764706,37.89,high schedule variability,2026-02-28
129,129,0,Evening (19–24),33,35.0,33.0,56.0,23.0,29.0,7.0,5.0,8.0,0.11875,0.4956896551724138,33.9,high schedule variability,2026-02-28
129,129,0,Midday (9–15),39,39.0,39.0,66.60000000000001,27.60000000000001,35.0,8.0,8.0,15.0,0.10555555555555556,0.5411764705882354,36.17,high schedule variability,2026-02-28
129,129,0,Overnight (0–6),16,34.0,31.0,59.0,28.0,13.0,8.0,2.8000000000000007,9.600000000000001,0.10555555555555556,0.5447470817120623,36.38,high schedule variability,2026-02-28
129,129,0,PM Peak (15–19),26,68.5,41.0,69.0,28.0,25.0,9.0,9.0,10.200000000000003,0.095,0.5447470817120623,36.01,high schedule variability,2026-02-28
129,129,1,AM Peak (6–9),19,67.0,37.8,67.0,29.200000000000003,18.0,9.5,3.0,18.0,0.09047619047619047,0.5551330798479088,36.47,high schedule variability,2026-02-28
129,129,1,Evening (19–24),32,35.0,32.0,62.60000000000001,30.60000000000001,33.0,9.0,6.0,16.0,0.095,0.5666666666666668,37.33,high schedule variability,2026-02-28
129,129,1,Midday (9–15),39,39.0,39.0,72.20000000000002,33.20000000000002,32.0,4.0,3.0,16.50000000000001,0.19,0.5865724381625443,41.84,high schedule variability,2026-02-28
129,129,1,Overnight (0–6),20,30.0,28.766666666666666,34.80000000000004,6.033333333333374,13.0,7.0,0.6000000000000005,17.8,0.11875,0.20498301245753225,16.46,moderate,2026-02-28
129,129,1,PM Peak (15–19),27,70.0,42.4,79.0,36.6,27.0,11.0,7.800000000000001,18.0,0.07916666666666666,0.61,39.37,high schedule variability,2026-02-28
130,130,0,AM Peak (6–9),9,22.0,20.0,22.0,2.0,,10.0,,,0.08636363636363636,0.07874015748031496,7.75,moderate,2026-02-28
130,130,0,Evening (19–24),11,22.0,20.0,22.0,2.0,,10.0,,,0.08636363636363636,0.07874015748031496,7.75,moderate,2026-02-28
130,130,0,Midday (9–15),14,21.0,21.0,21.0,0.0,,10.0,,,0.08636363636363636,0.0,3.02,moderate,2026-02-28
130,130,0,Overnight (0–6),3,20.0,20.0,20.0,0.0,,10.0,,,0.08636363636363636,0.0,3.02,moderate,2026-02-28
130,130,0,PM Peak (15–19),11,24.0,22.0,24.0,2.0,,10.0,,,0.08636363636363636,0.07874015748031496,7.75,moderate,2026-02-28
130,130,1,AM Peak (6–9),8,24.0,20.0,24.0,4.0,8.0,7.0,5.5,12.5,0.11875,0.14598540145985403,12.92,moderate,2026-02-28
130,130,1,Evening (19–24),12,22.0,20.0,22.0,2.0,11.0,6.0,0.0,15.0,0.1357142857142857,0.07874015748031496,9.47,moderate,2026-02-28
130,130,1,Midday (9–15),15,20.0,20.0,20.0,0.0,14.0,3.0,3.0,3.0,0.2375,0.0,8.31,very low recovery time,2026-02-28
130,130,1,Overnight (0–6),4,20.0,20.0,20.0,0.0,2.0,0.0,0.0,0.0,0.95,0.0,33.25,no recovery time,2026-02-28
130,130,1,PM Peak (15–19),10,23.0,23.0,23.0,0.0,10.0,8.5,7.2,10.399999999999999,0.09999999999999999,0.0,3.5,moderate,2026-02-28
131,131,0,AM Peak (6–9),13,50.0,50.0,50.0,0.0,14.0,10.0,4.0,10.0,0.08636363636363636,0.0,3.02,moderate,2026-02-28
131,131,0,Evening (19–24),19,41.0,31.0,41.0,10.0,16.0,10.0,9.0,17.5,0.08636363636363636,0.29940119760479045,20.99,moderate,2026-02-28
131,131,0,Midday (9–15),23,50.0,50.0,50.0,0.0,21.0,12.0,9.0,12.0,0.07307692307692307,0.0,2.56,moderate,2026-02-28
131,131,0,Overnight (0–6),9,38.0,3.0,43.0,40.0,2.0,1.5,1.1,1.9,0.38,0.6309148264984227,51.15,"very low recovery time, high schedule variability",2026-02-28
131,131,0,PM Peak (15–19),18,43.0,43.0,43.0,0.0,18.0,13.0,7.500000000000001,14.200000000000003,0.06785714285714285,0.0,2.38,moderate,2026-02-28
131,131,1,AM Peak (6–9),16,51.0,26.5,51.0,24.5,14.0,6.0,3.9000000000000004,9.400000000000002,0.1357142857142857,0.511482254697286,35.44,high schedule variability,2026-02-28
131,131,1,Evening (19–24),16,47.0,44.0,47.0,3.0,19.0,4.0,0.0,4.199999999999999,0.19,0.11363636363636365,13.47,moderate,2026-02-28
131,131,1,Midday (9–15),21,51.0,51.0,52.0,1.0,22.0,6.0,6.0,10.50000000000001,0.1357142857142857,0.04098360655737705,7.21,moderate,2026-02-28
131,131,1,Overnight (0–6),9,41.93333333333333,2.0,44.6,42.6,9.0,0.0,0.0,0.6000000000000005,0.95,0.6454545454545455,71.98,"no recovery time, high schedule variability",2026-02-28
131,131,1,PM Peak (15–19),20,55.0,55.0,55.0,0.0,18.0,6.0,5.4,7.200000000000003,0.1357142857142857,0.0,4.75,moderate,2026-02-28
132,132,0,AM Peak (6–9),8,24.0,24.0,24.0,0.0,,10.0,,,0.08636363636363636,0.0,3.02,moderate,2026-02-28
132,132,0,Evening (19–24),11,21.0,18.0,23.0,5.0,,10.0,,,0.08636363636363636,0.17605633802816903,13.59,moderate,2026-02-28
132,132,0,Midday (9–15),15,24.0,24.0,24.0,0.0,,10.0,,,0.08636363636363636,0.0,3.02,moderate,2026-02-28
132,132,0,Overnight (0–6),5,18.0,7.960000000000001,21.6,13.64,,10.0,,,0.08636363636363636,0.36825053995680346,25.12,moderate,2026-02-28
132,132,0,PM Peak (15–19),11,22.0,22.0,22.0,0.0,,10.0,,,0.08636363636363636,0.0,3.02,moderate,2026-02-28
132,132,1,AM Peak (6–9),10,25.0,22.94,25.0,2.0599999999999987,8.0,0.0,0.0,2.0,0.95,0.08091123330714843,38.1,no recovery time,2026-02-28
132,132,1,Evening (19–24),11,24.0,24.0,27.0,3.0,11.0,0.0,0.0,3.0,0.95,0.11363636363636365,40.07,no recovery time,2026-02-28
132,132,1,Midday (9–15),14,24.0,24.0,24.0,0.0,15.0,0.0,0.0,0.0,0.95,0.0,33.25,no recovery time,2026-02-28
132,132,1,Overnight (0–6),4,24.0,10.280000000000001,24.0,13.719999999999999,5.0,0.0,0.0,3.0,0.95,0.36961206896551724,55.43,no recovery time,2026-02-28
132,132,1,PM Peak (15–19),11,27.0,27.0,27.0,0.0,11.0,0.0,0.0,0.0,0.95,0.0,33.25,no recovery time,2026-02-28
133,133,0,AM Peak (6–9),15,50.0,50.0,50.0,0.0,14.0,11.0,6.800000000000001,11.0,0.07916666666666666,0.0,2.77,moderate,2026-02-28
133,133,0,Evening (19–24),19,46.0,41.0,46.0,5.0,19.0,6.0,5.0,9.399999999999999,0.1357142857142857,0.17605633802816903,15.31,moderate,2026-02-28
133,133,0,Midday (9–15),32,50.0,49.0,53.0,4.0,30.0,11.0,10.9,12.0,0.07916666666666666,0.14598540145985403,11.53,moderate,2026-02-28
133,133,0,Overnight (0–6),9,41.0,36.0,44.2,8.200000000000003,8.0,5.0,5.0,11.5,0.15833333333333333,0.259493670886076,21.11,moderate,2026-02-28
133,133,0,PM Peak (15–19),24,53.0,51.3,53.0,1.7000000000000028,24.0,11.0,11.0,11.0,0.07916666666666666,0.06772908366533875,6.83,moderate,2026-02-28
133,133,1,AM Peak (6–9),29,14.0,14.0,47.0,33.0,28.0,0.0,0.0,10.0,0.95,0.5851063829787234,68.36,"no recovery time, high schedule variability",2026-02-28
133,133,1,Evening (19–24),21,60.0,52.0,60.0,8.0,18.0,8.0,2.0,8.0,0.10555555555555556,0.25477707006369427,18.98,moderate,2026-02-28
133,133,1,Midday (9–15),48,46.0,14.0,64.0,50.0,48.0,9.0,0.0,11.0,0.095,0.6811989100817438,44.2,high schedule variability,2026-02-28
133,133,1,Overnight (0–6),16,36.5,10.0,50.0,40.0,9.0,0.0,0.0,3.000000000000001,0.95,0.6309148264984227,71.1,"no recovery time, high schedule variability",2026-02-28
133,133,1,PM Peak (15–19),24,64.0,64.0,64.0,0.0,24.0,12.0,10.600000000000001,12.0,0.07307692307692307,0.0,2.56,moderate,2026-02-28
134,134,0,AM Peak (6–9),12,23.0,23.0,23.0,0.0,11.0,4.0,4.0,4.0,0.19,0.0,6.65,moderate,2026-02-28
134,134,0,Evening (19–24),20,25.0,25.0,25.0,0.0,19.0,5.0,5.0,5.0,0.15833333333333333,0.0,5.54,moderate,2026-02-28
134,134,0,Midday (9–15),24,27.0,23.0,30.0,7.0,24.0,2.0,2.0,5.0,0.31666666666666665,0.23026315789473686,24.9,very low recovery time,2026-02-28
134,134,0,Overnight (0–6),7,25.0,23.0,25.0,2.0,6.0,0.0,0.0,9.5,0.95,0.07874015748031496,37.97,no recovery time,2026-02-28
134,134,0,PM Peak (15–19),16,22.0,22.0,22.0,0.0,17.0,3.0,0.6000000000000001,3.0,0.2375,0.0,8.31,very low recovery time,2026-02-28
134,134,1,AM Peak (6–9),12,47.0,47.0,47.0,0.0,12.0,1.0,1.0,1.0,0.475,0.0,16.62,no recovery time,2026-02-28
134,134,1,Evening (19–24),19,25.0,25.0,25.0,0.0,20.0,5.0,3.9000000000000004,5.300000000000004,0.15833333333333333,0.0,5.54,moderate,2026-02-28
134,134,1,Midday (9–15),25,30.0,27.0,47.0,20.0,24.0,1.0,0.30000000000000027,1.0,0.475,0.4608294930875576,44.27,no recovery time,2026-02-28
134,134,1,Overnight (0–6),10,25.0,22.15,47.0,24.85,7.0,0.0,0.0,0.0,0.95,0.5150259067357513,64.15,"no recovery time, high schedule variability",2026-02-28
134,134,1,PM Peak (15–19),17,48.0,47.2,48.0,0.7999999999999972,16.0,2.0,0.0,2.0,0.31666666666666665,0.03305785123966931,13.07,very low recovery time,2026-02-28
135,135,0,AM Peak (6–9),8,19.0,16.0,19.0,3.0,8.0,2.5,2.0,5.6,0.2714285714285714,0.11363636363636365,16.32,very low recovery time,2026-02-28
135,135,0,Evening (19–24),14,16.0,16.0,16.0,0.0,14.0,8.0,4.0,8.0,0.10555555555555556,0.0,3.69,moderate,2026-02-28
135,135,0,Midday (9–15),17,16.0,16.0,19.4,3.3999999999999986,17.0,5.0,3.2,5.0,0.15833333333333333,0.126865671641791,13.15,moderate,2026-02-28
135,135,0,Overnight (0–6),6,16.0,15.5,16.0,0.5,6.0,4.0,2.0,4.0,0.19,0.020920502092050212,7.91,moderate,2026-02-28
135,135,0,PM Peak (15–19),9,20.0,20.0,20.0,0.0,9.0,4.0,4.0,4.0,0.19,0.0,6.65,moderate,2026-02-28
135,135,1,AM Peak (6–9),8,17.0,17.0,17.0,0.0,9.0,6.0,4.0,6.0,0.1357142857142857,0.0,4.75,moderate,2026-02-28
135,135,1,Evening (19–24),14,17.0,16.0,17.0,1.0,14.0,3.0,3.0,4.0,0.2375,0.04098360655737705,10.77,very low recovery time,2026-02-28
135,135,1,Midday (9–15),17,18.0,18.0,19.200000000000003,1.2000000000000028,16.0,5.0,5.0,5.0,0.15833333333333333,0.04878048780487816,8.47,moderate,2026-02-28
135,135,1,Overnight (0–6),8,16.0,16.0,17.0,1.0,6.0,4.0,2.0,6.5,0.19,0.04098360655737705,9.11,moderate,2026-02-28
135,135,1,PM Peak (15–19),9,21.0,21.0,21.0,0.0,9.0,5.0,5.0,5.0,0.15833333333333333,0.0,5.54,moderate,2026-02-28
149,149,0,AM Peak (6–9),8,18.0,14.0,18.0,4.0,7.0,5.0,5.0,7.800000000000001,0.15833333333333333,0.14598540145985403,14.3,moderate,2026-02-28
149,149,0,Evening (19–24),13,15.0,13.0,15.0,2.0,14.0,5.0,5.0,5.0,0.15833333333333333,0.07874015748031496,10.27,moderate,2026-02-28
149,149,0,Midday (9–15),14,17.0,17.0,17.0,0.0,14.0,5.0,5.0,5.0,0.15833333333333333,0.0,5.54,moderate,2026-02-28
149,149,0,Overnight (0–6),6,13.0,12.5,13.0,0.5,3.0,5.0,5.0,5.0,0.15833333333333333,0.020920502092050212,6.8,moderate,2026-02-28
149,149,0,PM Peak (15–19),8,22.0,22.0,22.0,0.0,8.0,5.0,5.0,5.0,0.15833333333333333,0.0,5.54,moderate,2026-02-28
149,149,1,AM Peak (6–9),8,21.0,16.0,21.0,5.0,8.0,6.0,4.4,7.499999999999999,0.1357142857142857,0.17605633802816903,15.31,moderate,2026-02-28
149,149,1,Evening (19–24),13,20.0,16.0,20.0,4.0,14.0,6.5,6.0,10.0,0.12666666666666665,0.14598540145985403,13.19,moderate,2026-02-28
149,149,1,Midday (9–15),14,22.0,22.0,22.0,0.0,14.0,6.0,6.0,6.0,0.1357142857142857,0.0,4.75,moderate,2026-02-28
149,149,1,Overnight (0–6),5,16.0,16.0,16.0,0.0,4.0,6.0,6.0,6.0,0.1357142857142857,0.0,4.75,moderate,2026-02-28
149,149,1,PM Peak (15–19),8,28.0,28.0,28.0,0.0,8.0,5.0,5.0,5.3,0.15833333333333333,0.0,5.54,moderate,2026-02-28
151,151,0,AM Peak (6–9),10,22.0,15.0,22.0,7.0,9.0,9.0,6.0,10.0,0.095,0.23026315789473686,17.14,moderate,2026-02-28
151,151,0,Evening (19–24),13,14.0,12.0,14.0,2.0,13.0,7.0,1.0,7.0,0.11875,0.07874015748031496,8.88,moderate,2026-02-28
151,151,0,Midday (9–15),15,19.0,19.0,20.0,1.0,14.0,6.0,6.0,8.400000000000002,0.1357142857142857,0.04098360655737705,7.21,moderate,2026-02-28
151,151,0,Overnight (0–6),8,12.0,12.0,15.0,3.0,9.0,2.0,0.0,6.0,0.31666666666666665,0.11363636363636365,17.9,very low recovery time,2026-02-28
151,151,0,PM Peak (15–19),13,20.0,20.0,20.0,0.0,13.0,7.0,7.0,7.0,0.11875,0.0,4.16,moderate,2026-02-28
151,151,1,AM Peak (6–9),9,20.0,17.0,21.0,4.0,9.0,8.0,2.0,10.4,0.10555555555555556,0.14598540145985403,12.45,moderate,2026-02-28
151,151,1,Evening (19–24),13,17.0,16.0,17.0,1.0,12.0,2.0,1.0,2.0,0.31666666666666665,0.04098360655737705,13.54,very low recovery time,2026-02-28
151,151,1,Midday (9–15),16,19.0,19.0,20.0,1.0,16.0,6.0,6.0,7.0,0.1357142857142857,0.04098360655737705,7.21,moderate,2026-02-28
151,151,1,Overnight (0–6),8,16.0,16.0,17.0,1.0,6.0,0.0,0.0,1.5,0.95,0.04098360655737705,35.71,no recovery time,2026-02-28
151,151,1,PM Peak (15–19),13,20.0,20.0,20.0,0.0,13.0,7.0,7.0,7.0,0.11875,0.0,4.16,moderate,2026-02-28
154,154,0,AM Peak (6–9),7,37.0,31.0,37.0,6.0,7.0,4.0,3.6,15.200000000000001,0.19,0.20408163265306123,18.89,moderate,2026-02-28
154,154,0,Evening (19–24),13,35.0,28.0,35.0,7.0,11.0,12.0,6.0,15.0,0.07307692307692307,0.23026315789473686,16.37,moderate,2026-02-28
154,154,0,Midday (9–15),16,39.0,39.0,39.0,0.0,17.0,9.0,9.0,9.8,0.095,0.0,3.32,moderate,2026-02-28
154,154,0,Overnight (0–6),11,28.0,27.933333333333334,31.0,3.0666666666666664,7.0,6.0,5.2,7.600000000000001,0.1357142857142857,0.1158690176322418,11.7,moderate,2026-02-28
154,154,0,PM Peak (15–19),11,41.0,41.0,41.0,0.0,10.0,6.0,6.0,6.199999999999999,0.1357142857142857,0.0,4.75,moderate,2026-02-28
154,154,1,AM Peak (6–9),8,35.0,33.0,35.0,2.0,7.0,7.0,5.0,7.0,0.11875,0.07874015748031496,8.88,moderate,2026-02-28
154,154,1,Evening (19–24),13,34.0,32.0,34.0,2.0,14.0,7.0,4.2,9.0,0.11875,0.07874015748031496,8.88,moderate,2026-02-28
154,154,1,Midday (9–15),16,35.0,35.0,35.0,0.0,17.0,5.0,5.0,5.0,0.15833333333333333,0.0,5.54,moderate,2026-02-28
154,154,1,Overnight (0–6),10,32.0,9.883333333333333,32.1,22.21666666666667,10.0,2.5,0.0,9.2,0.2714285714285714,0.48702959444647426,38.72,"very low recovery time, high schedule variability",2026-02-28
154,154,1,PM Peak (15–19),11,38.0,38.0,38.0,0.0,10.0,3.0,3.0,3.1999999999999993,0.2375,0.0,8.31,very low recovery time,2026-02-28
158,158,0,AM Peak (6–9),18,22.0,20.0,22.3,2.3000000000000007,17.0,4.0,4.0,4.0,0.19,0.08949416342412454,12.02,moderate,2026-02-28
158,158,0,Evening (19–24),16,23.0,18.0,23.0,5.0,18.0,2.0,0.0,3.0,0.31666666666666665,0.17605633802816903,21.65,very low recovery time,2026-02-28
158,158,0,Midday (9–15),24,24.0,24.0,24.0,0.0,25.0,3.0,3.0,3.0,0.2375,0.0,8.31,very low recovery time,2026-02-28
158,158,0,Overnight (0–6),9,20.0,18.0,20.0,2.0,7.0,2.0,1.6,6.4,0.31666666666666665,0.07874015748031496,15.81,very low recovery time,2026-02-28
158,158,0,PM Peak (15–19),16,29.0,29.0,29.0,0.0,16.0,5.0,3.0,5.0,0.15833333333333333,0.0,5.54,moderate,2026-02-28
158,158,1,AM Peak (6–9),18,23.0,19.0,23.0,4.0,17.0,7.0,3.0,11.0,0.11875,0.14598540145985403,12.92,moderate,2026-02-28
158,158,1,Evening (19–24),17,19.0,15.0,19.0,4.0,16.0,8.0,5.0,9.0,0.10555555555555556,0.14598540145985403,12.45,moderate,2026-02-28
158,158,1,Midday (9–15),25,24.0,24.0,24.0,0.0,24.0,9.0,7.6000000000000005,9.0,0.095,0.0,3.32,moderate,2026-02-28
158,158,1,Overnight (0–6),9,15.0,15.0,19.0,4.0,5.0,5.0,5.0,7.0,0.15833333333333333,0.14598540145985403,14.3,moderate,2026-02-28
158,158,1,PM Peak (15–19),16,27.0,27.0,27.0,0.0,16.0,14.0,9.0,14.0,0.06333333333333332,0.0,2.22,moderate,2026-02-28
160,160,0,AM Peak (6–9),9,37.0,35.0,37.0,2.0,7.0,3.0,3.0,7.0000000000000036,0.2375,0.07874015748031496,13.04,very low recovery time,2026-02-28
160,160,0,Evening (19–24),10,26.0,26.0,26.0,0.0,7.0,1.0,0.0,4.200000000000001,0.475,0.0,16.62,no recovery time,2026-02-28
160,160,0,Midday (9–15),16,28.0,28.0,32.5,4.5,15.0,3.0,2.4000000000000004,5.399999999999999,0.2375,0.16129032258064516,17.99,very low recovery time,2026-02-28
160,160,0,PM Peak (15–19),9,34.0,29.6,34.0,4.399999999999999,10.0,2.0,1.9,9.1,0.31666666666666665,0.158273381294964,20.58,very low recovery time,2026-02-28
160,160,1,AM Peak (6–9),9,40.0,40.0,40.0,0.0,9.0,0.0,0.0,0.0,0.95,0.0,33.25,no recovery time,2026-02-28
160,160,1,Evening (19–24),7,45.0,45.0,46.6,1.6000000000000014,10.0,0.0,0.0,0.1999999999999993,0.95,0.06400000000000006,37.09,no recovery time,2026-02-28
160,160,1,Midday (9–15),16,44.0,40.0,46.5,6.5,16.0,0.0,0.0,1.0,0.95,0.2173913043478261,46.29,no recovery time,2026-02-28
160,160,1,Overnight (0–6),2,40.0,40.0,40.0,0.0,,10.0,,,0.08636363636363636,0.0,3.02,moderate,2026-02-28
160,160,1,PM Peak (15–19),10,60.0,55.0,60.0,5.0,9.0,0.0,0.0,1.2000000000000002,0.95,0.17605633802816903,43.81,no recovery time,2026-02-28
161,161,0,AM Peak (6–9),12,29.5,24.0,31.0,7.0,12.0,5.0,0.5000000000000004,12.0,0.15833333333333333,0.23026315789473686,19.36,moderate,2026-02-28
161,161,0,Evening (19–24),17,27.0,22.0,27.0,5.0,15.0,4.0,4.0,11.0,0.19,0.17605633802816903,17.21,moderate,2026-02-28
161,161,0,Midday (9–15),20,30.0,30.0,40.0,10.0,17.0,11.0,3.6,11.0,0.07916666666666666,0.29940119760479045,20.73,moderate,2026-02-28
161,161,0,Overnight (0–6),6,22.0,13.716666666666667,23.0,9.283333333333333,4.0,12.0,3.3000000000000007,13.7,0.07307692307692307,0.284038755736869,19.6,moderate,2026-02-28
161,161,0,PM Peak (15–19),16,40.0,38.0,40.0,2.0,16.0,8.0,8.0,8.0,0.10555555555555556,0.07874015748031496,8.42,moderate,2026-02-28
161,161,1,AM Peak (6–9),13,34.0,27.0,36.0,9.0,13.0,4.0,4.0,11.0,0.19,0.2777777777777778,23.32,moderate,2026-02-28
161,161,1,Evening (19–24),15,25.0,20.0,25.0,5.0,16.0,4.5,4.0,7.0,0.17272727272727273,0.17605633802816903,16.61,moderate,2026-02-28
161,161,1,Midday (9–15),21,29.0,29.0,34.0,5.0,20.0,10.0,4.800000000000001,10.0,0.08636363636363636,0.17605633802816903,13.59,moderate,2026-02-28
161,161,1,Overnight (0–6),6,23.5,20.0,27.0,7.0,4.0,7.0,4.9,7.0,0.11875,0.23026315789473686,17.97,moderate,2026-02-28
161,161,1,PM Peak (15–19),16,34.0,33.0,34.0,1.0,16.0,8.0,8.0,8.0,0.10555555555555556,0.04098360655737705,6.15,moderate,2026-02-28
162,162,0,AM Peak (6–9),6,28.0,28.0,28.0,0.0,6.0,1.0,1.0,1.0,0.475,0.0,16.62,no recovery time,2026-02-28
162,162,0,Evening (19–24),7,28.0,28.0,28.0,0.0,6.0,1.0,1.0,1.0,0.475,0.0,16.62,no recovery time,2026-02-28
162,162,0,Midday (9–15),12,28.0,28.0,28.0,0.0,12.0,1.0,1.0,1.0,0.475,0.0,16.62,no recovery time,2026-02-28
162,162,0,PM Peak (15–19),8,28.0,28.0,28.0,0.0,8.0,1.0,1.0,1.0,0.475,0.0,16.62,no recovery time,2026-02-28
162,162,1,AM Peak (6–9),6,30.0,30.0,30.0,0.0,6.0,1.0,1.0,1.0,0.475,0.0,16.62,no recovery time,2026-02-28
162,162,1,Evening (19–24),6,30.0,30.0,30.0,0.0,6.0,1.0,1.0,1.0,0.475,0.0,16.62,no recovery time,2026-02-28
162,162,1,Midday (9–15),12,30.0,30.0,30.0,0.0,12.0,1.0,1.0,1.0,0.475,0.0,16.62,no recovery time,2026-02-28
162,162,1,Overnight (0–6),2,19.03333333333333,10.26,27.80666666666667,17.546666666666667,1.0,3.0,3.0,3.0,0.2375,0.4285249104526213,34.02,very low recovery time,2026-02-28
162,162,1,PM Peak (15–19),8,30.0,30.0,30.0,0.0,8.0,1.0,1.0,1.0,0.475,0.0,16.62,no recovery time,2026-02-28
164,164,0,AM Peak (6–9),7,31.0,29.0,31.4,2.3999999999999986,7.0,5.0,4.6,7.600000000000001,0.15833333333333333,0.09302325581395345,11.12,moderate,2026-02-28
164,164,0,Evening (19–24),11,27.0,24.0,27.0,3.0,10.0,3.0,1.0,15.799999999999997,0.2375,0.11363636363636365,15.13,very low recovery time,2026-02-28
164,164,0,Midday (9–15),12,26.0,26.0,26.0,0.0,12.0,4.0,4.0,18.300000000000004,0.19,0.0,6.65,moderate,2026-02-28
164,164,0,Overnight (0–6),5,24.0,24.0,25.0,1.0,4.0,1.0,1.0,8.700000000000003,0.475,0.04098360655737705,19.08,no recovery time,2026-02-28
164,164,0,PM Peak (15–19),10,32.0,31.8,32.0,0.1999999999999993,9.0,8.0,8.0,8.0,0.10555555555555556,0.008474576271186411,4.2,moderate,2026-02-28
164,164,1,AM Peak (6–9),7,28.0,25.2,28.0,2.8000000000000007,7.0,2.0,1.0,5.0,0.31666666666666665,0.10687022900763361,17.5,very low recovery time,2026-02-28
164,164,1,Evening (19–24),11,24.0,22.0,24.0,2.0,11.0,6.0,3.0,8.0,0.1357142857142857,0.07874015748031496,9.47,moderate,2026-02-28
164,164,1,Midday (9–15),13,26.0,26.0,26.0,0.0,13.0,4.0,4.0,4.0,0.19,0.0,6.65,moderate,2026-02-28
164,164,1,Overnight (0–6),5,22.0,22.0,24.0,2.0,4.0,3.0,0.9000000000000001,3.0,0.2375,0.07874015748031496,13.04,very low recovery time,2026-02-28
164,164,1,PM Peak (15–19),9,30.0,30.0,30.0,0.0,9.0,5.0,5.0,5.2,0.15833333333333333,0.0,5.54,moderate,2026-02-28
165,165,0,AM Peak (6–9),33,63.0,58.0,68.6,10.599999999999994,32.0,7.0,5.0,8.0,0.11875,0.31176470588235283,22.86,moderate,2026-02-28
165,165,0,Evening (19–24),32,56.0,51.0,61.0,10.0,37.0,3.0,0.6000000000000001,7.399999999999999,0.2375,0.29940119760479045,26.28,very low recovery time,2026-02-28
165,165,0,Midday (9–15),42,70.0,70.0,76.0,6.0,42.0,6.0,3.1000000000000005,7.899999999999999,0.1357142857142857,0.20408163265306123,16.99,moderate,2026-02-28
165,165,0,Overnight (0–6),26,49.0,15.516666666666667,58.0,42.483333333333334,21.0,1.0,0.0,5.0,0.475,0.6448267138881862,55.31,"no recovery time, high schedule variability",2026-02-28
165,165,0,PM Peak (15–19),33,76.0,67.0,76.0,9.0,34.0,6.5,6.0,7.0,0.12666666666666665,0.2777777777777778,21.1,moderate,2026-02-28
165,165,1,AM Peak (6–9),33,61.0,56.0,62.0,6.0,30.0,4.0,3.0,6.100000000000001,0.19,0.20408163265306123,18.89,moderate,2026-02-28
165,165,1,Evening (19–24),38,43.0,3.433333333333333,48.0,44.56666666666667,30.0,4.0,4.0,5.100000000000001,0.19,0.6557135850907307,45.99,high schedule variability,2026-02-28
165,165,1,Midday (9–15),44,60.0,52.3,70.0,17.700000000000003,35.0,4.0,3.4000000000000004,7.0,0.19,0.43065693430656937,32.49,moderate,2026-02-28
165,165,1,Overnight (0–6),26,31.125,2.716666666666667,56.0,53.28333333333333,14.0,5.0,2.3,8.0,0.15833333333333333,0.6948489458813301,47.23,high schedule variability,2026-02-28
165,165,1,PM Peak (15–19),34,70.0,51.69,70.0,18.310000000000002,30.0,5.0,5.0,5.100000000000001,0.15833333333333333,0.4389834572045074,31.88,moderate,2026-02-28
166,166,0,AM Peak (6–9),8,31.0,25.6,31.0,5.399999999999999,7.0,2.0,2.0,2.0,0.31666666666666665,0.18749999999999997,22.33,very low recovery time,2026-02-28
166,166,0,Evening (19–24),1,35.15,35.15,35.15,0.0,1.0,2.0,2.0,2.0,0.31666666666666665,0.0,11.08,very low recovery time,2026-02-28
166,166,0,Midday (9–15),4,22.058333333333334,16.0,35.735,19.735,2.0,2.0,2.0,2.0,0.31666666666666665,0.45751709748464126,38.53,very low recovery time,2026-02-28
166,166,0,Overnight (0–6),1,13.0,13.0,13.0,0.0,1.0,2.0,2.0,2.0,0.31666666666666665,0.0,11.08,very low recovery time,2026-02-28
166,166,0,PM Peak (15–19),9,39.0,39.0,39.0,0.0,10.0,2.0,2.0,2.0,0.31666666666666665,0.0,11.08,very low recovery time,2026-02-28
166,166,1,AM Peak (6–9),7,24.0,24.0,24.0,0.0,7.0,18.0,18.0,18.0,0.049999999999999996,0.0,1.75,moderate,2026-02-28
166,166,1,Evening (19–24),1,7.0,7.0,7.0,0.0,,10.0,,,0.08636363636363636,0.0,3.02,moderate,2026-02-28
166,166,1,Midday (9–15),2,17.0,8.2,25.8,17.6,,10.0,,,0.08636363636363636,0.4292682926829269,28.78,moderate,2026-02-28
166,166,1,Overnight (0–6),2,24.0,24.0,24.0,0.0,1.0,18.0,18.0,18.0,0.049999999999999996,0.0,1.75,moderate,2026-02-28
166,166,1,PM Peak (15–19),10,28.0,28.0,28.0,0.0,10.0,6.0,6.0,6.0,0.1357142857142857,0.0,4.75,moderate,2026-02-28
167,167,0,AM Peak (6–9),6,26.0,26.0,26.0,0.0,6.0,4.0,4.0,4.0,0.19,0.0,6.65,moderate,2026-02-28
167,167,0,Evening (19–24),10,26.0,22.0,26.0,4.0,10.0,4.0,4.0,8.0,0.19,0.14598540145985403,15.41,moderate,2026-02-28
167,167,0,Midday (9–15),12,28.0,28.0,28.0,0.0,12.0,2.0,2.0,2.0,0.31666666666666665,0.0,11.08,very low recovery time,2026-02-28
167,167,0,Overnight (0–6),4,22.0,22.0,24.8,2.8000000000000007,4.0,8.0,5.2,8.0,0.10555555555555556,0.10687022900763361,10.11,moderate,2026-02-28
167,167,0,PM Peak (15–19),9,29.0,23.21,29.0,5.789999999999999,8.0,1.0,1.0,9.399999999999997,0.475,0.19835560123329907,28.53,no recovery time,2026-02-28
167,167,1,AM Peak (6–9),6,24.0,24.0,24.0,0.0,6.0,6.0,6.0,6.0,0.1357142857142857,0.0,4.75,moderate,2026-02-28
167,167,1,Evening (19–24),10,23.0,23.0,25.0,2.0,10.0,7.0,5.0,7.0,0.11875,0.07874015748031496,8.88,moderate,2026-02-28
167,167,1,Midday (9–15),12,25.0,25.0,25.0,0.0,12.0,5.0,5.0,5.0,0.15833333333333333,0.0,5.54,moderate,2026-02-28
167,167,1,Overnight (0–6),5,23.0,23.0,23.6,0.6000000000000014,3.0,7.0,6.2,7.0,0.11875,0.02500000000000006,5.66,moderate,2026-02-28
167,167,1,PM Peak (15–19),8,25.0,25.0,25.0,0.0,8.0,5.0,5.0,5.0,0.15833333333333333,0.0,5.54,moderate,2026-02-28
168,168,0,AM Peak (6–9),15,28.0,23.0,28.0,5.0,15.0,7.0,2.0,8.0,0.11875,0.17605633802816903,14.72,moderate,2026-02-28
168,168,0,Evening (19–24),17,20.0,18.0,27.0,9.0,18.0,4.5,2.0,9.0,0.17272727272727273,0.2777777777777778,22.71,moderate,2026-02-28
168,168,0,Midday (9–15),26,26.0,26.0,30.5,4.5,26.0,11.0,6.5,11.0,0.07916666666666666,0.16129032258064516,12.45,moderate,2026-02-28
168,168,0,Overnight (0–6),12,20.5,18.0,23.0,5.0,10.0,4.0,1.9,8.299999999999999,0.19,0.17605633802816903,17.21,moderate,2026-02-28
168,168,0,PM Peak (15–19),19,32.0,27.0,32.0,5.0,19.0,9.0,6.4,9.0,0.095,0.17605633802816903,13.89,moderate,2026-02-28
168,168,1,AM Peak (6–9),15,28.0,21.0,28.0,7.0,14.0,8.0,5.6,8.0,0.10555555555555556,0.23026315789473686,17.51,moderate,2026-02-28
168,168,1,Evening (19–24),18,23.0,19.0,28.3,9.3,16.0,5.0,2.5,10.0,0.15833333333333333,0.28440366972477066,22.61,moderate,2026-02-28
168,168,1,Midday (9–15),25,28.0,28.0,31.800000000000004,3.8000000000000043,24.0,10.0,5.0,10.0,0.08636363636363636,0.13970588235294132,11.41,moderate,2026-02-28
168,168,1,Overnight (0–6),11,19.0,17.0,21.0,4.0,9.0,4.0,3.0,14.0,0.19,0.14598540145985403,15.41,moderate,2026-02-28
168,168,1,PM Peak (15–19),20,33.0,29.0,33.0,4.0,19.0,10.0,9.8,10.0,0.08636363636363636,0.14598540145985403,11.78,moderate,2026-02-28
169,169,0,AM Peak (6–9),6,40.0,36.0,41.0,5.0,6.0,7.0,4.0,10.5,0.11875,0.17605633802816903,14.72,moderate,2026-02-28
169,169,0,Evening (19–24),10,37.0,36.0,37.0,1.0,10.0,8.0,7.4,9.0,0.10555555555555556,0.04098360655737705,6.15,moderate,2026-02-28
169,169,0,Midday (9–15),12,39.0,39.0,42.8,3.799999999999997,12.0,6.0,4.0,6.0,0.1357142857142857,0.1397058823529411,13.13,moderate,2026-02-28
169,169,0,Overnight (0–6),5,36.0,29.39,36.0,6.609999999999999,4.0,9.0,3.4000000000000004,9.0,0.095,0.2202599133622126,16.54,moderate,2026-02-28
169,169,0,PM Peak (15–19),8,43.0,43.0,43.0,0.0,8.0,2.0,2.0,2.0,0.31666666666666665,0.0,11.08,very low recovery time,2026-02-28
169,169,1,AM Peak (6–9),6,36.0,33.5,36.0,2.5,6.0,10.0,9.0,12.0,0.08636363636363636,0.09652509652509653,8.81,moderate,2026-02-28
169,169,1,Evening (19–24),10,39.0,37.0,39.0,2.0,10.0,6.0,5.9,8.0,0.1357142857142857,0.07874015748031496,9.47,moderate,2026-02-28
169,169,1,Midday (9–15),12,38.0,38.0,39.8,1.7999999999999972,12.0,7.0,7.0,7.0,0.11875,0.07142857142857133,8.44,moderate,2026-02-28
169,169,1,Overnight (0–6),4,37.0,34.2,37.0,2.799999999999997,2.0,8.0,8.0,8.0,0.10555555555555556,0.1068702290076335,10.11,moderate,2026-02-28
169,169,1,PM Peak (15–19),8,40.0,40.0,40.0,0.0,8.0,5.0,5.0,5.0,0.15833333333333333,0.0,5.54,moderate,2026-02-28
171,171,0,AM Peak (6–9),8,13.95,11.95,13.95,2.0,8.0,1.0,1.0,1.0,0.475,0.07874015748031496,21.35,no recovery time,2026-02-28
171,171,0,Evening (19–24),15,11.95,11.1,11.95,0.8499999999999996,15.0,1.0,0.40000000000000013,1.0,0.475,0.035051546391752564,18.73,no recovery time,2026-02-28
171,171,0,Midday (9–15),14,12.95,12.95,15.140000000000002,2.190000000000003,14.0,1.0,1.0,1.0,0.475,0.08558030480656517,21.76,no recovery time,2026-02-28
171,171,0,Overnight (0–6),10,8.341666666666667,5.316666666666666,11.95,6.633333333333333,10.0,1.0,0.21666666666666667,1.0333333333333334,0.475,0.22086570477247502,29.88,no recovery time,2026-02-28
171,171,0,PM Peak (15–19),8,15.65,15.05,15.65,0.5999999999999996,8.0,1.0,1.0,1.0,0.475,0.024999999999999984,18.12,no recovery time,2026-02-28
171,171,1,AM Peak (6–9),8,22.883333333333333,17.1,22.883333333333333,5.783333333333331,,10.0,,,0.08636363636363636,0.19817247287264417,14.91,moderate,2026-02-28
171,171,1,Evening (19–24),15,19.0,17.1,19.0,1.8999999999999986,,10.0,,,0.08636363636363636,0.07509881422924897,7.53,moderate,2026-02-28
171,171,1,Midday (9–15),14,22.883333333333333,22.883333333333333,25.366666666666667,2.4833333333333343,,10.0,,,0.08636363636363636,0.09594333547971672,8.78,moderate,2026-02-28
171,171,1,Overnight (0–6),11,17.1,5.833333333333333,17.1,11.26666666666667,,10.0,,,0.08636363636363636,0.325,22.52,moderate,2026-02-28
171,171,1,PM Peak (15–19),8,25.666666666666668,24.866666666666667,25.666666666666668,0.8000000000000007,,10.0,,,0.08636363636363636,0.03305785123966945,5.01,moderate,2026-02-28
184,184,0,AM Peak (6–9),6,8.0,8.0,8.0,0.0,6.0,0.0,0.0,0.0,0.95,0.0,33.25,no recovery time,2026-02-28
184,184,0,Evening (19–24),13,8.0,8.0,8.0,0.0,12.0,0.0,0.0,0.0,0.95,0.0,33.25,no recovery time,2026-02-28
184,184,0,Midday (9–15),13,8.0,8.0,8.8,0.8000000000000007,13.0,0.0,0.0,0.0,0.95,0.03305785123966945,35.23,no recovery time,2026-02-28
184,184,0,Overnight (0–6),4,8.0,8.0,8.0,0.0,5.0,0.0,0.0,0.0,0.95,0.0,33.25,no recovery time,2026-02-28
184,184,0,PM Peak (15–19),8,9.0,9.0,9.0,0.0,8.0,0.0,0.0,0.0,0.95,0.0,33.25,no recovery time,2026-02-28
184,184,1,AM Peak (6–9),6,11.0,11.0,11.0,0.0,,10.0,,,0.08636363636363636,0.0,3.02,moderate,2026-02-28
184,184,1,Evening (19–24),12,10.0,9.0,10.0,1.0,,10.0,,,0.08636363636363636,0.04098360655737705,5.48,moderate,2026-02-28
184,184,1,Midday (9–15),13,10.0,10.0,11.8,1.8000000000000007,,10.0,,,0.08636363636363636,0.07142857142857145,7.31,moderate,2026-02-28
184,184,1,Overnight (0–6),5,9.0,9.0,9.0,0.0,,10.0,,,0.08636363636363636,0.0,3.02,moderate,2026-02-28
184,184,1,PM Peak (15–19),8,12.0,12.0,12.0,0.0,,10.0,,,0.08636363636363636,0.0,3.02,moderate,2026-02-28
185,185,0,AM Peak (6–9),8,22.0,17.0,22.0,5.0,8.0,3.5,2.0,4.0,0.2111111111111111,0.17605633802816903,17.95,moderate,2026-02-28
185,185,0,Evening (19–24),15,18.0,16.0,18.0,2.0,16.0,2.0,2.0,2.0,0.31666666666666665,0.07874015748031496,15.81,very low recovery time,2026-02-28
185,185,0,Midday (9–15),14,21.0,21.0,21.0,0.0,14.0,5.0,4.0,5.0,0.15833333333333333,0.0,5.54,moderate,2026-02-28
185,185,0,Overnight (0–6),9,16.0,13.0,17.0,4.0,8.0,2.0,1.4000000000000001,3.015,0.31666666666666665,0.14598540145985403,19.84,very low recovery time,2026-02-28
185,185,0,PM Peak (15–19),10,23.0,22.8,23.0,0.1999999999999993,10.0,2.0,2.0,2.0,0.31666666666666665,0.008474576271186411,11.59,very low recovery time,2026-02-28
185,185,1,AM Peak (6–9),8,19.0,14.0,19.3,5.300000000000001,8.0,5.0,3.0,5.0,0.15833333333333333,0.18466898954703836,16.62,moderate,2026-02-28
185,185,1,Evening (19–24),15,17.0,13.0,17.0,4.0,16.0,3.0,3.0,5.0,0.2375,0.14598540145985403,17.07,very low recovery time,2026-02-28
185,185,1,Midday (9–15),14,19.0,19.0,19.700000000000003,0.7000000000000028,14.0,5.0,4.3,5.0,0.15833333333333333,0.029045643153527086,7.28,moderate,2026-02-28
185,185,1,Overnight (0–6),10,13.0,11.986666666666666,14.0,2.0133333333333336,8.0,4.0,2.0,5.6,0.19,0.07922350472193075,11.4,moderate,2026-02-28
185,185,1,PM Peak (15–19),10,22.0,21.8,22.0,0.1999999999999993,10.0,3.0,3.0,3.0,0.2375,0.008474576271186411,8.82,very low recovery time,2026-02-28
189,189,0,AM Peak (6–9),7,18.0,18.0,18.0,0.0,7.0,0.0,0.0,0.0,0.95,0.0,33.25,no recovery time,2026-02-28
189,189,0,Evening (19–24),10,16.0,13.0,16.0,3.0,11.0,0.0,0.0,0.0,0.95,0.11363636363636365,40.07,no recovery time,2026-02-28
189,189,0,Midday (9–15),14,19.0,19.0,19.0,0.0,14.0,0.0,0.0,0.0,0.95,0.0,33.25,no recovery time,2026-02-28
189,189,0,Overnight (0–6),5,13.0,8.74,15.4,6.66,4.0,0.0,0.0,0.0,0.95,0.22155688622754494,46.54,no recovery time,2026-02-28
189,189,0,PM Peak (15–19),9,21.0,18.4,21.0,2.6000000000000014,9.0,0.0,0.0,0.0,0.95,0.10000000000000006,39.25,no recovery time,2026-02-28
189,189,1,AM Peak (6–9),7,25.0,25.0,25.0,0.0,,10.0,,,0.08636363636363636,0.0,3.02,moderate,2026-02-28
189,189,1,Evening (19–24),11,19.0,17.0,19.0,2.0,,10.0,,,0.08636363636363636,0.07874015748031496,7.75,moderate,2026-02-28
189,189,1,Midday (9–15),14,24.0,24.0,24.0,0.0,,10.0,,,0.08636363636363636,0.0,3.02,moderate,2026-02-28
189,189,1,Overnight (0–6),5,17.0,12.81,24.6,11.790000000000001,,10.0,,,0.08636363636363636,0.33503836317135555,23.13,moderate,2026-02-28
189,189,1,PM Peak (15–19),9,29.0,23.0,29.0,6.0,,10.0,,,0.08636363636363636,0.20408163265306123,15.27,moderate,2026-02-28
191,191,0,AM Peak (6–9),9,21.0,17.0,21.0,4.0,7.0,15.0,3.0000000000000004,19.4,0.059375,0.14598540145985403,10.84,moderate,2026-02-28
191,191,0,Evening (19–24),16,14.0,14.0,14.0,0.0,15.0,8.0,8.0,10.0,0.10555555555555556,0.0,3.69,moderate,2026-02-28
191,191,0,Midday (9–15),14,19.0,19.0,19.0,0.0,14.0,9.0,5.6,9.0,0.095,0.0,3.32,moderate,2026-02-28
191,191,0,Overnight (0–6),5,14.0,9.91,15.8,5.890000000000001,4.0,10.0,10.0,12.100000000000001,0.08636363636363636,0.201092523045408,15.09,moderate,2026-02-28
191,191,0,PM Peak (15–19),12,21.0,20.0,22.0,2.0,12.0,12.0,11.0,17.0,0.07307692307692307,0.07874015748031496,7.28,moderate,2026-02-28
191,191,1,AM Peak (6–9),9,24.0,22.0,24.0,2.0,9.0,0.0,0.0,2.0,0.95,0.07874015748031496,37.97,no recovery time,2026-02-28
191,191,1,Evening (19–24),15,18.0,16.0,18.0,2.0,16.0,0.0,0.0,0.0,0.95,0.07874015748031496,37.97,no recovery time,2026-02-28
191,191,1,Midday (9–15),14,22.0,22.0,23.400000000000002,1.4000000000000021,14.0,0.0,0.0,0.0,0.95,0.05645161290322589,36.64,no recovery time,2026-02-28
191,191,1,Overnight (0–6),6,16.0,9.65,16.0,6.35,5.0,0.0,0.0,2.4000000000000004,0.95,0.2134453781512605,46.06,no recovery time,2026-02-28
191,191,1,PM Peak (15–19),12,25.0,23.0,27.0,4.0,12.0,0.0,0.0,0.0,0.95,0.14598540145985403,42.01,no recovery time,2026-02-28
300,300,0,Overnight (0–6),54,73.0,3.0,85.0,82.0,26.0,9.0,0.0,11.0,0.095,0.777988614800759,50.0,high schedule variability,2026-02-28
300,300,1,Overnight (0–6),34,74.0,60.800000000000004,76.0,15.199999999999996,16.0,15.0,9.5,15.0,0.059375,0.3937823834196891,25.71,moderate,2026-02-28
307,307,0,Overnight (0–6),9,44.0,41.77666666666667,50.6,8.82333333333333,7.0,16.0,3.2,16.0,0.055882352941176466,0.273818144201924,18.38,moderate,2026-02-28
307,307,1,Overnight (0–6),15,46.0,18.473333333333333,54.599999999999994,36.126666666666665,6.0,6.5,5.0,14.0,0.12666666666666665,0.606898868854295,40.85,high schedule variability,2026-02-28
315,315,0,Overnight (0–6),8,27.883333333333333,27.883333333333333,29.0,1.1166666666666671,6.0,0.0,0.0,7.0,0.95,0.045547246770904166,35.98,no recovery time,2026-02-28
315,315,1,Overnight (0–6),7,27.95,27.95,28.37,0.4200000000000017,1.0,2.0,2.0,2.0,0.31666666666666665,0.017632241813602085,12.14,very low recovery time,2026-02-28
316,316,0,Overnight (0–6),6,41.0,41.0,41.0,0.0,5.0,8.0,8.0,8.0,0.10555555555555556,0.0,3.69,moderate,2026-02-28
316,316,1,Overnight (0–6),6,41.0,41.0,41.0,0.0,4.0,0.0,0.0,0.0,0.95,0.0,33.25,no recovery time,2026-02-28
320,320,0,Overnight (0–6),39,45.88333333333333,40.15,54.2,14.050000000000004,30.0,8.0,8.0,12.100000000000001,0.10555555555555556,0.3751668891855809,26.2,moderate,2026-02-28
320,320,1,Overnight (0–6),34,47.0,25.433333333333334,48.0,22.566666666666666,7.0,4.0,2.2,4.0,0.19,0.49093546047860764,36.11,high schedule variability,2026-02-28
322,322,0,Overnight (0–6),7,23.0,14.71,23.0,8.29,1.0,1.0333333333333334,1.0333333333333334,1.0333333333333334,0.4672131147540984,0.26159671820763647,32.05,very low recovery time,2026-02-28
322,322,1,Overnight (0–6),7,23.0,20.2,23.0,2.8000000000000007,5.0,9.0,3.6,9.0,0.095,0.10687022900763361,9.74,moderate,2026-02-28
324,324,0,Overnight (0–6),7,36.0,36.0,36.0,0.0,6.0,5.0,5.0,5.0,0.15833333333333333,0.0,5.54,moderate,2026-02-28
324,324,1,Overnight (0–6),6,36.0,36.0,38.5,2.5,4.0,13.0,13.0,13.0,0.06785714285714285,0.09652509652509653,8.17,moderate,2026-02-28
325,325,0,Overnight (0–6),9,51.0,38.58,51.4,12.82,3.0,7.0,7.0,10.2,0.11875,0.3539480949751519,25.39,moderate,2026-02-28
325,325,1,Overnight (0–6),8,51.0,34.65,51.0,16.35,7.0,7.0,3.6133333333333333,7.800000000000001,0.11875,0.41132075471698115,28.84,moderate,2026-02-28
329,329,0,Overnight (0–6),13,44.0,19.043333333333333,59.0,39.95666666666666,10.0,2.0,1.9,7.199999999999999,0.31666666666666665,0.6306623875414321,48.92,"very low recovery time, high schedule variability",2026-02-28
329,329,1,Overnight (0–6),13,54.0,15.596666666666673,59.0,43.40333333333333,3.0,0.0,0.0,0.0,0.95,0.6497180779402225,72.23,"no recovery time, high schedule variability",2026-02-28
334,334,0,Overnight (0–6),29,81.0,1.6,96.99999999999999,95.39999999999999,3.0,10.0,8.4,13.2,0.08636363636363636,0.8030303030303031,51.2,high schedule variability,2026-02-28
334,334,1,Overnight (0–6),26,71.0,0.5833333333333334,88.0,87.41666666666667,12.0,0.0,0.0,0.0,0.95,0.7888404271318996,80.58,"no recovery time, high schedule variability",2026-02-28
335,335,0,Overnight (0–6),12,42.0,0.8000000000000007,42.0,41.2,5.0,7.0,1.2000000000000002,9.0,0.11875,0.6377708978328175,42.42,high schedule variability,2026-02-28
335,335,1,Overnight (0–6),11,40.0,5.0,40.0,35.0,11.0,9.0,6.0,10.0,0.095,0.5993150684931507,39.28,high schedule variability,2026-02-28
336,336,0,Overnight (0–6),19,33.0,27.6,54.0,26.4,,10.0,,,0.08636363636363636,0.5301204819277109,34.83,high schedule variability,2026-02-28
336,336,1,Overnight (0–6),18,40.9,24.486666666666668,53.0,28.513333333333332,12.0,0.0,0.0,6.800000000000001,0.95,0.5492487479131887,66.2,"no recovery time, high schedule variability",2026-02-28
337,337,0,Overnight (0–6),7,43.0,43.0,44.373333333333335,1.3733333333333348,4.0,3.0,0.9466666666666668,3.0,0.2375,0.05543595263724441,11.64,very low recovery time,2026-02-28
337,337,1,Overnight (0–6),7,44.0,42.95333333333333,45.4,2.4466666666666654,6.0,0.0,0.0,15.5,0.95,0.09466082022182096,38.93,no recovery time,2026-02-28
339,339,0,AM Peak (6–9),1,1.75,1.75,1.75,0.0,,10.0,,,0.08636363636363636,0.0,3.02,moderate,2026-02-28
339,339,0,Overnight (0–6),17,34.0,1.75,39.0,37.25,9.0,0.0,0.0,0.0,0.95,0.6141797197032152,70.1,"no recovery time, high schedule variability",2026-02-28
339,339,1,Overnight (0–6),14,35.0,5.0,35.0,30.0,13.0,0.0,0.0,0.0,0.95,0.5617977528089888,66.96,"no recovery time, high schedule variability",2026-02-28
340,340,0,Overnight (0–6),8,12.933333333333334,12.933333333333334,12.933333333333334,0.0,,10.0,,,0.08636363636363636,0.0,3.02,moderate,2026-02-28
340,340,1,Overnight (0–6),7,12.583333333333334,12.583333333333334,12.583333333333334,0.0,7.0,3.0,3.0,3.0,0.2375,0.0,8.31,very low recovery time,2026-02-28
341,341,0,Overnight (0–6),5,41.083333333333336,41.083333333333336,41.083333333333336,0.0,,10.0,,,0.08636363636363636,0.0,3.02,moderate,2026-02-28
341,341,1,Overnight (0–6),7,43.9,43.9,43.94,0.03999999999999915,7.0,4.0,2.4000000000000004,12.0,0.19,0.001706484641638189,6.75,moderate,2026-02-28
343,343,0,Overnight (0–6),7,27.0,27.0,27.0,0.0,7.0,3.0,3.0,3.0,0.2375,0.0,8.31,very low recovery time,2026-02-28
343,343,1,Overnight (0–6),8,27.0,19.78,27.0,7.219999999999999,6.0,3.0,1.5,6.0,0.2375,0.2357935989549314,22.46,very low recovery time,2026-02-28
352,352,0,Overnight (0–6),14,32.0,4.0,60.0,56.0,13.0,0.0,0.0,6.800000000000001,0.95,0.7052896725440806,75.57,"no recovery time, high schedule variability",2026-02-28
352,352,1,Overnight (0–6),7,55.0,55.0,56.2,1.2000000000000028,2.0,1.0,1.0,1.0,0.475,0.04878048780487816,19.55,no recovery time,2026-02-28
353,353,0,AM Peak (6–9),2,5.833333333333333,5.833333333333333,5.833333333333333,0.0,,10.0,,,0.08636363636363636,0.0,3.02,moderate,2026-02-28
353,353,0,Overnight (0–6),12,58.0,5.833333333333333,58.0,52.166666666666664,7.0,1.0,1.0,1.0,0.475,0.690339655932951,58.05,"no recovery time, high schedule variability",2026-02-28
353,353,1,Overnight (0–6),14,60.0,1.15,60.0,58.85,12.0,1.0,1.0,1.0,0.475,0.715501519756839,59.56,"no recovery time, high schedule variability",2026-02-28
354,354,0,Overnight (0–6),17,47.333333333333336,2.0,50.85666666666667,48.85666666666667,7.0,11.0,9.8,17.800000000000004,0.07916666666666666,0.6761544494164322,43.34,high schedule variability,2026-02-28
354,354,1,Overnight (0–6),14,48.0,2.0,75.29000000000002,73.29000000000002,10.0,0.0,0.0,11.699999999999998,0.95,0.7579894508222154,78.73,"no recovery time, high schedule variability",2026-02-28
363,363,0,Overnight (0–6),8,25.0,25.0,25.3,0.3000000000000007,8.0,8.0,0.0,8.0,0.10555555555555556,0.012658227848101297,4.45,moderate,2026-02-28
363,363,1,Overnight (0–6),9,24.0,20.0,31.400000000000002,11.400000000000002,,10.0,,,0.08636363636363636,0.3275862068965518,22.68,moderate,2026-02-28
365,365,0,Overnight (0–6),7,13.266666666666667,13.266666666666667,13.266666666666667,0.0,7.0,0.0,0.0,0.0,0.95,0.0,33.25,no recovery time,2026-02-28
365,365,1,Overnight (0–6),7,13.566666666666666,13.566666666666666,13.566666666666666,0.0,,10.0,,,0.08636363636363636,0.0,3.02,moderate,2026-02-28
384,384,0,Overnight (0–6),6,35.63333333333333,30.59166666666667,37.5,6.908333333333331,3.0,12.0,11.053333333333333,14.4,0.07307692307692307,0.22793511135551275,16.23,moderate,2026-02-28
384,384,1,Overnight (0–6),7,39.0,36.0,39.4,3.3999999999999986,2.0,14.0,14.0,14.0,0.06333333333333332,0.126865671641791,9.83,moderate,2026-02-28
385,385,0,Overnight (0–6),8,51.86666666666667,39.09166666666667,51.86666666666667,12.774999999999999,,10.0,,,0.08636363636363636,0.35314443676572216,24.21,moderate,2026-02-28
385,385,1,Overnight (0–6),7,50.86666666666667,46.46666666666667,52.31666666666667,5.850000000000001,4.0,6.5,3.9000000000000004,9.100000000000001,0.12666666666666665,0.20000000000000004,16.43,moderate,2026-02-28
386,386,0,Overnight (0–6),9,28.0,28.0,28.0,0.0,7.0,3.0,3.0,15.200000000000001,0.2375,0.0,8.31,very low recovery time,2026-02-28
386,386,1,Overnight (0–6),7,29.0,29.0,31.6,2.6000000000000014,4.0,3.0,0.0,8.8,0.2375,0.10000000000000006,14.31,very low recovery time,2026-02-28
395,395,0,Overnight (0–6),7,47.28333333333333,44.88333333333333,50.900000000000006,6.016666666666673,,10.0,,,0.08636363636363636,0.2045325779036829,15.29,moderate,2026-02-28
395,395,1,Overnight (0–6),12,47.03333333333333,7.0,55.03333333333333,48.03333333333333,5.0,8.0,6.8,9.8,0.10555555555555556,0.672421838544097,44.04,high schedule variability,2026-02-28
396,396,0,Overnight (0–6),10,44.2,44.2,44.28,0.0799999999999983,5.0,5.0,5.0,5.0,0.15833333333333333,0.0034071550255535903,5.75,moderate,2026-02-28
396,396,1,Overnight (0–6),9,43.53333333333333,36.666666666666664,43.53333333333333,6.866666666666667,,10.0,,,0.08636363636363636,0.22687224669603526,16.64,moderate,2026-02-28
403,403,0,Midday (9–15),4,37.0,37.0,37.0,0.0,3.0,0.0,0.0,24.0,0.95,0.0,33.25,no recovery time,2026-02-28
403,403,0,PM Peak (15–19),2,32.391666666666666,28.705000000000002,36.07833333333333,7.373333333333331,2.0,0.0,0.0,0.0,0.95,0.23960138648180238,47.63,no recovery time,2026-02-28
403,403,1,Midday (9–15),4,38.0,31.338333333333335,38.0,6.661666666666665,4.0,0.0,0.0,0.0,0.95,0.2216000443532738,46.55,no recovery time,2026-02-28
403,403,1,PM Peak (15–19),2,38.0,38.0,38.0,0.0,2.0,0.0,0.0,0.0,0.95,0.0,33.25,no recovery time,2026-02-28
404,404,0,Midday (9–15),6,60.0,60.0,60.0,0.0,5.0,0.0,0.0,0.0,0.95,0.0,33.25,no recovery time,2026-02-28
404,404,0,PM Peak (15–19),2,60.0,60.0,60.0,0.0,2.0,0.0,0.0,0.0,0.95,0.0,33.25,no recovery time,2026-02-28
404,404,1,Midday (9–15),6,60.0,60.0,65.0,5.0,5.0,5.0,0.0,33.0,0.15833333333333333,0.17605633802816903,16.11,moderate,2026-02-28
404,404,1,PM Peak (15–19),2,65.0,65.0,65.0,0.0,2.0,5.0,5.0,5.0,0.15833333333333333,0.0,5.54,moderate,2026-02-28
405,405,0,Midday (9–15),6,80.0,39.30833333333334,80.0,40.69166666666666,3.0,0.0,0.0,0.0,0.95,0.6348979326485502,71.34,"no recovery time, high schedule variability",2026-02-28
405,405,0,PM Peak (15–19),1,80.0,80.0,80.0,0.0,2.0,0.0,0.0,0.0,0.95,0.0,33.25,no recovery time,2026-02-28
405,405,1,Midday (9–15),5,70.0,32.14333333333333,70.0,37.85666666666667,5.0,0.0,0.0,17.96,0.95,0.6180007618218426,70.33,"no recovery time, high schedule variability",2026-02-28
405,405,1,PM Peak (15–19),2,70.0,70.0,70.0,0.0,1.0,0.0,0.0,0.0,0.95,0.0,33.25,no recovery time,2026-02-28
805,805,0,Evening (19–24),9,58.0,58.0,58.0,0.0,4.0,23.0,20.2,23.0,0.03958333333333333,0.0,1.39,moderate,2026-02-28
805,805,0,Overnight (0–6),8,58.0,58.0,58.0,0.0,6.0,19.0,17.0,19.0,0.0475,0.0,1.66,moderate,2026-02-28
805,805,1,Evening (19–24),10,53.0,53.0,53.0,0.0,5.0,14.0,10.0,21.8,0.06333333333333332,0.0,2.22,moderate,2026-02-28
805,805,1,Overnight (0–6),8,53.0,53.0,53.0,0.0,6.0,10.0,10.0,11.5,0.08636363636363636,0.0,3.02,moderate,2026-02-28
806,806,0,Evening (19–24),13,34.0,34.0,34.0,0.0,9.0,7.0,6.4,7.0,0.11875,0.0,4.16,moderate,2026-02-28
806,806,0,Overnight (0–6),7,34.0,34.0,34.0,0.0,9.0,7.0,7.0,7.0,0.11875,0.0,4.16,moderate,2026-02-28
806,806,1,Evening (19–24),13,34.0,34.0,34.0,0.0,9.0,5.0,5.0,5.0,0.15833333333333333,0.0,5.54,moderate,2026-02-28
806,806,1,Overnight (0–6),9,34.0,27.8,34.0,6.199999999999999,7.0,5.0,5.0,5.0,0.15833333333333333,0.20945945945945946,18.11,moderate,2026-02-28
830,830,0,AM Peak (6–9),1,15.0,15.0,15.0,0.0,,10.0,,,0.08636363636363636,0.0,3.02,moderate,2026-02-28
830,830,1,PM Peak (15–19),1,15.0,15.0,15.0,0.0,1.0,2.0,2.0,2.0,0.31666666666666665,0.0,11.08,very low recovery time,2026-02-28
900,900,0,AM Peak (6–9),17,16.0,13.0,16.0,3.0,17.0,8.0,4.6,8.8,0.10555555555555556,0.11363636363636365,10.51,moderate,2026-02-28
900,900,0,Evening (19–24),33,14.0,13.0,14.0,1.0,30.0,8.0,3.9000000000000004,8.0,0.10555555555555556,0.04098360655737705,6.15,moderate,2026-02-28
900,900,0,Midday (9–15),40,14.0,14.0,14.0,0.0,39.0,8.0,8.0,8.0,0.10555555555555556,0.0,3.69,moderate,2026-02-28
900,900,0,Overnight (0–6),10,13.0,13.0,13.0,0.0,9.0,5.0,5.0,15.2,0.15833333333333333,0.0,5.54,moderate,2026-02-28
900,900,0,PM Peak (15–19),27,17.0,17.0,17.0,0.0,25.0,8.0,8.0,8.0,0.10555555555555556,0.0,3.69,moderate,2026-02-28
900,900,1,AM Peak (6–9),37,17.0,3.0,19.0,16.0,35.0,1.0,1.0,3.0,0.475,0.40609137055837563,40.99,no recovery time,2026-02-28
900,900,1,Evening (19–24),65,3.0,3.0,18.0,15.0,65.0,1.0,1.0,1.0,0.475,0.390625,40.06,no recovery time,2026-02-28
900,900,1,Midday (9–15),80,10.5,3.0,18.0,15.0,79.0,1.0,1.0,1.0,0.475,0.390625,40.06,no recovery time,2026-02-28
900,900,1,Overnight (0–6),22,17.0,3.0,17.0,14.0,24.0,1.0,0.30000000000000027,1.0,0.475,0.37433155080213903,39.08,no recovery time,2026-02-28
900,900,1,PM Peak (15–19),53,23.0,3.0,23.0,20.0,54.0,1.5,1.0,2.0,0.38,0.4608294930875576,40.95,very low recovery time,2026-02-28
902,902,0,AM Peak (6–9),13,56.0,56.0,56.0,0.0,8.0,4.0,4.0,4.0,0.19,0.0,6.65,moderate,2026-02-28
902,902,0,Evening (19–24),5,6.283333333333333,6.283333333333333,6.283333333333333,0.0,,10.0,,,0.08636363636363636,0.0,3.02,moderate,2026-02-28
902,902,0,Midday (9–15),30,53.0,53.0,53.0,0.0,31.0,7.0,4.0,7.0,0.11875,0.0,4.16,moderate,2026-02-28
902,902,0,PM Peak (15–19),21,61.0,61.0,61.0,0.0,19.0,11.0,1.8,11.0,0.07916666666666666,0.0,2.77,moderate,2026-02-28
902,902,1,AM Peak (6–9),19,57.0,8.1,57.0,48.9,13.0,3.0,0.0,3.0,0.2375,0.6763485477178424,48.89,"very low recovery time, high schedule variability",2026-02-28
902,902,1,Midday (9–15),30,53.0,53.0,56.0,3.0,30.0,7.0,3.0,7.0,0.11875,0.11363636363636365,10.97,moderate,2026-02-28
902,902,1,PM Peak (15–19),20,60.0,59.9,60.0,0.10000000000000142,20.0,0.0,0.0,4.0,0.95,0.004255319148936231,33.51,no recovery time,2026-02-28
903,903,0,AM Peak (6–9),19,26.0,15.0,26.0,11.0,18.0,10.0,8.8,10.0,0.08636363636363636,0.31976744186046513,22.21,moderate,2026-02-28
903,903,0,Evening (19–24),14,25.0,25.0,25.0,0.0,15.0,12.0,12.0,12.0,0.07307692307692307,0.0,2.56,moderate,2026-02-28
903,903,0,Midday (9–15),36,26.0,26.0,26.0,0.0,36.0,10.0,10.0,10.0,0.08636363636363636,0.0,3.02,moderate,2026-02-28
903,903,0,Overnight (0–6),2,15.0,15.0,15.0,0.0,1.0,2.0,2.0,2.0,0.31666666666666665,0.0,11.08,very low recovery time,2026-02-28
903,903,0,PM Peak (15–19),24,27.0,27.0,27.0,0.0,23.0,13.0,13.0,13.0,0.06785714285714285,0.0,2.38,moderate,2026-02-28
903,903,1,AM Peak (6–9),19,25.0,13.0,25.0,12.0,16.0,9.0,2.0,9.0,0.095,0.33898305084745767,23.66,moderate,2026-02-28
903,903,1,Evening (19–24),16,23.0,23.0,23.0,0.0,12.0,12.0,11.1,12.0,0.07307692307692307,0.0,2.56,moderate,2026-02-28
903,903,1,Midday (9–15),35,25.0,25.0,25.0,0.0,36.0,9.0,9.0,9.0,0.095,0.0,3.32,moderate,2026-02-28
903,903,1,PM Peak (15–19),24,27.0,27.0,27.0,0.0,24.0,13.0,8.3,13.0,0.06785714285714285,0.0,2.38,moderate,2026-02-28
904,904,0,AM Peak (6–9),10,45.0,40.0,45.0,5.0,7.0,9.0,9.0,14.0,0.095,0.17605633802816903,13.89,moderate,2026-02-28
904,904,0,Evening (19–24),20,42.0,39.0,42.0,3.0,20.0,21.0,9.0,21.0,0.04318181818181818,0.11363636363636365,8.33,moderate,2026-02-28
904,904,0,Midday (9–15),30,45.0,45.0,45.0,0.0,29.0,12.0,12.0,12.0,0.07307692307692307,0.0,2.56,moderate,2026-02-28
904,904,0,Overnight (0–6),5,39.0,39.0,39.0,0.0,1.0,9.0,9.0,9.0,0.095,0.0,3.32,moderate,2026-02-28
904,904,0,PM Peak (15–19),16,50.0,50.0,50.0,0.0,16.0,13.0,12.5,15.5,0.06785714285714285,0.0,2.38,moderate,2026-02-28
904,904,1,AM Peak (6–9),11,47.0,43.0,47.0,4.0,8.0,4.0,4.0,9.5,0.19,0.14598540145985403,15.41,moderate,2026-02-28
904,904,1,Evening (19–24),20,40.0,37.0,40.0,3.0,20.0,2.0,2.0,7.0,0.31666666666666665,0.11363636363636365,17.9,very low recovery time,2026-02-28
904,904,1,Midday (9–15),30,45.0,45.0,45.0,0.0,30.0,6.0,6.0,6.0,0.1357142857142857,0.0,4.75,moderate,2026-02-28
904,904,1,Overnight (0–6),2,37.0,37.0,37.0,0.0,4.0,5.0,5.0,5.0,0.15833333333333333,0.0,5.54,moderate,2026-02-28
904,904,1,PM Peak (15–19),16,50.0,50.0,50.0,0.0,16.0,7.0,7.0,8.0,0.11875,0.0,4.16,moderate,2026-02-28
905,905,0,AM Peak (6–9),10,36.0,36.0,36.0,0.0,7.0,5.0,5.0,5.0,0.15833333333333333,0.0,5.54,moderate,2026-02-28
905,905,0,Evening (19–24),19,34.0,34.0,34.0,0.0,14.0,11.0,11.0,13.800000000000004,0.07916666666666666,0.0,2.77,moderate,2026-02-28
905,905,0,Midday (9–15),44,37.0,35.0,37.0,2.0,42.0,8.5,8.0,11.0,0.09999999999999999,0.07874015748031496,8.22,moderate,2026-02-28
905,905,0,PM Peak (15–19),21,39.0,36.0,39.0,3.0,20.0,12.0,11.700000000000001,13.0,0.07307692307692307,0.11363636363636365,9.38,moderate,2026-02-28
905,905,1,AM Peak (6–9),13,41.0,41.0,41.0,0.0,10.0,2.0,2.0,2.0,0.31666666666666665,0.0,11.08,very low recovery time,2026-02-28
905,905,1,Evening (19–24),16,35.0,35.0,35.0,0.0,19.0,4.0,4.0,4.0,0.19,0.0,6.65,moderate,2026-02-28
905,905,1,Midday (9–15),44,36.0,36.0,41.0,5.0,44.0,4.0,4.0,4.0,0.19,0.17605633802816903,17.21,moderate,2026-02-28
905,905,1,PM Peak (15–19),20,41.0,36.8,41.0,4.200000000000003,20.0,4.0,4.0,4.0,0.19,0.15217391304347835,15.78,moderate,2026-02-28
906,906,0,AM Peak (6–9),12,28.0,28.0,28.0,0.0,12.0,8.0,8.0,8.0,0.10555555555555556,0.0,3.69,moderate,2026-02-28
906,906,0,Evening (19–24),20,27.0,26.0,27.0,1.0,20.0,7.5,2.9000000000000004,9.0,0.11176470588235293,0.04098360655737705,6.37,moderate,2026-02-28
906,906,0,Midday (9–15),24,29.0,29.0,29.0,0.0,24.0,5.0,5.0,5.0,0.15833333333333333,0.0,5.54,moderate,2026-02-28
906,906,0,Overnight (0–6),9,26.0,26.0,28.0,2.0,7.0,8.0,3.0,13.8,0.10555555555555556,0.07874015748031496,8.42,moderate,2026-02-28
906,906,0,PM Peak (15–19),16,30.0,29.5,30.0,0.5,15.0,4.0,4.0,4.6,0.19,0.020920502092050212,7.91,moderate,2026-02-28
906,906,1,AM Peak (6–9),12,31.0,31.0,31.0,0.0,12.0,8.0,8.0,8.0,0.10555555555555556,0.0,3.69,moderate,2026-02-28
906,906,1,Evening (19–24),21,30.0,28.0,30.0,2.0,20.0,9.0,3.0,9.0,0.095,0.07874015748031496,8.05,moderate,2026-02-28
906,906,1,Midday (9–15),24,36.0,36.0,36.0,0.0,23.0,5.0,5.0,5.0,0.15833333333333333,0.0,5.54,moderate,2026-02-28
906,906,1,Overnight (0–6),10,29.5,28.0,31.0,3.0,8.0,6.5,2.4000000000000004,17.5,0.12666666666666665,0.11363636363636365,11.25,moderate,2026-02-28
906,906,1,PM Peak (15–19),16,38.0,38.0,38.0,0.0,14.0,3.0,3.0,3.700000000000001,0.2375,0.0,8.31,very low recovery time,2026-02-28
924,924,0,AM Peak (6–9),18,47.0,39.0,47.0,8.0,13.0,8.0,0.0,8.0,0.10555555555555556,0.25477707006369427,18.98,moderate,2026-02-28
924,924,0,Midday (9–15),6,44.0,44.0,44.0,0.0,2.0,6.0,6.0,6.0,0.1357142857142857,0.0,4.75,moderate,2026-02-28
924,924,0,PM Peak (15–19),24,44.0,43.0,44.0,1.0,23.0,6.0,6.0,7.0,0.1357142857142857,0.04098360655737705,7.21,moderate,2026-02-28
924,924,1,AM Peak (6–9),18,38.0,33.0,38.0,5.0,13.0,7.0,0.0,7.0,0.11875,0.17605633802816903,14.72,moderate,2026-02-28
924,924,1,Midday (9–15),6,44.0,44.0,44.0,0.0,2.0,6.0,6.0,6.0,0.1357142857142857,0.0,4.75,moderate,2026-02-28
924,924,1,PM Peak (15–19),24,44.0,40.0,44.0,4.0,23.0,6.0,6.0,10.0,0.1357142857142857,0.14598540145985403,13.51,moderate,2026-02-28
925,925,0,AM Peak (6–9),20,51.0,51.0,51.0,0.0,16.0,5.0,5.0,5.5,0.15833333333333333,0.0,5.54,moderate,2026-02-28
925,925,0,Evening (19–24),14,44.0,44.0,44.0,0.0,14.0,3.0,3.0,7.400000000000002,0.2375,0.0,8.31,very low recovery time,2026-02-28
925,925,0,Midday (9–15),28,47.0,47.0,47.0,0.0,28.0,9.0,9.0,9.0,0.095,0.0,3.32,moderate,2026-02-28
925,925,0,Overnight (0–6),1,17.1,17.1,17.1,0.0,,10.0,,,0.08636363636363636,0.0,3.02,moderate,2026-02-28
925,925,0,PM Peak (15–19),26,50.0,50.0,50.0,0.0,24.0,5.0,5.0,5.0,0.15833333333333333,0.0,5.54,moderate,2026-02-28
925,925,1,AM Peak (6–9),18,53.0,53.0,53.0,0.0,14.0,5.0,3.6,5.0,0.15833333333333333,0.0,5.54,moderate,2026-02-28
925,925,1,Evening (19–24),15,53.0,53.0,54.2,1.2000000000000028,13.0,4.0,2.4000000000000004,8.600000000000001,0.19,0.04878048780487816,9.58,moderate,2026-02-28
925,925,1,Midday (9–15),28,54.0,54.0,54.0,0.0,28.0,7.0,6.0,7.300000000000001,0.11875,0.0,4.16,moderate,2026-02-28
925,925,1,Overnight (0–6),1,51.0,51.0,51.0,0.0,,10.0,,,0.08636363636363636,0.0,3.02,moderate,2026-02-28
925,925,1,PM Peak (15–19),25,62.0,62.0,62.0,0.0,23.0,3.0,3.0,4.0,0.2375,0.0,8.31,very low recovery time,2026-02-28
927,927,0,AM Peak (6–9),46,26.0,21.0,46.0,25.0,42.0,3.0,2.1000000000000005,7.0,0.2375,0.5165289256198348,39.3,"very low recovery time, high schedule variability",2026-02-28
927,927,0,Evening (19–24),37,35.0,21.0,40.199999999999996,19.199999999999996,38.0,8.0,3.0,8.0,0.10555555555555556,0.45070422535211263,30.74,moderate,2026-02-28
927,927,0,Midday (9–15),72,41.0,22.0,45.0,23.0,69.0,8.0,2.8000000000000007,10.0,0.10555555555555556,0.4956896551724138,33.44,high schedule variability,2026-02-28
927,927,0,Overnight (0–6),12,35.0,25.0,37.9,12.899999999999999,10.0,8.0,7.7,11.299999999999999,0.10555555555555556,0.35537190082644626,25.02,moderate,2026-02-28
927,927,0,PM Peak (15–19),62,28.0,25.0,53.0,28.0,62.0,5.0,2.0,8.0,0.15833333333333333,0.5447470817120623,38.23,high schedule variability,2026-02-28
927,927,1,AM Peak (6–9),44,33.0,26.0,49.0,23.0,41.0,10.0,4.0,12.0,0.08636363636363636,0.4956896551724138,32.76,high schedule variability,2026-02-28
927,927,1,Evening (19–24),38,37.0,23.0,40.0,17.0,35.0,4.0,3.0,9.0,0.19,0.42079207920792083,31.9,moderate,2026-02-28
927,927,1,Midday (9–15),73,43.0,25.0,50.8,25.799999999999997,62.0,3.0,2.0,11.799999999999997,0.2375,0.524390243902439,39.78,"very low recovery time, high schedule variability",2026-02-28
927,927,1,Overnight (0–6),15,35.0,26.05,41.199999999999996,15.149999999999995,6.0,8.0,5.0,16.5,0.10555555555555556,0.3929961089494162,27.27,moderate,2026-02-28
927,927,1,PM Peak (15–19),63,34.0,29.2,55.0,25.8,63.0,5.0,0.0,9.0,0.15833333333333333,0.524390243902439,37.01,high schedule variability,2026-02-28
929,929,0,AM Peak (6–9),23,45.0,38.2,45.0,6.799999999999997,17.0,4.0,4.0,7.0,0.19,0.2251655629139072,20.16,moderate,2026-02-28
929,929,0,Evening (19–24),23,42.0,40.2,42.0,1.7999999999999972,23.0,5.0,5.0,5.800000000000001,0.15833333333333333,0.07142857142857133,9.83,moderate,2026-02-28
929,929,0,Midday (9–15),46,47.0,47.0,50.5,3.5,45.0,4.0,4.0,5.0,0.19,0.13011152416356878,14.46,moderate,2026-02-28
929,929,0,PM Peak (15–19),29,57.0,50.8,57.0,6.200000000000003,30.0,2.0,1.0,2.0,0.31666666666666665,0.20945945945945954,23.65,very low recovery time,2026-02-28
929,929,1,AM Peak (6–9),22,41.0,38.1,46.0,7.899999999999999,16.0,5.0,2.5,7.0,0.15833333333333333,0.2523961661341853,20.69,moderate,2026-02-28
929,929,1,Evening (19–24),23,44.0,43.0,44.0,1.0,22.0,5.0,5.0,6.900000000000002,0.15833333333333333,0.04098360655737705,8.0,moderate,2026-02-28
929,929,1,Midday (9–15),46,49.0,49.0,50.5,1.5,45.0,4.0,2.0,7.400000000000006,0.19,0.06024096385542169,10.26,moderate,2026-02-28
929,929,1,PM Peak (15–19),31,59.0,50.0,59.0,9.0,29.0,10.0,5.0,11.0,0.08636363636363636,0.2777777777777778,19.69,moderate,2026-02-28
935,935,0,AM Peak (6–9),15,45.0,41.4,45.0,3.6000000000000014,15.0,9.0,3.8000000000000003,9.6,0.095,0.1333333333333334,11.33,moderate,2026-02-28
935,935,0,Evening (19–24),12,37.0,36.1,37.0,0.8999999999999986,12.0,7.0,2.3000000000000003,7.0,0.11875,0.03703703703703698,6.38,moderate,2026-02-28
935,935,0,Midday (9–15),25,44.0,42.0,53.400000000000006,11.400000000000006,23.0,7.0,7.0,9.0,0.11875,0.3275862068965518,23.81,moderate,2026-02-28
935,935,0,Overnight (0–6),5,40.083333333333336,35.68333333333334,40.63333333333333,4.949999999999996,2.0,9.0,7.4,10.6,0.095,0.17460317460317448,13.8,moderate,2026-02-28
935,935,0,PM Peak (15–19),20,51.5,46.4,55.0,8.600000000000001,19.0,11.0,6.0,11.0,0.07916666666666666,0.26875000000000004,18.9,moderate,2026-02-28
935,935,1,AM Peak (6–9),15,44.0,40.0,44.0,4.0,15.0,10.0,8.8,10.6,0.08636363636363636,0.14598540145985403,11.78,moderate,2026-02-28
935,935,1,Evening (19–24),12,39.0,38.1,39.0,0.8999999999999986,12.0,7.0,3.3000000000000003,7.0,0.11875,0.03703703703703698,6.38,moderate,2026-02-28
935,935,1,Midday (9–15),24,44.5,42.0,49.8,7.799999999999997,24.0,9.5,5.300000000000001,12.0,0.09047619047619047,0.24999999999999994,18.17,moderate,2026-02-28
935,935,1,Overnight (0–6),5,40.0,38.4,40.0,1.6000000000000014,1.0,0.0,0.0,0.0,0.95,0.06400000000000006,37.09,no recovery time,2026-02-28
935,935,1,PM Peak (15–19),21,48.0,46.0,54.0,8.0,18.0,11.5,7.4,12.0,0.076,0.25477707006369427,17.95,moderate,2026-02-28
937,937,0,AM Peak (6–9),10,41.0,37.0,41.0,4.0,8.0,7.0,7.0,9.6,0.11875,0.14598540145985403,12.92,moderate,2026-02-28
937,937,0,Evening (19–24),6,40.0,40.0,40.0,0.0,1.0,11.0,11.0,11.0,0.07916666666666666,0.0,2.77,moderate,2026-02-28
937,937,0,Midday (9–15),2,41.0,41.0,41.0,0.0,1.0,7.0,7.0,7.0,0.11875,0.0,4.16,moderate,2026-02-28
937,937,0,PM Peak (15–19),15,44.0,40.0,44.0,4.0,12.0,7.0,4.1,7.0,0.11875,0.14598540145985403,12.92,moderate,2026-02-28
937,937,1,AM Peak (6–9),12,40.0,35.0,40.0,5.0,11.0,8.0,4.0,8.0,0.10555555555555556,0.17605633802816903,14.26,moderate,2026-02-28
937,937,1,Evening (19–24),2,50.0,50.0,50.0,0.0,5.0,7.0,3.4000000000000004,7.0,0.11875,0.0,4.16,moderate,2026-02-28
937,937,1,Midday (9–15),2,40.0,40.0,40.0,0.0,1.0,8.0,8.0,8.0,0.10555555555555556,0.0,3.69,moderate,2026-02-28
937,937,1,Overnight (0–6),1,35.0,35.0,35.0,0.0,,10.0,,,0.08636363636363636,0.0,3.02,moderate,2026-02-28
937,937,1,PM Peak (15–19),17,56.0,50.0,56.0,6.0,14.0,5.0,2.3,7.0,0.15833333333333333,0.20408163265306123,17.79,moderate,2026-02-28
938,938,0,Midday (9–15),3,34.0,31.6,34.0,2.3999999999999986,1.0,15.0,15.0,15.0,0.059375,0.09302325581395345,7.66,moderate,2026-02-28
938,938,0,PM Peak (15–19),15,34.0,34.0,34.0,0.0,14.0,12.0,12.0,12.0,0.07307692307692307,0.0,2.56,moderate,2026-02-28
938,938,1,AM Peak (6–9),9,30.0,29.0,30.0,1.0,7.0,7.0,3.0000000000000004,7.0,0.11875,0.04098360655737705,6.62,moderate,2026-02-28
938,938,1,Midday (9–15),3,30.0,28.4,30.0,1.6000000000000014,5.0,7.0,7.0,8.2,0.11875,0.06400000000000006,8.0,moderate,2026-02-28
939,939,0,AM Peak (6–9),41,65.0,51.0,87.0,36.0,35.0,8.0,1.4000000000000004,10.0,0.10555555555555556,0.6060606060606061,40.06,high schedule variability,2026-02-28
939,939,0,Evening (19–24),30,57.0,13.0,74.0,61.0,29.0,12.0,5.0,17.0,0.07307692307692307,0.7227488151658767,45.92,high schedule variability,2026-02-28
939,939,0,Midday (9–15),55,65.0,27.22000000000001,86.0,58.77999999999999,50.0,14.0,5.0,21.0,0.06333333333333332,0.7152591871501582,45.13,high schedule variability,2026-02-28
939,939,0,Overnight (0–6),13,57.0,50.0,63.0,13.0,4.0,10.0,10.0,13.5,0.08636363636363636,0.35714285714285715,24.45,moderate,2026-02-28
939,939,0,PM Peak (15–19),31,60.0,60.0,93.0,33.0,33.0,7.0,5.0,16.0,0.11875,0.5851063829787234,39.26,high schedule variability,2026-02-28
939,939,1,AM Peak (6–9),48,49.0,25.96666666666667,81.0,55.03333333333333,36.0,4.5,2.0,5.0,0.17272727272727273,0.7016574585635359,48.14,high schedule variability,2026-02-28
939,939,1,Evening (19–24),31,59.0,19.0,78.0,59.0,29.0,10.0,0.0,11.0,0.08636363636363636,0.7160194174757281,45.98,high schedule variability,2026-02-28
939,939,1,Midday (9–15),59,62.0,18.853333333333335,84.60000000000001,65.74666666666667,55.0,9.0,2.0,10.0,0.095,0.7375112174693389,47.58,high schedule variability,2026-02-28
939,939,1,Overnight (0–6),11,29.266666666666666,18.266666666666666,50.0,31.733333333333334,7.0,10.0,1.2000000000000002,10.0,0.08636363636363636,0.5755743651753326,37.56,high schedule variability,2026-02-28
939,939,1,PM Peak (15–19),33,57.0,57.0,100.0,43.0,30.0,15.5,13.0,18.1,0.05757575757575757,0.6475903614457831,40.87,high schedule variability,2026-02-28
941,941,0,AM Peak (6–9),10,43.71666666666667,42.5,43.71666666666667,1.2166666666666686,7.0,6.0,0.6000000000000001,8.0,0.1357142857142857,0.04942450914014903,7.72,moderate,2026-02-28
941,941,0,Evening (19–24),3,40.71666666666667,40.71666666666667,40.71666666666667,0.0,2.0,2.0,0.4,3.6,0.31666666666666665,0.0,11.08,very low recovery time,2026-02-28
941,941,0,Midday (9–15),5,48.71666666666667,45.71666666666667,48.71666666666667,3.0,1.0,13.0,13.0,13.0,0.06785714285714285,0.11363636363636365,9.19,moderate,2026-02-28
941,941,0,PM Peak (15–19),17,48.71666666666667,40.71666666666667,48.71666666666667,8.0,16.0,8.0,4.5,9.0,0.10555555555555556,0.25477707006369427,18.98,moderate,2026-02-28
941,941,1,AM Peak (6–9),12,44.35,37.540000000000006,44.35,6.809999999999995,,10.0,,,0.08636363636363636,0.22542204568023821,16.55,moderate,2026-02-28
941,941,1,Evening (19–24),3,46.35,46.35,46.35,0.0,,10.0,,,0.08636363636363636,0.0,3.02,moderate,2026-02-28
941,941,1,Midday (9–15),4,53.35,53.35,53.35,0.0,,10.0,,,0.08636363636363636,0.0,3.02,moderate,2026-02-28
941,941,1,PM Peak (15–19),16,53.35,46.35,53.35,7.0,,10.0,,,0.08636363636363636,0.23026315789473686,16.84,moderate,2026-02-28
944,944,0,AM Peak (6–9),22,19.0,19.0,19.0,0.0,21.0,4.0,1.0,4.0,0.19,0.0,6.65,moderate,2026-02-28
944,944,0,Midday (9–15),48,19.0,19.0,19.0,0.0,48.0,5.0,5.0,6.0,0.15833333333333333,0.0,5.54,moderate,2026-02-28
944,944,0,Overnight (0–6),2,19.0,19.0,19.0,0.0,1.0,3.0,3.0,3.0,0.2375,0.0,8.31,very low recovery time,2026-02-28
944,944,0,PM Peak (15–19),32,19.0,19.0,19.0,0.0,31.0,2.0,2.0,3.0,0.31666666666666665,0.0,11.08,very low recovery time,2026-02-28
944,944,1,AM Peak (6–9),23,15.0,15.0,15.0,0.0,22.0,2.0,1.0,5.0,0.31666666666666665,0.0,11.08,very low recovery time,2026-02-28
944,944,1,Midday (9–15),48,16.0,16.0,16.0,0.0,48.0,1.0,0.0,1.0,0.475,0.0,16.62,no recovery time,2026-02-28
944,944,1,Overnight (0–6),4,15.0,15.0,15.0,0.0,3.0,5.0,4.2,5.0,0.15833333333333333,0.0,5.54,moderate,2026-02-28
944,944,1,PM Peak (15–19),31,18.0,18.0,18.0,0.0,31.0,1.0,0.0,1.0,0.475,0.0,16.62,no recovery time,2026-02-28
945,945,0,AM Peak (6–9),19,40.1,34.8,41.1,6.300000000000004,15.0,11.0,10.4,12.0,0.07916666666666666,0.21212121212121224,15.5,moderate,2026-02-28
945,945,0,Evening (19–24),1,34.8,34.8,34.8,0.0,5.0,7.0,4.4,7.0,0.11875,0.0,4.16,moderate,2026-02-28
945,945,0,Midday (9–15),5,38.45,38.45,39.050000000000004,0.6000000000000014,1.0,10.0,10.0,10.0,0.08636363636363636,0.02500000000000006,4.52,moderate,2026-02-28
945,945,0,PM Peak (15–19),24,40.1,40.1,40.1,0.0,24.0,8.0,5.300000000000001,8.0,0.10555555555555556,0.0,3.69,moderate,2026-02-28
945,945,1,AM Peak (6–9),17,36.266666666666666,34.266666666666666,36.266666666666666,2.0,,10.0,,,0.08636363636363636,0.07874015748031496,7.75,moderate,2026-02-28
945,945,1,Evening (19–24),6,33.35,33.35,33.35,0.0,,10.0,,,0.08636363636363636,0.0,3.02,moderate,2026-02-28
945,945,1,Midday (9–15),4,37.21666666666667,36.266666666666666,39.56666666666666,3.299999999999997,,10.0,,,0.08636363636363636,0.12359550561797744,10.44,moderate,2026-02-28
945,945,1,PM Peak (15–19),24,41.166666666666664,39.195,41.166666666666664,1.971666666666664,,10.0,,,0.08636363636363636,0.07771135781383423,7.69,moderate,2026-02-28
952,952,0,AM Peak (6–9),33,41.0,5.0,62.0,57.0,27.0,0.0,0.0,12.0,0.95,0.708955223880597,75.79,"no recovery time, high schedule variability",2026-02-28
952,952,0,Midday (9–15),4,33.0,5.0,70.10000000000001,65.10000000000001,3.0,12.0,2.4000000000000004,12.0,0.07307692307692307,0.7355932203389831,46.69,high schedule variability,2026-02-28
952,952,0,PM Peak (15–19),40,34.5,5.0,74.0,69.0,36.0,0.0,0.0,1.0,0.95,0.7467532467532467,78.06,"no recovery time, high schedule variability",2026-02-28
952,952,1,AM Peak (6–9),14,60.0,60.0,60.0,0.0,9.0,5.0,5.0,5.0,0.15833333333333333,0.0,5.54,moderate,2026-02-28
952,952,1,Evening (19–24),1,60.0,60.0,60.0,0.0,,10.0,,,0.08636363636363636,0.0,3.02,moderate,2026-02-28
952,952,1,Midday (9–15),3,60.0,60.0,60.0,0.0,1.0,5.0,5.0,5.0,0.15833333333333333,0.0,5.54,moderate,2026-02-28
952,952,1,PM Peak (15–19),20,68.0,60.0,68.0,8.0,14.0,8.0,6.0,8.0,0.10555555555555556,0.25477707006369427,18.98,moderate,2026-02-28
953,953,0,AM Peak (6–9),13,56.0,56.0,56.0,0.0,12.0,10.0,10.0,10.0,0.08636363636363636,0.0,3.02,moderate,2026-02-28
953,953,0,Midday (9–15),2,66.0,66.0,66.0,0.0,,10.0,,,0.08636363636363636,0.0,3.02,moderate,2026-02-28
953,953,0,Overnight (0–6),4,56.0,56.0,56.0,0.0,,10.0,,,0.08636363636363636,0.0,3.02,moderate,2026-02-28
953,953,0,PM Peak (15–19),14,66.0,66.0,66.0,0.0,12.0,12.0,12.0,12.0,0.07307692307692307,0.0,2.56,moderate,2026-02-28
953,953,1,AM Peak (6–9),13,59.0,59.0,59.0,0.0,9.0,5.0,3.4000000000000004,5.0,0.15833333333333333,0.0,5.54,moderate,2026-02-28
953,953,1,Midday (9–15),3,71.0,71.0,71.0,0.0,3.0,7.0,2.2,7.0,0.11875,0.0,4.16,moderate,2026-02-28
953,953,1,PM Peak (15–19),16,71.0,71.0,71.0,0.0,15.0,5.0,2.2,5.0,0.15833333333333333,0.0,5.54,moderate,2026-02-28
954,954,0,AM Peak (6–9),19,62.0,48.0,62.0,14.0,10.0,9.0,4.5,12.0,0.095,0.37433155080213903,25.78,moderate,2026-02-28
954,954,0,PM Peak (15–19),22,57.5,52.0,63.0,11.0,13.0,12.0,12.0,15.0,0.07307692307692307,0.31976744186046513,21.74,moderate,2026-02-28
954,954,1,AM Peak (6–9),19,59.0,54.0,59.0,5.0,12.0,14.0,11.0,14.0,0.06333333333333332,0.17605633802816903,12.78,moderate,2026-02-28
954,954,1,Midday (9–15),1,68.0,68.0,68.0,0.0,,10.0,,,0.08636363636363636,0.0,3.02,moderate,2026-02-28
954,954,1,PM Peak (15–19),22,68.0,55.0,68.0,13.0,16.0,14.0,10.0,14.0,0.06333333333333332,0.35714285714285715,23.65,moderate,2026-02-28
960,960,0,AM Peak (6–9),26,57.0,52.5,57.0,4.5,23.0,8.0,5.0,8.0,0.10555555555555556,0.16129032258064516,13.37,moderate,2026-02-28
960,960,0,Evening (19–24),18,42.0,42.0,61.5,19.5,22.0,9.5,4.1,16.0,0.09047619047619047,0.4545454545454546,30.44,moderate,2026-02-28
960,960,0,Midday (9–15),44,56.0,56.0,70.0,14.0,40.0,11.5,7.9,13.0,0.076,0.37433155080213903,25.12,moderate,2026-02-28
960,960,0,Overnight (0–6),5,53.0,53.0,53.0,0.0,,10.0,,,0.08636363636363636,0.0,3.02,moderate,2026-02-28
960,960,0,PM Peak (15–19),31,70.0,70.0,70.0,0.0,28.0,6.0,3.0,6.300000000000001,0.1357142857142857,0.0,4.75,moderate,2026-02-28
960,960,1,AM Peak (6–9),27,63.0,61.8,63.0,1.2000000000000028,25.0,19.0,16.0,19.0,0.0475,0.04878048780487816,4.59,moderate,2026-02-28
960,960,1,Evening (19–24),18,45.0,45.0,57.900000000000006,12.900000000000006,17.0,7.0,2.0,12.4,0.11875,0.3553719008264464,25.48,moderate,2026-02-28
960,960,1,Midday (9–15),42,60.0,60.0,69.0,9.0,41.0,16.0,14.0,19.0,0.055882352941176466,0.2777777777777778,18.62,moderate,2026-02-28
960,960,1,Overnight (0–6),7,60.0,60.0,60.0,0.0,,10.0,,,0.08636363636363636,0.0,3.02,moderate,2026-02-28
960,960,1,PM Peak (15–19),30,69.0,69.0,69.0,0.0,29.0,15.0,11.0,15.0,0.059375,0.0,2.08,moderate,2026-02-28
968,968,0,AM Peak (6–9),14,35.0,35.0,35.0,0.0,11.0,3.0,3.0,3.0,0.2375,0.0,8.31,very low recovery time,2026-02-28
968,968,0,Midday (9–15),5,35.0,35.0,35.0,0.0,4.0,3.0,3.0,3.0,0.2375,0.0,8.31,very low recovery time,2026-02-28
968,968,0,PM Peak (15–19),12,40.0,40.0,40.0,0.0,11.0,3.0,3.0,3.0,0.2375,0.0,8.31,very low recovery time,2026-02-28
968,968,1,AM Peak (6–9),12,30.0,30.0,30.0,0.0,10.0,10.0,7.7,10.0,0.08636363636363636,0.0,3.02,moderate,2026-02-28
968,968,1,Midday (9–15),4,30.0,30.0,30.0,0.0,4.0,9.5,8.3,10.0,0.09047619047619047,0.0,3.17,moderate,2026-02-28
968,968,1,PM Peak (15–19),13,41.0,41.0,41.0,0.0,9.0,6.0,2.0,6.0,0.1357142857142857,0.0,4.75,moderate,2026-02-28
984,984,0,AM Peak (6–9),20,36.0,2.033333333333333,38.0,35.96666666666667,16.0,7.5,0.0,8.0,0.11176470588235293,0.6058394160583942,40.26,high schedule variability,2026-02-28
984,984,0,Evening (19–24),4,38.0,38.0,38.0,0.0,,10.0,,,0.08636363636363636,0.0,3.02,moderate,2026-02-28
984,984,0,Midday (9–15),12,39.0,2.033333333333333,40.0,37.96666666666667,6.0,0.0,0.0,1.0,0.95,0.6186854970124932,70.37,"no recovery time, high schedule variability",2026-02-28
984,984,0,PM Peak (15–19),24,40.0,38.6,40.0,1.3999999999999986,23.0,3.0,3.0,3.0,0.2375,0.056451612903225756,11.7,very low recovery time,2026-02-28
984,984,1,AM Peak (6–9),16,35.0,34.0,35.0,1.0,12.0,1.0,1.0,1.0,0.475,0.04098360655737705,19.08,no recovery time,2026-02-28
984,984,1,Midday (9–15),6,40.0,40.0,40.0,0.0,4.0,4.5,0.30000000000000004,8.0,0.17272727272727273,0.0,6.05,moderate,2026-02-28
984,984,1,PM Peak (15–19),23,40.0,35.2,40.0,4.799999999999997,24.0,7.0,7.0,8.0,0.11875,0.17021276595744672,14.37,moderate,2026-02-28
985,985,0,AM Peak (6–9),12,49.0,24.633333333333333,49.0,24.366666666666667,10.0,10.0,9.5,10.399999999999999,0.08636363636363636,0.5101186322400558,33.63,high schedule variability,2026-02-28
985,985,0,Midday (9–15),4,50.0,50.0,50.0,0.0,,10.0,,,0.08636363636363636,0.0,3.02,moderate,2026-02-28
985,985,0,PM Peak (15–19),12,50.0,50.0,50.0,0.0,16.0,5.0,5.0,5.0,0.15833333333333333,0.0,5.54,moderate,2026-02-28
985,985,1,AM Peak (6–9),13,39.0,14.25,39.0,24.75,8.0,4.5,2.0,11.3,0.17272727272727273,0.5140186915887851,36.89,high schedule variability,2026-02-28
985,985,1,Midday (9–15),5,14.25,14.25,14.25,0.0,4.0,2.0,2.0,3.4000000000000004,0.31666666666666665,0.0,11.08,very low recovery time,2026-02-28
985,985,1,PM Peak (15–19),18,48.0,37.87500000000001,48.0,10.124999999999993,12.0,2.0,2.0,2.0,0.31666666666666665,0.3020134228187918,29.2,very low recovery time,2026-02-28
986,986,0,AM Peak (6–9),24,33.0,33.0,33.0,0.0,24.0,6.0,6.0,6.0,0.1357142857142857,0.0,4.75,moderate,2026-02-28
986,986,0,PM Peak (15–19),17,34.0,34.0,34.0,0.0,17.0,4.0,4.0,4.0,0.19,0.0,6.65,moderate,2026-02-28
986,986,1,AM Peak (6–9),30,33.0,33.0,33.0,0.0,18.0,6.0,6.0,6.0,0.1357142857142857,0.0,4.75,moderate,2026-02-28
986,986,1,Midday (9–15),1,38.0,38.0,38.0,0.0,,10.0,,,0.08636363636363636,0.0,3.02,moderate,2026-02-28
986,986,1,PM Peak (15–19),18,38.0,38.0,38.0,0.0,11.0,8.0,8.0,8.0,0.10555555555555556,0.0,3.69,moderate,2026-02-28
989,989,0,AM Peak (6–9),12,48.5,47.0,55.0,8.0,8.0,5.0,5.0,14.899999999999999,0.15833333333333333,0.25477707006369427,20.83,moderate,2026-02-28
989,989,0,Evening (19–24),1,53.0,53.0,53.0,0.0,,10.0,,,0.08636363636363636,0.0,3.02,moderate,2026-02-28
989,989,0,Midday (9–15),5,59.0,59.0,59.0,0.0,1.0,12.0,12.0,12.0,0.07307692307692307,0.0,2.56,moderate,2026-02-28
989,989,0,PM Peak (15–19),15,59.0,59.0,59.0,0.0,16.0,15.0,15.0,15.0,0.059375,0.0,2.08,moderate,2026-02-28
989,989,1,AM Peak (6–9),12,47.0,46.0,53.0,7.0,8.0,14.5,7.0,22.0,0.06129032258064516,0.23026315789473686,15.96,moderate,2026-02-28
989,989,1,Evening (19–24),1,52.0,52.0,52.0,0.0,,10.0,,,0.08636363636363636,0.0,3.02,moderate,2026-02-28
989,989,1,Midday (9–15),5,62.0,56.6,62.0,5.399999999999999,,10.0,,,0.08636363636363636,0.18749999999999997,14.27,moderate,2026-02-28
989,989,1,PM Peak (15–19),16,62.0,62.0,62.0,0.0,15.0,14.0,14.0,14.0,0.06333333333333332,0.0,2.22,moderate,2026-02-28
995,995,0,AM Peak (6–9),17,59.0,55.0,59.0,4.0,16.0,6.0,5.0,8.0,0.1357142857142857,0.14598540145985403,13.51,moderate,2026-02-28
995,995,0,Evening (19–24),1,49.0,49.0,49.0,0.0,,10.0,,,0.08636363636363636,0.0,3.02,moderate,2026-02-28
995,995,0,Midday (9–15),37,51.0,51.0,51.0,0.0,36.0,5.0,5.0,5.0,0.15833333333333333,0.0,5.54,moderate,2026-02-28
995,995,0,Overnight (0–6),4,57.0,57.0,57.0,0.0,,10.0,,,0.08636363636363636,0.0,3.02,moderate,2026-02-28
995,995,0,PM Peak (15–19),23,54.0,52.0,54.0,2.0,24.0,11.0,9.3,11.0,0.07916666666666666,0.07874015748031496,7.5,moderate,2026-02-28
995,995,1,AM Peak (6–9),15,50.0,48.4,50.0,1.6000000000000014,10.0,8.0,6.0,13.1,0.10555555555555556,0.06400000000000006,7.53,moderate,2026-02-28
995,995,1,Evening (19–24),1,49.0,49.0,49.0,0.0,5.0,6.0,4.0,8.6,0.1357142857142857,0.0,4.75,moderate,2026-02-28
995,995,1,Midday (9–15),36,49.0,49.0,49.5,0.5,36.0,15.0,14.0,15.0,0.059375,0.020920502092050212,3.33,moderate,2026-02-28
995,995,1,PM Peak (15–19),24,57.0,56.0,57.0,1.0,23.0,8.0,8.0,13.400000000000002,0.10555555555555556,0.04098360655737705,6.15,moderate,2026-02-28
996,996,0,AM Peak (6–9),21,103.0,57.46666666666667,107.0,49.53333333333333,12.0,2.5,2.0,5.700000000000001,0.2714285714285714,0.6791590493601461,50.25,"very low recovery time, high schedule variability",2026-02-28
996,996,0,Evening (19–24),5,43.93333333333333,43.93333333333333,43.93333333333333,0.0,,10.0,,,0.08636363636363636,0.0,3.02,moderate,2026-02-28
996,996,0,Midday (9–15),32,103.0,103.0,105.0,2.0,29.0,4.0,2.8000000000000003,9.0,0.19,0.07874015748031496,11.37,moderate,2026-02-28
996,996,0,Overnight (0–6),2,75.73333333333333,58.72,92.74666666666667,34.02666666666667,,10.0,,,0.08636363636363636,0.5925237984676109,38.57,high schedule variability,2026-02-28
996,996,0,PM Peak (15–19),24,105.0,48.23333333333333,105.0,56.76666666666667,23.0,2.0,2.0,3.8000000000000007,0.31666666666666665,0.7081081081081081,53.57,"very low recovery time, high schedule variability",2026-02-28
996,996,1,AM Peak (6–9),20,102.0,92.96833333333333,103.1,10.13166666666666,17.0,8.0,3.0,8.0,0.10555555555555556,0.3021521944430637,21.82,moderate,2026-02-28
996,996,1,Midday (9–15),33,98.0,98.0,106.0,8.0,33.0,8.0,7.0,10.8,0.10555555555555556,0.25477707006369427,18.98,moderate,2026-02-28
996,996,1,Overnight (0–6),9,47.68333333333333,42.449999999999996,98.2,55.75000000000001,2.0,6.0,2.8,9.2,0.1357142857142857,0.7043588123815541,47.01,high schedule variability,2026-02-28
996,996,1,PM Peak (15–19),24,106.0,59.9,106.0,46.1,23.0,7.0,7.0,7.800000000000001,0.11875,0.6633093525179856,43.95,high schedule variability,2026-02-28
