route_id,route_short_name,direction_id,time_band,trips,median_runtime_min,p10_runtime_min,p90_runtime_min,runtime_spread_min,layovers,median_layover_min,p10_layover_min,p90_layover_min,layover_score,runtime_score,fragility_score,why,data_updated_date
7,7,0,AM Peak (6–9),19,63.0,57.8,63.0,5.200000000000003,18.0,10.0,5.7,10.0,0.08636363636363636,0.18055555555555566,13.86,moderate,2026-07-20
7,7,0,Evening (19–24),30,41.0,33.0,48.0,15.0,30.0,9.0,5.800000000000001,15.100000000000001,0.095,0.3886010362694301,26.64,moderate,2026-07-20
7,7,0,Midday (9–15),39,56.0,56.0,64.0,8.0,38.0,9.0,4.0,11.0,0.095,0.2531645569620254,18.51,moderate,2026-07-20
7,7,0,Overnight (0–6),14,33.0,33.0,49.800000000000004,16.800000000000004,10.0,4.0,4.0,9.299999999999999,0.19,0.415841584158416,31.6,moderate,2026-07-20
7,7,0,PM Peak (15–19),24,61.5,52.3,64.0,11.700000000000003,24.0,10.0,7.200000000000001,11.399999999999999,0.08636363636363636,0.331444759206799,22.91,moderate,2026-07-20
7,7,1,AM Peak (6–9),22,57.0,27.795,57.0,29.205,16.0,10.0,4.5,12.0,0.08636363636363636,0.553072625698324,36.21,high schedule variability,2026-07-20
7,7,1,Evening (19–24),30,48.0,38.0,55.0,17.0,29.0,8.0,5.0,15.0,0.10555555555555556,0.41871921182266014,28.82,moderate,2026-07-20
7,7,1,Midday (9–15),38,61.0,61.0,81.0,20.0,37.0,12.0,8.6,12.0,0.07307692307692307,0.4587155963302753,30.08,moderate,2026-07-20
7,7,1,Overnight (0–6),11,38.0,31.0,38.0,7.0,10.0,5.0,5.0,8.599999999999998,0.15833333333333333,0.22875816993464057,19.27,moderate,2026-07-20
7,7,1,PM Peak (15–19),24,78.0,61.9,81.0,19.1,24.0,15.0,9.0,15.0,0.059375,0.4473067915690867,28.92,moderate,2026-07-20
8,8,0,AM Peak (6–9),8,44.0,44.0,44.0,0.0,8.0,3.0,3.0,3.8999999999999995,0.2375,0.0,8.31,very low recovery time,2026-07-20
8,8,0,Evening (19–24),13,33.0,29.0,33.0,4.0,13.0,2.0,2.0,5.0,0.31666666666666665,0.1449275362318841,19.78,very low recovery time,2026-07-20
8,8,0,Midday (9–15),16,38.0,38.0,41.0,3.0,16.0,6.0,3.0,6.0,0.1357142857142857,0.11278195488721807,11.52,moderate,2026-07-20
8,8,0,Overnight (0–6),7,29.0,29.0,44.0,15.0,5.0,5.0,2.0,5.0,0.15833333333333333,0.3886010362694301,28.86,moderate,2026-07-20
8,8,0,PM Peak (15–19),10,38.5,37.8,39.0,1.2000000000000028,11.0,6.0,2.0,6.0,0.1357142857142857,0.04838709677419367,7.65,moderate,2026-07-20
8,8,1,AM Peak (6–9),8,36.0,36.0,36.0,0.0,8.0,5.0,5.0,5.0,0.15833333333333333,0.0,5.54,moderate,2026-07-20
8,8,1,Evening (19–24),12,33.0,29.0,33.0,4.0,12.0,4.0,4.0,9.0,0.19,0.1449275362318841,15.35,moderate,2026-07-20
8,8,1,Midday (9–15),16,35.0,35.0,35.0,0.0,17.0,9.0,7.4,9.0,0.095,0.0,3.32,moderate,2026-07-20
8,8,1,Overnight (0–6),10,29.0,29.0,36.0,7.0,7.0,9.0,3.8000000000000003,9.0,0.095,0.22875816993464057,17.05,moderate,2026-07-20
8,8,1,PM Peak (15–19),11,43.0,39.0,43.0,4.0,10.0,5.0,4.0,8.499999999999998,0.15833333333333333,0.1449275362318841,14.24,moderate,2026-07-20
9,9,0,AM Peak (6–9),8,42.0,40.0,44.0,4.0,8.0,3.5,2.0,6.0,0.2111111111111111,0.1449275362318841,16.08,moderate,2026-07-20
9,9,0,Evening (19–24),12,36.0,36.0,36.0,0.0,11.0,2.0,0.0,2.0,0.31666666666666665,0.0,11.08,very low recovery time,2026-07-20
9,9,0,Midday (9–15),13,39.0,39.0,43.0,4.0,13.0,3.0,1.4000000000000004,15.000000000000007,0.2375,0.1449275362318841,17.01,very low recovery time,2026-07-20
9,9,0,Overnight (0–6),6,35.5,31.0,40.0,9.0,4.0,6.5,4.0,12.5,0.12666666666666665,0.2760736196319019,21.0,moderate,2026-07-20
9,9,0,PM Peak (15–19),10,43.0,42.4,43.1,0.7000000000000028,9.0,4.0,2.0,11.0,0.19,0.028806584362140036,8.38,moderate,2026-07-20
9,9,1,AM Peak (6–9),8,42.5,38.0,44.0,6.0,8.0,0.0,0.0,1.5999999999999996,0.95,0.20270270270270274,45.41,no recovery time,2026-07-20
9,9,1,Evening (19–24),11,40.0,40.0,40.0,0.0,12.0,0.0,0.0,2.8000000000000007,0.95,0.0,33.25,no recovery time,2026-07-20
9,9,1,Midday (9–15),13,41.0,41.0,41.8,0.7999999999999972,13.0,1.0,1.0,1.0,0.475,0.03278688524590154,18.59,no recovery time,2026-07-20
9,9,1,Overnight (0–6),7,38.0,34.0,38.0,4.0,5.0,0.0,0.0,2.4000000000000004,0.95,0.1449275362318841,41.95,no recovery time,2026-07-20
9,9,1,PM Peak (15–19),10,46.0,46.0,46.1,0.10000000000000142,10.0,2.0,0.9,3.0,0.31666666666666665,0.004219409282700482,11.34,very low recovery time,2026-07-20
10,10,0,AM Peak (6–9),6,15.0,14.0,15.0,1.0,6.0,0.0,0.0,1.0,0.95,0.04065040650406505,35.69,no recovery time,2026-07-20
10,10,0,Midday (9–15),3,15.0,15.0,15.0,0.0,2.0,0.0,0.0,0.0,0.95,0.0,33.25,no recovery time,2026-07-20
10,10,0,Overnight (0–6),2,8.966666666666667,4.9399999999999995,12.993333333333334,8.053333333333335,2.0,0.5,0.1,0.9,0.6333333333333333,0.2544229149115418,37.43,no recovery time,2026-07-20
10,10,0,PM Peak (15–19),8,15.0,15.0,15.0,0.0,8.0,0.0,0.0,0.0,0.95,0.0,33.25,no recovery time,2026-07-20
10,10,1,AM Peak (6–9),6,12.0,11.5,12.0,0.5,6.0,3.0,3.0,3.5,0.2375,0.020746887966804985,9.56,very low recovery time,2026-07-20
10,10,1,Evening (19–24),1,12.0,12.0,12.0,0.0,,10.0,,,0.08636363636363636,0.0,3.02,moderate,2026-07-20
10,10,1,Midday (9–15),2,12.0,12.0,12.0,0.0,1.0,3.0,3.0,3.0,0.2375,0.0,8.31,very low recovery time,2026-07-20
10,10,1,Overnight (0–6),2,11.0,11.0,11.0,0.0,2.0,4.0,4.0,4.0,0.19,0.0,6.65,moderate,2026-07-20
10,10,1,PM Peak (15–19),8,12.0,12.0,12.0,0.0,8.0,3.0,3.0,3.0,0.2375,0.0,8.31,very low recovery time,2026-07-20
11,11,0,AM Peak (6–9),18,38.5,21.0,66.0,45.0,15.0,2.0,0.0,7.599999999999998,0.31666666666666665,0.6559766763848397,50.44,"very low recovery time, high schedule variability",2026-07-20
11,11,0,Evening (19–24),26,25.0,13.0,46.0,33.0,25.0,4.0,0.8000000000000007,4.0,0.19,0.5830388692579506,41.63,high schedule variability,2026-07-20
11,11,0,Midday (9–15),35,25.0,20.0,56.0,36.0,32.0,3.0,2.1,3.0,0.2375,0.6040268456375839,44.55,"very low recovery time, high schedule variability",2026-07-20
11,11,0,Overnight (0–6),8,24.5,13.0,32.0,19.0,7.0,2.0,1.2000000000000002,3.200000000000001,0.31666666666666665,0.44600938967136156,37.84,very low recovery time,2026-07-20
11,11,0,PM Peak (15–19),24,35.5,25.0,56.0,31.0,23.0,3.0,3.0,4.0,0.2375,0.5677655677655679,42.38,"very low recovery time, high schedule variability",2026-07-20
11,11,1,AM Peak (6–9),17,42.0,18.2,51.0,32.8,14.0,1.5,0.30000000000000004,8.600000000000009,0.38,0.5815602836879433,48.19,"very low recovery time, high schedule variability",2026-07-20
11,11,1,Evening (19–24),25,18.0,13.0,46.0,33.0,25.0,2.0,0.40000000000000036,2.0,0.31666666666666665,0.5830388692579506,46.07,"very low recovery time, high schedule variability",2026-07-20
11,11,1,Midday (9–15),34,35.5,19.0,53.3,34.3,34.0,5.0,2.0,12.0,0.15833333333333333,0.5924006908462868,41.09,high schedule variability,2026-07-20
11,11,1,Overnight (0–6),10,34.0,13.0,42.0,29.0,8.0,2.0,2.0,3.5999999999999996,0.31666666666666665,0.5513307984790875,44.16,"very low recovery time, high schedule variability",2026-07-20
11,11,1,PM Peak (15–19),24,36.0,22.0,61.0,39.0,24.0,2.5,2.0,8.799999999999997,0.2714285714285714,0.623003194888179,46.88,"very low recovery time, high schedule variability",2026-07-20
12,12,0,AM Peak (6–9),14,43.0,36.9,51.0,14.100000000000001,12.0,0.0,0.0,4.700000000000001,0.95,0.3740053050397879,55.69,no recovery time,2026-07-20
12,12,0,Evening (19–24),20,33.0,28.0,45.0,17.0,17.0,0.0,0.0,9.200000000000003,0.95,0.41871921182266014,58.37,no recovery time,2026-07-20
12,12,0,Midday (9–15),26,46.0,38.0,49.0,11.0,26.0,2.5,1.0,6.0,0.2714285714285714,0.31791907514450873,28.58,very low recovery time,2026-07-20
12,12,0,Overnight (0–6),8,28.0,22.0,30.703333333333333,8.703333333333333,6.0,0.0,0.0,15.0,0.95,0.2694252399133217,49.42,no recovery time,2026-07-20
12,12,0,PM Peak (15–19),21,45.0,43.0,56.0,13.0,20.0,4.0,3.0,8.100000000000001,0.19,0.35519125683060115,27.96,moderate,2026-07-20
12,12,1,AM Peak (6–9),14,45.0,38.9,52.0,13.100000000000001,12.0,4.0,4.0,14.500000000000002,0.19,0.35694822888283384,28.07,moderate,2026-07-20
12,12,1,Evening (19–24),19,34.0,27.0,43.0,16.0,19.0,12.0,5.0,15.0,0.07307692307692307,0.4040404040404041,26.8,moderate,2026-07-20
12,12,1,Midday (9–15),26,48.0,38.0,52.0,14.0,23.0,13.0,8.0,13.0,0.06785714285714285,0.37234042553191493,24.72,moderate,2026-07-20
12,12,1,Overnight (0–6),8,27.0,25.855,34.0,8.145,8.0,5.0,4.945,15.0,0.15833333333333333,0.25657583871475825,20.94,moderate,2026-07-20
12,12,1,PM Peak (15–19),22,46.0,44.0,54.0,10.0,22.0,8.0,8.0,9.800000000000004,0.10555555555555556,0.29761904761904767,21.55,moderate,2026-07-20
13,13,0,AM Peak (6–9),9,30.0,20.0,30.0,10.0,9.0,0.0,0.0,0.0,0.95,0.29761904761904767,51.11,no recovery time,2026-07-20
13,13,0,Evening (19–24),12,22.0,22.0,24.9,2.8999999999999986,13.0,1.0,0.0,1.0,0.475,0.10943396226415092,23.19,no recovery time,2026-07-20
13,13,0,Midday (9–15),15,32.0,31.0,32.0,1.0,15.0,0.0,0.0,0.0,0.95,0.04065040650406505,35.69,no recovery time,2026-07-20
13,13,0,Overnight (0–6),6,22.0,21.0,22.0,1.0,5.0,1.0,1.0,1.0,0.475,0.04065040650406505,19.06,no recovery time,2026-07-20
13,13,0,PM Peak (15–19),9,31.0,31.0,31.0,0.0,9.0,0.0,0.0,0.0,0.95,0.0,33.25,no recovery time,2026-07-20
13,13,1,AM Peak (6–9),9,27.0,21.0,27.0,6.0,7.0,3.0,2.2,8.600000000000001,0.2375,0.20270270270270274,20.47,very low recovery time,2026-07-20
13,13,1,Evening (19–24),13,25.0,25.0,29.000000000000004,4.0000000000000036,12.0,2.0,1.1,3.8000000000000007,0.31666666666666665,0.1449275362318842,19.78,very low recovery time,2026-07-20
13,13,1,Midday (9–15),15,34.0,34.0,37.599999999999994,3.5999999999999943,15.0,9.0,4.4,9.0,0.095,0.13235294117647042,11.27,moderate,2026-07-20
13,13,1,Overnight (0–6),5,25.0,12.82,25.0,12.18,4.0,2.0,2.0,2.0,0.31666666666666665,0.34041363890441595,31.51,very low recovery time,2026-07-20
13,13,1,PM Peak (15–19),9,40.0,40.0,40.0,0.0,10.0,4.0,4.0,4.0,0.19,0.0,6.65,moderate,2026-07-20
14,14,0,AM Peak (6–9),6,35.0,26.0,35.0,9.0,7.0,3.0,0.0,5.400000000000002,0.2375,0.2760736196319019,24.88,very low recovery time,2026-07-20
14,14,0,Evening (19–24),10,23.0,22.0,23.0,1.0,10.0,5.0,4.0,5.0,0.15833333333333333,0.04065040650406505,7.98,moderate,2026-07-20
14,14,0,Midday (9–15),13,26.0,26.0,30.0,4.0,12.0,0.0,0.0,1.8000000000000007,0.95,0.1449275362318841,41.95,no recovery time,2026-07-20
14,14,0,Overnight (0–6),5,22.0,22.0,26.0,4.0,3.0,2.0,0.4,3.6,0.31666666666666665,0.1449275362318841,19.78,very low recovery time,2026-07-20
14,14,0,PM Peak (15–19),10,30.0,29.3,30.0,0.6999999999999993,9.0,0.0,0.0,0.0,0.95,0.028806584362139898,34.98,no recovery time,2026-07-20
14,14,1,AM Peak (6–9),7,27.0,23.0,27.0,4.0,6.0,12.5,6.5,13.0,0.07037037037037036,0.1449275362318841,11.16,moderate,2026-07-20
14,14,1,Evening (19–24),10,23.0,21.0,23.0,2.0,10.0,6.0,4.0,6.0,0.1357142857142857,0.07812500000000001,9.44,moderate,2026-07-20
14,14,1,Midday (9–15),13,25.0,25.0,30.200000000000003,5.200000000000003,11.0,6.0,0.0,6.0,0.1357142857142857,0.18055555555555566,15.58,moderate,2026-07-20
14,14,1,Overnight (0–6),3,21.0,21.0,21.0,0.0,3.0,0.0,0.0,3.2,0.95,0.0,33.25,no recovery time,2026-07-20
14,14,1,PM Peak (15–19),10,31.0,30.2,31.0,0.8000000000000007,10.0,13.0,11.7,13.0,0.06785714285714285,0.032786885245901676,4.34,moderate,2026-07-20
15,15,0,AM Peak (6–9),8,23.0,20.0,23.0,3.0,8.0,12.0,1.0,13.2,0.07307692307692307,0.11278195488721807,9.32,moderate,2026-07-20
15,15,0,Evening (19–24),12,21.0,18.0,21.0,3.0,7.0,4.0,4.0,7.200000000000003,0.19,0.11278195488721807,13.42,moderate,2026-07-20
15,15,0,Midday (9–15),13,22.0,22.0,24.400000000000002,2.400000000000002,12.0,8.0,3.5000000000000004,8.0,0.10555555555555556,0.0923076923076924,9.23,moderate,2026-07-20
15,15,0,Overnight (0–6),6,18.0,18.0,20.0,2.0,1.0,1.0,1.0,1.0,0.475,0.07812500000000001,21.31,no recovery time,2026-07-20
15,15,0,PM Peak (15–19),12,25.0,23.0,25.0,2.0,12.0,5.0,5.0,7.0,0.15833333333333333,0.07812500000000001,10.23,moderate,2026-07-20
15,15,1,AM Peak (6–9),9,23.0,22.0,23.0,1.0,9.0,2.0,2.0,7.0,0.31666666666666665,0.04065040650406505,13.52,very low recovery time,2026-07-20
15,15,1,Evening (19–24),11,22.0,19.0,22.0,3.0,11.0,3.0,3.0,3.0,0.2375,0.11278195488721807,15.08,very low recovery time,2026-07-20
15,15,1,Midday (9–15),13,23.0,23.0,26.0,3.0,12.0,7.0,4.1,7.0,0.11875,0.11278195488721807,10.92,moderate,2026-07-20
15,15,1,Overnight (0–6),4,19.0,19.0,21.1,2.1000000000000014,4.0,3.0,3.0,3.0,0.2375,0.08171206225680941,13.22,very low recovery time,2026-07-20
15,15,1,PM Peak (15–19),12,26.0,24.0,26.0,2.0,13.0,4.0,4.0,6.0,0.19,0.07812500000000001,11.34,moderate,2026-07-20
16,16,0,AM Peak (6–9),15,34.0,34.0,34.0,0.0,14.0,5.5,2.2,8.400000000000002,0.14615384615384613,0.0,5.12,moderate,2026-07-20
16,16,0,Evening (19–24),24,30.0,26.0,30.0,4.0,24.0,5.0,4.0,6.0,0.15833333333333333,0.1449275362318841,14.24,moderate,2026-07-20
16,16,0,Midday (9–15),31,32.0,32.0,32.0,0.0,31.0,4.0,3.0,4.0,0.19,0.0,6.65,moderate,2026-07-20
16,16,0,Overnight (0–6),8,24.5,23.0,34.0,11.0,7.0,4.0,3.6,7.600000000000001,0.19,0.31791907514450873,25.73,moderate,2026-07-20
16,16,0,PM Peak (15–19),23,36.0,36.0,36.0,0.0,23.0,4.0,4.0,5.600000000000001,0.19,0.0,6.65,moderate,2026-07-20
16,16,1,AM Peak (6–9),14,34.0,34.0,34.0,0.0,14.0,7.0,3.0,7.0,0.11875,0.0,4.16,moderate,2026-07-20
16,16,1,Evening (19–24),24,30.0,27.0,30.0,3.0,24.0,5.0,1.0,5.0,0.15833333333333333,0.11278195488721807,12.31,moderate,2026-07-20
16,16,1,Midday (9–15),32,32.0,32.0,32.0,0.0,31.0,2.0,1.0,2.0,0.31666666666666665,0.0,11.08,very low recovery time,2026-07-20
16,16,1,Overnight (0–6),11,27.0,26.0,34.0,8.0,6.0,3.5,0.5,12.0,0.2111111111111111,0.2531645569620254,22.58,moderate,2026-07-20
16,16,1,PM Peak (15–19),23,36.0,34.4,36.0,1.6000000000000014,22.0,4.0,4.0,4.900000000000002,0.19,0.06349206349206356,10.46,moderate,2026-07-20
17,17,0,AM Peak (6–9),18,43.0,43.0,57.0,14.0,16.0,6.0,6.0,8.0,0.1357142857142857,0.37234042553191493,27.09,moderate,2026-07-20
17,17,0,Evening (19–24),14,36.0,33.0,41.60000000000001,8.600000000000009,14.0,8.0,3.6,8.0,0.10555555555555556,0.26708074534161513,19.72,moderate,2026-07-20
17,17,0,Midday (9–15),21,42.0,42.0,45.0,3.0,23.0,6.0,3.0,6.0,0.1357142857142857,0.11278195488721807,11.52,moderate,2026-07-20
17,17,0,Overnight (0–6),10,33.0,33.0,52.5,19.5,7.0,6.0,3.6000000000000005,8.400000000000002,0.1357142857142857,0.4524361948955917,31.9,moderate,2026-07-20
17,17,0,PM Peak (15–19),24,44.0,44.0,60.0,16.0,21.0,10.0,5.0,10.0,0.08636363636363636,0.4040404040404041,27.27,moderate,2026-07-20
17,17,1,AM Peak (6–9),18,43.0,42.0,51.0,9.0,19.0,8.0,8.0,16.0,0.10555555555555556,0.2760736196319019,20.26,moderate,2026-07-20
17,17,1,Evening (19–24),15,40.0,35.0,40.0,5.0,14.0,0.0,0.0,18.400000000000013,0.95,0.17482517482517487,43.74,no recovery time,2026-07-20
17,17,1,Midday (9–15),25,42.0,31.866666666666667,49.0,17.133333333333333,18.0,5.0,5.0,5.0,0.15833333333333333,0.4206219312602292,30.78,moderate,2026-07-20
17,17,1,Overnight (0–6),16,35.0,3.8,45.5,41.7,10.0,2.0,0.0,7.099999999999996,0.31666666666666665,0.6385911179173048,49.4,"very low recovery time, high schedule variability",2026-07-20
17,17,1,PM Peak (15–19),24,49.0,49.0,59.0,10.0,25.0,7.0,7.0,11.0,0.11875,0.29761904761904767,22.01,moderate,2026-07-20
18,18,0,AM Peak (6–9),12,20.0,15.2,21.0,5.800000000000001,12.0,4.0,3.0,9.0,0.19,0.1972789115646259,18.49,moderate,2026-07-20
18,18,0,Evening (19–24),16,16.0,16.0,17.5,1.5,17.0,3.0,3.0,4.0,0.2375,0.05976095617529882,11.9,very low recovery time,2026-07-20
18,18,0,Midday (9–15),20,19.5,19.0,23.0,4.0,19.0,4.0,3.0,4.0,0.19,0.1449275362318841,15.35,moderate,2026-07-20
18,18,0,Overnight (0–6),7,16.0,15.6,17.0,1.4000000000000004,5.0,3.0,3.0,7.2,0.2375,0.05600000000000003,11.67,very low recovery time,2026-07-20
18,18,0,PM Peak (15–19),17,22.0,19.0,23.0,4.0,17.0,4.0,3.2,5.800000000000001,0.19,0.1449275362318841,15.35,moderate,2026-07-20
18,18,1,AM Peak (6–9),12,18.0,17.0,19.0,2.0,12.0,2.0,2.0,3.0,0.31666666666666665,0.07812500000000001,15.77,very low recovery time,2026-07-20
18,18,1,Evening (19–24),17,14.0,14.0,16.6,2.6000000000000014,17.0,3.0,3.0,4.0,0.2375,0.09923664122137411,14.27,very low recovery time,2026-07-20
18,18,1,Midday (9–15),20,17.0,17.0,25.0,8.0,18.0,4.0,4.0,7.0,0.19,0.2531645569620254,21.84,moderate,2026-07-20
18,18,1,Overnight (0–6),6,14.0,14.0,17.0,3.0,4.0,3.0,1.6,7.200000000000001,0.2375,0.11278195488721807,15.08,very low recovery time,2026-07-20
18,18,1,PM Peak (15–19),16,23.0,19.5,25.0,5.5,17.0,6.0,4.0,7.0,0.1357142857142857,0.1890034364261169,16.09,moderate,2026-07-20
19,19,0,AM Peak (6–9),8,29.5,26.0,31.0,5.0,6.0,6.0,2.0,10.0,0.1357142857142857,0.17482517482517487,15.24,moderate,2026-07-20
19,19,0,Evening (19–24),11,29.0,23.0,29.0,6.0,11.0,7.0,5.0,11.0,0.11875,0.20270270270270274,16.32,moderate,2026-07-20
19,19,0,Midday (9–15),14,35.0,35.0,35.0,0.0,15.0,4.0,3.4000000000000004,4.0,0.19,0.0,6.65,moderate,2026-07-20
19,19,0,Overnight (0–6),4,24.5,23.0,26.0,3.0,5.0,10.0,9.4,11.0,0.08636363636363636,0.11278195488721807,9.79,moderate,2026-07-20
19,19,0,PM Peak (15–19),11,39.0,34.0,39.0,5.0,9.0,13.0,13.0,16.2,0.06785714285714285,0.17482517482517487,12.86,moderate,2026-07-20
19,19,1,AM Peak (6–9),7,25.0,24.0,31.0,7.0,7.0,0.0,0.0,3.200000000000003,0.95,0.22875816993464057,46.98,no recovery time,2026-07-20
19,19,1,Evening (19–24),10,24.0,24.0,26.1,2.1000000000000014,11.0,0.0,0.0,0.0,0.95,0.08171206225680941,38.15,no recovery time,2026-07-20
19,19,1,Midday (9–15),15,36.0,36.0,36.6,0.6000000000000014,14.0,0.0,0.0,0.0,0.95,0.02479338842975213,34.74,no recovery time,2026-07-20
19,19,1,Overnight (0–6),5,26.0,24.8,26.0,1.1999999999999993,2.0,0.0,0.0,0.0,0.95,0.04838709677419353,36.15,no recovery time,2026-07-20
19,19,1,PM Peak (15–19),10,36.0,35.7,36.0,0.29999999999999716,11.0,0.0,0.0,0.0,0.95,0.01255230125523001,34.0,no recovery time,2026-07-20
20,20,0,AM Peak (6–9),9,35.0,31.0,35.0,4.0,9.0,3.0,2.0,5.6000000000000005,0.2375,0.1449275362318841,17.01,very low recovery time,2026-07-20
20,20,0,Evening (19–24),12,31.5,27.0,32.0,5.0,11.0,1.0,0.0,12.0,0.475,0.17482517482517487,27.11,no recovery time,2026-07-20
20,20,0,Midday (9–15),18,35.0,35.0,38.0,3.0,18.0,5.0,4.7,9.3,0.15833333333333333,0.11278195488721807,12.31,moderate,2026-07-20
20,20,0,Overnight (0–6),8,31.0,27.0,31.0,4.0,6.0,4.0,0.5,8.0,0.19,0.1449275362318841,15.35,moderate,2026-07-20
20,20,0,PM Peak (15–19),15,38.0,36.8,38.0,1.2000000000000028,13.0,14.0,14.0,15.0,0.06333333333333332,0.04838709677419367,5.12,moderate,2026-07-20
20,20,1,AM Peak (6–9),10,34.0,28.0,35.0,7.0,9.0,8.0,7.0,8.2,0.10555555555555556,0.22875816993464057,17.42,moderate,2026-07-20
20,20,1,Evening (19–24),11,32.0,26.0,32.0,6.0,12.0,10.0,6.0,11.0,0.08636363636363636,0.20270270270270274,15.18,moderate,2026-07-20
20,20,1,Midday (9–15),19,32.0,32.0,38.0,6.0,19.0,8.0,5.8,8.0,0.10555555555555556,0.20270270270270274,15.86,moderate,2026-07-20
20,20,1,Overnight (0–6),5,26.0,26.0,28.0,2.0,4.0,7.0,4.6,9.4,0.11875,0.07812500000000001,8.84,moderate,2026-07-20
20,20,1,PM Peak (15–19),14,38.0,34.9,38.0,3.1000000000000014,14.0,6.0,6.0,6.0,0.1357142857142857,0.11610486891385775,11.72,moderate,2026-07-20
21,21,0,AM Peak (6–9),10,40.125,38.65,41.6,2.950000000000003,10.0,13.5,12.9,21.2,0.06551724137931034,0.11111111111111123,8.96,moderate,2026-07-20
21,21,0,Evening (19–24),15,35.65,31.7,39.6,7.900000000000002,13.0,10.0,8.4,14.0,0.08636363636363636,0.2507936507936509,18.07,moderate,2026-07-20
21,21,0,Midday (9–15),21,38.65,38.65,44.6,5.950000000000003,19.0,9.0,8.8,18.0,0.095,0.20135363790186137,15.41,moderate,2026-07-20
21,21,0,Overnight (0–6),7,31.7,31.7,38.65,6.949999999999999,4.0,11.5,10.0,16.5,0.076,0.2274959083469722,16.31,moderate,2026-07-20
21,21,0,PM Peak (15–19),14,44.6,39.6,44.6,5.0,13.0,18.0,9.8,18.8,0.049999999999999996,0.17482517482517487,12.24,moderate,2026-07-20
21,21,1,AM Peak (6–9),11,40.7,36.7,40.7,4.0,,10.0,,,0.08636363636363636,0.1449275362318841,11.72,moderate,2026-07-20
21,21,1,Evening (19–24),14,36.7,33.7,42.7,9.0,,10.0,,,0.08636363636363636,0.2760736196319019,19.59,moderate,2026-07-20
21,21,1,Midday (9–15),21,38.7,38.7,47.7,9.0,,10.0,,,0.08636363636363636,0.2760736196319019,19.59,moderate,2026-07-20
21,21,1,Overnight (0–6),5,33.7,33.7,36.7,3.0,,10.0,,,0.08636363636363636,0.11278195488721807,9.79,moderate,2026-07-20
21,21,1,PM Peak (15–19),14,47.7,42.7,47.7,5.0,,10.0,,,0.08636363636363636,0.17482517482517487,13.51,moderate,2026-07-20
22,22,0,AM Peak (6–9),18,11.0,9.0,11.0,2.0,17.0,1.0,1.0,1.0,0.475,0.07812500000000001,21.31,no recovery time,2026-07-20
22,22,0,Evening (19–24),30,11.0,9.0,11.0,2.0,31.0,1.0,1.0,5.0,0.475,0.07812500000000001,21.31,no recovery time,2026-07-20
22,22,0,Midday (9–15),36,11.0,11.0,11.0,0.0,36.0,1.0,1.0,1.0,0.475,0.0,16.62,no recovery time,2026-07-20
22,22,0,Overnight (0–6),15,9.0,7.0,9.0,2.0,15.0,5.0,0.40000000000000013,5.0,0.15833333333333333,0.07812500000000001,10.23,moderate,2026-07-20
22,22,0,PM Peak (15–19),24,11.0,11.0,11.0,0.0,24.0,1.0,1.0,1.0,0.475,0.0,16.62,no recovery time,2026-07-20
22,22,1,AM Peak (6–9),18,12.0,11.0,12.0,1.0,18.0,6.0,6.0,9.0,0.1357142857142857,0.04065040650406505,7.19,moderate,2026-07-20
22,22,1,Evening (19–24),30,11.0,7.0,11.0,4.0,29.0,7.0,7.0,9.0,0.11875,0.1449275362318841,12.85,moderate,2026-07-20
22,22,1,Midday (9–15),36,11.0,11.0,12.0,1.0,36.0,7.0,6.0,7.0,0.11875,0.04065040650406505,6.6,moderate,2026-07-20
22,22,1,Overnight (0–6),15,7.0,5.0,11.0,6.0,13.0,9.0,3.0,9.0,0.095,0.20270270270270274,15.49,moderate,2026-07-20
22,22,1,PM Peak (15–19),24,12.0,12.0,12.0,0.0,24.0,6.0,6.0,6.0,0.1357142857142857,0.0,4.75,moderate,2026-07-20
23,23,0,AM Peak (6–9),18,17.0,13.0,17.0,4.0,18.0,8.0,5.0,8.0,0.10555555555555556,0.1449275362318841,12.39,moderate,2026-07-20
23,23,0,Evening (19–24),24,14.0,11.0,14.0,3.0,23.0,6.0,6.0,6.0,0.1357142857142857,0.11278195488721807,11.52,moderate,2026-07-20
23,23,0,Midday (9–15),36,16.0,16.0,16.0,0.0,36.0,9.0,9.0,9.0,0.095,0.0,3.32,moderate,2026-07-20
23,23,0,Overnight (0–6),11,11.0,3.8,13.0,9.2,9.0,6.0,5.0,7.000000000000001,0.1357142857142857,0.2804878048780488,21.58,moderate,2026-07-20
23,23,0,PM Peak (15–19),20,18.0,17.6,18.0,0.3999999999999986,19.0,10.0,4.8,11.0,0.08636363636363636,0.01666666666666661,4.02,moderate,2026-07-20
23,23,1,AM Peak (6–9),19,14.0,13.0,14.0,1.0,19.0,1.0,0.8,1.1999999999999993,0.475,0.04065040650406505,19.06,no recovery time,2026-07-20
23,23,1,Evening (19–24),23,15.0,12.0,15.0,3.0,24.0,1.0,1.0,1.0,0.475,0.11278195488721807,23.39,no recovery time,2026-07-20
23,23,1,Midday (9–15),36,14.0,14.0,14.0,0.0,35.0,1.0,1.0,1.0,0.475,0.0,16.62,no recovery time,2026-07-20
23,23,1,Overnight (0–6),12,12.0,12.0,13.0,1.0,11.0,1.0,0.0,1.0,0.475,0.04065040650406505,19.06,no recovery time,2026-07-20
23,23,1,PM Peak (15–19),19,20.0,19.6,20.0,0.3999999999999986,20.0,1.5,1.0,2.0,0.38,0.01666666666666661,14.3,very low recovery time,2026-07-20
24,24,0,AM Peak (6–9),27,46.0,38.88333333333333,56.0,17.116666666666667,25.0,8.133333333333333,5.116666666666666,8.183333333333334,0.10401459854014598,0.42038477282030295,28.86,moderate,2026-07-20
24,24,0,Evening (19–24),37,43.0,36.0,43.0,7.0,33.0,7.133333333333334,2.1333333333333333,8.166666666666666,0.1168032786885246,0.22875816993464057,17.81,moderate,2026-07-20
24,24,0,Midday (9–15),51,50.0,41.88333333333333,54.0,12.116666666666667,49.0,8.183333333333334,8.116666666666667,12.13,0.10344827586206896,0.3392440503966403,23.98,moderate,2026-07-20
24,24,0,Overnight (0–6),16,36.0,34.5,46.0,11.5,13.0,7.133333333333334,3.933333333333334,9.926666666666668,0.1168032786885246,0.3276353276353277,23.75,moderate,2026-07-20
24,24,0,PM Peak (15–19),33,52.0,43.85,54.0,10.149999999999999,29.0,8.166666666666666,4.15,8.183333333333334,0.10363636363636364,0.30074074074074075,21.67,moderate,2026-07-20
24,24,1,AM Peak (6–9),27,44.0,38.92,47.81666666666667,8.896666666666668,23.0,5.0,2.0,8.0,0.15833333333333333,0.2737716688891169,21.97,moderate,2026-07-20
24,24,1,Evening (19–24),35,42.833333333333336,36.86666666666667,42.833333333333336,5.966666666666669,36.0,2.0,0.0,4.0,0.31666666666666665,0.20180383314543412,23.19,very low recovery time,2026-07-20
24,24,1,Midday (9–15),49,47.81666666666667,46.0,47.81666666666667,1.81666666666667,50.0,4.0,0.0,8.0,0.19,0.0714754098360657,10.94,moderate,2026-07-20
24,24,1,Overnight (0–6),18,36.86666666666667,30.9,40.86666666666667,9.966666666666669,12.0,2.0,0.0,7.600000000000001,0.31666666666666665,0.29692154915590874,28.9,very low recovery time,2026-07-20
24,24,1,PM Peak (15–19),33,54.81666666666667,49.81666666666667,55.0,5.18333333333333,32.0,3.0,2.1,7.0,0.2375,0.18008106543138386,19.12,very low recovery time,2026-07-20
25,25,0,AM Peak (6–9),41,43.0,14.0,46.0,32.0,42.0,5.158333333333333,4.316666666666666,8.0,0.15426251691474965,0.5755395683453238,39.93,high schedule variability,2026-07-20
25,25,0,Evening (19–24),48,41.0,13.0,48.0,35.0,46.0,5.0,4.0,7.316666666666666,0.15833333333333333,0.5972696245733788,41.38,high schedule variability,2026-07-20
25,25,0,Midday (9–15),73,13.0,12.0,43.0,31.0,72.0,6.658333333333333,3.0,8.316666666666666,0.12404787812840043,0.5677655677655679,38.41,high schedule variability,2026-07-20
25,25,0,Overnight (0–6),21,43.0,8.0,48.0,40.0,11.0,4.0,4.0,9.0,0.19,0.628930817610063,44.39,high schedule variability,2026-07-20
25,25,0,PM Peak (15–19),60,27.5,14.0,46.0,32.0,58.0,5.158333333333333,4.316666666666666,6.821666666666673,0.15426251691474965,0.5755395683453238,39.93,high schedule variability,2026-07-20
25,25,1,AM Peak (6–9),41,41.0,17.683333333333334,42.0,24.316666666666666,39.0,0.0,0.0,8.0,0.95,0.5074782608695653,63.7,"no recovery time, high schedule variability",2026-07-20
25,25,1,Evening (19–24),48,40.0,18.683333333333334,48.0,29.316666666666666,46.0,1.0,0.0,4.5,0.475,0.5540157480314961,49.87,"no recovery time, high schedule variability",2026-07-20
25,25,1,Midday (9–15),74,30.84166666666667,17.683333333333334,42.0,24.316666666666666,72.0,2.0,2.0,2.0,0.31666666666666665,0.5074782608695653,41.53,"very low recovery time, high schedule variability",2026-07-20
25,25,1,Overnight (0–6),19,38.0,10.783333333333333,48.0,37.21666666666667,15.0,0.0,0.0,5.6,0.95,0.6119484790353522,69.97,"no recovery time, high schedule variability",2026-07-20
25,25,1,PM Peak (15–19),58,30.34166666666667,19.683333333333334,48.0,28.316666666666666,57.0,2.0,2.0,4.0,0.31666666666666665,0.5454253611556983,43.81,"very low recovery time, high schedule variability",2026-07-20
26,26,0,AM Peak (6–9),7,44.0,34.0,44.0,10.0,7.0,12.0,2.0,16.400000000000002,0.07307692307692307,0.29761904761904767,20.41,moderate,2026-07-20
26,26,0,Evening (19–24),12,34.0,27.0,34.0,7.0,10.0,6.5,3.0,20.4,0.12666666666666665,0.22875816993464057,18.16,moderate,2026-07-20
26,26,0,Midday (9–15),13,41.0,41.0,43.400000000000006,2.4000000000000057,13.0,6.0,3.6000000000000005,12.0,0.1357142857142857,0.09230769230769252,10.29,moderate,2026-07-20
26,26,0,Overnight (0–6),6,27.0,27.0,31.0,4.0,5.0,3.0,3.0,3.6,0.2375,0.1449275362318841,17.01,very low recovery time,2026-07-20
26,26,0,PM Peak (15–19),8,45.0,45.0,45.0,0.0,9.0,11.0,9.6,12.4,0.07916666666666666,0.0,2.77,moderate,2026-07-20
26,26,1,AM Peak (6–9),8,39.0,28.0,39.0,11.0,7.0,6.0,1.0,8.4,0.1357142857142857,0.31791907514450873,23.83,moderate,2026-07-20
26,26,1,Evening (19–24),11,36.0,28.0,36.0,8.0,11.0,5.0,1.0,5.0,0.15833333333333333,0.2531645569620254,20.73,moderate,2026-07-20
26,26,1,Midday (9–15),13,40.0,40.0,42.400000000000006,2.4000000000000057,12.0,3.0,3.0,17.9,0.2375,0.09230769230769252,13.85,very low recovery time,2026-07-20
26,26,1,Overnight (0–6),6,28.0,28.0,28.0,0.0,4.0,2.0,1.3,2.0,0.31666666666666665,0.0,11.08,very low recovery time,2026-07-20
26,26,1,PM Peak (15–19),8,51.0,45.1,51.0,5.899999999999999,9.0,8.0,3.6,14.4,0.10555555555555556,0.2,15.69,moderate,2026-07-20
27,27,0,AM Peak (6–9),18,20.0,17.0,20.0,3.0,18.0,4.5,3.7,5.0,0.17272727272727273,0.11278195488721807,12.81,moderate,2026-07-20
27,27,0,Evening (19–24),34,16.0,14.0,17.0,3.0,35.0,8.0,6.0,8.0,0.10555555555555556,0.11278195488721807,10.46,moderate,2026-07-20
27,27,0,Midday (9–15),36,22.0,21.0,24.0,3.0,36.0,5.0,3.0,5.0,0.15833333333333333,0.11278195488721807,12.31,moderate,2026-07-20
27,27,0,Overnight (0–6),20,14.0,12.0,17.0,5.0,17.0,6.0,5.6,14.000000000000002,0.1357142857142857,0.17482517482517487,15.24,moderate,2026-07-20
27,27,0,PM Peak (15–19),24,22.5,22.0,24.0,2.0,24.0,5.5,5.0,8.0,0.14615384615384613,0.07812500000000001,9.8,moderate,2026-07-20
27,27,1,AM Peak (6–9),18,20.0,16.0,20.0,4.0,18.0,5.0,3.0,5.0,0.15833333333333333,0.1449275362318841,14.24,moderate,2026-07-20
27,27,1,Evening (19–24),35,17.0,15.0,17.0,2.0,16.0,8.0,3.5,8.0,0.10555555555555556,0.07812500000000001,8.38,moderate,2026-07-20
27,27,1,Midday (9–15),36,19.5,18.0,27.0,9.0,35.0,6.0,4.0,6.0,0.1357142857142857,0.2760736196319019,21.31,moderate,2026-07-20
27,27,1,Overnight (0–6),18,15.0,12.0,16.0,4.0,2.0,6.0,4.4,7.6,0.1357142857142857,0.1449275362318841,13.45,moderate,2026-07-20
27,27,1,PM Peak (15–19),23,24.0,23.0,27.0,4.0,23.0,4.0,4.0,7.0,0.19,0.1449275362318841,15.35,moderate,2026-07-20
28,28,0,AM Peak (6–9),7,14.0,11.0,14.0,3.0,7.0,2.0,2.0,4.4,0.31666666666666665,0.11278195488721807,17.85,very low recovery time,2026-07-20
28,28,0,Evening (19–24),10,12.0,11.0,12.0,1.0,11.0,5.0,4.0,7.0,0.15833333333333333,0.04065040650406505,7.98,moderate,2026-07-20
28,28,0,Midday (9–15),13,13.0,13.0,13.8,0.8000000000000007,13.0,2.0,2.0,2.8000000000000007,0.31666666666666665,0.032786885245901676,13.05,very low recovery time,2026-07-20
28,28,0,Overnight (0–6),3,11.0,11.0,11.0,0.0,3.0,1.0,0.2,3.4000000000000004,0.475,0.0,16.62,no recovery time,2026-07-20
28,28,0,PM Peak (15–19),11,14.0,14.0,14.0,0.0,10.0,4.0,4.0,4.0,0.19,0.0,6.65,moderate,2026-07-20
28,28,1,AM Peak (6–9),7,18.0,14.0,18.0,4.0,6.0,3.0,3.0,3.0,0.2375,0.1449275362318841,17.01,very low recovery time,2026-07-20
28,28,1,Evening (19–24),11,14.0,14.0,14.0,0.0,10.0,0.0,0.0,4.0,0.95,0.0,33.25,no recovery time,2026-07-20
28,28,1,Midday (9–15),13,13.0,13.0,18.8,5.800000000000001,13.0,5.0,0.20000000000000018,5.0,0.15833333333333333,0.1972789115646259,17.38,moderate,2026-07-20
28,28,1,Overnight (0–6),3,14.0,14.0,14.0,0.0,3.0,0.0,0.0,3.2,0.95,0.0,33.25,no recovery time,2026-07-20
28,28,1,PM Peak (15–19),10,19.0,18.5,19.0,0.5,10.0,4.0,3.7,4.599999999999998,0.19,0.020746887966804985,7.89,moderate,2026-07-20
29,29,0,AM Peak (6–9),23,50.0,40.2,52.0,11.799999999999997,21.0,7.0,4.0,10.0,0.11875,0.3333333333333333,24.16,moderate,2026-07-20
29,29,0,Evening (19–24),34,50.0,42.0,50.0,8.0,32.0,4.0,2.0,5.0,0.19,0.2531645569620254,21.84,moderate,2026-07-20
29,29,0,Midday (9–15),46,54.0,54.0,56.0,2.0,45.0,4.0,4.0,4.0,0.19,0.07812500000000001,11.34,moderate,2026-07-20
29,29,0,Overnight (0–6),12,41.0,38.445,42.0,3.5549999999999997,11.0,2.0,2.0,4.0,0.31666666666666665,0.1309151169213773,18.94,very low recovery time,2026-07-20
29,29,0,PM Peak (15–19),30,63.0,57.9,63.0,5.100000000000001,30.0,3.0,2.0,3.0,0.2375,0.17770034843205582,18.97,very low recovery time,2026-07-20
29,29,1,AM Peak (6–9),23,52.0,40.6,54.8,14.199999999999996,17.0,6.0,2.6,9.0,0.1357142857142857,0.37566137566137564,27.29,moderate,2026-07-20
29,29,1,Evening (19–24),35,49.0,41.0,49.0,8.0,34.0,8.0,5.0,9.0,0.10555555555555556,0.2531645569620254,18.88,moderate,2026-07-20
29,29,1,Midday (9–15),46,55.0,55.0,59.0,4.0,45.0,7.0,6.0,7.0,0.11875,0.1449275362318841,12.85,moderate,2026-07-20
29,29,1,Overnight (0–6),12,40.5,34.88,41.0,6.119999999999997,8.0,5.0,4.4,6.499999999999999,0.15833333333333333,0.20592193808882905,17.9,moderate,2026-07-20
29,29,1,PM Peak (15–19),30,65.0,54.9,65.0,10.100000000000001,30.0,5.0,5.0,7.100000000000001,0.15833333333333333,0.29970326409495557,23.52,moderate,2026-07-20
30,30,0,AM Peak (6–9),7,7.0,7.0,7.0,0.0,,10.0,,,0.08636363636363636,0.0,3.02,moderate,2026-07-20
30,30,0,Evening (19–24),11,7.0,7.0,7.0,0.0,,10.0,,,0.08636363636363636,0.0,3.02,moderate,2026-07-20
30,30,0,Midday (9–15),15,7.0,7.0,7.0,0.0,,10.0,,,0.08636363636363636,0.0,3.02,moderate,2026-07-20
30,30,0,Overnight (0–6),3,7.0,7.0,7.0,0.0,,10.0,,,0.08636363636363636,0.0,3.02,moderate,2026-07-20
30,30,0,PM Peak (15–19),9,8.0,8.0,8.0,0.0,,10.0,,,0.08636363636363636,0.0,3.02,moderate,2026-07-20
30,30,1,AM Peak (6–9),8,9.0,9.0,9.0,0.0,7.0,0.0,0.0,0.0,0.95,0.0,33.25,no recovery time,2026-07-20
30,30,1,Evening (19–24),11,9.0,8.0,9.0,1.0,11.0,0.0,0.0,0.0,0.95,0.04065040650406505,35.69,no recovery time,2026-07-20
30,30,1,Midday (9–15),14,9.0,9.0,9.0,0.0,15.0,0.0,0.0,0.0,0.95,0.0,33.25,no recovery time,2026-07-20
30,30,1,Overnight (0–6),4,8.0,7.3,8.0,0.7000000000000002,3.0,0.0,0.0,0.8,0.95,0.028806584362139932,34.98,no recovery time,2026-07-20
30,30,1,PM Peak (15–19),9,10.0,10.0,10.0,0.0,9.0,0.0,0.0,0.0,0.95,0.0,33.25,no recovery time,2026-07-20
31,31,0,AM Peak (6–9),12,19.35,19.35,19.35,0.0,,10.0,,,0.08636363636363636,0.0,3.02,moderate,2026-07-20
31,31,0,Evening (19–24),18,16.5,14.5,16.5,2.0,,10.0,,,0.08636363636363636,0.07812500000000001,7.71,moderate,2026-07-20
31,31,0,Midday (9–15),24,17.5,17.5,17.5,0.0,,10.0,,,0.08636363636363636,0.0,3.02,moderate,2026-07-20
31,31,0,Overnight (0–6),8,14.5,14.5,17.35,2.8500000000000014,,10.0,,,0.08636363636363636,0.10775047258979213,9.49,moderate,2026-07-20
31,31,0,PM Peak (15–19),16,21.35,21.35,21.35,0.0,,10.0,,,0.08636363636363636,0.0,3.02,moderate,2026-07-20
31,31,1,AM Peak (6–9),12,19.116666666666667,19.116666666666667,19.116666666666667,0.0,12.0,4.0,4.0,4.0,0.19,0.0,6.65,moderate,2026-07-20
31,31,1,Evening (19–24),19,15.116666666666667,12.116666666666667,15.116666666666667,3.0,18.0,7.0,4.4,7.0,0.11875,0.11278195488721807,10.92,moderate,2026-07-20
31,31,1,Midday (9–15),24,18.116666666666667,18.116666666666667,18.116666666666667,0.0,24.0,5.0,5.0,5.0,0.15833333333333333,0.0,5.54,moderate,2026-07-20
31,31,1,Overnight (0–6),8,12.116666666666667,12.116666666666667,17.116666666666667,5.0,6.0,7.0,7.0,15.0,0.11875,0.17482517482517487,14.65,moderate,2026-07-20
31,31,1,PM Peak (15–19),16,18.116666666666667,18.116666666666667,18.116666666666667,0.0,16.0,3.0,3.0,3.0,0.2375,0.0,8.31,very low recovery time,2026-07-20
32,32,0,AM Peak (6–9),24,30.0,25.0,30.0,5.0,15.0,8.0,8.0,10.2,0.10555555555555556,0.17482517482517487,14.18,moderate,2026-07-20
32,32,0,Evening (19–24),22,21.0,20.0,21.0,1.0,17.0,8.0,4.0,8.4,0.10555555555555556,0.04065040650406505,6.13,moderate,2026-07-20
32,32,0,Midday (9–15),39,27.0,27.0,34.0,7.0,36.0,8.0,7.0,10.0,0.10555555555555556,0.22875816993464057,17.42,moderate,2026-07-20
32,32,0,Overnight (0–6),8,21.5,20.0,25.0,5.0,6.0,4.0,4.0,4.0,0.19,0.17482517482517487,17.14,moderate,2026-07-20
32,32,0,PM Peak (15–19),24,30.0,28.6,34.0,5.399999999999999,24.0,8.0,8.0,12.0,0.10555555555555556,0.18620689655172412,14.87,moderate,2026-07-20
32,32,1,AM Peak (6–9),18,30.0,29.1,30.0,0.8999999999999986,14.0,7.0,7.0,9.100000000000003,0.11875,0.036734693877550975,6.36,moderate,2026-07-20
32,32,1,Evening (19–24),20,23.0,20.0,23.0,3.0,21.0,8.0,1.0,10.0,0.10555555555555556,0.11278195488721807,10.46,moderate,2026-07-20
32,32,1,Midday (9–15),38,28.0,28.0,31.0,3.0,38.0,7.0,7.0,7.300000000000004,0.11875,0.11278195488721807,10.92,moderate,2026-07-20
32,32,1,Overnight (0–6),5,20.0,20.0,20.0,0.0,5.0,1.0,1.0,1.0,0.475,0.0,16.62,no recovery time,2026-07-20
32,32,1,PM Peak (15–19),24,28.5,28.0,31.0,3.0,24.0,7.0,7.0,10.0,0.11875,0.11278195488721807,10.92,moderate,2026-07-20
33,33,0,AM Peak (6–9),10,17.0,13.943333333333333,17.0,3.0566666666666666,10.0,8.0,1.8,8.0,0.10555555555555556,0.1146680005001876,10.57,moderate,2026-07-20
33,33,0,Evening (19–24),11,13.0,12.0,14.0,2.0,11.0,4.0,4.0,6.0,0.19,0.07812500000000001,11.34,moderate,2026-07-20
33,33,0,Midday (9–15),17,16.0,16.0,16.4,0.3999999999999986,15.0,4.0,4.0,10.999999999999998,0.19,0.01666666666666661,7.65,moderate,2026-07-20
33,33,0,Overnight (0–6),5,12.0,7.4,13.433333333333334,6.033333333333333,4.0,6.0,1.5000000000000002,15.400000000000002,0.1357142857142857,0.20359955005624303,16.97,moderate,2026-07-20
33,33,0,PM Peak (15–19),12,16.0,16.0,16.0,0.0,11.0,6.0,6.0,6.0,0.1357142857142857,0.0,4.75,moderate,2026-07-20
33,33,1,AM Peak (6–9),9,13.0,11.0,13.0,2.0,9.0,2.0,0.0,2.0,0.31666666666666665,0.07812500000000001,15.77,very low recovery time,2026-07-20
33,33,1,Evening (19–24),10,11.0,11.0,11.499999999999998,0.4999999999999982,11.0,2.0,2.0,2.0,0.31666666666666665,0.02074688796680491,12.33,very low recovery time,2026-07-20
33,33,1,Midday (9–15),16,13.0,13.0,16.0,3.0,15.0,0.0,0.0,1.5999999999999996,0.95,0.11278195488721807,40.02,no recovery time,2026-07-20
33,33,1,Overnight (0–6),3,11.0,11.0,11.0,0.0,3.0,0.0,0.0,1.6,0.95,0.0,33.25,no recovery time,2026-07-20
33,33,1,PM Peak (15–19),12,16.0,16.0,16.0,0.0,12.0,2.0,2.0,2.0,0.31666666666666665,0.0,11.08,very low recovery time,2026-07-20
34,34,0,AM Peak (6–9),10,88.0,73.6,90.1,16.5,7.0,15.0,14.0,18.8,0.059375,0.4114713216957607,26.77,moderate,2026-07-20
34,34,0,Evening (19–24),16,63.5,53.0,71.0,18.0,13.0,12.0,10.0,23.400000000000002,0.07307692307692307,0.43269230769230776,28.52,moderate,2026-07-20
34,34,0,Midday (9–15),19,86.0,86.0,102.0,16.0,18.0,17.0,13.0,19.900000000000002,0.05277777777777778,0.4040404040404041,26.09,moderate,2026-07-20
34,34,0,Overnight (0–6),6,53.0,43.0,61.0,18.0,4.0,10.0,10.0,10.0,0.08636363636363636,0.43269230769230776,28.98,moderate,2026-07-20
34,34,0,PM Peak (15–19),13,97.0,80.4,102.0,21.599999999999994,12.0,16.0,16.0,19.8,0.055882352941176466,0.4778761061946903,30.63,moderate,2026-07-20
34,34,1,AM Peak (6–9),10,86.0,75.5,88.0,12.5,5.0,27.0,27.0,28.8,0.033928571428571426,0.34626038781163443,21.96,moderate,2026-07-20
34,34,1,Evening (19–24),15,64.0,58.0,72.0,14.0,16.0,25.0,19.0,28.0,0.036538461538461534,0.37234042553191493,23.62,moderate,2026-07-20
34,34,1,Midday (9–15),20,88.0,88.0,107.0,19.0,19.0,28.0,21.2,32.2,0.03275862068965517,0.44600938967136156,27.91,moderate,2026-07-20
34,34,1,Overnight (0–6),5,58.0,52.0,64.0,12.0,5.0,19.0,14.4,19.0,0.0475,0.3370786516853933,21.89,moderate,2026-07-20
34,34,1,PM Peak (15–19),12,97.5,79.8,106.9,27.10000000000001,12.0,35.0,20.3,35.0,0.02638888888888889,0.5345167652859962,32.99,high schedule variability,2026-07-20
35,35,0,AM Peak (6–9),26,47.0,43.5,50.0,6.5,26.0,8.0,7.0,12.0,0.10555555555555556,0.21594684385382065,16.65,moderate,2026-07-20
35,35,0,Evening (19–24),48,39.0,36.0,43.0,7.0,28.0,6.0,5.0,12.0,0.1357142857142857,0.22875816993464057,18.48,moderate,2026-07-20
35,35,0,Midday (9–15),44,48.0,44.0,61.7,17.700000000000003,41.0,7.0,6.0,10.0,0.11875,0.42857142857142866,29.87,moderate,2026-07-20
35,35,0,Overnight (0–6),23,37.0,32.2,43.6,11.399999999999999,4.0,11.5,10.3,12.0,0.076,0.32571428571428573,22.2,moderate,2026-07-20
35,35,0,PM Peak (15–19),37,56.0,46.2,62.8,16.599999999999994,32.0,11.0,9.1,16.0,0.07916666666666666,0.41293532338308453,27.55,moderate,2026-07-20
35,35,1,AM Peak (6–9),26,47.0,41.0,52.0,11.0,26.0,11.0,2.5,15.5,0.07916666666666666,0.31791907514450873,21.85,moderate,2026-07-20
35,35,1,Evening (19–24),48,41.0,35.0,44.0,9.0,48.0,10.0,6.0,16.0,0.08636363636363636,0.2760736196319019,19.59,moderate,2026-07-20
35,35,1,Midday (9–15),45,53.0,48.0,58.6,10.600000000000001,42.0,12.0,4.0,16.0,0.07307692307692307,0.30994152046783635,21.15,moderate,2026-07-20
35,35,1,Overnight (0–6),22,37.0,32.0,45.800000000000004,13.800000000000004,16.0,8.0,2.0,13.5,0.10555555555555556,0.3689839572192515,25.83,moderate,2026-07-20
35,35,1,PM Peak (15–19),35,54.0,51.4,62.0,10.600000000000001,31.0,12.0,10.0,16.0,0.07307692307692307,0.30994152046783635,21.15,moderate,2026-07-20
36,36,0,AM Peak (6–9),41,24.0,21.0,24.0,3.0,40.0,3.0,2.0,4.0,0.2375,0.11278195488721807,15.08,very low recovery time,2026-07-20
36,36,0,Evening (19–24),49,22.0,18.0,22.0,4.0,51.0,6.0,1.0,6.0,0.1357142857142857,0.1449275362318841,13.45,moderate,2026-07-20
36,36,0,Midday (9–15),78,22.0,22.0,31.0,9.0,76.0,2.0,2.0,5.0,0.31666666666666665,0.2760736196319019,27.65,very low recovery time,2026-07-20
36,36,0,Overnight (0–6),19,18.0,17.0,21.0,4.0,15.0,1.0,1.0,5.199999999999999,0.475,0.1449275362318841,25.32,no recovery time,2026-07-20
36,36,0,PM Peak (15–19),53,31.0,25.0,31.0,6.0,55.0,5.0,3.0,5.0,0.15833333333333333,0.20270270270270274,17.7,moderate,2026-07-20
36,36,1,AM Peak (6–9),40,23.0,18.0,23.0,5.0,39.0,4.0,2.0,4.0,0.19,0.17482517482517487,17.14,moderate,2026-07-20
36,36,1,Evening (19–24),51,20.0,19.0,20.0,1.0,47.0,7.0,2.0,8.0,0.11875,0.04065040650406505,6.6,moderate,2026-07-20
36,36,1,Midday (9–15),76,22.0,22.0,23.0,1.0,73.0,2.0,2.0,6.0,0.31666666666666665,0.04065040650406505,13.52,very low recovery time,2026-07-20
36,36,1,Overnight (0–6),24,18.0,15.3,19.0,3.6999999999999993,18.0,2.0,2.0,5.300000000000001,0.31666666666666665,0.13553113553113555,19.22,very low recovery time,2026-07-20
36,36,1,PM Peak (15–19),56,23.0,21.0,23.0,2.0,49.0,6.0,5.0,6.200000000000003,0.1357142857142857,0.07812500000000001,9.44,moderate,2026-07-20
37,37,0,AM Peak (6–9),18,45.0,36.0,54.0,18.0,18.0,8.0,7.4,10.3,0.10555555555555556,0.43269230769230776,29.66,moderate,2026-07-20
37,37,0,Evening (19–24),25,34.0,31.0,49.0,18.0,25.0,8.0,3.0,9.0,0.10555555555555556,0.43269230769230776,29.66,moderate,2026-07-20
37,37,0,Midday (9–15),36,50.0,39.0,55.0,16.0,35.0,8.0,8.0,11.0,0.10555555555555556,0.4040404040404041,27.94,moderate,2026-07-20
37,37,0,Overnight (0–6),16,36.0,29.0,47.5,18.5,12.0,9.0,8.0,9.0,0.095,0.4394299287410927,29.69,moderate,2026-07-20
37,37,0,PM Peak (15–19),25,53.0,39.0,61.0,22.0,24.0,8.0,7.300000000000001,9.0,0.10555555555555556,0.48245614035087725,32.64,high schedule variability,2026-07-20
37,37,1,AM Peak (6–9),19,47.0,34.0,53.0,19.0,17.0,12.0,3.0,16.8,0.07307692307692307,0.44600938967136156,29.32,moderate,2026-07-20
37,37,1,Evening (19–24),25,46.0,33.0,49.0,16.0,25.0,5.0,2.0,12.0,0.15833333333333333,0.4040404040404041,29.78,moderate,2026-07-20
37,37,1,Midday (9–15),37,50.0,39.0,53.0,14.0,36.0,11.0,4.0,15.0,0.07916666666666666,0.37234042553191493,25.11,moderate,2026-07-20
37,37,1,Overnight (0–6),15,33.0,27.8,46.0,18.2,13.0,2.0,0.40000000000000036,5.0,0.31666666666666665,0.4354066985645933,37.21,very low recovery time,2026-07-20
37,37,1,PM Peak (15–19),24,53.5,42.0,62.0,20.0,23.0,9.0,9.0,17.0,0.095,0.4587155963302753,30.85,moderate,2026-07-20
38,38,0,AM Peak (6–9),14,46.0,41.0,48.0,7.0,13.0,10.0,6.4,10.8,0.08636363636363636,0.22875816993464057,16.75,moderate,2026-07-20
38,38,0,Evening (19–24),21,46.0,41.0,46.0,5.0,20.0,8.0,7.9,14.0,0.10555555555555556,0.17482517482517487,14.18,moderate,2026-07-20
38,38,0,Midday (9–15),29,47.0,47.0,47.0,0.0,30.0,11.0,10.0,11.0,0.07916666666666666,0.0,2.77,moderate,2026-07-20
38,38,0,Overnight (0–6),11,41.0,35.93333333333333,41.0,5.06666666666667,7.0,8.0,0.6000000000000001,8.8,0.10555555555555556,0.17674418604651176,14.3,moderate,2026-07-20
38,38,0,PM Peak (15–19),20,52.0,52.0,52.0,0.0,19.0,13.0,7.0,13.0,0.06785714285714285,0.0,2.38,moderate,2026-07-20
38,38,1,AM Peak (6–9),14,53.0,45.0,53.0,8.0,12.0,9.0,6.300000000000001,9.0,0.095,0.2531645569620254,18.51,moderate,2026-07-20
38,38,1,Evening (19–24),21,46.0,42.0,46.0,4.0,19.0,8.0,7.8,13.0,0.10555555555555556,0.1449275362318841,12.39,moderate,2026-07-20
38,38,1,Midday (9–15),30,51.0,51.0,51.0,0.0,30.0,11.0,9.0,11.0,0.07916666666666666,0.0,2.77,moderate,2026-07-20
38,38,1,Overnight (0–6),10,43.5,42.0,45.0,3.0,7.0,9.0,6.0,9.0,0.095,0.11278195488721807,10.09,moderate,2026-07-20
38,38,1,PM Peak (15–19),20,54.0,54.0,54.0,0.0,21.0,13.0,12.0,13.0,0.06785714285714285,0.0,2.38,moderate,2026-07-20
39,39,0,AM Peak (6–9),33,47.0,7.2933333333333366,55.8,48.50666666666666,31.0,5.0,0.0,9.0,0.15833333333333333,0.672707100591716,45.9,high schedule variability,2026-07-20
39,39,0,Evening (19–24),37,42.0,22.14666666666667,50.0,27.85333333333333,37.0,6.0,0.0,13.399999999999999,0.1357142857142857,0.5413319512827158,37.23,high schedule variability,2026-07-20
39,39,0,Midday (9–15),49,53.0,30.600000000000005,60.400000000000006,29.8,47.0,6.0,4.6000000000000005,12.0,0.1357142857142857,0.558052434456929,38.23,high schedule variability,2026-07-20
39,39,0,Overnight (0–6),27,35.0,2.8666666666666667,41.400000000000006,38.53333333333334,24.0,1.0,0.0,14.0,0.475,0.6201716738197426,53.84,"no recovery time, high schedule variability",2026-07-20
39,39,0,PM Peak (15–19),39,54.0,32.0,67.0,35.0,41.0,8.0,2.0,8.0,0.10555555555555556,0.5972696245733788,39.53,high schedule variability,2026-07-20
39,39,1,AM Peak (6–9),31,49.0,28.0,58.0,30.0,26.0,11.0,6.5,13.0,0.07916666666666666,0.5597014925373135,36.35,high schedule variability,2026-07-20
39,39,1,Evening (19–24),35,39.0,33.0,44.6,11.600000000000001,34.0,7.0,4.300000000000001,7.699999999999999,0.11875,0.32954545454545464,23.93,moderate,2026-07-20
39,39,1,Midday (9–15),47,53.0,31.0,56.8,25.799999999999997,42.0,8.0,7.0,11.899999999999999,0.10555555555555556,0.5222672064777328,35.03,high schedule variability,2026-07-20
39,39,1,Overnight (0–6),23,36.0,3.15,40.0,36.85,15.0,8.0,5.4,12.6,0.10555555555555556,0.6095947063689,40.27,high schedule variability,2026-07-20
39,39,1,PM Peak (15–19),41,51.0,30.0,59.0,29.0,37.0,14.0,10.0,15.0,0.06333333333333332,0.5513307984790875,35.3,high schedule variability,2026-07-20
40,40,0,AM Peak (6–9),16,22.0,14.5,37.0,22.5,15.0,12.0,8.4,12.0,0.07307692307692307,0.48806941431670287,31.84,high schedule variability,2026-07-20
40,40,0,Evening (19–24),20,22.5,12.0,31.000000000000014,19.000000000000014,19.0,6.0,4.2,11.599999999999998,0.1357142857142857,0.4460093896713617,31.51,moderate,2026-07-20
40,40,0,Midday (9–15),32,27.5,17.0,35.0,18.0,33.0,9.0,9.0,9.0,0.095,0.43269230769230776,29.29,moderate,2026-07-20
40,40,0,Overnight (0–6),9,22.55,10.003333333333334,25.4,15.396666666666665,6.0,6.0,6.0,6.5,0.1357142857142857,0.39482007009146086,28.44,moderate,2026-07-20
40,40,0,PM Peak (15–19),20,30.0,20.0,40.0,20.0,20.0,8.0,6.0,8.0,0.10555555555555556,0.4587155963302753,31.22,moderate,2026-07-20
40,40,1,AM Peak (6–9),16,22.5,12.0,36.0,24.0,16.0,2.0,0.0,9.0,0.31666666666666665,0.504201680672269,41.34,"very low recovery time, high schedule variability",2026-07-20
40,40,1,Evening (19–24),20,23.0,12.0,33.20000000000002,21.200000000000017,20.0,2.0,0.0,10.600000000000009,0.31666666666666665,0.473214285714286,39.48,very low recovery time,2026-07-20
40,40,1,Midday (9–15),33,20.0,18.0,37.0,19.0,33.0,6.0,0.0,7.0,0.1357142857142857,0.44600938967136156,31.51,moderate,2026-07-20
40,40,1,Overnight (0–6),8,24.541666666666664,12.0,27.2,15.2,7.0,3.0,0.0,8.200000000000005,0.2375,0.3917525773195876,31.82,very low recovery time,2026-07-20
40,40,1,PM Peak (15–19),20,32.0,20.0,44.0,24.0,19.0,1.0,0.0,4.0,0.475,0.504201680672269,46.88,"no recovery time, high schedule variability",2026-07-20
41,41,0,AM Peak (6–9),19,71.0,64.0,71.0,7.0,19.0,6.0,2.0,10.0,0.1357142857142857,0.22875816993464057,18.48,moderate,2026-07-20
41,41,0,Evening (19–24),22,60.5,49.0,61.0,12.0,21.0,7.0,4.0,11.0,0.11875,0.3370786516853933,24.38,moderate,2026-07-20
41,41,0,Midday (9–15),33,67.0,67.0,77.0,10.0,29.0,10.0,6.800000000000001,10.0,0.08636363636363636,0.29761904761904767,20.88,moderate,2026-07-20
41,41,0,Overnight (0–6),16,48.983333333333334,44.03333333333333,60.0,15.966666666666669,8.0,5.0,0.0,10.099999999999998,0.15833333333333333,0.40353833192923344,29.75,moderate,2026-07-20
41,41,0,PM Peak (15–19),30,77.0,65.9,77.0,11.099999999999994,29.0,8.0,8.0,8.0,0.10555555555555556,0.3198847262247838,22.89,moderate,2026-07-20
41,41,1,AM Peak (6–9),19,67.0,63.0,67.0,4.0,19.0,5.0,3.0,8.0,0.15833333333333333,0.1449275362318841,14.24,moderate,2026-07-20
41,41,1,Evening (19–24),20,58.0,51.0,58.0,7.0,20.0,7.0,5.9,12.0,0.11875,0.22875816993464057,17.88,moderate,2026-07-20
41,41,1,Midday (9–15),33,66.0,66.0,75.0,9.0,30.0,13.0,5.9,13.0,0.06785714285714285,0.2760736196319019,18.94,moderate,2026-07-20
41,41,1,Overnight (0–6),15,54.8,45.4,62.0,16.6,7.0,4.0,0.0,15.200000000000003,0.19,0.41293532338308464,31.43,moderate,2026-07-20
41,41,1,PM Peak (15–19),30,75.0,63.8,75.0,11.200000000000003,29.0,8.0,8.0,8.0,0.10555555555555556,0.3218390804597702,23.0,moderate,2026-07-20
42,42,0,AM Peak (6–9),22,49.0,11.6,50.0,38.4,16.0,6.0,0.0,6.0,0.1357142857142857,0.6193548387096774,41.91,high schedule variability,2026-07-20
42,42,0,Evening (19–24),19,43.0,42.0,43.599999999999994,1.5999999999999943,18.0,5.0,2.7,5.300000000000001,0.15833333333333333,0.0634920634920633,9.35,moderate,2026-07-20
42,42,0,Midday (9–15),24,46.0,46.0,46.0,0.0,23.0,6.0,2.2,6.0,0.1357142857142857,0.0,4.75,moderate,2026-07-20
42,42,0,Overnight (0–6),4,42.0,42.0,42.0,0.0,3.0,4.0,4.0,7.2,0.19,0.0,6.65,moderate,2026-07-20
42,42,0,PM Peak (15–19),25,54.0,54.0,54.0,0.0,22.0,6.0,5.1,6.0,0.1357142857142857,0.0,4.75,moderate,2026-07-20
42,42,1,AM Peak (6–9),21,52.0,46.0,52.0,6.0,19.0,6.0,2.0,10.0,0.1357142857142857,0.20270270270270274,16.91,moderate,2026-07-20
42,42,1,Evening (19–24),19,42.0,38.0,42.599999999999994,4.599999999999994,17.0,6.0,3.2,8.0,0.1357142857142857,0.1631205673758864,14.54,moderate,2026-07-20
42,42,1,Midday (9–15),22,46.0,46.0,46.0,0.0,23.0,14.0,10.8,14.0,0.06333333333333332,0.0,2.22,moderate,2026-07-20
42,42,1,Overnight (0–6),7,52.0,38.0,52.0,14.0,4.0,4.0,4.0,6.800000000000001,0.19,0.37234042553191493,28.99,moderate,2026-07-20
42,42,1,PM Peak (15–19),24,52.0,52.0,52.0,0.0,22.0,8.0,8.0,8.0,0.10555555555555556,0.0,3.69,moderate,2026-07-20
43,43,0,AM Peak (6–9),39,25.0,22.0,38.0,16.0,37.0,4.0,1.0,8.0,0.19,0.4040404040404041,30.89,moderate,2026-07-20
43,43,0,Evening (19–24),38,32.0,26.0,33.50000000000002,7.500000000000021,36.0,10.0,8.0,10.0,0.08636363636363636,0.24115755627009702,17.49,moderate,2026-07-20
43,43,0,Midday (9–15),54,38.0,25.0,43.0,18.0,54.0,7.0,6.0,10.0,0.11875,0.43269230769230776,30.12,moderate,2026-07-20
43,43,0,Overnight (0–6),18,27.0,25.5,30.0,4.5,17.0,10.0,4.0,10.0,0.08636363636363636,0.16014234875444844,12.63,moderate,2026-07-20
43,43,0,PM Peak (15–19),47,37.0,26.0,43.0,17.0,45.0,10.0,3.4000000000000004,10.0,0.08636363636363636,0.41871921182266014,28.15,moderate,2026-07-20
43,43,1,AM Peak (6–9),39,24.0,17.0,36.0,19.0,35.0,4.0,0.0,12.0,0.19,0.44600938967136156,33.41,moderate,2026-07-20
43,43,1,Evening (19–24),38,32.0,24.0,37.0,13.0,36.0,7.0,4.0,9.0,0.11875,0.35519125683060115,25.47,moderate,2026-07-20
43,43,1,Midday (9–15),55,37.0,24.0,42.0,18.0,54.0,4.0,0.3000000000000007,8.0,0.19,0.43269230769230776,32.61,moderate,2026-07-20
43,43,1,Overnight (0–6),22,27.0,3.85,27.0,23.15,18.0,6.0,0.0,8.0,0.1357142857142857,0.4951871657754011,34.46,high schedule variability,2026-07-20
43,43,1,PM Peak (15–19),47,37.0,20.0,42.0,22.0,45.0,5.0,2.0,13.0,0.15833333333333333,0.48245614035087725,34.49,high schedule variability,2026-07-20
44,44,0,AM Peak (6–9),28,22.0,19.0,22.0,3.0,27.0,3.0,3.0,3.0,0.2375,0.11278195488721807,15.08,very low recovery time,2026-07-20
44,44,0,Evening (19–24),30,18.0,15.0,18.0,3.0,30.0,0.0,0.0,3.0,0.95,0.11278195488721807,40.02,no recovery time,2026-07-20
44,44,0,Midday (9–15),53,21.0,21.0,23.0,2.0,51.0,4.0,2.0,4.0,0.19,0.07812500000000001,11.34,moderate,2026-07-20
44,44,0,Overnight (0–6),18,15.0,15.0,19.0,4.0,14.0,3.0,0.0,4.400000000000002,0.2375,0.1449275362318841,17.01,very low recovery time,2026-07-20
44,44,0,PM Peak (15–19),48,23.0,23.0,23.0,0.0,48.0,2.0,2.0,2.0,0.31666666666666665,0.0,11.08,very low recovery time,2026-07-20
44,44,1,AM Peak (6–9),28,18.0,16.0,18.0,2.0,26.0,5.0,5.0,7.0,0.15833333333333333,0.07812500000000001,10.23,moderate,2026-07-20
44,44,1,Evening (19–24),30,16.0,14.0,16.0,2.0,30.0,6.0,6.0,8.0,0.1357142857142857,0.07812500000000001,9.44,moderate,2026-07-20
44,44,1,Midday (9–15),52,18.0,18.0,18.0,0.0,51.0,9.0,7.0,10.0,0.095,0.0,3.32,moderate,2026-07-20
44,44,1,Overnight (0–6),20,14.0,14.0,14.883333333333333,0.8833333333333329,11.0,8.0,1.0,8.0,0.10555555555555556,0.03607896528250509,5.86,moderate,2026-07-20
44,44,1,PM Peak (15–19),48,20.0,20.0,20.0,0.0,48.0,5.0,5.0,5.6000000000000085,0.15833333333333333,0.0,5.54,moderate,2026-07-20
45,45,0,AM Peak (6–9),32,42.8,32.2,46.1,13.899999999999999,30.0,4.5,2.9000000000000004,8.0,0.17272727272727273,0.3706666666666667,28.29,moderate,2026-07-20
45,45,0,Evening (19–24),30,34.8,32.13333333333333,34.8,2.6666666666666643,31.0,5.0,5.0,8.0,0.15833333333333333,0.10152284263959385,11.63,moderate,2026-07-20
45,45,0,Midday (9–15),38,41.45,32.0,41.45,9.450000000000003,36.0,9.0,9.0,9.0,0.095,0.28593040847201223,20.48,moderate,2026-07-20
45,45,0,Overnight (0–6),22,32.13333333333333,31.166666666666668,35.8,4.633333333333329,15.0,8.0,2.8000000000000003,10.999999999999998,0.10555555555555556,0.1641086186540731,13.54,moderate,2026-07-20
45,45,0,PM Peak (15–19),41,46.1,38.0,46.1,8.100000000000001,37.0,9.0,2.6,9.0,0.095,0.2555205047318613,18.66,moderate,2026-07-20
45,45,1,AM Peak (6–9),34,37.11666666666667,32.3,39.11666666666667,6.81666666666667,11.0,6.0,2.0,9.0,0.1357142857142857,0.224109589041096,18.2,moderate,2026-07-20
45,45,1,Evening (19–24),30,34.28333333333333,31.333333333333332,35.233333333333334,3.900000000000002,,10.0,,,0.08636363636363636,0.14181818181818193,11.53,moderate,2026-07-20
45,45,1,Midday (9–15),38,35.55833333333334,32.0,38.11666666666667,6.116666666666667,19.0,7.0,5.6000000000000005,7.0,0.11875,0.20583286595625355,16.51,moderate,2026-07-20
45,45,1,Overnight (0–6),20,31.333333333333332,30.595,32.91833333333334,2.3233333333333377,1.0,5.0,5.0,5.0,0.15833333333333333,0.08962324803908979,10.92,moderate,2026-07-20
45,45,1,PM Peak (15–19),39,45.016666666666666,33.0,45.016666666666666,12.016666666666666,10.0,16.0,15.4,16.0,0.055882352941176466,0.33738886289190456,22.2,moderate,2026-07-20
46,46,0,AM Peak (6–9),14,47.0,45.0,47.0,2.0,11.0,5.0,4.0,8.0,0.15833333333333333,0.07812500000000001,10.23,moderate,2026-07-20
46,46,0,Evening (19–24),14,42.0,42.0,42.0,0.0,14.0,4.0,4.0,6.800000000000004,0.19,0.0,6.65,moderate,2026-07-20
46,46,0,Midday (9–15),19,45.0,45.0,47.0,2.0,19.0,3.0,1.6,3.0,0.2375,0.07812500000000001,13.0,very low recovery time,2026-07-20
46,46,0,Overnight (0–6),7,47.0,42.0,47.0,5.0,5.0,4.0,4.0,5.0,0.19,0.17482517482517487,17.14,moderate,2026-07-20
46,46,0,PM Peak (15–19),17,47.0,44.0,47.0,3.0,17.0,5.0,5.0,7.4,0.15833333333333333,0.11278195488721807,12.31,moderate,2026-07-20
46,46,1,AM Peak (6–9),12,47.0,45.0,47.0,2.0,13.0,5.0,2.0,5.0,0.15833333333333333,0.07812500000000001,10.23,moderate,2026-07-20
46,46,1,Evening (19–24),17,44.0,44.0,44.0,0.0,13.0,2.0,1.2000000000000002,2.0,0.31666666666666665,0.0,11.08,very low recovery time,2026-07-20
46,46,1,Midday (9–15),20,45.0,45.0,47.0,2.0,19.0,2.0,2.0,2.0,0.31666666666666665,0.07812500000000001,15.77,very low recovery time,2026-07-20
46,46,1,Overnight (0–6),9,46.4,44.0,47.0,3.0,5.0,2.0,1.0,5.0,0.31666666666666665,0.11278195488721807,17.85,very low recovery time,2026-07-20
46,46,1,PM Peak (15–19),18,47.0,47.0,47.0,0.0,17.0,5.0,1.2000000000000002,5.0,0.15833333333333333,0.0,5.54,moderate,2026-07-20
47,47,0,AM Peak (6–9),61,15.0,6.0,18.0,12.0,57.0,2.0,1.0,2.0,0.31666666666666665,0.3370786516853933,31.31,very low recovery time,2026-07-20
47,47,0,Evening (19–24),71,7.0,6.0,14.0,8.0,71.0,2.0,1.0,2.0,0.31666666666666665,0.2531645569620254,26.27,very low recovery time,2026-07-20
47,47,0,Midday (9–15),104,12.0,7.0,16.0,9.0,104.0,1.5,1.0,2.0,0.38,0.2760736196319019,29.86,very low recovery time,2026-07-20
47,47,0,Overnight (0–6),30,11.0,6.0,17.400000000000006,11.400000000000006,28.0,2.0,0.0,2.3000000000000007,0.31666666666666665,0.3257142857142859,30.63,very low recovery time,2026-07-20
47,47,0,PM Peak (15–19),92,8.0,8.0,17.0,9.0,96.0,2.0,1.0,2.0,0.31666666666666665,0.2760736196319019,27.65,very low recovery time,2026-07-20
47,47,1,AM Peak (6–9),57,10.0,8.0,18.0,10.0,52.0,2.0,2.0,7.0,0.31666666666666665,0.29761904761904767,28.94,very low recovery time,2026-07-20
47,47,1,Evening (19–24),73,14.0,7.0,14.0,7.0,73.0,2.0,2.0,7.0,0.31666666666666665,0.22875816993464057,24.81,very low recovery time,2026-07-20
47,47,1,Midday (9–15),103,10.0,9.0,17.0,8.0,99.0,3.0,2.0,6.0,0.2375,0.2531645569620254,23.5,very low recovery time,2026-07-20
47,47,1,Overnight (0–6),29,14.0,7.0,16.599999999999994,9.599999999999994,24.0,2.5,2.0,8.0,0.2714285714285714,0.28915662650602403,26.85,very low recovery time,2026-07-20
47,47,1,PM Peak (15–19),97,14.0,10.0,23.0,13.0,93.0,3.0,3.0,6.0,0.2375,0.35519125683060115,29.62,very low recovery time,2026-07-20
48,48,0,AM Peak (6–9),8,26.0,21.0,26.0,5.0,8.0,5.0,4.0,6.8999999999999995,0.15833333333333333,0.17482517482517487,16.03,moderate,2026-07-20
48,48,0,Evening (19–24),11,22.0,19.0,22.0,3.0,7.0,8.0,7.6,10.000000000000002,0.10555555555555556,0.11278195488721807,10.46,moderate,2026-07-20
48,48,0,Midday (9–15),14,21.0,21.0,22.400000000000002,1.4000000000000021,15.0,4.0,4.0,5.799999999999999,0.19,0.05600000000000009,10.01,moderate,2026-07-20
48,48,0,Overnight (0–6),5,19.0,19.0,21.0,2.0,1.0,2.0,2.0,2.0,0.31666666666666665,0.07812500000000001,15.77,very low recovery time,2026-07-20
48,48,0,PM Peak (15–19),9,23.0,23.0,23.0,0.0,8.0,7.0,7.0,7.0,0.11875,0.0,4.16,moderate,2026-07-20
48,48,1,AM Peak (6–9),8,25.0,19.0,25.0,6.0,8.0,5.0,3.1,10.0,0.15833333333333333,0.20270270270270274,17.7,moderate,2026-07-20
48,48,1,Evening (19–24),11,20.0,18.0,20.0,2.0,11.0,0.0,0.0,2.0,0.95,0.07812500000000001,37.94,no recovery time,2026-07-20
48,48,1,Midday (9–15),14,21.0,21.0,23.800000000000004,2.8000000000000043,14.0,4.0,4.0,5.0,0.19,0.10606060606060623,13.01,moderate,2026-07-20
48,48,1,Overnight (0–6),4,18.0,18.0,18.7,0.6999999999999993,3.0,2.0,2.0,2.0,0.31666666666666665,0.028806584362139898,12.81,very low recovery time,2026-07-20
48,48,1,PM Peak (15–19),8,25.0,25.0,25.0,0.0,8.0,5.0,3.5000000000000004,5.0,0.15833333333333333,0.0,5.54,moderate,2026-07-20
49,49,0,AM Peak (6–9),11,18.0,17.0,18.0,1.0,11.0,3.0,3.0,3.0,0.2375,0.04065040650406505,10.75,very low recovery time,2026-07-20
49,49,0,Evening (19–24),10,13.0,11.0,13.0,2.0,10.0,6.0,6.0,8.0,0.1357142857142857,0.07812500000000001,9.44,moderate,2026-07-20
49,49,0,Midday (9–15),12,14.0,14.0,14.0,0.0,12.0,5.0,5.0,5.0,0.15833333333333333,0.0,5.54,moderate,2026-07-20
49,49,0,Overnight (0–6),9,11.0,7.633333333333334,14.0,6.366666666666666,7.0,8.0,6.800000000000001,10.0,0.10555555555555556,0.2124582869855395,16.44,moderate,2026-07-20
49,49,0,PM Peak (15–19),14,16.0,16.0,16.0,0.0,12.0,5.0,5.0,5.0,0.15833333333333333,0.0,5.54,moderate,2026-07-20
49,49,1,AM Peak (6–9),12,11.0,9.2,11.0,1.8000000000000007,11.0,0.0,0.0,1.0,0.95,0.0708661417322835,37.5,no recovery time,2026-07-20
49,49,1,Evening (19–24),10,10.5,9.0,11.0,2.0,10.0,0.0,0.0,2.0,0.95,0.07812500000000001,37.94,no recovery time,2026-07-20
49,49,1,Midday (9–15),12,11.0,11.0,11.0,0.0,12.0,0.0,0.0,0.0,0.95,0.0,33.25,no recovery time,2026-07-20
49,49,1,Overnight (0–6),6,9.0,8.0,9.0,1.0,7.0,2.0,1.2000000000000002,3.4000000000000004,0.31666666666666665,0.04065040650406505,13.52,very low recovery time,2026-07-20
49,49,1,PM Peak (15–19),14,13.0,13.0,13.0,0.0,14.0,0.0,0.0,0.0,0.95,0.0,33.25,no recovery time,2026-07-20
50,50,0,AM Peak (6–9),13,19.0,15.0,19.0,4.0,12.0,6.0,3.1,7.0,0.1357142857142857,0.1449275362318841,13.45,moderate,2026-07-20
50,50,0,Evening (19–24),15,16.0,13.0,16.0,3.0,15.0,3.0,3.0,3.0,0.2375,0.11278195488721807,15.08,very low recovery time,2026-07-20
50,50,0,Midday (9–15),16,17.0,17.0,17.0,0.0,16.0,7.0,7.0,7.0,0.11875,0.0,4.16,moderate,2026-07-20
50,50,0,Overnight (0–6),9,13.0,11.0,15.0,4.0,8.0,4.0,3.0,5.0,0.19,0.1449275362318841,15.35,moderate,2026-07-20
50,50,0,PM Peak (15–19),15,19.0,19.0,19.0,0.0,15.0,7.0,7.0,9.0,0.11875,0.0,4.16,moderate,2026-07-20
50,50,1,AM Peak (6–9),12,19.0,14.0,20.0,6.0,12.0,2.0,2.0,2.0,0.31666666666666665,0.20270270270270274,23.25,very low recovery time,2026-07-20
50,50,1,Evening (19–24),15,16.0,14.0,16.0,2.0,15.0,5.0,5.0,10.0,0.15833333333333333,0.07812500000000001,10.23,moderate,2026-07-20
50,50,1,Midday (9–15),16,18.0,18.0,18.0,0.0,16.0,2.0,2.0,2.0,0.31666666666666665,0.0,11.08,very low recovery time,2026-07-20
50,50,1,Overnight (0–6),9,14.0,13.0,14.0,1.0,6.0,8.0,0.5,10.0,0.10555555555555556,0.04065040650406505,6.13,moderate,2026-07-20
50,50,1,PM Peak (15–19),14,20.0,18.6,20.0,1.3999999999999986,15.0,2.0,2.0,4.199999999999999,0.31666666666666665,0.05599999999999996,14.44,very low recovery time,2026-07-20
51,51,0,AM Peak (6–9),16,31.0,27.5,40.0,12.5,15.0,9.0,7.800000000000001,11.6,0.095,0.34626038781163443,24.1,moderate,2026-07-20
51,51,0,Evening (19–24),25,27.0,23.0,31.0,8.0,24.0,7.0,4.0,8.399999999999999,0.11875,0.2531645569620254,19.35,moderate,2026-07-20
51,51,0,Midday (9–15),30,34.0,27.0,37.2,10.200000000000003,30.0,10.0,5.9,13.100000000000001,0.08636363636363636,0.3017751479289942,21.13,moderate,2026-07-20
51,51,0,Overnight (0–6),14,25.0,14.066666666666666,29.800000000000004,15.733333333333338,9.0,4.0,3.0,7.4,0.19,0.4000000000000002,30.65,moderate,2026-07-20
51,51,0,PM Peak (15–19),22,35.0,26.5,39.0,12.5,21.0,9.0,9.0,12.0,0.095,0.34626038781163443,24.1,moderate,2026-07-20
51,51,1,AM Peak (6–9),16,33.0,27.5,41.0,13.5,15.0,9.0,4.4,12.6,0.095,0.36388140161725074,25.16,moderate,2026-07-20
51,51,1,Evening (19–24),25,27.0,23.0,33.0,10.0,24.0,6.0,0.0,16.099999999999998,0.1357142857142857,0.29761904761904767,22.61,moderate,2026-07-20
51,51,1,Midday (9–15),31,40.0,33.0,45.0,12.0,30.0,8.0,1.9000000000000004,11.0,0.10555555555555556,0.3370786516853933,23.92,moderate,2026-07-20
51,51,1,Overnight (0–6),14,23.625,4.791666666666667,27.0,22.208333333333332,14.0,1.0,0.0,17.0,0.475,0.48480989630707666,45.71,"no recovery time, high schedule variability",2026-07-20
51,51,1,PM Peak (15–19),22,40.0,33.2,50.0,16.799999999999997,23.0,8.0,4.0,12.8,0.10555555555555556,0.4158415841584159,28.64,moderate,2026-07-20
52,52,0,AM Peak (6–9),50,44.0,5.0,77.30000000000001,72.30000000000001,35.0,5.133333333333334,0.0,10.133333333333333,0.15489130434782608,0.753910323253389,50.66,high schedule variability,2026-07-20
52,52,0,Evening (19–24),62,39.0,3.0,62.9,59.9,44.0,5.0,0.2999999999999998,8.135,0.15833333333333333,0.7173652694610778,48.58,high schedule variability,2026-07-20
52,52,0,Midday (9–15),96,42.0,5.0,78.0,73.0,68.0,8.133333333333333,5.093333333333334,14.0,0.10401459854014598,0.7556935817805384,48.98,high schedule variability,2026-07-20
52,52,0,Overnight (0–6),35,36.0,3.4000000000000004,59.0,55.6,22.0,4.583333333333333,0.0,9.860000000000005,0.1701492537313433,0.7020202020202021,48.08,high schedule variability,2026-07-20
52,52,0,PM Peak (15–19),68,48.5,5.0,78.0,73.0,52.0,8.183333333333334,7.015,10.0,0.10344827586206896,0.7556935817805384,48.96,high schedule variability,2026-07-20
52,52,1,AM Peak (6–9),38,64.91666666666667,44.0,81.46666666666667,37.46666666666667,35.0,1.0,0.0,15.0,0.475,0.6135371179039302,53.44,"no recovery time, high schedule variability",2026-07-20
52,52,1,Evening (19–24),45,59.9,35.0,67.9,32.900000000000006,45.0,0.0,0.0,11.400000000000006,0.95,0.5823008849557523,68.19,"no recovery time, high schedule variability",2026-07-20
52,52,1,Midday (9–15),75,60.0,42.0,79.86666666666666,37.86666666666666,74.0,2.0,0.0,14.0,0.31666666666666665,0.6160520607375272,48.05,"very low recovery time, high schedule variability",2026-07-20
52,52,1,Overnight (0–6),30,50.93333333333333,26.45500000000001,64.91666666666667,38.46166666666666,21.0,0.0,0.0,6.0,0.95,0.6197330612025673,70.43,"no recovery time, high schedule variability",2026-07-20
52,52,1,PM Peak (15–19),53,71.85,47.4,86.21666666666667,38.81666666666667,47.0,7.0,0.0,16.0,0.11875,0.6218958611481977,41.47,high schedule variability,2026-07-20
53,53,0,AM Peak (6–9),23,60.0,57.0,60.0,3.0,19.0,7.0,3.8,10.2,0.11875,0.11278195488721807,10.92,moderate,2026-07-20
53,53,0,Evening (19–24),40,54.0,32.88333333333333,57.0,24.116666666666667,32.0,5.5,4.0,13.0,0.14615384615384613,0.5054139015019211,35.44,high schedule variability,2026-07-20
53,53,0,Midday (9–15),51,56.0,56.0,61.0,5.0,49.0,6.0,4.800000000000001,13.0,0.1357142857142857,0.17482517482517487,15.24,moderate,2026-07-20
53,53,0,Overnight (0–6),20,51.5,32.88333333333333,57.0,24.116666666666667,10.0,1.0,1.0,13.0,0.475,0.5054139015019211,46.95,"no recovery time, high schedule variability",2026-07-20
53,53,0,PM Peak (15–19),30,68.0,57.9,68.0,10.100000000000001,27.0,10.0,10.0,13.400000000000002,0.08636363636363636,0.29970326409495557,21.0,moderate,2026-07-20
53,53,1,AM Peak (6–9),24,58.0,52.0,58.0,6.0,23.0,8.0,8.0,8.0,0.10555555555555556,0.20270270270270274,15.86,moderate,2026-07-20
53,53,1,Evening (19–24),36,49.0,41.0,58.0,17.0,39.0,5.0,3.0,5.0,0.15833333333333333,0.41871921182266014,30.66,moderate,2026-07-20
53,53,1,Midday (9–15),50,54.0,54.0,64.0,10.0,51.0,3.0,1.0,3.0,0.2375,0.29761904761904767,26.17,very low recovery time,2026-07-20
53,53,1,Overnight (0–6),23,52.0,41.0,52.0,11.0,20.0,4.0,0.0,4.400000000000006,0.19,0.31791907514450873,25.73,moderate,2026-07-20
53,53,1,PM Peak (15–19),30,60.0,54.8,60.0,5.200000000000003,29.0,6.0,6.0,6.0,0.1357142857142857,0.18055555555555566,15.58,moderate,2026-07-20
54,54,0,AM Peak (6–9),30,61.525,54.5,71.0,16.5,9.0,8.0,5.6,8.2,0.10555555555555556,0.4114713216957607,28.38,moderate,2026-07-20
54,54,0,Evening (19–24),34,50.36666666666667,38.016666666666666,62.0,23.983333333333334,16.0,7.5,0.0,13.5,0.11176470588235293,0.5040280210157619,34.15,high schedule variability,2026-07-20
54,54,0,Midday (9–15),52,69.35,57.36666666666667,79.69999999999999,22.33333333333332,25.0,17.0,8.4,19.0,0.05277777777777778,0.48621190130624087,31.02,high schedule variability,2026-07-20
54,54,0,Overnight (0–6),10,38.19166666666666,30.266666666666666,49.0,18.733333333333334,6.0,0.0,0.0,0.0,0.95,0.44251968503937017,59.8,no recovery time,2026-07-20
54,54,0,PM Peak (15–19),36,67.7,58.36666666666667,81.5,23.133333333333333,17.0,15.0,9.0,17.0,0.059375,0.49500713266761776,31.78,high schedule variability,2026-07-20
54,54,1,AM Peak (6–9),30,56.05833333333334,47.11666666666667,67.0,19.883333333333333,27.0,10.0,6.0,10.800000000000004,0.08636363636363636,0.45726331927941744,30.46,moderate,2026-07-20
54,54,1,Evening (19–24),38,41.11666666666667,2.0,52.0,50.0,37.0,10.0,5.0,11.0,0.08636363636363636,0.6793478260869565,43.78,high schedule variability,2026-07-20
54,54,1,Midday (9–15),52,62.55833333333334,53.11666666666667,71.9,18.78333333333334,48.0,8.0,8.0,13.0,0.10555555555555556,0.443177349587102,30.29,moderate,2026-07-20
54,54,1,Overnight (0–6),19,44.0,2.0,59.0,57.0,13.0,10.0,5.0,15.0,0.08636363636363636,0.707196029776675,45.45,high schedule variability,2026-07-20
54,54,1,PM Peak (15–19),37,59.11666666666667,51.11666666666667,72.0,20.883333333333333,36.0,11.0,10.0,12.0,0.07916666666666666,0.46946421880854255,30.94,moderate,2026-07-20
55,55,0,AM Peak (6–9),8,19.0,14.0,19.0,5.0,8.0,7.0,2.0,8.5,0.11875,0.17482517482517487,14.65,moderate,2026-07-20
55,55,0,Evening (19–24),11,14.0,12.0,14.0,2.0,9.0,2.0,2.0,4.4,0.31666666666666665,0.07812500000000001,15.77,very low recovery time,2026-07-20
55,55,0,Midday (9–15),12,15.0,15.0,15.0,0.0,12.0,1.0,1.0,1.0,0.475,0.0,16.62,no recovery time,2026-07-20
55,55,0,Overnight (0–6),5,12.0,12.0,14.0,2.0,5.0,4.0,2.8,5.800000000000001,0.19,0.07812500000000001,11.34,moderate,2026-07-20
55,55,0,PM Peak (15–19),12,19.0,19.0,19.0,0.0,11.0,6.0,6.0,6.0,0.1357142857142857,0.0,4.75,moderate,2026-07-20
55,55,1,AM Peak (6–9),8,13.0,11.0,13.0,2.0,8.0,1.0,1.0,3.0,0.475,0.07812500000000001,21.31,no recovery time,2026-07-20
55,55,1,Evening (19–24),10,13.0,11.0,13.0,2.0,11.0,1.0,1.0,3.0,0.475,0.07812500000000001,21.31,no recovery time,2026-07-20
55,55,1,Midday (9–15),13,13.0,13.0,13.0,0.0,12.0,1.0,1.0,1.0,0.475,0.0,16.62,no recovery time,2026-07-20
55,55,1,Overnight (0–6),5,11.0,5.63,11.0,5.37,5.0,3.0,1.8,3.0,0.2375,0.18536416983085954,19.43,very low recovery time,2026-07-20
55,55,1,PM Peak (15–19),12,15.0,15.0,15.0,0.0,12.0,0.0,0.0,0.0,0.95,0.0,33.25,no recovery time,2026-07-20
57,57,0,AM Peak (6–9),16,37.75,31.5,37.75,6.25,14.0,8.0,2.9000000000000004,8.0,0.10555555555555556,0.20938023450586268,16.26,moderate,2026-07-20
57,57,0,Evening (19–24),17,33.75,30.5,33.75,3.25,17.0,4.0,4.0,7.0,0.19,0.12104283054003727,13.91,moderate,2026-07-20
57,57,0,Midday (9–15),32,37.5,37.5,37.5,0.0,33.0,4.0,3.0,4.0,0.19,0.0,6.65,moderate,2026-07-20
57,57,0,Overnight (0–6),9,31.5,30.5,31.5,1.0,7.0,5.0,5.0,7.0,0.15833333333333333,0.04065040650406505,7.98,moderate,2026-07-20
57,57,0,PM Peak (15–19),19,39.75,33.75,39.75,6.0,19.0,4.0,4.0,5.199999999999999,0.19,0.20270270270270274,18.81,moderate,2026-07-20
57,57,1,AM Peak (6–9),16,39.31666666666667,35.05,39.31666666666667,4.266666666666673,,10.0,,,0.08636363636363636,0.15311004784689017,12.21,moderate,2026-07-20
57,57,1,Evening (19–24),17,34.05,31.05,34.05,2.9999999999999964,,10.0,,,0.08636363636363636,0.11278195488721796,9.79,moderate,2026-07-20
57,57,1,Midday (9–15),34,38.05,38.05,38.93666666666667,0.8866666666666703,,10.0,,,0.08636363636363636,0.03621018241219726,5.2,moderate,2026-07-20
57,57,1,Overnight (0–6),8,34.8,31.05,34.8,3.7499999999999964,,10.0,,,0.08636363636363636,0.13711151736745877,11.25,moderate,2026-07-20
57,57,1,PM Peak (15–19),19,42.31666666666667,34.05,42.31666666666667,8.266666666666673,,10.0,,,0.08636363636363636,0.25941422594142277,18.59,moderate,2026-07-20
59,59,0,AM Peak (6–9),10,35.0,32.8,37.0,4.200000000000003,8.0,6.0,6.0,8.3,0.1357142857142857,0.1510791366906476,13.81,moderate,2026-07-20
59,59,0,Evening (19–24),13,28.0,25.4,30.8,5.400000000000002,11.0,6.0,2.0,15.0,0.1357142857142857,0.18620689655172423,15.92,moderate,2026-07-20
59,59,0,Midday (9–15),16,33.0,32.0,33.5,1.5,16.0,7.0,4.0,12.0,0.11875,0.05976095617529882,7.74,moderate,2026-07-20
59,59,0,Overnight (0–6),3,7.4,7.013333333333334,21.48,14.466666666666667,2.0,6.0,5.2,6.8,0.1357142857142857,0.3800350262697023,27.55,moderate,2026-07-20
59,59,0,PM Peak (15–19),11,36.0,36.0,37.0,1.0,11.0,10.0,10.0,10.0,0.08636363636363636,0.04065040650406505,5.46,moderate,2026-07-20
59,59,1,AM Peak (6–9),10,30.0,28.386666666666667,32.0,3.6133333333333333,9.0,3.0,0.0,9.0,0.2375,0.13277804997550224,16.28,very low recovery time,2026-07-20
59,59,1,Evening (19–24),11,28.0,25.0,28.0,3.0,13.0,2.0,0.0,6.400000000000002,0.31666666666666665,0.11278195488721807,17.85,very low recovery time,2026-07-20
59,59,1,Midday (9–15),16,31.5,31.0,32.0,1.0,17.0,3.0,0.0,5.0,0.2375,0.04065040650406505,10.75,very low recovery time,2026-07-20
59,59,1,Overnight (0–6),5,25.0,17.12,27.2,10.079999999999998,4.0,4.5,4.0,5.0,0.17272727272727273,0.2992874109263658,24.0,moderate,2026-07-20
59,59,1,PM Peak (15–19),11,37.0,37.0,39.0,2.0,10.0,5.0,2.0,5.0,0.15833333333333333,0.07812500000000001,10.23,moderate,2026-07-20
60,60,0,AM Peak (6–9),20,34.0,29.7,34.0,4.300000000000001,19.0,7.0,0.8,7.0,0.11875,0.15412186379928322,13.4,moderate,2026-07-20
60,60,0,Evening (19–24),27,34.0,26.8,45.0,18.2,29.0,6.0,4.800000000000001,10.0,0.1357142857142857,0.4354066985645933,30.87,moderate,2026-07-20
60,60,0,Midday (9–15),36,35.0,34.0,38.0,4.0,36.0,7.0,3.0,7.5,0.11875,0.1449275362318841,12.85,moderate,2026-07-20
60,60,0,Overnight (0–6),18,27.0,23.165,45.1,21.935000000000002,11.0,10.0,2.0,13.0,0.08636363636363636,0.4817173602723181,31.93,moderate,2026-07-20
60,60,0,PM Peak (15–19),24,41.0,39.6,41.0,1.3999999999999986,23.0,7.0,0.0,7.0,0.11875,0.05599999999999996,7.52,moderate,2026-07-20
60,60,1,AM Peak (6–9),20,31.45,27.583333333333332,31.45,3.866666666666667,23.0,6.416666666666667,1.4166666666666667,7.55,0.12808988764044943,0.14077669902912626,12.93,moderate,2026-07-20
60,60,1,Evening (19–24),28,28.45,22.583333333333332,45.0,22.416666666666668,23.0,1.55,1.55,7.483333333333335,0.37254901960784315,0.4871423397319812,42.27,"very low recovery time, high schedule variability",2026-07-20
60,60,1,Midday (9–15),36,32.45,31.45,35.45,4.0000000000000036,36.0,5.55,5.55,7.55,0.1450381679389313,0.1449275362318842,13.77,moderate,2026-07-20
60,60,1,Overnight (0–6),21,30.283333333333335,21.583333333333332,45.0,23.416666666666668,15.0,4.416666666666667,1.8166666666666669,8.0,0.17538461538461536,0.4980503367600142,36.02,high schedule variability,2026-07-20
60,60,1,PM Peak (15–19),24,38.45,34.050000000000004,38.45,4.399999999999999,24.0,3.55,3.55,6.55,0.2087912087912088,0.15714285714285714,16.74,moderate,2026-07-20
61,61,0,AM Peak (6–9),9,23.0,15.0,23.0,8.0,8.0,10.0,4.5,10.6,0.08636363636363636,0.2531645569620254,18.21,moderate,2026-07-20
61,61,0,Evening (19–24),15,15.0,14.0,18.6,4.600000000000001,14.0,5.0,2.0,8.100000000000003,0.15833333333333333,0.1631205673758866,15.33,moderate,2026-07-20
61,61,0,Midday (9–15),19,20.0,20.0,20.4,0.3999999999999986,19.0,8.0,7.8,9.0,0.10555555555555556,0.01666666666666661,4.69,moderate,2026-07-20
61,61,0,Overnight (0–6),7,14.0,14.0,15.0,1.0,7.0,6.0,6.0,7.0,0.1357142857142857,0.04065040650406505,7.19,moderate,2026-07-20
61,61,0,PM Peak (15–19),14,22.0,19.0,22.0,3.0,13.0,15.0,8.0,15.0,0.059375,0.11278195488721807,8.85,moderate,2026-07-20
61,61,1,AM Peak (6–9),10,23.0,16.0,23.0,7.0,9.0,2.0,2.0,4.0,0.31666666666666665,0.22875816993464057,24.81,very low recovery time,2026-07-20
61,61,1,Evening (19–24),15,18.0,15.0,21.2,6.199999999999999,15.0,5.0,5.0,5.6,0.15833333333333333,0.20805369127516782,18.02,moderate,2026-07-20
61,61,1,Midday (9–15),20,21.0,21.0,23.0,2.0,20.0,5.0,4.0,7.0,0.15833333333333333,0.07812500000000001,10.23,moderate,2026-07-20
61,61,1,Overnight (0–6),6,15.0,15.0,15.5,0.5,5.0,5.0,3.2,5.0,0.15833333333333333,0.020746887966804985,6.79,moderate,2026-07-20
61,61,1,PM Peak (15–19),13,31.0,22.6,31.0,8.399999999999999,13.0,4.0,2.4000000000000004,5.0,0.19,0.2625,22.4,moderate,2026-07-20
62,62,0,AM Peak (6–9),11,27.0,22.0,27.0,5.0,11.0,1.0,0.0,7.0,0.475,0.17482517482517487,27.11,no recovery time,2026-07-20
62,62,0,Evening (19–24),16,23.0,20.0,23.0,3.0,15.0,7.0,6.0,8.0,0.11875,0.11278195488721807,10.92,moderate,2026-07-20
62,62,0,Midday (9–15),19,25.0,25.0,25.4,0.3999999999999986,17.0,3.0,3.0,3.0,0.2375,0.01666666666666661,9.31,very low recovery time,2026-07-20
62,62,0,Overnight (0–6),5,20.0,20.0,22.0,2.0,4.0,8.0,2.4000000000000004,8.0,0.10555555555555556,0.07812500000000001,8.38,moderate,2026-07-20
62,62,0,PM Peak (15–19),13,30.0,30.0,30.0,0.0,14.0,6.0,3.2,6.0,0.1357142857142857,0.0,4.75,moderate,2026-07-20
62,62,1,AM Peak (6–9),10,31.0,24.0,31.0,7.0,9.0,7.0,6.0,8.0,0.11875,0.22875816993464057,17.88,moderate,2026-07-20
62,62,1,Evening (19–24),15,22.0,20.0,22.0,2.0,15.0,2.0,0.0,2.0,0.31666666666666665,0.07812500000000001,15.77,very low recovery time,2026-07-20
62,62,1,Midday (9–15),18,27.0,27.0,27.0,0.0,19.0,5.0,2.6,5.0,0.15833333333333333,0.0,5.54,moderate,2026-07-20
62,62,1,Overnight (0–6),5,20.0,20.0,24.0,4.0,4.0,0.0,0.0,5.600000000000001,0.95,0.1449275362318841,41.95,no recovery time,2026-07-20
62,62,1,PM Peak (15–19),14,30.0,30.0,30.0,0.0,13.0,6.0,6.0,6.0,0.1357142857142857,0.0,4.75,moderate,2026-07-20
63,63,0,AM Peak (6–9),67,19.0,7.266666666666667,24.0,16.733333333333334,61.0,2.0,1.0,2.0,0.31666666666666665,0.4148760330578513,35.98,very low recovery time,2026-07-20
63,63,0,Evening (19–24),60,18.0,13.0,21.0,8.0,62.0,1.5,0.0,2.0,0.38,0.2531645569620254,28.49,very low recovery time,2026-07-20
63,63,0,Midday (9–15),93,19.0,18.0,24.0,6.0,93.0,2.0,1.0,3.0,0.31666666666666665,0.20270270270270274,23.25,very low recovery time,2026-07-20
63,63,0,Overnight (0–6),27,14.0,13.0,20.0,7.0,28.0,2.0,0.0,3.900000000000002,0.31666666666666665,0.22875816993464057,24.81,very low recovery time,2026-07-20
63,63,0,PM Peak (15–19),90,22.5,8.516666666666667,24.0,15.483333333333333,93.0,1.0,1.0,2.0,0.475,0.3961620469083156,40.39,no recovery time,2026-07-20
63,63,1,AM Peak (6–9),55,17.0,11.916666666666666,28.0,16.083333333333336,40.0,2.0,2.0,7.0,0.31666666666666665,0.40529189416211686,35.4,very low recovery time,2026-07-20
63,63,1,Evening (19–24),65,25.0,13.0,26.0,13.0,61.0,2.0,2.0,8.0,0.31666666666666665,0.35519125683060115,32.39,very low recovery time,2026-07-20
63,63,1,Midday (9–15),92,19.0,16.0,28.0,12.0,82.0,2.0,2.0,8.0,0.31666666666666665,0.3370786516853933,31.31,very low recovery time,2026-07-20
63,63,1,Overnight (0–6),29,13.0,8.260000000000002,25.0,16.74,23.0,2.0,2.0,5.0,0.31666666666666665,0.41497273177987115,35.98,very low recovery time,2026-07-20
63,63,1,PM Peak (15–19),96,19.0,16.866666666666667,37.0,20.133333333333333,72.0,2.0,2.0,6.0,0.31666666666666665,0.46036585365853666,38.71,very low recovery time,2026-07-20
64,64,0,AM Peak (6–9),18,8.0,8.0,11.0,3.0,17.0,4.0,0.0,4.0,0.19,0.11278195488721807,13.42,moderate,2026-07-20
64,64,0,Evening (19–24),16,9.0,8.0,9.0,1.0,16.0,0.0,0.0,0.0,0.95,0.04065040650406505,35.69,no recovery time,2026-07-20
64,64,0,Midday (9–15),37,9.0,9.0,9.0,0.0,37.0,0.0,0.0,0.0,0.95,0.0,33.25,no recovery time,2026-07-20
64,64,0,Overnight (0–6),7,8.0,8.0,8.0,0.0,8.0,0.0,0.0,2.5999999999999996,0.95,0.0,33.25,no recovery time,2026-07-20
64,64,0,PM Peak (15–19),24,10.0,10.0,10.0,0.0,24.0,0.0,0.0,0.0,0.95,0.0,33.25,no recovery time,2026-07-20
64,64,1,AM Peak (6–9),18,9.0,9.0,10.0,1.0,,10.0,,,0.08636363636363636,0.04065040650406505,5.46,moderate,2026-07-20
64,64,1,Evening (19–24),16,9.0,8.0,9.0,1.0,6.0,4.0,4.0,4.0,0.19,0.04065040650406505,9.09,moderate,2026-07-20
64,64,1,Midday (9–15),37,9.0,9.0,9.399999999999999,0.3999999999999986,,10.0,,,0.08636363636363636,0.01666666666666661,4.02,moderate,2026-07-20
64,64,1,Overnight (0–6),7,8.0,8.0,9.0,1.0,3.0,4.0,4.0,4.0,0.19,0.04065040650406505,9.09,moderate,2026-07-20
64,64,1,PM Peak (15–19),24,11.0,11.0,11.0,0.0,,10.0,,,0.08636363636363636,0.0,3.02,moderate,2026-07-20
65,65,0,AM Peak (6–9),18,21.0,17.0,21.0,4.0,18.0,2.0,1.0,3.3000000000000007,0.31666666666666665,0.1449275362318841,19.78,very low recovery time,2026-07-20
65,65,0,Evening (19–24),22,19.0,16.0,19.0,3.0,21.0,1.0,1.0,2.0,0.475,0.11278195488721807,23.39,no recovery time,2026-07-20
65,65,0,Midday (9–15),29,21.0,21.0,23.0,2.0,28.0,3.0,2.0,3.0,0.2375,0.07812500000000001,13.0,very low recovery time,2026-07-20
65,65,0,Overnight (0–6),14,16.0,16.0,17.0,1.0,13.0,2.0,1.2000000000000002,2.8000000000000007,0.31666666666666665,0.04065040650406505,13.52,very low recovery time,2026-07-20
65,65,0,PM Peak (15–19),21,23.0,23.0,23.0,0.0,21.0,2.0,2.0,2.0,0.31666666666666665,0.0,11.08,very low recovery time,2026-07-20
65,65,1,AM Peak (6–9),17,21.0,18.0,21.0,3.0,18.0,5.0,4.0,6.0,0.15833333333333333,0.11278195488721807,12.31,moderate,2026-07-20
65,65,1,Evening (19–24),22,21.0,17.0,21.0,4.0,21.0,4.0,4.0,4.0,0.19,0.1449275362318841,15.35,moderate,2026-07-20
65,65,1,Midday (9–15),28,22.0,22.0,25.0,3.0,27.0,6.0,5.0,6.0,0.1357142857142857,0.11278195488721807,11.52,moderate,2026-07-20
65,65,1,Overnight (0–6),13,17.0,17.0,18.0,1.0,10.0,4.0,1.8,4.0,0.19,0.04065040650406505,9.09,moderate,2026-07-20
65,65,1,PM Peak (15–19),22,25.0,25.0,25.0,0.0,22.0,5.0,5.0,5.0,0.15833333333333333,0.0,5.54,moderate,2026-07-20
66,66,0,AM Peak (6–9),28,17.95,13.916666666666666,23.0,9.083333333333334,26.0,2.0,0.5,5.0,0.31666666666666665,0.2779194288628251,27.76,very low recovery time,2026-07-20
66,66,0,Evening (19–24),22,19.433333333333334,14.9,24.0,9.1,22.0,1.0,0.0,3.0,0.475,0.27828746177370034,33.32,no recovery time,2026-07-20
66,66,0,Midday (9–15),28,17.4,16.9,23.0,6.100000000000001,27.0,8.0,0.0,8.0,0.10555555555555556,0.20538720538720545,16.02,moderate,2026-07-20
66,66,0,Overnight (0–6),9,14.9,12.133333333333333,22.0,9.866666666666667,6.0,1.5,0.0,3.5,0.38,0.2948207171314742,30.99,very low recovery time,2026-07-20
66,66,0,PM Peak (15–19),35,25.0,18.866666666666667,25.0,6.133333333333333,34.0,1.5,0.0,4.0,0.38,0.20627802690582964,25.68,very low recovery time,2026-07-20
66,66,1,AM Peak (6–9),25,17.0,15.76,19.866666666666667,4.106666666666667,17.0,6.1,4.133333333333334,8.133333333333333,0.13380281690140844,0.14821944177093363,13.58,moderate,2026-07-20
66,66,1,Evening (19–24),23,14.9,12.0,16.866666666666667,4.866666666666667,,10.0,,,0.08636363636363636,0.17096018735363003,13.28,moderate,2026-07-20
66,66,1,Midday (9–15),28,16.933333333333334,16.0,17.866666666666667,1.8666666666666671,1.0,3.1333333333333333,3.1333333333333333,3.1333333333333333,0.22983870967741937,0.07329842931937176,12.44,moderate,2026-07-20
66,66,1,Overnight (0–6),9,14.9,12.0,15.38,3.380000000000001,,10.0,,,0.08636363636363636,0.12527798369162346,10.54,moderate,2026-07-20
66,66,1,PM Peak (15–19),35,17.866666666666667,16.0,17.866666666666667,1.8666666666666671,34.0,5.133333333333334,5.133333333333334,6.133333333333334,0.15489130434782608,0.07329842931937176,9.82,moderate,2026-07-20
67,67,0,AM Peak (6–9),18,22.5,15.0,30.0,15.0,18.0,6.0,5.0,10.3,0.1357142857142857,0.3886010362694301,28.07,moderate,2026-07-20
67,67,0,Evening (19–24),15,24.0,22.0,24.0,2.0,14.0,2.0,0.6000000000000001,7.6000000000000085,0.31666666666666665,0.07812500000000001,15.77,very low recovery time,2026-07-20
67,67,0,Midday (9–15),25,28.0,28.0,28.0,0.0,23.0,3.0,3.0,3.0,0.2375,0.0,8.31,very low recovery time,2026-07-20
67,67,0,Overnight (0–6),5,22.0,16.6,28.0,11.399999999999999,4.0,3.0,2.0,11.000000000000002,0.2375,0.32571428571428573,27.86,very low recovery time,2026-07-20
67,67,0,PM Peak (15–19),20,30.0,30.0,30.0,0.0,19.0,8.0,7.6,8.0,0.10555555555555556,0.0,3.69,moderate,2026-07-20
67,67,1,AM Peak (6–9),18,22.5,18.0,30.0,12.0,17.0,9.0,1.0,15.0,0.095,0.3370786516853933,23.55,moderate,2026-07-20
67,67,1,Evening (19–24),14,26.0,24.0,26.0,2.0,15.0,2.0,2.0,4.0,0.31666666666666665,0.07812500000000001,15.77,very low recovery time,2026-07-20
67,67,1,Midday (9–15),25,27.0,27.0,29.400000000000006,2.4000000000000057,25.0,2.0,2.0,2.0,0.31666666666666665,0.09230769230769252,16.62,very low recovery time,2026-07-20
67,67,1,Overnight (0–6),6,25.0,24.0,26.0,2.0,3.0,2.0,0.4,12.4,0.31666666666666665,0.07812500000000001,15.77,very low recovery time,2026-07-20
67,67,1,PM Peak (15–19),20,31.0,31.0,31.0,0.0,20.0,3.0,2.9000000000000004,3.0,0.2375,0.0,8.31,very low recovery time,2026-07-20
68,68,0,AM Peak (6–9),23,42.0,42.0,65.0,23.0,20.0,11.0,8.8,11.0,0.07916666666666666,0.4935622317596567,32.38,high schedule variability,2026-07-20
68,68,0,Evening (19–24),20,36.0,33.0,52.0,19.0,18.0,6.0,6.0,16.0,0.1357142857142857,0.44600938967136156,31.51,moderate,2026-07-20
68,68,0,Midday (9–15),37,43.0,43.0,62.0,19.0,37.0,6.0,5.6,7.0,0.1357142857142857,0.44600938967136156,31.51,moderate,2026-07-20
68,68,0,Overnight (0–6),12,37.0,33.0,37.0,4.0,9.0,2.0,1.6,6.2,0.31666666666666665,0.1449275362318841,19.78,very low recovery time,2026-07-20
68,68,0,PM Peak (15–19),24,50.0,46.9,71.0,24.1,25.0,8.0,3.4000000000000004,8.600000000000001,0.10555555555555556,0.5052410901467506,34.01,high schedule variability,2026-07-20
68,68,1,AM Peak (6–9),22,50.5,41.0,62.0,21.0,19.0,10.0,9.2,15.599999999999998,0.08636363636363636,0.4708520179372198,31.27,moderate,2026-07-20
68,68,1,Evening (19–24),19,39.0,35.0,54.0,19.0,19.0,5.0,3.0,14.0,0.15833333333333333,0.44600938967136156,32.3,moderate,2026-07-20
68,68,1,Midday (9–15),37,43.0,43.0,60.0,17.0,35.0,8.0,2.0,10.0,0.10555555555555556,0.41871921182266014,28.82,moderate,2026-07-20
68,68,1,Overnight (0–6),13,35.0,35.0,50.0,15.0,9.0,8.0,2.4000000000000004,12.400000000000002,0.10555555555555556,0.3886010362694301,27.01,moderate,2026-07-20
68,68,1,PM Peak (15–19),25,51.0,43.8,69.0,25.200000000000003,23.0,8.0,7.0,9.8,0.10555555555555556,0.516393442622951,34.68,high schedule variability,2026-07-20
69,69,0,AM Peak (6–9),9,25.0,22.0,25.0,3.0,9.0,1.0,0.0,1.0,0.475,0.11278195488721807,23.39,no recovery time,2026-07-20
69,69,0,Evening (19–24),15,23.0,19.0,23.0,4.0,16.0,1.0,0.5,6.5,0.475,0.1449275362318841,25.32,no recovery time,2026-07-20
69,69,0,Midday (9–15),20,24.0,24.0,25.0,1.0,20.0,1.0,0.9000000000000001,1.1000000000000014,0.475,0.04065040650406505,19.06,no recovery time,2026-07-20
69,69,0,Overnight (0–6),8,19.0,2.0833333333333335,19.9,17.816666666666666,8.0,1.0,0.0,1.0,0.475,0.4301810865191148,42.44,no recovery time,2026-07-20
69,69,0,PM Peak (15–19),14,25.0,23.0,25.0,2.0,13.0,1.0,1.0,1.0,0.475,0.07812500000000001,21.31,no recovery time,2026-07-20
69,69,1,AM Peak (6–9),9,29.0,21.0,29.0,8.0,8.0,3.0,1.7000000000000002,6.799999999999999,0.2375,0.2531645569620254,23.5,very low recovery time,2026-07-20
69,69,1,Evening (19–24),16,28.0,19.0,28.0,9.0,14.0,8.5,1.3,16.0,0.09999999999999999,0.2760736196319019,20.06,moderate,2026-07-20
69,69,1,Midday (9–15),20,26.0,26.0,29.0,3.0,20.0,3.0,3.0,3.1000000000000014,0.2375,0.11278195488721807,15.08,very low recovery time,2026-07-20
69,69,1,Overnight (0–6),8,19.0,14.200000000000001,21.0,6.799999999999999,7.0,2.0,2.0,7.600000000000003,0.31666666666666665,0.22368421052631582,24.5,very low recovery time,2026-07-20
69,69,1,PM Peak (15–19),13,29.0,28.0,29.0,1.0,13.0,10.0,10.0,11.600000000000001,0.08636363636363636,0.04065040650406505,5.46,moderate,2026-07-20
70,70,0,AM Peak (6–9),12,25.0,21.0,25.0,4.0,12.0,0.0,0.0,1.8000000000000007,0.95,0.1449275362318841,41.95,no recovery time,2026-07-20
70,70,0,Evening (19–24),20,22.0,20.0,22.400000000000006,2.4000000000000057,18.0,0.0,0.0,1.3000000000000007,0.95,0.09230769230769252,38.79,no recovery time,2026-07-20
70,70,0,Midday (9–15),26,25.0,25.0,25.0,0.0,25.0,0.0,0.0,0.0,0.95,0.0,33.25,no recovery time,2026-07-20
70,70,0,Overnight (0–6),10,20.0,20.0,21.066666666666666,1.0666666666666664,10.0,0.0,0.0,0.0,0.95,0.043243243243243246,35.84,no recovery time,2026-07-20
70,70,0,PM Peak (15–19),19,36.0,36.0,36.0,0.0,19.0,1.0,0.0,1.7999999999999972,0.475,0.0,16.62,no recovery time,2026-07-20
70,70,1,AM Peak (6–9),13,27.0,20.0,27.0,7.0,12.0,6.0,3.1,8.0,0.1357142857142857,0.22875816993464057,18.48,moderate,2026-07-20
70,70,1,Evening (19–24),19,20.0,18.0,20.599999999999998,2.599999999999998,19.0,6.0,4.6,7.0,0.1357142857142857,0.09923664122137399,10.7,moderate,2026-07-20
70,70,1,Midday (9–15),25,24.0,24.0,24.0,0.0,26.0,7.0,7.0,7.0,0.11875,0.0,4.16,moderate,2026-07-20
70,70,1,Overnight (0–6),10,18.0,17.985,20.0,2.0150000000000006,7.0,7.0,4.0,13.000000000000005,0.11875,0.0786648448174898,8.88,moderate,2026-07-20
70,70,1,PM Peak (15–19),19,24.0,24.0,24.0,0.0,19.0,2.0,2.0,2.0,0.31666666666666665,0.0,11.08,very low recovery time,2026-07-20
71,71,0,AM Peak (6–9),16,31.5,28.0,34.0,6.0,15.0,6.0,3.2,6.0,0.1357142857142857,0.20270270270270274,16.91,moderate,2026-07-20
71,71,0,Evening (19–24),18,27.0,22.0,27.0,5.0,19.0,4.0,2.8,5.0,0.19,0.17482517482517487,17.14,moderate,2026-07-20
71,71,0,Midday (9–15),25,30.0,30.0,30.0,0.0,25.0,3.0,3.0,4.0,0.2375,0.0,8.31,very low recovery time,2026-07-20
71,71,0,Overnight (0–6),8,22.0,15.73,28.0,12.27,5.0,5.0,0.8,5.0,0.15833333333333333,0.3420685809868972,26.07,moderate,2026-07-20
71,71,0,PM Peak (15–19),20,33.0,27.0,33.0,6.0,21.0,3.0,0.0,3.0,0.2375,0.20270270270270274,20.47,very low recovery time,2026-07-20
71,71,1,AM Peak (6–9),15,32.0,26.0,32.6,6.600000000000001,13.0,12.0,9.4,13.0,0.07307692307692307,0.21854304635761598,15.67,moderate,2026-07-20
71,71,1,Evening (19–24),18,29.0,25.0,29.0,4.0,17.0,14.0,5.6,15.0,0.06333333333333332,0.1449275362318841,10.91,moderate,2026-07-20
71,71,1,Midday (9–15),25,33.0,33.0,33.0,0.0,24.0,9.0,2.6000000000000005,9.0,0.095,0.0,3.32,moderate,2026-07-20
71,71,1,Overnight (0–6),7,25.0,25.0,26.0,1.0,4.0,8.0,8.0,11.5,0.10555555555555556,0.04065040650406505,6.13,moderate,2026-07-20
71,71,1,PM Peak (15–19),21,41.0,29.0,41.0,12.0,19.0,7.0,5.4,7.0,0.11875,0.3370786516853933,24.38,moderate,2026-07-20
72,72,0,AM Peak (6–9),24,52.0,43.0,52.0,9.0,22.0,4.0,1.0,5.0,0.19,0.2760736196319019,23.21,moderate,2026-07-20
72,72,0,Evening (19–24),32,46.0,41.0,46.0,5.0,33.0,5.0,3.0,5.0,0.15833333333333333,0.17482517482517487,16.03,moderate,2026-07-20
72,72,0,Midday (9–15),42,51.0,51.0,55.0,4.0,34.0,4.0,3.0,5.399999999999999,0.19,0.1449275362318841,15.35,moderate,2026-07-20
72,72,0,Overnight (0–6),14,41.0,34.0,42.61666666666667,8.616666666666667,9.0,3.0,2.8,7.2,0.2375,0.2674599068804967,24.36,very low recovery time,2026-07-20
72,72,0,PM Peak (15–19),32,55.0,46.9,55.0,8.100000000000001,31.0,4.0,4.0,5.0,0.19,0.2555205047318613,21.98,moderate,2026-07-20
72,72,1,AM Peak (6–9),24,50.0,41.0,50.0,9.0,22.0,5.0,5.0,7.0,0.15833333333333333,0.2760736196319019,22.11,moderate,2026-07-20
72,72,1,Evening (19–24),32,48.0,40.0,48.0,8.0,31.0,9.0,4.0,9.0,0.095,0.2531645569620254,18.51,moderate,2026-07-20
72,72,1,Midday (9–15),42,55.0,55.0,60.0,5.0,40.0,7.0,5.9,7.100000000000001,0.11875,0.17482517482517487,14.65,moderate,2026-07-20
72,72,1,Overnight (0–6),17,40.0,24.74666666666667,41.0,16.25333333333333,9.0,6.0,4.8,10.0,0.1357142857142857,0.40782870525259285,29.22,moderate,2026-07-20
72,72,1,PM Peak (15–19),32,60.0,60.0,60.0,0.0,31.0,8.0,8.0,8.0,0.10555555555555556,0.0,3.69,moderate,2026-07-20
73,73,0,AM Peak (6–9),24,30.0,22.0,53.0,31.0,23.0,6.0,6.0,9.0,0.1357142857142857,0.5677655677655679,38.82,high schedule variability,2026-07-20
73,73,0,Evening (19–24),26,24.0,21.0,42.0,21.0,26.0,7.0,2.0,9.0,0.11875,0.4708520179372198,32.41,moderate,2026-07-20
73,73,0,Midday (9–15),34,30.5,26.200000000000003,50.0,23.799999999999997,33.0,9.0,2.0,9.0,0.095,0.5021097046413503,33.45,high schedule variability,2026-07-20
73,73,0,Overnight (0–6),14,29.5,21.0,43.0,22.0,7.0,7.0,2.0,9.0,0.11875,0.48245614035087725,33.1,high schedule variability,2026-07-20
73,73,0,PM Peak (15–19),30,32.0,25.0,53.0,28.0,30.0,2.0,2.0,2.0,0.31666666666666665,0.5426356589147288,43.64,"very low recovery time, high schedule variability",2026-07-20
73,73,1,AM Peak (6–9),23,34.0,21.8,48.0,26.2,23.0,5.0,2.0,25.0,0.15833333333333333,0.5261044176706827,37.11,high schedule variability,2026-07-20
73,73,1,Evening (19–24),26,32.5,25.0,46.0,21.0,26.0,5.0,2.0,13.5,0.15833333333333333,0.4708520179372198,33.79,moderate,2026-07-20
73,73,1,Midday (9–15),35,36.0,32.0,48.0,16.0,31.0,5.0,0.0,13.0,0.15833333333333333,0.4040404040404041,29.78,moderate,2026-07-20
73,73,1,Overnight (0–6),13,27.0,25.0,44.0,19.0,11.0,5.0,2.0,9.0,0.15833333333333333,0.44600938967136156,32.3,moderate,2026-07-20
73,73,1,PM Peak (15–19),30,36.0,26.0,56.0,30.0,30.0,7.0,2.0,21.0,0.11875,0.5597014925373135,37.74,high schedule variability,2026-07-20
74,74,0,AM Peak (6–9),8,21.0,17.0,25.0,8.0,8.0,4.5,1.4000000000000001,8.6,0.17272727272727273,0.2531645569620254,21.24,moderate,2026-07-20
74,74,0,Evening (19–24),14,16.0,14.0,16.0,2.0,14.0,3.0,3.0,5.0,0.2375,0.07812500000000001,13.0,very low recovery time,2026-07-20
74,74,0,Midday (9–15),15,19.0,19.0,20.799999999999997,1.7999999999999972,14.0,6.0,4.6,6.0,0.1357142857142857,0.07086614173228338,9.0,moderate,2026-07-20
74,74,0,Overnight (0–6),6,14.0,14.0,16.6,2.6000000000000014,5.0,5.0,2.0,12.200000000000001,0.15833333333333333,0.09923664122137411,11.5,moderate,2026-07-20
74,74,0,PM Peak (15–19),12,21.0,20.0,22.0,2.0,13.0,4.0,4.0,10.0,0.19,0.07812500000000001,11.34,moderate,2026-07-20
74,74,1,AM Peak (6–9),9,22.0,18.0,22.0,4.0,8.0,4.0,3.0,8.399999999999999,0.19,0.1449275362318841,15.35,moderate,2026-07-20
74,74,1,Evening (19–24),15,18.0,15.0,18.0,3.0,14.0,3.0,3.0,6.0,0.2375,0.11278195488721807,15.08,very low recovery time,2026-07-20
74,74,1,Midday (9–15),15,20.0,20.0,20.0,0.0,14.0,5.0,5.0,5.0,0.15833333333333333,0.0,5.54,moderate,2026-07-20
74,74,1,Overnight (0–6),6,15.0,15.0,15.0,0.0,5.0,6.0,0.0,6.0,0.1357142857142857,0.0,4.75,moderate,2026-07-20
74,74,1,PM Peak (15–19),12,26.0,24.0,28.0,4.0,12.0,6.0,6.0,6.0,0.1357142857142857,0.1449275362318841,13.45,moderate,2026-07-20
75,75,0,AM Peak (6–9),26,29.0,20.783333333333335,29.0,8.216666666666665,23.0,5.0,2.0,8.0,0.15833333333333333,0.2582503928758512,21.04,moderate,2026-07-20
75,75,0,Evening (19–24),14,26.0,23.0,26.0,3.0,17.0,8.0,2.0,12.0,0.10555555555555556,0.11278195488721807,10.46,moderate,2026-07-20
75,75,0,Midday (9–15),42,28.0,28.0,28.0,0.0,43.0,7.0,6.0,7.0,0.11875,0.0,4.16,moderate,2026-07-20
75,75,0,Overnight (0–6),6,23.0,15.866666666666667,23.0,7.133333333333333,5.0,3.0,2.0,6.6,0.2375,0.23210412147505427,22.24,very low recovery time,2026-07-20
75,75,0,PM Peak (15–19),28,31.0,31.0,31.0,0.0,27.0,13.0,6.0,13.0,0.06785714285714285,0.0,2.38,moderate,2026-07-20
75,75,1,AM Peak (6–9),23,20.0,17.0,20.0,3.0,20.0,3.0,3.0,5.0,0.2375,0.11278195488721807,15.08,very low recovery time,2026-07-20
75,75,1,Evening (19–24),17,18.0,17.0,18.0,1.0,13.0,4.0,2.0,6.800000000000001,0.19,0.04065040650406505,9.09,moderate,2026-07-20
75,75,1,Midday (9–15),42,22.0,22.0,22.0,0.0,42.0,3.0,2.0,3.0,0.2375,0.0,8.31,very low recovery time,2026-07-20
75,75,1,Overnight (0–6),5,17.0,17.0,17.0,0.0,4.0,2.0,0.6000000000000001,9.700000000000003,0.31666666666666665,0.0,11.08,very low recovery time,2026-07-20
75,75,1,PM Peak (15–19),28,24.0,24.0,24.0,0.0,27.0,4.0,4.0,4.0,0.19,0.0,6.65,moderate,2026-07-20
76,76,0,AM Peak (6–9),25,24.0,13.0,24.0,11.0,24.0,2.0,2.0,8.0,0.31666666666666665,0.31791907514450873,30.16,very low recovery time,2026-07-20
76,76,0,Evening (19–24),41,17.0,13.0,19.0,6.0,43.0,3.0,0.0,4.0,0.2375,0.20270270270270274,20.47,very low recovery time,2026-07-20
76,76,0,Midday (9–15),48,21.0,13.8,21.0,7.199999999999999,48.0,5.0,3.0,5.0,0.15833333333333333,0.2337662337662338,19.57,moderate,2026-07-20
76,76,0,Overnight (0–6),21,17.0,11.25,20.0,8.75,20.0,0.0,0.0,2.3000000000000043,0.95,0.27047913446676974,49.48,no recovery time,2026-07-20
76,76,0,PM Peak (15–19),41,22.0,15.0,22.0,7.0,40.0,2.0,2.0,3.0,0.31666666666666665,0.22875816993464057,24.81,very low recovery time,2026-07-20
76,76,1,AM Peak (6–9),24,19.0,17.0,19.0,2.0,23.0,5.0,2.0,5.800000000000001,0.15833333333333333,0.07812500000000001,10.23,moderate,2026-07-20
76,76,1,Evening (19–24),43,11.0,9.0,13.0,4.0,42.0,4.0,2.0,5.0,0.19,0.1449275362318841,15.35,moderate,2026-07-20
76,76,1,Midday (9–15),48,16.0,11.0,16.0,5.0,48.0,8.0,1.0,8.0,0.10555555555555556,0.17482517482517487,14.18,moderate,2026-07-20
76,76,1,Overnight (0–6),20,11.0,4.683333333333334,14.200000000000003,9.51666666666667,16.0,2.0,2.0,4.0,0.31666666666666665,0.2873678912934073,28.33,very low recovery time,2026-07-20
76,76,1,PM Peak (15–19),40,19.0,13.0,19.0,6.0,39.0,2.0,2.0,5.0,0.31666666666666665,0.20270270270270274,23.25,very low recovery time,2026-07-20
77,77,0,AM Peak (6–9),12,15.0,15.0,15.0,0.0,12.0,4.0,4.0,4.0,0.19,0.0,6.65,moderate,2026-07-20
77,77,0,Evening (19–24),12,14.0,13.0,14.0,1.0,12.0,3.0,3.0,4.0,0.2375,0.04065040650406505,10.75,very low recovery time,2026-07-20
77,77,0,Midday (9–15),13,16.0,16.0,16.0,0.0,13.0,3.0,3.0,3.8000000000000007,0.2375,0.0,8.31,very low recovery time,2026-07-20
77,77,0,Overnight (0–6),7,13.0,11.916666666666666,15.0,3.083333333333334,7.0,2.0,0.0,4.0,0.31666666666666665,0.11555277951280453,18.02,very low recovery time,2026-07-20
77,77,0,PM Peak (15–19),16,18.0,17.0,18.0,1.0,16.0,2.0,2.0,3.0,0.31666666666666665,0.04065040650406505,13.52,very low recovery time,2026-07-20
77,77,1,AM Peak (6–9),12,8.0,8.0,8.0,0.0,12.0,3.0,3.0,3.0,0.2375,0.0,8.31,very low recovery time,2026-07-20
77,77,1,Evening (19–24),12,7.0,6.0,7.0,1.0,11.0,3.0,3.0,4.0,0.2375,0.04065040650406505,10.75,very low recovery time,2026-07-20
77,77,1,Midday (9–15),13,8.0,8.0,8.0,0.0,13.0,3.0,3.0,3.0,0.2375,0.0,8.31,very low recovery time,2026-07-20
77,77,1,Overnight (0–6),7,6.0,6.0,8.0,2.0,5.0,4.0,1.2000000000000002,5.800000000000001,0.19,0.07812500000000001,11.34,moderate,2026-07-20
77,77,1,PM Peak (15–19),16,8.0,8.0,8.0,0.0,16.0,2.0,2.0,2.0,0.31666666666666665,0.0,11.08,very low recovery time,2026-07-20
78,78,0,AM Peak (6–9),9,18.0,3.0,18.0,15.0,9.0,0.0,0.0,0.0,0.95,0.3886010362694301,56.57,no recovery time,2026-07-20
78,78,0,Evening (19–24),11,16.0,14.0,16.0,2.0,12.0,0.0,0.0,0.0,0.95,0.07812500000000001,37.94,no recovery time,2026-07-20
78,78,0,Midday (9–15),15,17.0,17.0,17.6,0.6000000000000014,14.0,0.0,0.0,0.0,0.95,0.02479338842975213,34.74,no recovery time,2026-07-20
78,78,0,Overnight (0–6),3,14.0,14.0,14.0,0.0,2.0,0.5,0.1,0.9,0.6333333333333333,0.0,22.17,no recovery time,2026-07-20
78,78,0,PM Peak (15–19),12,19.0,19.0,19.0,0.0,12.0,0.0,0.0,0.0,0.95,0.0,33.25,no recovery time,2026-07-20
78,78,1,AM Peak (6–9),9,11.0,11.0,11.0,0.0,8.0,2.0,1.0,3.3,0.31666666666666665,0.0,11.08,very low recovery time,2026-07-20
78,78,1,Evening (19–24),12,12.0,11.1,12.0,0.9000000000000004,12.0,6.0,2.1,7.0,0.1357142857142857,0.036734693877551045,6.95,moderate,2026-07-20
78,78,1,Midday (9–15),14,12.0,12.0,12.700000000000001,0.7000000000000011,15.0,6.0,5.0,6.0,0.1357142857142857,0.028806584362139964,6.48,moderate,2026-07-20
78,78,1,Overnight (0–6),2,11.0,11.0,11.0,0.0,2.0,4.5,4.1,4.9,0.17272727272727273,0.0,6.05,moderate,2026-07-20
78,78,1,PM Peak (15–19),12,13.0,13.0,13.0,0.0,12.0,3.0,3.0,3.0,0.2375,0.0,8.31,very low recovery time,2026-07-20
79,79,0,AM Peak (6–9),19,30.0,27.0,36.2,9.200000000000003,17.0,5.0,0.6000000000000001,9.0,0.15833333333333333,0.2804878048780489,22.37,moderate,2026-07-20
79,79,0,Evening (19–24),20,25.5,19.893333333333338,29.0,9.106666666666662,18.0,2.5,0.0,5.0,0.2714285714285714,0.2784345699143905,26.21,very low recovery time,2026-07-20
79,79,0,Midday (9–15),22,30.0,3.740000000000003,36.0,32.26,16.0,0.5,0.0,1.0,0.6333333333333333,0.577515216612961,56.82,"no recovery time, high schedule variability",2026-07-20
79,79,0,Overnight (0–6),11,24.0,0.9333333333333333,29.0,28.066666666666666,7.0,2.0,0.0,12.4,0.31666666666666665,0.543225806451613,43.68,"very low recovery time, high schedule variability",2026-07-20
79,79,0,PM Peak (15–19),20,37.0,36.0,39.0,3.0,20.0,0.5,0.0,3.0,0.6333333333333333,0.11278195488721807,28.93,no recovery time,2026-07-20
79,79,1,AM Peak (6–9),18,28.0,26.0,28.0,2.0,17.0,5.0,3.0,8.0,0.15833333333333333,0.07812500000000001,10.23,moderate,2026-07-20
79,79,1,Evening (19–24),18,28.0,25.0,29.0,4.0,20.0,0.0,0.0,9.0,0.95,0.1449275362318841,41.95,no recovery time,2026-07-20
79,79,1,Midday (9–15),20,28.0,28.0,35.1,7.100000000000001,19.0,2.0,0.0,2.0,0.31666666666666665,0.231270358306189,24.96,very low recovery time,2026-07-20
79,79,1,Overnight (0–6),7,26.0,25.0,28.0,3.0,6.0,1.0,0.0,6.0,0.475,0.11278195488721807,23.39,no recovery time,2026-07-20
79,79,1,PM Peak (15–19),20,35.0,35.0,36.0,1.0,21.0,9.0,9.0,10.0,0.095,0.04065040650406505,5.76,moderate,2026-07-20
80,80,0,AM Peak (6–9),12,26.0,15.4,39.0,23.6,14.0,9.0,0.6000000000000001,17.0,0.095,0.5000000000000001,33.33,high schedule variability,2026-07-20
80,80,0,Evening (19–24),13,37.0,28.6,37.0,8.399999999999999,15.0,9.0,6.800000000000001,12.2,0.095,0.2625,19.08,moderate,2026-07-20
80,80,0,Midday (9–15),14,43.0,39.0,45.1,6.100000000000001,13.0,10.0,6.0,13.200000000000003,0.08636363636363636,0.20538720538720545,15.35,moderate,2026-07-20
80,80,0,Overnight (0–6),9,28.0,15.0,33.0,18.0,7.0,14.0,2.0,14.0,0.06333333333333332,0.43269230769230776,28.18,moderate,2026-07-20
80,80,0,PM Peak (15–19),17,26.0,26.0,49.0,23.0,16.0,8.5,2.5,12.5,0.09999999999999999,0.4935622317596567,33.11,high schedule variability,2026-07-20
80,80,1,AM Peak (6–9),14,38.0,35.6,42.0,6.399999999999999,13.0,10.0,0.20000000000000018,14.400000000000002,0.08636363636363636,0.21333333333333335,15.82,moderate,2026-07-20
80,80,1,Evening (19–24),14,36.0,27.9,36.0,8.100000000000001,12.0,6.0,3.3000000000000003,11.9,0.1357142857142857,0.2555205047318613,20.08,moderate,2026-07-20
80,80,1,Midday (9–15),15,41.0,38.0,44.03,6.030000000000001,14.0,13.0,10.0,18.0,0.06785714285714285,0.2035099561255485,14.59,moderate,2026-07-20
80,80,1,Overnight (0–6),11,28.916666666666668,27.0,38.0,11.0,6.0,3.0,2.0,7.0,0.2375,0.31791907514450873,27.39,very low recovery time,2026-07-20
80,80,1,PM Peak (15–19),16,47.0,45.5,47.0,1.5,14.0,12.0,2.0,12.0,0.07307692307692307,0.05976095617529882,6.14,moderate,2026-07-20
82,82,0,AM Peak (6–9),7,12.0,11.0,12.0,1.0,7.0,0.0,0.0,0.40000000000000036,0.95,0.04065040650406505,35.69,no recovery time,2026-07-20
82,82,0,Evening (19–24),13,11.0,10.0,11.0,1.0,13.0,0.0,0.0,0.0,0.95,0.04065040650406505,35.69,no recovery time,2026-07-20
82,82,0,Midday (9–15),15,12.0,12.0,12.0,0.0,14.0,0.0,0.0,0.0,0.95,0.0,33.25,no recovery time,2026-07-20
82,82,0,Overnight (0–6),2,10.0,10.0,10.0,0.0,1.0,2.0,2.0,2.0,0.31666666666666665,0.0,11.08,very low recovery time,2026-07-20
82,82,0,PM Peak (15–19),9,12.0,11.0,12.0,1.0,10.0,0.0,0.0,0.0,0.95,0.04065040650406505,35.69,no recovery time,2026-07-20
82,82,1,AM Peak (6–9),7,9.0,8.0,9.0,1.0,6.0,4.0,2.0,4.5,0.19,0.04065040650406505,9.09,moderate,2026-07-20
82,82,1,Evening (19–24),13,8.0,7.0,8.0,1.0,13.0,6.0,3.0,6.0,0.1357142857142857,0.04065040650406505,7.19,moderate,2026-07-20
82,82,1,Midday (9–15),14,9.0,9.0,9.0,0.0,15.0,4.0,4.0,4.0,0.19,0.0,6.65,moderate,2026-07-20
82,82,1,Overnight (0–6),1,7.0,7.0,7.0,0.0,1.0,1.0,1.0,1.0,0.475,0.0,16.62,no recovery time,2026-07-20
82,82,1,PM Peak (15–19),10,9.0,8.0,9.0,1.0,10.0,4.0,4.0,6.0,0.19,0.04065040650406505,9.09,moderate,2026-07-20
83,83,0,AM Peak (6–9),13,19.0,19.0,19.0,0.0,13.0,4.0,4.0,4.0,0.19,0.0,6.65,moderate,2026-07-20
83,83,0,Evening (19–24),16,17.0,16.0,17.0,1.0,15.0,2.0,2.0,2.0,0.31666666666666665,0.04065040650406505,13.52,very low recovery time,2026-07-20
83,83,0,Midday (9–15),18,20.0,20.0,20.0,0.0,17.0,4.0,4.0,4.0,0.19,0.0,6.65,moderate,2026-07-20
83,83,0,Overnight (0–6),5,16.0,15.4,16.0,0.5999999999999996,5.0,2.0,0.8,2.0,0.31666666666666665,0.024793388429752056,12.57,very low recovery time,2026-07-20
83,83,0,PM Peak (15–19),18,20.0,20.0,20.0,0.0,19.0,12.0,12.0,12.0,0.07307692307692307,0.0,2.56,moderate,2026-07-20
83,83,1,AM Peak (6–9),14,18.0,18.0,18.0,0.0,12.0,1.0,1.0,1.0,0.475,0.0,16.62,no recovery time,2026-07-20
83,83,1,Evening (19–24),16,16.5,15.0,18.0,3.0,16.0,2.5,1.0,3.0,0.2714285714285714,0.11278195488721807,16.27,very low recovery time,2026-07-20
83,83,1,Midday (9–15),17,19.0,19.0,19.0,0.0,17.0,1.0,1.0,3.0000000000000018,0.475,0.0,16.62,no recovery time,2026-07-20
83,83,1,Overnight (0–6),6,15.0,15.0,15.0,0.0,4.0,1.0,1.0,2.4000000000000004,0.475,0.0,16.62,no recovery time,2026-07-20
83,83,1,PM Peak (15–19),18,19.0,19.0,19.0,0.0,17.0,1.0,1.0,1.8000000000000007,0.475,0.0,16.62,no recovery time,2026-07-20
84,84,0,AM Peak (6–9),33,41.0,35.0,54.8,19.799999999999997,26.0,7.0,4.0,8.5,0.11875,0.45622119815668205,31.53,moderate,2026-07-20
84,84,0,Evening (19–24),39,28.0,28.0,34.0,6.0,37.0,5.0,5.0,7.0,0.15833333333333333,0.20270270270270274,17.7,moderate,2026-07-20
84,84,0,Midday (9–15),55,37.0,37.0,50.0,13.0,50.0,5.0,3.0,9.0,0.15833333333333333,0.35519125683060115,26.85,moderate,2026-07-20
84,84,0,Overnight (0–6),16,28.0,25.0,32.5,7.5,15.0,7.0,3.2,8.0,0.11875,0.2411575562700965,18.63,moderate,2026-07-20
84,84,0,PM Peak (15–19),32,45.0,34.0,66.0,32.0,29.0,9.0,6.6000000000000005,15.0,0.095,0.5755395683453238,37.86,high schedule variability,2026-07-20
84,84,1,AM Peak (6–9),37,42.0,37.0,56.0,19.0,32.0,5.0,1.1,8.0,0.15833333333333333,0.44600938967136156,32.3,moderate,2026-07-20
84,84,1,Evening (19–24),40,31.0,31.0,37.0,6.0,38.0,4.0,2.0,6.900000000000013,0.19,0.20270270270270274,18.81,moderate,2026-07-20
84,84,1,Midday (9–15),54,40.0,40.0,46.3,6.299999999999997,51.0,6.0,1.0,7.0,0.1357142857142857,0.21070234113712372,17.39,moderate,2026-07-20
84,84,1,Overnight (0–6),20,30.0,13.650000000000002,36.1,22.45,15.0,6.0,0.40000000000000013,10.2,0.1357142857142857,0.48751357220412594,34.0,high schedule variability,2026-07-20
84,84,1,PM Peak (15–19),31,46.0,37.0,69.0,32.0,32.0,6.0,0.0,12.0,0.1357142857142857,0.5755395683453238,39.28,high schedule variability,2026-07-20
85,85,0,AM Peak (6–9),20,50.0,43.0,58.0,15.0,19.0,10.0,6.0,15.2,0.08636363636363636,0.3886010362694301,26.34,moderate,2026-07-20
85,85,0,Evening (19–24),30,50.0,42.0,60.0,18.0,29.0,6.0,3.0,8.0,0.1357142857142857,0.43269230769230776,30.71,moderate,2026-07-20
85,85,0,Midday (9–15),40,56.0,49.0,61.0,12.0,39.0,6.0,5.0,11.0,0.1357142857142857,0.3370786516853933,24.97,moderate,2026-07-20
85,85,0,Overnight (0–6),18,42.0,33.0,51.6,18.6,14.0,3.0,2.3,10.0,0.2375,0.4407582938388626,34.76,very low recovery time,2026-07-20
85,85,0,PM Peak (15–19),26,57.0,54.0,66.0,12.0,24.0,5.0,3.0,15.0,0.15833333333333333,0.3370786516853933,25.77,moderate,2026-07-20
85,85,1,AM Peak (6–9),20,54.0,45.0,63.0,18.0,18.0,8.0,0.7000000000000002,11.3,0.10555555555555556,0.43269230769230776,29.66,moderate,2026-07-20
85,85,1,Evening (19–24),30,45.0,35.0,54.0,19.0,30.0,10.0,2.0,10.0,0.08636363636363636,0.44600938967136156,29.78,moderate,2026-07-20
85,85,1,Midday (9–15),40,57.0,50.0,62.0,12.0,40.0,7.0,6.0,7.0,0.11875,0.3370786516853933,24.38,moderate,2026-07-20
85,85,1,Overnight (0–6),20,37.0,24.736666666666665,46.70000000000001,21.963333333333345,17.0,10.0,2.4000000000000004,14.8,0.08636363636363636,0.4820396517667717,31.95,moderate,2026-07-20
85,85,1,PM Peak (15–19),26,53.0,52.0,64.0,12.0,26.0,8.0,8.0,10.5,0.10555555555555556,0.3370786516853933,23.92,moderate,2026-07-20
86,86,0,AM Peak (6–9),30,37.0,30.6,43.1,12.5,28.0,6.0,2.7,12.0,0.1357142857142857,0.34626038781163443,25.53,moderate,2026-07-20
86,86,0,Evening (19–24),38,39.0,35.0,42.0,7.0,40.0,4.0,2.9000000000000004,7.200000000000003,0.19,0.22875816993464057,20.38,moderate,2026-07-20
86,86,0,Midday (9–15),46,38.0,34.0,47.0,13.0,45.0,11.0,2.0,14.0,0.07916666666666666,0.35519125683060115,24.08,moderate,2026-07-20
86,86,0,Overnight (0–6),19,33.0,11.0,39.0,28.0,15.0,5.0,2.000000000000001,12.0,0.15833333333333333,0.5426356589147288,38.1,high schedule variability,2026-07-20
86,86,0,PM Peak (15–19),41,40.0,36.0,50.0,14.0,39.0,2.0,0.0,9.0,0.31666666666666665,0.37234042553191493,33.42,very low recovery time,2026-07-20
86,86,1,AM Peak (6–9),30,32.0,29.9,43.0,13.100000000000001,28.0,4.0,4.0,4.300000000000001,0.19,0.35694822888283384,28.07,moderate,2026-07-20
86,86,1,Evening (19–24),39,30.0,27.8,36.0,8.2,37.0,6.0,6.0,6.0,0.1357142857142857,0.25786163522012584,20.22,moderate,2026-07-20
86,86,1,Midday (9–15),48,30.0,29.0,41.0,12.0,47.0,6.0,4.0,6.0,0.1357142857142857,0.3370786516853933,24.97,moderate,2026-07-20
86,86,1,Overnight (0–6),20,30.0,28.0,36.0,8.0,16.0,6.0,4.5,9.0,0.1357142857142857,0.2531645569620254,19.94,moderate,2026-07-20
86,86,1,PM Peak (15–19),40,31.0,30.0,42.0,12.0,40.0,4.0,4.0,4.0,0.19,0.3370786516853933,26.87,moderate,2026-07-20
87,87,0,AM Peak (6–9),18,22.0,22.0,26.0,4.0,,10.0,,,0.08636363636363636,0.1449275362318841,11.72,moderate,2026-07-20
87,87,0,Evening (19–24),30,22.0,19.0,22.0,3.0,19.0,4.0,4.0,9.0,0.19,0.11278195488721807,13.42,moderate,2026-07-20
87,87,0,Midday (9–15),36,26.0,26.0,26.0,0.0,,10.0,,,0.08636363636363636,0.0,3.02,moderate,2026-07-20
87,87,0,Overnight (0–6),15,19.0,18.0,22.0,4.0,9.0,4.0,4.0,9.0,0.19,0.1449275362318841,15.35,moderate,2026-07-20
87,87,0,PM Peak (15–19),24,29.0,29.0,29.0,0.0,,10.0,,,0.08636363636363636,0.0,3.02,moderate,2026-07-20
87,87,1,AM Peak (6–9),18,23.0,23.0,29.0,6.0,18.0,8.0,8.0,8.0,0.10555555555555556,0.20270270270270274,15.86,moderate,2026-07-20
87,87,1,Evening (19–24),30,21.0,19.0,21.0,2.0,30.0,8.0,8.0,8.0,0.10555555555555556,0.07812500000000001,8.38,moderate,2026-07-20
87,87,1,Midday (9–15),36,27.0,27.0,27.5,0.5,36.0,8.0,8.0,8.0,0.10555555555555556,0.020746887966804985,4.94,moderate,2026-07-20
87,87,1,Overnight (0–6),16,19.0,17.0,23.0,6.0,11.0,8.0,3.0,8.0,0.10555555555555556,0.20270270270270274,15.86,moderate,2026-07-20
87,87,1,PM Peak (15–19),24,28.0,28.0,28.0,0.0,24.0,8.0,8.0,8.0,0.10555555555555556,0.0,3.69,moderate,2026-07-20
88,88,0,AM Peak (6–9),24,20.0,18.0,24.0,6.0,23.0,0.0,0.0,0.0,0.95,0.20270270270270274,45.41,no recovery time,2026-07-20
88,88,0,Evening (19–24),15,20.0,17.0,21.0,4.0,15.0,1.0,0.0,1.0,0.475,0.1449275362318841,25.32,no recovery time,2026-07-20
88,88,0,Midday (9–15),21,24.0,23.0,29.0,6.0,20.0,0.0,0.0,0.0,0.95,0.20270270270270274,45.41,no recovery time,2026-07-20
88,88,0,Overnight (0–6),10,11.358333333333334,3.81,18.0,14.19,8.0,0.5,0.0,9.2,0.6333333333333333,0.37549616300608635,44.7,no recovery time,2026-07-20
88,88,0,PM Peak (15–19),19,29.0,25.0,31.0,6.0,20.0,1.5,0.0,4.0,0.38,0.20270270270270274,25.46,very low recovery time,2026-07-20
88,88,1,AM Peak (6–9),24,28.0,27.0,29.0,2.0,23.0,6.0,5.0,7.800000000000001,0.1357142857142857,0.07812500000000001,9.44,moderate,2026-07-20
88,88,1,Evening (19–24),15,23.0,20.0,23.0,3.0,15.0,10.0,5.2,10.0,0.08636363636363636,0.11278195488721807,9.79,moderate,2026-07-20
88,88,1,Midday (9–15),21,26.0,25.0,26.0,1.0,19.0,11.0,10.0,11.2,0.07916666666666666,0.04065040650406505,5.21,moderate,2026-07-20
88,88,1,Overnight (0–6),10,27.0,18.4,28.0,9.600000000000001,6.0,7.0,5.0,15.5,0.11875,0.2891566265060242,21.51,moderate,2026-07-20
88,88,1,PM Peak (15–19),20,27.0,26.0,27.0,1.0,18.0,13.5,6.7,14.0,0.06551724137931034,0.04065040650406505,4.73,moderate,2026-07-20
89,89,0,AM Peak (6–9),19,47.0,40.0,49.0,9.0,18.0,8.0,8.0,8.3,0.10555555555555556,0.2760736196319019,20.26,moderate,2026-07-20
89,89,0,Evening (19–24),29,37.0,31.0,40.0,9.0,30.0,8.0,8.0,8.0,0.10555555555555556,0.2760736196319019,20.26,moderate,2026-07-20
89,89,0,Midday (9–15),37,48.0,48.0,57.0,9.0,36.0,8.0,8.0,8.0,0.10555555555555556,0.2760736196319019,20.26,moderate,2026-07-20
89,89,0,Overnight (0–6),18,31.0,28.033333333333335,40.0,11.966666666666665,12.0,8.0,4.300000000000001,11.600000000000001,0.10555555555555556,0.3364573570759138,23.88,moderate,2026-07-20
89,89,0,PM Peak (15–19),24,57.0,50.2,57.0,6.799999999999997,24.0,8.0,8.0,8.0,0.10555555555555556,0.22368421052631576,17.12,moderate,2026-07-20
89,89,1,AM Peak (6–9),18,46.0,39.0,47.0,8.0,17.0,7.0,5.2,13.0,0.11875,0.2531645569620254,19.35,moderate,2026-07-20
89,89,1,Evening (19–24),30,42.5,34.0,43.0,9.0,30.0,9.0,7.0,10.0,0.095,0.2760736196319019,19.89,moderate,2026-07-20
89,89,1,Midday (9–15),36,49.0,49.0,61.0,12.0,34.0,5.0,5.0,9.7,0.15833333333333333,0.3370786516853933,25.77,moderate,2026-07-20
89,89,1,Overnight (0–6),17,34.0,31.0,37.76,6.759999999999998,13.0,7.0,7.0,11.0,0.11875,0.22266139657444003,17.52,moderate,2026-07-20
89,89,1,PM Peak (15–19),24,61.0,56.3,61.0,4.700000000000003,23.0,14.0,14.0,14.0,0.06333333333333332,0.16607773851590119,12.18,moderate,2026-07-20
90,90,0,AM Peak (6–9),15,20.0,14.0,20.0,6.0,13.0,8.0,4.0,8.0,0.10555555555555556,0.20270270270270274,15.86,moderate,2026-07-20
90,90,0,Evening (19–24),20,14.0,13.0,14.0,1.0,21.0,2.0,2.0,7.0,0.31666666666666665,0.04065040650406505,13.52,very low recovery time,2026-07-20
90,90,0,Midday (9–15),36,16.0,16.0,17.0,1.0,36.0,5.0,5.0,8.0,0.15833333333333333,0.04065040650406505,7.98,moderate,2026-07-20
90,90,0,Overnight (0–6),8,13.0,12.34,13.3,0.9600000000000009,7.0,7.0,4.200000000000001,8.200000000000001,0.11875,0.0390879478827362,6.5,moderate,2026-07-20
90,90,0,PM Peak (15–19),24,17.0,17.0,17.0,0.0,24.0,4.0,4.0,4.0,0.19,0.0,6.65,moderate,2026-07-20
90,90,1,AM Peak (6–9),13,18.0,15.0,18.0,3.0,12.0,4.0,3.0,6.9,0.19,0.11278195488721807,13.42,moderate,2026-07-20
90,90,1,Evening (19–24),21,16.0,14.0,16.0,2.0,21.0,4.0,4.0,6.0,0.19,0.07812500000000001,11.34,moderate,2026-07-20
90,90,1,Midday (9–15),37,17.0,17.0,21.599999999999994,4.599999999999994,35.0,2.0,2.0,7.0,0.31666666666666665,0.1631205673758864,20.87,very low recovery time,2026-07-20
90,90,1,Overnight (0–6),9,14.0,13.61,14.546666666666667,0.9366666666666674,6.0,6.0,6.0,11.5,0.1357142857142857,0.038174161119413165,7.04,moderate,2026-07-20
90,90,1,PM Peak (15–19),23,24.0,24.0,24.0,0.0,24.0,5.0,5.0,5.0,0.15833333333333333,0.0,5.54,moderate,2026-07-20
91,91,0,AM Peak (6–9),11,28.0,25.0,28.0,3.0,11.0,13.0,6.0,13.0,0.06785714285714285,0.11278195488721807,9.14,moderate,2026-07-20
91,91,0,Evening (19–24),12,23.0,20.0,23.0,3.0,12.0,3.0,3.0,5.0,0.2375,0.11278195488721807,15.08,very low recovery time,2026-07-20
91,91,0,Midday (9–15),18,25.0,25.0,25.3,0.3000000000000007,17.0,5.0,4.6,9.000000000000004,0.15833333333333333,0.012552301255230158,6.29,moderate,2026-07-20
91,91,0,Overnight (0–6),7,20.0,14.720000000000002,25.0,10.279999999999998,4.0,5.0,5.0,5.7,0.15833333333333333,0.3034238488783943,23.75,moderate,2026-07-20
91,91,0,PM Peak (15–19),10,26.0,25.0,26.0,1.0,11.0,10.0,1.0,10.0,0.08636363636363636,0.04065040650406505,5.46,moderate,2026-07-20
91,91,1,AM Peak (6–9),11,32.0,27.0,32.0,5.0,10.0,2.0,1.8,2.599999999999998,0.31666666666666665,0.17482517482517487,21.57,very low recovery time,2026-07-20
91,91,1,Evening (19–24),12,26.0,23.0,26.0,3.0,11.0,0.0,0.0,2.0,0.95,0.11278195488721807,40.02,no recovery time,2026-07-20
91,91,1,Midday (9–15),19,29.0,29.0,36.0,7.0,18.0,1.0,1.0,4.0,0.475,0.22875816993464057,30.35,no recovery time,2026-07-20
91,91,1,Overnight (0–6),6,24.875,23.0,26.875,3.875,6.0,2.0,1.0,2.0,0.31666666666666665,0.14103730664240222,19.55,very low recovery time,2026-07-20
91,91,1,PM Peak (15–19),11,37.0,34.0,40.0,6.0,11.0,4.0,4.0,11.0,0.19,0.20270270270270274,18.81,moderate,2026-07-20
92,92,0,AM Peak (6–9),16,10.0,9.0,10.0,1.0,16.0,3.5,3.0,4.5,0.2111111111111111,0.04065040650406505,9.83,moderate,2026-07-20
92,92,0,Evening (19–24),33,9.0,9.0,11.0,2.0,33.0,2.0,1.0,3.0,0.31666666666666665,0.07812500000000001,15.77,very low recovery time,2026-07-20
92,92,0,Midday (9–15),26,10.0,10.0,10.0,0.0,26.0,3.0,3.0,3.0,0.2375,0.0,8.31,very low recovery time,2026-07-20
92,92,0,Overnight (0–6),10,9.0,9.0,9.0,0.0,10.0,1.0,1.0,3.0,0.475,0.0,16.62,no recovery time,2026-07-20
92,92,0,PM Peak (15–19),24,11.0,11.0,11.0,0.0,24.0,2.0,2.0,2.0,0.31666666666666665,0.0,11.08,very low recovery time,2026-07-20
92,92,1,AM Peak (6–9),16,10.0,9.0,11.0,2.0,15.0,3.0,3.0,6.199999999999999,0.2375,0.07812500000000001,13.0,very low recovery time,2026-07-20
92,92,1,Evening (19–24),34,9.0,8.0,11.0,3.0,33.0,3.0,2.0,3.0,0.2375,0.11278195488721807,15.08,very low recovery time,2026-07-20
92,92,1,Midday (9–15),26,11.0,11.0,11.0,0.0,26.0,4.0,4.0,4.0,0.19,0.0,6.65,moderate,2026-07-20
92,92,1,Overnight (0–6),10,8.0,8.0,9.0,1.0,8.0,2.0,2.0,3.8999999999999995,0.31666666666666665,0.04065040650406505,13.52,very low recovery time,2026-07-20
92,92,1,PM Peak (15–19),23,14.0,14.0,14.0,0.0,17.0,3.0,3.0,3.0,0.2375,0.0,8.31,very low recovery time,2026-07-20
93,93,0,AM Peak (6–9),6,11.5,11.0,12.0,1.0,6.0,8.0,3.0,8.0,0.10555555555555556,0.04065040650406505,6.13,moderate,2026-07-20
93,93,0,Evening (19–24),11,11.0,10.0,15.0,5.0,11.0,4.0,0.0,5.0,0.19,0.17482517482517487,17.14,moderate,2026-07-20
93,93,0,Midday (9–15),12,12.0,12.0,12.0,0.0,12.0,7.0,7.0,7.0,0.11875,0.0,4.16,moderate,2026-07-20
93,93,0,Overnight (0–6),4,10.0,10.0,10.0,0.0,3.0,1.0,0.2,4.2,0.475,0.0,16.62,no recovery time,2026-07-20
93,93,0,PM Peak (15–19),8,15.0,14.1,15.0,0.9000000000000004,2.0,1.5,0.30000000000000004,2.7,0.38,0.036734693877551045,15.5,very low recovery time,2026-07-20
93,93,1,AM Peak (6–9),7,9.0,6.193333333333333,9.0,2.8066666666666666,7.0,1.0,0.0,1.0,0.475,0.10628629134057059,23.0,no recovery time,2026-07-20
93,93,1,Evening (19–24),11,11.0,9.0,14.0,5.0,10.0,1.0,1.0,4.0,0.475,0.17482517482517487,27.11,no recovery time,2026-07-20
93,93,1,Midday (9–15),12,10.0,10.0,10.0,0.0,12.0,1.0,1.0,1.0,0.475,0.0,16.62,no recovery time,2026-07-20
93,93,1,Overnight (0–6),3,9.0,9.0,9.0,0.0,4.0,1.0,0.30000000000000004,1.0,0.475,0.0,16.62,no recovery time,2026-07-20
93,93,1,PM Peak (15–19),8,14.0,14.0,14.0,0.0,8.0,1.0,1.0,1.0,0.475,0.0,16.62,no recovery time,2026-07-20
94,94,0,AM Peak (6–9),19,29.0,11.8,34.0,22.2,18.0,0.0,0.0,0.0,0.95,0.4847161572052402,62.33,"no recovery time, high schedule variability",2026-07-20
94,94,0,Evening (19–24),31,25.0,9.0,30.0,21.0,30.0,0.0,0.0,0.0,0.95,0.4708520179372198,61.5,no recovery time,2026-07-20
94,94,0,Midday (9–15),36,24.5,13.0,34.0,21.0,36.0,0.0,0.0,0.0,0.95,0.4708520179372198,61.5,no recovery time,2026-07-20
94,94,0,Overnight (0–6),9,25.0,9.0,25.8,16.8,6.0,0.0,0.0,0.0,0.95,0.41584158415841593,58.2,no recovery time,2026-07-20
94,94,0,PM Peak (15–19),24,22.5,15.0,37.0,22.0,24.0,0.0,0.0,0.0,0.95,0.48245614035087725,62.2,"no recovery time, high schedule variability",2026-07-20
94,94,1,AM Peak (6–9),18,20.5,11.0,36.0,25.0,18.0,4.0,0.0,9.0,0.19,0.5144032921810701,37.51,high schedule variability,2026-07-20
94,94,1,Evening (19–24),30,18.5,9.0,29.0,20.0,32.0,8.0,0.0,12.0,0.10555555555555556,0.4587155963302753,31.22,moderate,2026-07-20
94,94,1,Midday (9–15),36,24.5,14.0,35.0,21.0,36.0,1.0,1.0,3.0,0.475,0.4708520179372198,44.88,no recovery time,2026-07-20
94,94,1,Overnight (0–6),8,25.0,9.0,25.6,16.6,6.0,0.0,0.0,12.0,0.95,0.41293532338308464,58.03,no recovery time,2026-07-20
94,94,1,PM Peak (15–19),24,25.0,15.0,40.0,25.0,23.0,0.0,0.0,13.0,0.95,0.5144032921810701,64.11,"no recovery time, high schedule variability",2026-07-20
95,95,0,AM Peak (6–9),20,67.0,54.27666666666667,68.0,13.72333333333333,15.0,5.0,2.0,9.6,0.15833333333333333,0.3676877735107618,27.6,moderate,2026-07-20
95,95,0,Evening (19–24),42,51.5,44.0,61.0,17.0,35.0,9.0,4.4,12.600000000000001,0.095,0.41871921182266014,28.45,moderate,2026-07-20
95,95,0,Midday (9–15),38,65.0,65.0,65.0,0.0,36.0,2.0,2.0,2.5,0.31666666666666665,0.0,11.08,very low recovery time,2026-07-20
95,95,0,Overnight (0–6),20,43.5,1.85,53.70000000000001,51.85000000000001,17.0,0.0,0.0,14.8,0.95,0.6872100728959577,74.48,"no recovery time, high schedule variability",2026-07-20
95,95,0,PM Peak (15–19),26,76.0,67.0,76.0,9.0,24.0,12.0,4.9,13.0,0.07307692307692307,0.2760736196319019,19.12,moderate,2026-07-20
95,95,1,AM Peak (6–9),19,70.0,65.0,71.0,6.0,18.0,8.0,6.7,9.0,0.10555555555555556,0.20270270270270274,15.86,moderate,2026-07-20
95,95,1,Evening (19–24),41,52.0,44.0,56.0,12.0,40.0,6.0,5.0,8.0,0.1357142857142857,0.3370786516853933,24.97,moderate,2026-07-20
95,95,1,Midday (9–15),36,64.0,64.0,64.5,0.5,35.0,9.0,5.4,9.0,0.095,0.020746887966804985,4.57,moderate,2026-07-20
95,95,1,Overnight (0–6),16,48.0,42.0,63.0,21.0,12.0,6.0,4.2,11.8,0.1357142857142857,0.4708520179372198,33.0,moderate,2026-07-20
95,95,1,PM Peak (15–19),24,69.0,62.6,69.0,6.399999999999999,23.0,3.0,3.0,7.400000000000002,0.2375,0.21333333333333335,21.11,very low recovery time,2026-07-20
96,96,0,AM Peak (6–9),21,70.0,62.0,74.0,12.0,20.0,4.0,3.8000000000000003,4.100000000000001,0.19,0.3370786516853933,26.87,moderate,2026-07-20
96,96,0,Evening (19–24),30,58.5,55.0,62.0,7.0,30.0,4.0,4.0,6.100000000000001,0.19,0.22875816993464057,20.38,moderate,2026-07-20
96,96,0,Midday (9–15),37,73.0,69.0,80.0,11.0,36.0,4.0,2.5,4.0,0.19,0.31791907514450873,25.73,moderate,2026-07-20
96,96,0,Overnight (0–6),23,53.0,22.816666666666666,61.0,38.18333333333334,14.0,5.0,4.3,10.0,0.15833333333333333,0.6180199622336122,42.62,high schedule variability,2026-07-20
96,96,0,PM Peak (15–19),24,80.0,69.6,83.0,13.400000000000006,23.0,5.0,5.0,5.0,0.15833333333333333,0.3621621621621623,27.27,moderate,2026-07-20
96,96,1,AM Peak (6–9),21,64.0,60.0,69.0,9.0,19.0,11.0,5.8,17.0,0.07916666666666666,0.2760736196319019,19.34,moderate,2026-07-20
96,96,1,Evening (19–24),30,62.0,54.0,65.0,11.0,27.0,12.0,6.0,16.0,0.07307692307692307,0.31791907514450873,21.63,moderate,2026-07-20
96,96,1,Midday (9–15),37,70.0,67.0,77.8,10.799999999999997,36.0,10.0,3.0,18.0,0.08636363636363636,0.313953488372093,21.86,moderate,2026-07-20
96,96,1,Overnight (0–6),18,52.0,43.2,60.3,17.099999999999994,13.0,13.0,5.200000000000001,16.0,0.06785714285714285,0.4201474201474201,27.58,moderate,2026-07-20
96,96,1,PM Peak (15–19),24,77.0,73.6,81.0,7.400000000000006,23.0,18.0,11.0,18.0,0.049999999999999996,0.23870967741935503,16.07,moderate,2026-07-20
97,97,0,AM Peak (6–9),14,44.5,30.0,61.400000000000006,31.400000000000006,14.0,4.5,2.0,10.400000000000002,0.17272727272727273,0.570909090909091,40.3,high schedule variability,2026-07-20
97,97,0,Evening (19–24),22,38.5,24.0,47.0,23.0,21.0,6.0,2.0,12.0,0.1357142857142857,0.4935622317596567,34.36,high schedule variability,2026-07-20
97,97,0,Midday (9–15),26,47.5,40.0,57.0,17.0,26.0,11.5,2.0,19.0,0.076,0.41871921182266014,27.78,moderate,2026-07-20
97,97,0,Overnight (0–6),9,41.0,23.8,60.4,36.599999999999994,6.0,7.0,6.0,8.0,0.11875,0.6079734219269103,40.63,high schedule variability,2026-07-20
97,97,0,PM Peak (15–19),16,46.5,36.0,71.0,35.0,17.0,2.0,2.0,20.0,0.31666666666666665,0.5972696245733788,46.92,"very low recovery time, high schedule variability",2026-07-20
97,97,1,AM Peak (6–9),15,41.833333333333336,35.0,55.2,20.200000000000003,13.0,3.0,2.0,8.0,0.2375,0.46118721461187223,35.98,very low recovery time,2026-07-20
97,97,1,Evening (19–24),21,36.0,31.0,48.0,17.0,21.0,7.0,3.0,16.0,0.11875,0.41871921182266014,29.28,moderate,2026-07-20
97,97,1,Midday (9–15),25,58.0,36.0,63.0,27.0,25.0,2.0,2.0,12.0,0.31666666666666665,0.5335968379446641,43.1,"very low recovery time, high schedule variability",2026-07-20
97,97,1,Overnight (0–6),10,33.0,30.4,45.0,14.600000000000001,6.0,12.0,3.0,18.5,0.07307692307692307,0.3821989528795812,25.49,moderate,2026-07-20
97,97,1,PM Peak (15–19),16,47.5,47.0,65.0,18.0,16.0,3.5,1.0,5.0,0.2111111111111111,0.43269230769230776,33.35,moderate,2026-07-20
98,98,0,AM Peak (6–9),7,37.0,33.0,40.0,7.0,7.0,7.0,4.4,10.4,0.11875,0.22875816993464057,17.88,moderate,2026-07-20
98,98,0,Evening (19–24),12,32.5,29.0,34.0,5.0,11.0,7.0,6.0,8.0,0.11875,0.17482517482517487,14.65,moderate,2026-07-20
98,98,0,Midday (9–15),13,35.0,35.0,35.0,0.0,13.0,8.0,8.0,8.0,0.10555555555555556,0.0,3.69,moderate,2026-07-20
98,98,0,Overnight (0–6),6,29.0,15.958333333333334,33.0,17.041666666666664,3.0,9.0,7.4,12.2,0.095,0.419315152757843,28.48,moderate,2026-07-20
98,98,0,PM Peak (15–19),9,40.0,34.0,40.0,6.0,8.0,8.0,6.4,8.0,0.10555555555555556,0.20270270270270274,15.86,moderate,2026-07-20
98,98,1,AM Peak (6–9),6,36.0,33.0,38.0,5.0,7.0,2.0,2.0,4.800000000000001,0.31666666666666665,0.17482517482517487,21.57,very low recovery time,2026-07-20
98,98,1,Evening (19–24),13,30.0,26.0,32.0,6.0,12.0,2.0,2.0,3.0,0.31666666666666665,0.20270270270270274,23.25,very low recovery time,2026-07-20
98,98,1,Midday (9–15),13,34.0,34.0,34.0,0.0,13.0,4.0,4.0,4.0,0.19,0.0,6.65,moderate,2026-07-20
98,98,1,Overnight (0–6),6,29.5,13.425,33.0,19.575,6.0,1.0,0.0,3.0,0.475,0.45338737695425596,43.83,no recovery time,2026-07-20
98,98,1,PM Peak (15–19),9,38.0,32.0,38.0,6.0,9.0,4.0,0.0,4.6000000000000005,0.19,0.20270270270270274,18.81,moderate,2026-07-20
99,99,0,Evening (19–24),16,7.0,7.0,7.0,0.0,,10.0,,,0.08636363636363636,0.0,3.02,moderate,2026-07-20
99,99,0,Midday (9–15),23,7.0,7.0,7.0,0.0,,10.0,,,0.08636363636363636,0.0,3.02,moderate,2026-07-20
99,99,0,Overnight (0–6),8,7.0,7.0,7.0,0.0,,10.0,,,0.08636363636363636,0.0,3.02,moderate,2026-07-20
99,99,0,PM Peak (15–19),8,7.0,7.0,7.0,0.0,,10.0,,,0.08636363636363636,0.0,3.02,moderate,2026-07-20
99,99,1,Evening (19–24),15,12.916666666666666,12.916666666666666,12.916666666666666,0.0,16.0,3.0,2.0,3.0,0.2375,0.0,8.31,very low recovery time,2026-07-20
99,99,1,Midday (9–15),23,14.916666666666666,14.916666666666666,14.916666666666666,0.0,23.0,3.0,1.2000000000000002,3.0,0.2375,0.0,8.31,very low recovery time,2026-07-20
99,99,1,Overnight (0–6),9,12.916666666666666,12.916666666666666,12.916666666666666,0.0,8.0,7.0,0.0,7.0,0.11875,0.0,4.16,moderate,2026-07-20
99,99,1,PM Peak (15–19),9,12.916666666666666,12.916666666666666,12.916666666666666,0.0,8.0,3.0,0.0,3.0,0.2375,0.0,8.31,very low recovery time,2026-07-20
100,100,0,AM Peak (6–9),36,31.5,30.0,35.0,5.0,35.0,2.0,2.0,3.0,0.31666666666666665,0.17482517482517487,21.57,very low recovery time,2026-07-20
100,100,0,Evening (19–24),30,30.0,26.0,30.0,4.0,30.0,3.0,3.0,4.0,0.2375,0.1449275362318841,17.01,very low recovery time,2026-07-20
100,100,0,Midday (9–15),50,34.0,34.0,35.0,1.0,48.0,2.0,2.0,3.0,0.31666666666666665,0.04065040650406505,13.52,very low recovery time,2026-07-20
100,100,0,Overnight (0–6),15,25.75,25.75,26.0,0.25,9.0,4.0,2.0,4.4,0.19,0.01048218029350105,7.28,moderate,2026-07-20
100,100,0,PM Peak (15–19),40,35.0,35.0,35.0,0.0,40.0,3.0,3.0,3.0,0.2375,0.0,8.31,very low recovery time,2026-07-20
100,100,1,AM Peak (6–9),36,33.0,32.0,34.0,2.0,36.0,1.0,0.0,3.0,0.475,0.07812500000000001,21.31,no recovery time,2026-07-20
100,100,1,Evening (19–24),31,33.0,29.0,33.0,4.0,30.0,4.0,1.0,5.200000000000003,0.19,0.1449275362318841,15.35,moderate,2026-07-20
100,100,1,Midday (9–15),50,34.0,34.0,38.0,4.0,47.0,2.0,2.0,3.0,0.31666666666666665,0.1449275362318841,19.78,very low recovery time,2026-07-20
100,100,1,Overnight (0–6),13,29.0,21.75,31.400000000000002,9.650000000000002,7.0,1.0,1.0,1.8000000000000007,0.475,0.2902255639097745,34.04,no recovery time,2026-07-20
100,100,1,PM Peak (15–19),40,38.0,38.0,38.0,0.0,40.0,2.0,2.0,2.0,0.31666666666666665,0.0,11.08,very low recovery time,2026-07-20
101,101,0,AM Peak (6–9),7,40.0,38.2,40.0,1.7999999999999972,6.0,6.5,2.5,14.0,0.12666666666666665,0.07086614173228338,8.69,moderate,2026-07-20
101,101,0,Evening (19–24),10,20.0,19.0,21.499999999999993,2.499999999999993,10.0,11.0,9.2,18.5,0.07916666666666666,0.0957854406130266,8.52,moderate,2026-07-20
101,101,0,Midday (9–15),12,21.0,21.0,35.400000000000006,14.400000000000006,12.0,10.0,1.6000000000000005,12.9,0.08636363636363636,0.37894736842105275,25.76,moderate,2026-07-20
101,101,0,Overnight (0–6),5,19.0,19.0,32.373333333333335,13.373333333333335,4.0,0.0,0.0,10.500000000000004,0.95,0.36170212765957455,54.95,no recovery time,2026-07-20
101,101,0,PM Peak (15–19),10,44.0,28.1,44.0,15.899999999999999,9.0,13.0,7.2,19.0,0.06785714285714285,0.4025316455696203,26.53,moderate,2026-07-20
101,101,1,AM Peak (6–9),8,39.0,39.0,39.0,0.0,,10.0,,,0.08636363636363636,0.0,3.02,moderate,2026-07-20
101,101,1,Evening (19–24),9,21.0,20.0,23.6,3.6000000000000014,,10.0,,,0.08636363636363636,0.13235294117647067,10.96,moderate,2026-07-20
101,101,1,Midday (9–15),13,25.0,25.0,40.0,15.0,,10.0,,,0.08636363636363636,0.3886010362694301,26.34,moderate,2026-07-20
101,101,1,Overnight (0–6),6,20.0,1.9333333333333333,38.78333333333333,36.85,,10.0,,,0.08636363636363636,0.6095947063689,39.6,high schedule variability,2026-07-20
101,101,1,PM Peak (15–19),10,45.0,27.3,45.0,17.7,2.0,10.0,10.0,10.0,0.08636363636363636,0.4285714285714286,28.74,moderate,2026-07-20
102,102,0,AM Peak (6–9),24,62.0,56.0,85.0,29.0,20.0,9.0,9.0,15.0,0.095,0.5513307984790875,36.4,high schedule variability,2026-07-20
102,102,0,Evening (19–24),54,45.5,29.0,68.40000000000003,39.400000000000034,53.0,5.0,4.0,9.800000000000004,0.15833333333333333,0.6253968253968256,43.07,high schedule variability,2026-07-20
102,102,0,Midday (9–15),37,60.0,60.0,79.0,19.0,37.0,19.0,10.6,19.0,0.0475,0.44600938967136156,28.42,moderate,2026-07-20
102,102,0,Overnight (0–6),25,44.0,20.530000000000005,56.0,35.47,21.0,7.0,0.0,9.0,0.11875,0.6004740138818352,40.18,high schedule variability,2026-07-20
102,102,0,PM Peak (15–19),26,70.0,70.0,86.0,16.0,24.0,9.0,8.0,15.0,0.095,0.4040404040404041,27.57,moderate,2026-07-20
102,102,1,AM Peak (6–9),25,66.0,66.0,88.0,22.0,22.0,7.5,2.3000000000000003,36.0,0.11176470588235293,0.48245614035087725,32.86,high schedule variability,2026-07-20
102,102,1,Evening (19–24),56,49.0,35.0,70.5,35.5,53.0,8.0,0.0,16.0,0.10555555555555556,0.6006768189509307,39.74,high schedule variability,2026-07-20
102,102,1,Midday (9–15),37,61.0,61.0,88.0,27.0,36.0,1.0,0.0,14.0,0.475,0.5335968379446641,48.64,"no recovery time, high schedule variability",2026-07-20
102,102,1,Overnight (0–6),36,37.3,8.1,66.0,57.9,23.0,7.0,0.0,8.0,0.11875,0.7104294478527607,46.78,high schedule variability,2026-07-20
102,102,1,PM Peak (15–19),24,67.0,67.0,98.0,31.0,25.0,5.0,3.4000000000000004,13.0,0.15833333333333333,0.5677655677655679,39.61,high schedule variability,2026-07-20
103,103,0,AM Peak (6–9),8,16.0,16.0,23.0,7.0,8.0,6.0,4.0,7.499999999999999,0.1357142857142857,0.22875816993464057,18.48,moderate,2026-07-20
103,103,0,Evening (19–24),13,15.0,13.0,15.0,2.0,14.0,5.0,2.0,5.0,0.15833333333333333,0.07812500000000001,10.23,moderate,2026-07-20
103,103,0,Midday (9–15),16,19.0,19.0,19.5,0.5,15.0,8.0,5.6000000000000005,8.0,0.10555555555555556,0.020746887966804985,4.94,moderate,2026-07-20
103,103,0,Overnight (0–6),5,13.0,6.25,16.0,9.75,3.0,2.0,2.0,6.0,0.31666666666666665,0.2923538230884558,28.62,very low recovery time,2026-07-20
103,103,0,PM Peak (15–19),10,19.0,17.275,20.0,2.7250000000000014,9.0,4.0,3.6,6.0,0.19,0.10351377018043692,12.86,moderate,2026-07-20
103,103,1,AM Peak (6–9),8,15.0,15.0,20.0,5.0,7.0,3.0,3.0,5.000000000000002,0.2375,0.17482517482517487,18.8,very low recovery time,2026-07-20
103,103,1,Evening (19–24),13,15.0,14.0,15.0,1.0,13.0,5.0,1.0,6.600000000000001,0.15833333333333333,0.04065040650406505,7.98,moderate,2026-07-20
103,103,1,Midday (9–15),15,17.0,17.0,20.0,3.0,15.0,6.0,4.800000000000001,6.0,0.1357142857142857,0.11278195488721807,11.52,moderate,2026-07-20
103,103,1,Overnight (0–6),4,14.0,14.0,14.7,0.6999999999999993,4.0,1.0,0.30000000000000004,8.000000000000002,0.475,0.028806584362139898,18.35,no recovery time,2026-07-20
103,103,1,PM Peak (15–19),9,19.0,19.0,22.0,3.0,9.0,4.0,2.4000000000000004,6.0,0.19,0.11278195488721807,13.42,moderate,2026-07-20
104,104,0,AM Peak (6–9),6,26.0,24.0,26.0,2.0,,10.0,,,0.08636363636363636,0.07812500000000001,7.71,moderate,2026-07-20
104,104,0,Evening (19–24),12,24.0,20.0,24.0,4.0,,10.0,,,0.08636363636363636,0.1449275362318841,11.72,moderate,2026-07-20
104,104,0,Midday (9–15),14,25.0,25.0,26.700000000000003,1.7000000000000028,,10.0,,,0.08636363636363636,0.06719367588932819,7.05,moderate,2026-07-20
104,104,0,Overnight (0–6),5,20.0,20.0,22.4,2.3999999999999986,,10.0,,,0.08636363636363636,0.09230769230769229,8.56,moderate,2026-07-20
104,104,0,PM Peak (15–19),8,27.0,27.0,27.0,0.0,,10.0,,,0.08636363636363636,0.0,3.02,moderate,2026-07-20
104,104,1,AM Peak (6–9),6,30.0,27.0,30.0,3.0,6.0,2.5,1.0,4.0,0.2714285714285714,0.11278195488721807,16.27,very low recovery time,2026-07-20
104,104,1,Evening (19–24),12,26.0,23.0,26.0,3.0,12.0,1.0,0.10000000000000009,2.0,0.475,0.11278195488721807,23.39,no recovery time,2026-07-20
104,104,1,Midday (9–15),14,28.0,28.0,30.700000000000003,2.700000000000003,14.0,1.0,1.0,1.700000000000001,0.475,0.10266159695817502,22.78,no recovery time,2026-07-20
104,104,1,Overnight (0–6),4,23.0,23.0,25.8,2.8000000000000007,4.0,2.0,0.6000000000000001,2.0,0.31666666666666665,0.1060606060606061,17.45,very low recovery time,2026-07-20
104,104,1,PM Peak (15–19),8,31.0,31.0,31.0,0.0,8.0,2.0,1.7000000000000002,2.0,0.31666666666666665,0.0,11.08,very low recovery time,2026-07-20
105,105,0,AM Peak (6–9),14,13.0,11.0,13.0,2.0,13.0,6.0,4.0,6.0,0.1357142857142857,0.07812500000000001,9.44,moderate,2026-07-20
105,105,0,Evening (19–24),16,11.0,9.0,13.5,4.5,16.0,4.0,3.0,4.5,0.19,0.16014234875444844,16.26,moderate,2026-07-20
105,105,0,Midday (9–15),22,13.0,13.0,13.0,0.0,21.0,8.0,6.0,8.0,0.10555555555555556,0.0,3.69,moderate,2026-07-20
105,105,0,Overnight (0–6),6,10.0,9.0,15.0,6.0,6.0,3.0,0.0,5.0,0.2375,0.20270270270270274,20.47,very low recovery time,2026-07-20
105,105,0,PM Peak (15–19),16,15.0,14.0,18.0,4.0,16.0,5.0,2.0,8.0,0.15833333333333333,0.1449275362318841,14.24,moderate,2026-07-20
105,105,1,AM Peak (6–9),13,15.0,13.0,15.0,2.0,13.0,2.0,2.0,2.0,0.31666666666666665,0.07812500000000001,15.77,very low recovery time,2026-07-20
105,105,1,Evening (19–24),16,12.0,11.0,12.0,1.0,17.0,3.0,1.0,5.0,0.2375,0.04065040650406505,10.75,very low recovery time,2026-07-20
105,105,1,Midday (9–15),21,14.0,14.0,15.0,1.0,22.0,1.0,1.0,2.0,0.475,0.04065040650406505,19.06,no recovery time,2026-07-20
105,105,1,Overnight (0–6),6,12.0,11.0,15.0,4.0,4.0,4.0,1.2000000000000002,5.4,0.19,0.1449275362318841,15.35,moderate,2026-07-20
105,105,1,PM Peak (15–19),18,15.0,14.7,19.0,4.300000000000001,16.0,3.5,0.5,5.0,0.2111111111111111,0.15412186379928322,16.64,moderate,2026-07-20
106,106,0,AM Peak (6–9),10,27.0,24.0,27.0,3.0,10.0,4.5,2.7,7.499999999999998,0.17272727272727273,0.11278195488721807,12.81,moderate,2026-07-20
106,106,0,Evening (19–24),16,21.0,19.0,25.0,6.0,15.0,5.0,4.0,6.199999999999999,0.15833333333333333,0.20270270270270274,17.7,moderate,2026-07-20
106,106,0,Midday (9–15),19,23.0,23.0,26.599999999999998,3.599999999999998,18.0,6.0,5.1000000000000005,6.600000000000001,0.1357142857142857,0.13235294117647053,12.69,moderate,2026-07-20
106,106,0,Overnight (0–6),9,19.0,19.0,24.0,5.0,7.0,2.0,1.6,4.4,0.31666666666666665,0.17482517482517487,21.57,very low recovery time,2026-07-20
106,106,0,PM Peak (15–19),13,29.0,25.0,29.0,4.0,13.0,7.0,6.0,11.400000000000002,0.11875,0.1449275362318841,12.85,moderate,2026-07-20
106,106,1,AM Peak (6–9),11,26.0,22.0,26.0,4.0,10.0,5.0,5.0,7.1,0.15833333333333333,0.1449275362318841,14.24,moderate,2026-07-20
106,106,1,Evening (19–24),15,22.0,20.0,25.0,5.0,16.0,6.0,5.5,9.0,0.1357142857142857,0.17482517482517487,15.24,moderate,2026-07-20
106,106,1,Midday (9–15),18,24.0,24.0,24.0,0.0,19.0,7.0,6.8,7.0,0.11875,0.0,4.16,moderate,2026-07-20
106,106,1,Overnight (0–6),8,20.0,19.865000000000002,22.0,2.134999999999998,7.0,7.0,5.0,19.0,0.11875,0.08296094812512138,9.13,moderate,2026-07-20
106,106,1,PM Peak (15–19),14,29.0,25.6,29.0,3.3999999999999986,13.0,5.0,2.4000000000000004,6.0,0.15833333333333333,0.1259259259259259,13.1,moderate,2026-07-20
107,107,0,AM Peak (6–9),7,33.0,33.0,33.0,0.0,7.0,13.0,2.2,23.0,0.06785714285714285,0.0,2.38,moderate,2026-07-20
107,107,0,Evening (19–24),9,27.0,26.0,27.0,1.0,9.0,18.0,7.2,20.4,0.049999999999999996,0.04065040650406505,4.19,moderate,2026-07-20
107,107,0,Midday (9–15),12,31.0,31.0,31.0,0.0,11.0,4.0,0.0,22.0,0.19,0.0,6.65,moderate,2026-07-20
107,107,0,Overnight (0–6),5,26.0,26.0,33.0,7.0,4.0,0.5,0.0,16.400000000000006,0.6333333333333333,0.22875816993464057,35.89,no recovery time,2026-07-20
107,107,0,PM Peak (15–19),8,34.0,32.5,34.0,1.5,8.0,7.5,0.0,14.0,0.11176470588235293,0.05976095617529882,7.5,moderate,2026-07-20
107,107,1,AM Peak (6–9),7,34.0,34.0,34.0,0.0,,10.0,,,0.08636363636363636,0.0,3.02,moderate,2026-07-20
107,107,1,Evening (19–24),10,27.0,26.0,28.0,2.0,,10.0,,,0.08636363636363636,0.07812500000000001,7.71,moderate,2026-07-20
107,107,1,Midday (9–15),12,33.0,33.0,33.0,0.0,,10.0,,,0.08636363636363636,0.0,3.02,moderate,2026-07-20
107,107,1,Overnight (0–6),5,26.0,26.0,34.16,8.159999999999997,,10.0,,,0.08636363636363636,0.2569269521410579,18.44,moderate,2026-07-20
107,107,1,PM Peak (15–19),8,37.0,36.1,37.0,0.8999999999999986,,10.0,,,0.08636363636363636,0.036734693877550975,5.23,moderate,2026-07-20
108,108,0,AM Peak (6–9),19,34.0,30.0,38.0,8.0,18.0,9.0,7.4,13.0,0.095,0.2531645569620254,18.51,moderate,2026-07-20
108,108,0,Evening (19–24),21,31.0,28.0,34.0,6.0,21.0,6.0,6.0,15.0,0.1357142857142857,0.20270270270270274,16.91,moderate,2026-07-20
108,108,0,Midday (9–15),36,35.0,31.0,38.5,7.5,33.0,10.0,3.0,14.0,0.08636363636363636,0.2411575562700965,17.49,moderate,2026-07-20
108,108,0,Overnight (0–6),10,28.0,23.195,30.0,6.805,6.0,14.5,8.5,16.0,0.06129032258064516,0.2238118730471962,15.57,moderate,2026-07-20
108,108,0,PM Peak (15–19),22,36.0,36.0,42.0,6.0,21.0,14.0,14.0,14.0,0.06333333333333332,0.20270270270270274,14.38,moderate,2026-07-20
108,108,1,AM Peak (6–9),18,33.5,30.0,38.0,8.0,19.0,8.0,5.6,9.2,0.10555555555555556,0.2531645569620254,18.88,moderate,2026-07-20
108,108,1,Evening (19–24),22,31.5,27.0,34.0,7.0,22.0,7.0,3.0,9.900000000000002,0.11875,0.22875816993464057,17.88,moderate,2026-07-20
108,108,1,Midday (9–15),36,34.0,31.0,35.0,4.0,36.0,8.0,8.0,8.0,0.10555555555555556,0.1449275362318841,12.39,moderate,2026-07-20
108,108,1,Overnight (0–6),9,27.0,19.85,34.0,14.149999999999999,6.0,3.0,3.0,4.0,0.2375,0.37483443708609276,30.8,very low recovery time,2026-07-20
108,108,1,PM Peak (15–19),22,36.0,35.0,41.0,6.0,21.0,8.0,8.0,8.0,0.10555555555555556,0.20270270270270274,15.86,moderate,2026-07-20
109,109,0,AM Peak (6–9),11,29.0,9.833333333333334,32.0,22.166666666666664,10.0,2.0,0.0,5.1,0.31666666666666665,0.48434085943190097,40.14,"very low recovery time, high schedule variability",2026-07-20
109,109,0,Evening (19–24),11,22.0,19.0,24.0,5.0,12.0,6.5,4.0,7.9,0.12666666666666665,0.17482517482517487,14.92,moderate,2026-07-20
109,109,0,Midday (9–15),12,28.0,26.0,28.0,2.0,12.0,5.0,3.2,5.0,0.15833333333333333,0.07812500000000001,10.23,moderate,2026-07-20
109,109,0,Overnight (0–6),5,19.0,9.6,19.6,10.000000000000002,5.0,4.0,1.6,7.0,0.19,0.2976190476190477,24.51,moderate,2026-07-20
109,109,0,PM Peak (15–19),12,34.0,32.2,37.0,4.799999999999997,11.0,5.0,1.0,8.0,0.15833333333333333,0.1690140845070422,15.68,moderate,2026-07-20
109,109,1,AM Peak (6–9),10,24.5,21.0,26.0,5.0,9.0,0.0,0.0,7.0,0.95,0.17482517482517487,43.74,no recovery time,2026-07-20
109,109,1,Evening (19–24),12,21.0,20.0,24.0,4.0,11.0,4.0,0.0,6.0,0.19,0.1449275362318841,15.35,moderate,2026-07-20
109,109,1,Midday (9–15),12,24.5,24.0,25.0,1.0,12.0,3.5,2.0,5.0,0.2111111111111111,0.04065040650406505,9.83,moderate,2026-07-20
109,109,1,Overnight (0–6),6,20.0,8.5,20.0,11.5,5.0,4.0,0.8,5.2,0.19,0.3276353276353277,26.31,moderate,2026-07-20
109,109,1,PM Peak (15–19),12,35.0,28.1,36.0,7.899999999999999,11.0,5.0,0.0,8.0,0.15833333333333333,0.2507936507936508,20.59,moderate,2026-07-20
110,110,0,AM Peak (6–9),31,23.0,18.15,26.0,7.850000000000001,14.0,4.5,3.3,7.0,0.17272727272727273,0.24960254372019086,21.02,moderate,2026-07-20
110,110,0,Evening (19–24),24,20.575,17.15,24.0,6.850000000000001,11.0,4.0,1.0,13.0,0.19,0.22495894909688022,20.15,moderate,2026-07-20
110,110,0,Midday (9–15),29,22.15,20.15,26.0,5.850000000000001,15.0,5.0,5.0,5.0,0.15833333333333333,0.1986417657045841,17.46,moderate,2026-07-20
110,110,0,Overnight (0–6),16,16.15,5.2,22.0,16.8,5.0,4.0,4.0,12.600000000000001,0.19,0.41584158415841593,31.6,moderate,2026-07-20
110,110,0,PM Peak (15–19),30,23.075,21.85,27.0,5.149999999999999,14.0,7.0,5.0,9.0,0.11875,0.17913043478260868,14.9,moderate,2026-07-20
110,110,1,AM Peak (6–9),30,23.0,20.0,29.0,9.0,29.0,3.0,2.0,7.0,0.2375,0.2760736196319019,24.88,very low recovery time,2026-07-20
110,110,1,Evening (19–24),23,21.0,20.0,25.0,5.0,22.0,8.0,1.0,10.0,0.10555555555555556,0.17482517482517487,14.18,moderate,2026-07-20
110,110,1,Midday (9–15),31,24.85,22.0,29.0,7.0,27.0,4.0,4.0,9.0,0.19,0.22875816993464057,20.38,moderate,2026-07-20
110,110,1,Overnight (0–6),15,20.0,8.503333333333334,23.0,14.496666666666666,12.0,1.0,1.0,9.8,0.475,0.3805232303788608,39.46,no recovery time,2026-07-20
110,110,1,PM Peak (15–19),31,25.0,21.0,30.0,9.0,30.0,7.5,5.9,11.100000000000001,0.11176470588235293,0.2760736196319019,20.48,moderate,2026-07-20
111,111,0,AM Peak (6–9),16,28.0,27.0,28.0,1.0,15.0,6.0,3.0,6.0,0.1357142857142857,0.04065040650406505,7.19,moderate,2026-07-20
111,111,0,Evening (19–24),14,23.0,20.0,23.0,3.0,13.0,5.0,5.0,5.0,0.15833333333333333,0.11278195488721807,12.31,moderate,2026-07-20
111,111,0,Midday (9–15),23,26.0,26.0,26.0,0.0,23.0,2.0,1.2000000000000002,5.200000000000003,0.31666666666666665,0.0,11.08,very low recovery time,2026-07-20
111,111,0,Overnight (0–6),7,24.0,20.0,24.0,4.0,6.0,4.0,1.5,5.0,0.19,0.1449275362318841,15.35,moderate,2026-07-20
111,111,0,PM Peak (15–19),20,29.0,29.0,29.0,0.0,20.0,5.0,5.0,5.0,0.15833333333333333,0.0,5.54,moderate,2026-07-20
111,111,1,AM Peak (6–9),17,31.0,26.4,31.0,4.600000000000001,16.0,1.0,1.0,5.0,0.475,0.1631205673758866,26.41,no recovery time,2026-07-20
111,111,1,Evening (19–24),14,29.0,27.0,31.1,4.100000000000001,13.0,3.0,2.0,3.0,0.2375,0.14801444043321307,17.19,very low recovery time,2026-07-20
111,111,1,Midday (9–15),24,29.0,29.0,29.0,0.0,23.0,7.0,1.4000000000000004,7.0,0.11875,0.0,4.16,moderate,2026-07-20
111,111,1,Overnight (0–6),10,24.0,3.8833333333333333,27.0,23.116666666666667,7.0,0.0,0.0,2.0,0.95,0.4948269711023904,62.94,"no recovery time, high schedule variability",2026-07-20
111,111,1,PM Peak (15–19),20,34.0,33.8,34.0,0.20000000000000284,21.0,4.0,4.0,6.0,0.19,0.008403361344537936,7.15,moderate,2026-07-20
112,112,0,AM Peak (6–9),16,38.0,34.0,42.0,8.0,15.0,7.0,6.4,7.0,0.11875,0.2531645569620254,19.35,moderate,2026-07-20
112,112,0,Evening (19–24),14,53.0,45.0,53.0,8.0,13.0,5.0,2.6000000000000005,5.0,0.15833333333333333,0.2531645569620254,20.73,moderate,2026-07-20
112,112,0,Midday (9–15),32,30.0,30.0,60.0,30.0,29.0,8.0,3.8000000000000003,8.2,0.10555555555555556,0.5597014925373135,37.28,high schedule variability,2026-07-20
112,112,0,Overnight (0–6),9,45.0,34.0,45.0,11.0,5.0,5.0,2.0,5.6,0.15833333333333333,0.31791907514450873,24.62,moderate,2026-07-20
112,112,0,PM Peak (15–19),18,53.0,30.0,60.0,30.0,17.0,5.0,4.6,5.0,0.15833333333333333,0.5597014925373135,39.12,high schedule variability,2026-07-20
112,112,1,AM Peak (6–9),17,63.0,36.0,63.0,27.0,15.0,8.0,0.0,9.0,0.10555555555555556,0.5335968379446641,35.71,high schedule variability,2026-07-20
112,112,1,Evening (19–24),14,38.0,34.0,38.0,4.0,15.0,4.0,1.0,5.199999999999999,0.19,0.1449275362318841,15.35,moderate,2026-07-20
112,112,1,Midday (9–15),28,40.0,32.0,55.0,23.0,30.0,4.0,0.0,9.100000000000001,0.19,0.4935622317596567,36.26,high schedule variability,2026-07-20
112,112,1,Overnight (0–6),7,34.0,18.983333333333334,62.62,43.63666666666666,5.0,6.0,0.4,6.6,0.1357142857142857,0.649001041098607,43.69,high schedule variability,2026-07-20
112,112,1,PM Peak (15–19),18,38.0,37.0,43.0,6.0,18.0,7.0,0.0,12.0,0.11875,0.20270270270270274,16.32,moderate,2026-07-20
113,113,0,AM Peak (6–9),9,28.0,23.0,28.0,5.0,9.0,15.0,2.0,16.0,0.059375,0.17482517482517487,12.57,moderate,2026-07-20
113,113,0,Evening (19–24),11,27.0,23.0,27.0,4.0,11.0,10.0,6.0,15.0,0.08636363636363636,0.1449275362318841,11.72,moderate,2026-07-20
113,113,0,Midday (9–15),19,28.0,28.0,33.0,5.0,18.0,16.0,10.7,16.0,0.055882352941176466,0.17482517482517487,12.45,moderate,2026-07-20
113,113,0,Overnight (0–6),8,21.5,9.45,23.0,13.55,7.0,9.0,3.6,12.0,0.095,0.3647375504710634,25.21,moderate,2026-07-20
113,113,0,PM Peak (15–19),15,33.0,28.6,33.0,4.399999999999999,13.0,10.0,10.0,10.0,0.08636363636363636,0.15714285714285714,12.45,moderate,2026-07-20
113,113,1,AM Peak (6–9),9,29.0,22.0,29.0,7.0,10.0,8.0,7.0,8.0,0.10555555555555556,0.22875816993464057,17.42,moderate,2026-07-20
113,113,1,Evening (19–24),11,27.0,22.0,27.0,5.0,11.0,11.0,6.0,11.0,0.07916666666666666,0.17482517482517487,13.26,moderate,2026-07-20
113,113,1,Midday (9–15),19,28.0,28.0,31.0,3.0,18.0,8.0,6.0,8.0,0.10555555555555556,0.11278195488721807,10.46,moderate,2026-07-20
113,113,1,Overnight (0–6),8,22.0,10.116666666666667,22.0,11.883333333333333,5.0,6.0,6.0,7.0,0.1357142857142857,0.33489901362141855,24.84,moderate,2026-07-20
113,113,1,PM Peak (15–19),14,31.0,28.9,31.0,2.1000000000000014,15.0,6.0,6.0,6.0,0.1357142857142857,0.08171206225680941,9.65,moderate,2026-07-20
114,114,0,AM Peak (6–9),17,25.0,23.0,25.0,2.0,15.0,20.0,9.4,22.0,0.04523809523809524,0.07812500000000001,6.27,moderate,2026-07-20
114,114,0,Evening (19–24),20,21.0,20.0,21.0,1.0,19.0,17.0,5.0,17.4,0.05277777777777778,0.04065040650406505,4.29,moderate,2026-07-20
114,114,0,Midday (9–15),25,24.0,24.0,28.800000000000004,4.800000000000004,24.0,12.0,9.9,12.0,0.07307692307692307,0.16901408450704242,12.7,moderate,2026-07-20
114,114,0,Overnight (0–6),9,20.0,20.0,20.0,0.0,7.0,5.0,5.0,9.200000000000003,0.15833333333333333,0.0,5.54,moderate,2026-07-20
114,114,0,PM Peak (15–19),20,32.0,32.0,32.0,0.0,19.0,25.0,15.0,25.0,0.036538461538461534,0.0,1.28,moderate,2026-07-20
114,114,1,AM Peak (6–9),18,21.0,17.0,21.0,4.0,16.0,2.0,0.0,2.0,0.31666666666666665,0.1449275362318841,19.78,very low recovery time,2026-07-20
114,114,1,Evening (19–24),20,19.0,18.0,19.0,1.0,20.0,3.0,1.9000000000000001,3.0,0.2375,0.04065040650406505,10.75,very low recovery time,2026-07-20
114,114,1,Midday (9–15),24,22.0,22.0,22.0,0.0,24.0,2.0,2.0,2.0,0.31666666666666665,0.0,11.08,very low recovery time,2026-07-20
114,114,1,Overnight (0–6),8,18.0,17.0,18.0,1.0,7.0,2.0,1.2000000000000002,5.4,0.31666666666666665,0.04065040650406505,13.52,very low recovery time,2026-07-20
114,114,1,PM Peak (15–19),20,24.0,24.0,24.0,0.0,20.0,3.0,3.0,3.1000000000000014,0.2375,0.0,8.31,very low recovery time,2026-07-20
115,115,0,AM Peak (6–9),9,26.0,20.0,26.0,6.0,8.0,0.0,0.0,0.0,0.95,0.20270270270270274,45.41,no recovery time,2026-07-20
115,115,0,Evening (19–24),9,19.0,19.0,24.200000000000003,5.200000000000003,10.0,0.0,0.0,1.3999999999999986,0.95,0.18055555555555566,44.08,no recovery time,2026-07-20
115,115,0,Midday (9–15),15,20.0,20.0,24.2,4.199999999999999,15.0,0.0,0.0,1.5999999999999996,0.95,0.1510791366906475,42.31,no recovery time,2026-07-20
115,115,0,PM Peak (15–19),12,29.0,29.0,29.0,0.0,12.0,14.0,12.2,14.0,0.06333333333333332,0.0,2.22,moderate,2026-07-20
115,115,1,AM Peak (6–9),8,20.0,15.0,20.0,5.0,7.0,9.0,4.0,15.0,0.095,0.17482517482517487,13.81,moderate,2026-07-20
115,115,1,Evening (19–24),10,16.0,16.0,16.299999999999997,0.29999999999999716,8.0,5.0,2.0,5.0,0.15833333333333333,0.01255230125523001,6.29,moderate,2026-07-20
115,115,1,Midday (9–15),15,15.0,15.0,19.0,4.0,14.0,5.0,2.9000000000000004,11.30000000000001,0.15833333333333333,0.1449275362318841,14.24,moderate,2026-07-20
115,115,1,PM Peak (15–19),12,19.0,19.0,19.0,0.0,11.0,3.0,3.0,5.0,0.2375,0.0,8.31,very low recovery time,2026-07-20
116,116,0,AM Peak (6–9),27,53.0,48.0,53.400000000000006,5.400000000000006,25.0,3.0,2.0,7.600000000000001,0.2375,0.18620689655172434,19.48,very low recovery time,2026-07-20
116,116,0,Evening (19–24),37,51.0,47.0,57.8,10.799999999999997,34.0,6.5,3.0,8.0,0.12666666666666665,0.313953488372093,23.27,moderate,2026-07-20
116,116,0,Midday (9–15),47,54.0,54.0,64.0,10.0,45.0,9.0,5.4,10.600000000000001,0.095,0.29761904761904767,21.18,moderate,2026-07-20
116,116,0,Overnight (0–6),26,41.0,8.65,47.5,38.85,17.0,3.0,0.0,7.4,0.2375,0.622097678142514,45.64,"very low recovery time, high schedule variability",2026-07-20
116,116,0,PM Peak (15–19),30,64.0,64.0,64.0,0.0,30.0,4.0,4.0,4.0,0.19,0.0,6.65,moderate,2026-07-20
116,116,1,AM Peak (6–9),26,51.0,47.5,52.0,4.5,23.0,5.0,3.2,8.0,0.15833333333333333,0.16014234875444844,15.15,moderate,2026-07-20
116,116,1,Evening (19–24),34,46.0,40.0,51.4,11.399999999999999,34.0,6.0,5.300000000000001,7.0,0.1357142857142857,0.32571428571428573,24.29,moderate,2026-07-20
116,116,1,Midday (9–15),44,51.0,51.0,52.0,1.0,45.0,6.0,4.0,8.0,0.1357142857142857,0.04065040650406505,7.19,moderate,2026-07-20
116,116,1,Overnight (0–6),17,40.0,39.0,47.0,8.0,15.0,6.0,6.0,10.0,0.1357142857142857,0.2531645569620254,19.94,moderate,2026-07-20
116,116,1,PM Peak (15–19),30,52.0,52.0,52.0,0.0,28.0,8.0,8.0,8.0,0.10555555555555556,0.0,3.69,moderate,2026-07-20
117,117,0,AM Peak (6–9),9,26.0,23.0,26.0,3.0,9.0,13.0,5.2,13.0,0.06785714285714285,0.11278195488721807,9.14,moderate,2026-07-20
117,117,0,Evening (19–24),15,25.0,19.0,25.0,6.0,14.0,9.0,0.30000000000000004,11.0,0.095,0.20270270270270274,15.49,moderate,2026-07-20
117,117,0,Midday (9–15),20,25.0,25.0,28.0,3.0,20.0,18.0,13.0,18.0,0.049999999999999996,0.11278195488721807,8.52,moderate,2026-07-20
117,117,0,Overnight (0–6),7,19.0,19.0,20.6,1.6000000000000014,5.0,1.0,1.0,1.0,0.475,0.06349206349206356,20.43,no recovery time,2026-07-20
117,117,0,PM Peak (15–19),13,28.0,25.0,28.0,3.0,13.0,4.0,4.0,11.0,0.19,0.11278195488721807,13.42,moderate,2026-07-20
117,117,1,AM Peak (6–9),10,26.0,19.611666666666668,26.0,6.388333333333332,8.0,3.0,2.4000000000000004,10.099999999999998,0.2375,0.21302728838992943,21.09,very low recovery time,2026-07-20
117,117,1,Evening (19–24),15,23.0,20.0,23.0,3.0,15.0,1.0,1.0,5.199999999999999,0.475,0.11278195488721807,23.39,no recovery time,2026-07-20
117,117,1,Midday (9–15),20,24.0,24.0,28.0,4.0,20.0,5.0,3.0,5.0,0.15833333333333333,0.1449275362318841,14.24,moderate,2026-07-20
117,117,1,Overnight (0–6),6,20.0,13.558333333333334,20.0,6.441666666666666,6.0,7.0,7.0,12.0,0.11875,0.21442441054091543,17.02,moderate,2026-07-20
117,117,1,PM Peak (15–19),13,28.0,23.0,28.0,5.0,14.0,1.0,1.0,4.100000000000003,0.475,0.17482517482517487,27.11,no recovery time,2026-07-20
118,118,0,AM Peak (6–9),8,38.0,35.0,38.0,3.0,7.0,11.0,6.0,15.4,0.07916666666666666,0.11278195488721807,9.54,moderate,2026-07-20
118,118,0,Evening (19–24),12,28.0,21.0,28.0,7.0,11.0,12.0,9.0,17.0,0.07307692307692307,0.22875816993464057,16.28,moderate,2026-07-20
118,118,0,Midday (9–15),13,36.0,36.0,36.0,0.0,13.0,12.0,9.600000000000001,12.0,0.07307692307692307,0.0,2.56,moderate,2026-07-20
118,118,0,Overnight (0–6),4,21.0,21.0,30.800000000000004,9.800000000000004,3.0,9.0,9.0,9.0,0.095,0.29341317365269476,20.93,moderate,2026-07-20
118,118,0,PM Peak (15–19),10,38.0,37.8,38.0,0.20000000000000284,8.0,16.0,5.1000000000000005,16.0,0.055882352941176466,0.008403361344537936,2.46,moderate,2026-07-20
118,118,1,AM Peak (6–9),8,31.0,29.0,31.0,2.0,8.0,0.0,0.0,0.0,0.95,0.07812500000000001,37.94,no recovery time,2026-07-20
118,118,1,Evening (19–24),12,35.0,30.0,35.0,5.0,12.0,0.0,0.0,0.0,0.95,0.17482517482517487,43.74,no recovery time,2026-07-20
118,118,1,Midday (9–15),13,33.0,33.0,33.0,0.0,13.0,0.0,0.0,0.0,0.95,0.0,33.25,no recovery time,2026-07-20
118,118,1,Overnight (0–6),5,30.0,29.0,30.0,1.0,4.0,0.0,0.0,0.0,0.95,0.04065040650406505,35.69,no recovery time,2026-07-20
118,118,1,PM Peak (15–19),10,42.0,42.0,42.0,0.0,10.0,0.0,0.0,0.0,0.95,0.0,33.25,no recovery time,2026-07-20
119,119,0,AM Peak (6–9),9,44.0,43.8,44.0,0.20000000000000284,9.0,2.0,2.0,3.0,0.31666666666666665,0.008403361344537936,11.59,very low recovery time,2026-07-20
119,119,0,Evening (19–24),2,7.0,7.0,7.0,0.0,,10.0,,,0.08636363636363636,0.0,3.02,moderate,2026-07-20
119,119,0,Midday (9–15),13,33.65,31.65,43.0,11.350000000000001,12.0,11.5,2.5000000000000004,12.0,0.076,0.32474964234620896,22.14,moderate,2026-07-20
119,119,0,Overnight (0–6),3,32.65,32.65,32.65,0.0,1.0,3.0,3.0,3.0,0.2375,0.0,8.31,very low recovery time,2026-07-20
119,119,0,PM Peak (15–19),10,52.0,52.0,52.0,0.0,10.0,7.0,6.8,11.0,0.11875,0.0,4.16,moderate,2026-07-20
119,119,1,AM Peak (6–9),9,52.0,47.663333333333334,52.0,4.336666666666666,9.0,2.0,1.0,3.000000000000001,0.31666666666666665,0.15523207254504237,20.4,very low recovery time,2026-07-20
119,119,1,Evening (19–24),1,32.31666666666667,32.31666666666667,32.31666666666667,0.0,2.0,2.0,0.4,3.6,0.31666666666666665,0.0,11.08,very low recovery time,2026-07-20
119,119,1,Midday (9–15),13,30.316666666666666,28.316666666666666,58.6,30.283333333333335,4.0,3.5,1.3,6.4,0.2111111111111111,0.5620167027528612,41.11,high schedule variability,2026-07-20
119,119,1,Overnight (0–6),3,37.0,23.666666666666664,49.0,25.333333333333336,,10.0,,,0.08636363636363636,0.5177111716621254,34.09,high schedule variability,2026-07-20
119,119,1,PM Peak (15–19),9,59.0,59.0,59.0,0.0,9.0,7.0,7.0,7.4,0.11875,0.0,4.16,moderate,2026-07-20
120,120,0,AM Peak (6–9),6,28.0,23.316666666666666,28.0,4.683333333333334,6.0,3.5,0.0,5.0,0.2111111111111111,0.1655863288155569,17.32,moderate,2026-07-20
120,120,0,Evening (19–24),10,24.0,21.0,24.0,3.0,10.0,6.0,6.0,9.0,0.1357142857142857,0.11278195488721807,11.52,moderate,2026-07-20
120,120,0,Midday (9–15),14,28.0,28.0,30.0,2.0,11.0,2.0,1.0,2.0,0.31666666666666665,0.07812500000000001,15.77,very low recovery time,2026-07-20
120,120,0,Overnight (0–6),4,11.891666666666666,2.783333333333333,21.0,18.21666666666667,3.0,3.0,0.6000000000000001,7.800000000000001,0.2375,0.4356317257871663,34.45,very low recovery time,2026-07-20
120,120,0,PM Peak (15–19),10,30.0,21.878333333333334,30.0,8.121666666666666,10.0,8.0,0.9,8.1,0.10555555555555556,0.256029002259234,19.06,moderate,2026-07-20
120,120,1,AM Peak (6–9),5,25.0,25.0,25.0,0.0,5.0,2.0,2.0,3.8000000000000003,0.31666666666666665,0.0,11.08,very low recovery time,2026-07-20
120,120,1,Evening (19–24),10,24.0,21.0,24.0,3.0,10.0,6.0,5.4,9.0,0.1357142857142857,0.11278195488721807,11.52,moderate,2026-07-20
120,120,1,Midday (9–15),13,28.0,28.0,29.0,1.0,12.0,2.0,0.20000000000000018,2.0,0.31666666666666665,0.04065040650406505,13.52,very low recovery time,2026-07-20
120,120,1,Overnight (0–6),3,21.0,21.0,21.0,0.0,4.0,0.0,0.0,6.300000000000002,0.95,0.0,33.25,no recovery time,2026-07-20
120,120,1,PM Peak (15–19),10,29.0,24.0,29.0,5.0,10.0,8.0,0.0,8.0,0.10555555555555556,0.17482517482517487,14.18,moderate,2026-07-20
121,121,0,AM Peak (6–9),8,26.0,26.0,26.0,0.0,8.0,4.0,4.0,5.199999999999999,0.19,0.0,6.65,moderate,2026-07-20
121,121,0,Evening (19–24),12,29.0,24.0,29.0,5.0,12.0,7.0,4.2,11.500000000000002,0.11875,0.17482517482517487,14.65,moderate,2026-07-20
121,121,0,Midday (9–15),13,28.0,28.0,28.0,0.0,12.0,2.0,2.0,12.800000000000004,0.31666666666666665,0.0,11.08,very low recovery time,2026-07-20
121,121,0,Overnight (0–6),4,24.0,24.0,24.0,0.0,3.0,6.0,6.0,6.0,0.1357142857142857,0.0,4.75,moderate,2026-07-20
121,121,0,PM Peak (15–19),10,32.0,32.0,32.0,0.0,9.0,4.0,4.0,9.200000000000001,0.19,0.0,6.65,moderate,2026-07-20
121,121,1,AM Peak (6–9),9,29.0,29.0,29.0,0.0,8.0,1.0,1.0,1.0,0.475,0.0,16.62,no recovery time,2026-07-20
121,121,1,Evening (19–24),12,35.0,30.0,35.0,5.0,12.0,1.0,0.0,1.0,0.475,0.17482517482517487,27.11,no recovery time,2026-07-20
121,121,1,Midday (9–15),12,29.0,29.0,29.0,0.0,12.0,1.0,1.0,1.0,0.475,0.0,16.62,no recovery time,2026-07-20
121,121,1,Overnight (0–6),3,30.0,30.0,30.0,0.0,3.0,0.0,0.0,0.0,0.95,0.0,33.25,no recovery time,2026-07-20
121,121,1,PM Peak (15–19),10,36.0,35.8,36.0,0.20000000000000284,10.0,0.0,0.0,0.1999999999999993,0.95,0.008403361344537936,33.75,no recovery time,2026-07-20
122,122,0,AM Peak (6–9),15,29.0,26.0,33.0,7.0,14.0,1.0,1.0,1.0,0.475,0.22875816993464057,30.35,no recovery time,2026-07-20
122,122,0,Evening (19–24),14,25.0,22.0,25.0,3.0,16.0,1.0,1.0,1.0,0.475,0.11278195488721807,23.39,no recovery time,2026-07-20
122,122,0,Midday (9–15),20,28.0,27.0,30.1,3.1000000000000014,20.0,1.0,1.0,1.0,0.475,0.11610486891385775,23.59,no recovery time,2026-07-20
122,122,0,Overnight (0–6),6,22.0,9.0,24.0,15.0,5.0,1.0,1.0,1.0,0.475,0.3886010362694301,39.94,no recovery time,2026-07-20
122,122,0,PM Peak (15–19),24,31.0,31.0,31.0,0.0,24.0,1.0,1.0,1.0,0.475,0.0,16.62,no recovery time,2026-07-20
122,122,1,AM Peak (6–9),14,28.5,24.0,30.0,6.0,13.0,9.0,8.0,11.400000000000002,0.095,0.20270270270270274,15.49,moderate,2026-07-20
122,122,1,Evening (19–24),16,28.0,25.0,31.0,6.0,13.0,6.0,6.0,12.0,0.1357142857142857,0.20270270270270274,16.91,moderate,2026-07-20
122,122,1,Midday (9–15),20,27.0,25.0,30.0,5.0,18.0,6.5,4.0,9.800000000000004,0.12666666666666665,0.17482517482517487,14.92,moderate,2026-07-20
122,122,1,Overnight (0–6),5,25.0,24.4,25.0,0.6000000000000014,3.0,12.0,12.0,12.0,0.07307692307692307,0.02479338842975213,4.05,moderate,2026-07-20
122,122,1,PM Peak (15–19),24,31.0,31.0,31.0,0.0,22.0,7.0,7.0,7.0,0.11875,0.0,4.16,moderate,2026-07-20
123,123,0,AM Peak (6–9),35,15.0,15.0,26.0,11.0,31.0,6.0,5.0,7.0,0.1357142857142857,0.31791907514450873,23.83,moderate,2026-07-20
123,123,0,Evening (19–24),24,21.0,20.0,21.0,1.0,24.0,4.0,1.6000000000000005,7.0,0.19,0.04065040650406505,9.09,moderate,2026-07-20
123,123,0,Midday (9–15),34,16.5,16.0,27.0,11.0,34.0,7.0,3.0,9.0,0.11875,0.31791907514450873,23.23,moderate,2026-07-20
123,123,0,Overnight (0–6),13,20.0,10.106666666666667,21.0,10.893333333333333,10.0,5.0,3.9,11.1,0.15833333333333333,0.3158098183223812,24.49,moderate,2026-07-20
123,123,0,PM Peak (15–19),44,17.0,15.0,29.0,14.0,44.0,5.0,3.0,5.0,0.15833333333333333,0.37234042553191493,27.88,moderate,2026-07-20
123,123,1,AM Peak (6–9),33,16.0,16.0,32.0,16.0,33.0,6.0,3.0,7.0,0.1357142857142857,0.4040404040404041,28.99,moderate,2026-07-20
123,123,1,Evening (19–24),25,24.0,22.0,26.0,4.0,23.0,3.0,1.2000000000000002,3.0,0.2375,0.1449275362318841,17.01,very low recovery time,2026-07-20
123,123,1,Midday (9–15),35,19.0,16.0,32.0,16.0,33.0,3.0,3.0,5.0,0.2375,0.4040404040404041,32.55,very low recovery time,2026-07-20
123,123,1,Overnight (0–6),11,24.0,22.0,29.0,7.0,10.0,2.0,1.9,9.499999999999998,0.31666666666666665,0.22875816993464057,24.81,very low recovery time,2026-07-20
123,123,1,PM Peak (15–19),44,19.0,18.0,36.0,18.0,42.0,5.0,3.0,5.0,0.15833333333333333,0.43269230769230776,31.5,moderate,2026-07-20
124,124,0,AM Peak (6–9),15,15.0,13.0,15.0,2.0,15.0,2.0,2.0,3.0,0.31666666666666665,0.07812500000000001,15.77,very low recovery time,2026-07-20
124,124,0,Evening (19–24),10,10.5,10.0,11.0,1.0,10.0,2.0,2.0,4.0,0.31666666666666665,0.04065040650406505,13.52,very low recovery time,2026-07-20
124,124,0,Midday (9–15),21,14.0,14.0,14.0,0.0,20.0,3.0,3.0,3.0,0.2375,0.0,8.31,very low recovery time,2026-07-20
124,124,0,Overnight (0–6),7,12.0,10.0,14.0,4.0,5.0,4.0,1.6,4.0,0.19,0.1449275362318841,15.35,moderate,2026-07-20
124,124,0,PM Peak (15–19),20,15.0,13.9,15.0,1.0999999999999996,20.0,0.0,0.0,1.0,0.95,0.04453441295546558,35.92,no recovery time,2026-07-20
124,124,1,AM Peak (6–9),16,13.0,10.0,13.0,3.0,15.0,6.0,4.4,7.0,0.1357142857142857,0.11278195488721807,11.52,moderate,2026-07-20
124,124,1,Evening (19–24),10,10.0,9.0,11.0,2.0,10.0,6.0,5.8,7.0,0.1357142857142857,0.07812500000000001,9.44,moderate,2026-07-20
124,124,1,Midday (9–15),20,13.0,13.0,13.0,0.0,21.0,6.0,6.0,6.0,0.1357142857142857,0.0,4.75,moderate,2026-07-20
124,124,1,Overnight (0–6),7,10.0,9.0,10.0,1.0,7.0,7.0,4.0,7.0,0.11875,0.04065040650406505,6.6,moderate,2026-07-20
124,124,1,PM Peak (15–19),20,15.0,13.0,15.0,2.0,19.0,6.0,6.0,8.0,0.1357142857142857,0.07812500000000001,9.44,moderate,2026-07-20
125,125,0,AM Peak (6–9),18,15.0,15.0,15.0,0.0,17.0,0.0,0.0,0.0,0.95,0.0,33.25,no recovery time,2026-07-20
125,125,0,Evening (19–24),20,13.0,11.891666666666667,13.0,1.1083333333333325,18.0,5.0,3.8000000000000007,5.0,0.15833333333333333,0.044856661045531175,8.23,moderate,2026-07-20
125,125,0,Midday (9–15),25,14.0,14.0,14.0,0.0,24.0,2.0,2.0,2.0,0.31666666666666665,0.0,11.08,very low recovery time,2026-07-20
125,125,0,Overnight (0–6),4,13.0,5.241666666666667,14.4,9.158333333333333,3.0,5.0,3.4,5.0,0.15833333333333333,0.27957262783006875,22.32,moderate,2026-07-20
125,125,0,PM Peak (15–19),23,15.0,15.0,15.0,0.0,23.0,0.0,0.0,0.0,0.95,0.0,33.25,no recovery time,2026-07-20
125,125,1,AM Peak (6–9),19,15.0,14.8,15.0,0.1999999999999993,18.0,0.0,0.0,0.0,0.95,0.008403361344537787,33.75,no recovery time,2026-07-20
125,125,1,Evening (19–24),18,12.0,12.0,12.0,0.0,19.0,0.0,0.0,0.0,0.95,0.0,33.25,no recovery time,2026-07-20
125,125,1,Midday (9–15),24,14.0,14.0,14.0,0.0,25.0,0.0,0.0,0.0,0.95,0.0,33.25,no recovery time,2026-07-20
125,125,1,Overnight (0–6),5,12.0,2.1166666666666667,12.0,9.883333333333333,4.0,0.0,0.0,0.0,0.95,0.2951717272274764,50.96,no recovery time,2026-07-20
125,125,1,PM Peak (15–19),24,15.0,15.0,15.0,0.0,24.0,0.0,0.0,0.0,0.95,0.0,33.25,no recovery time,2026-07-20
126,126,0,AM Peak (6–9),8,16.0,13.0,16.0,3.0,7.0,1.0,0.6000000000000001,1.4000000000000004,0.475,0.11278195488721807,23.39,no recovery time,2026-07-20
126,126,0,Evening (19–24),10,13.0,11.0,13.0,2.0,11.0,2.0,1.0,5.0,0.31666666666666665,0.07812500000000001,15.77,very low recovery time,2026-07-20
126,126,0,Midday (9–15),15,16.0,16.0,16.0,0.0,15.0,6.0,1.4000000000000001,6.0,0.1357142857142857,0.0,4.75,moderate,2026-07-20
126,126,0,Overnight (0–6),3,11.0,11.0,12.6,1.5999999999999996,3.0,2.0,0.4,3.6,0.31666666666666665,0.06349206349206349,14.89,very low recovery time,2026-07-20
126,126,0,PM Peak (15–19),12,16.0,16.0,16.0,0.0,12.0,2.0,2.0,2.0,0.31666666666666665,0.0,11.08,very low recovery time,2026-07-20
126,126,1,AM Peak (6–9),7,15.0,12.0,15.0,3.0,8.0,8.0,2.1,10.5,0.10555555555555556,0.11278195488721807,10.46,moderate,2026-07-20
126,126,1,Evening (19–24),11,12.0,12.0,12.0,0.0,11.0,5.0,4.0,10.0,0.15833333333333333,0.0,5.54,moderate,2026-07-20
126,126,1,Midday (9–15),15,16.0,16.0,16.0,0.0,14.0,4.0,4.0,5.700000000000001,0.19,0.0,6.65,moderate,2026-07-20
126,126,1,Overnight (0–6),3,12.0,12.0,12.0,0.0,1.0,4.0,4.0,4.0,0.19,0.0,6.65,moderate,2026-07-20
126,126,1,PM Peak (15–19),12,16.0,16.0,16.0,0.0,12.0,6.0,6.0,6.0,0.1357142857142857,0.0,4.75,moderate,2026-07-20
127,127,0,AM Peak (6–9),8,36.0,25.0,36.0,11.0,6.0,3.0,1.0,6.0,0.2375,0.31791907514450873,27.39,very low recovery time,2026-07-20
127,127,0,Evening (19–24),12,21.5,20.0,25.0,5.0,12.0,4.0,0.30000000000000027,6.0,0.19,0.17482517482517487,17.14,moderate,2026-07-20
127,127,0,Midday (9–15),16,29.0,29.0,29.0,0.0,17.0,7.0,3.0,7.0,0.11875,0.0,4.16,moderate,2026-07-20
127,127,0,Overnight (0–6),3,20.0,20.0,20.0,0.0,3.0,4.0,4.0,4.0,0.19,0.0,6.65,moderate,2026-07-20
127,127,0,PM Peak (15–19),9,29.0,28.6,29.0,0.3999999999999986,9.0,7.0,6.6,7.0,0.11875,0.01666666666666661,5.16,moderate,2026-07-20
127,127,1,AM Peak (6–9),8,25.0,21.0,25.0,4.0,8.0,2.0,0.7000000000000001,2.0,0.31666666666666665,0.1449275362318841,19.78,very low recovery time,2026-07-20
127,127,1,Evening (19–24),12,23.5,21.0,26.0,5.0,12.0,3.0,0.0,3.0,0.2375,0.17482517482517487,18.8,very low recovery time,2026-07-20
127,127,1,Midday (9–15),17,27.0,26.2,34.2,8.000000000000004,16.0,3.0,2.0,3.5,0.2375,0.25316455696202544,23.5,very low recovery time,2026-07-20
127,127,1,Overnight (0–6),4,21.0,21.0,21.0,0.0,3.0,3.0,3.0,3.0,0.2375,0.0,8.31,very low recovery time,2026-07-20
127,127,1,PM Peak (15–19),9,39.0,38.0,39.0,1.0,9.0,3.0,3.0,3.6000000000000005,0.2375,0.04065040650406505,10.75,very low recovery time,2026-07-20
129,129,0,AM Peak (6–9),20,70.5,41.0,72.0,31.0,19.0,8.0,7.2,8.0,0.10555555555555556,0.5677655677655679,37.76,high schedule variability,2026-07-20
129,129,0,Evening (19–24),33,35.0,33.0,56.0,23.0,29.0,7.0,5.0,8.0,0.11875,0.4935622317596567,33.77,high schedule variability,2026-07-20
129,129,0,Midday (9–15),38,39.0,39.0,66.9,27.900000000000006,35.0,8.0,8.0,15.0,0.10555555555555556,0.5417475728155341,36.2,high schedule variability,2026-07-20
129,129,0,Overnight (0–6),16,34.0,31.0,59.0,28.0,13.0,8.0,2.8000000000000007,9.600000000000001,0.10555555555555556,0.5426356589147288,36.25,high schedule variability,2026-07-20
129,129,0,PM Peak (15–19),26,68.5,41.0,69.0,28.0,25.0,9.0,9.0,10.200000000000003,0.095,0.5426356589147288,35.88,high schedule variability,2026-07-20
129,129,1,AM Peak (6–9),19,67.0,37.8,67.0,29.200000000000003,18.0,9.5,3.0,18.0,0.09047619047619047,0.5530303030303031,36.35,high schedule variability,2026-07-20
129,129,1,Evening (19–24),32,35.0,32.0,62.60000000000001,30.60000000000001,33.0,9.0,6.0,16.0,0.095,0.5645756457564577,37.2,high schedule variability,2026-07-20
129,129,1,Midday (9–15),39,39.0,39.0,72.20000000000002,33.20000000000002,32.0,4.0,3.0,16.50000000000001,0.19,0.5845070422535213,41.72,high schedule variability,2026-07-20
129,129,1,Overnight (0–6),20,30.0,28.766666666666666,34.80000000000004,6.033333333333374,13.0,7.0,0.6000000000000005,17.8,0.11875,0.2035995500562441,16.37,moderate,2026-07-20
129,129,1,PM Peak (15–19),27,70.0,42.4,79.0,36.6,27.0,11.0,7.800000000000001,18.0,0.07916666666666666,0.6079734219269104,39.25,high schedule variability,2026-07-20
130,130,0,AM Peak (6–9),9,22.0,20.0,22.0,2.0,,10.0,,,0.08636363636363636,0.07812500000000001,7.71,moderate,2026-07-20
130,130,0,Evening (19–24),11,22.0,20.0,22.0,2.0,,10.0,,,0.08636363636363636,0.07812500000000001,7.71,moderate,2026-07-20
130,130,0,Midday (9–15),14,21.0,21.0,21.0,0.0,,10.0,,,0.08636363636363636,0.0,3.02,moderate,2026-07-20
130,130,0,Overnight (0–6),3,20.0,20.0,20.0,0.0,,10.0,,,0.08636363636363636,0.0,3.02,moderate,2026-07-20
130,130,0,PM Peak (15–19),11,24.0,22.0,24.0,2.0,,10.0,,,0.08636363636363636,0.07812500000000001,7.71,moderate,2026-07-20
130,130,1,AM Peak (6–9),8,24.0,20.0,24.0,4.0,8.0,7.0,5.5,12.5,0.11875,0.1449275362318841,12.85,moderate,2026-07-20
130,130,1,Evening (19–24),12,22.0,20.0,22.0,2.0,11.0,6.0,0.0,15.0,0.1357142857142857,0.07812500000000001,9.44,moderate,2026-07-20
130,130,1,Midday (9–15),15,20.0,20.0,20.0,0.0,14.0,3.0,3.0,3.0,0.2375,0.0,8.31,very low recovery time,2026-07-20
130,130,1,Overnight (0–6),4,20.0,20.0,20.0,0.0,2.0,0.0,0.0,0.0,0.95,0.0,33.25,no recovery time,2026-07-20
130,130,1,PM Peak (15–19),10,23.0,23.0,23.0,0.0,10.0,8.5,7.2,10.399999999999999,0.09999999999999999,0.0,3.5,moderate,2026-07-20
131,131,0,AM Peak (6–9),16,51.0,26.5,51.0,24.5,14.0,6.0,3.9000000000000004,9.400000000000002,0.1357142857142857,0.5093555093555094,35.31,high schedule variability,2026-07-20
131,131,0,Evening (19–24),16,47.0,44.0,47.0,3.0,19.0,4.0,0.0,4.199999999999999,0.19,0.11278195488721807,13.42,moderate,2026-07-20
131,131,0,Midday (9–15),21,51.0,51.0,52.0,1.0,22.0,6.0,6.0,10.50000000000001,0.1357142857142857,0.04065040650406505,7.19,moderate,2026-07-20
131,131,0,Overnight (0–6),9,41.93333333333333,2.0,44.6,42.6,9.0,0.0,0.0,0.6000000000000005,0.95,0.6435045317220545,71.86,"no recovery time, high schedule variability",2026-07-20
131,131,0,PM Peak (15–19),20,55.0,55.0,55.0,0.0,18.0,6.0,5.4,7.200000000000003,0.1357142857142857,0.0,4.75,moderate,2026-07-20
131,131,1,AM Peak (6–9),13,50.0,50.0,50.0,0.0,14.0,10.0,4.0,10.0,0.08636363636363636,0.0,3.02,moderate,2026-07-20
131,131,1,Evening (19–24),19,41.0,31.0,41.0,10.0,16.0,10.0,9.0,17.5,0.08636363636363636,0.29761904761904767,20.88,moderate,2026-07-20
131,131,1,Midday (9–15),23,50.0,50.0,50.0,0.0,21.0,12.0,9.0,12.0,0.07307692307692307,0.0,2.56,moderate,2026-07-20
131,131,1,Overnight (0–6),9,38.0,3.0,43.0,40.0,2.0,1.5,1.1,1.9,0.38,0.628930817610063,51.04,"very low recovery time, high schedule variability",2026-07-20
131,131,1,PM Peak (15–19),18,43.0,43.0,43.0,0.0,18.0,13.0,7.500000000000001,14.200000000000003,0.06785714285714285,0.0,2.38,moderate,2026-07-20
132,132,0,AM Peak (6–9),10,25.0,22.94,25.0,2.0599999999999987,8.0,0.0,0.0,2.0,0.95,0.08028059236165234,38.07,no recovery time,2026-07-20
132,132,0,Evening (19–24),11,24.0,24.0,27.0,3.0,11.0,0.0,0.0,3.0,0.95,0.11278195488721807,40.02,no recovery time,2026-07-20
132,132,0,Midday (9–15),14,24.0,24.0,24.0,0.0,15.0,0.0,0.0,0.0,0.95,0.0,33.25,no recovery time,2026-07-20
132,132,0,Overnight (0–6),4,24.0,10.280000000000001,24.0,13.719999999999999,5.0,0.0,0.0,3.0,0.95,0.3676312968917471,55.31,no recovery time,2026-07-20
132,132,0,PM Peak (15–19),11,27.0,27.0,27.0,0.0,11.0,0.0,0.0,0.0,0.95,0.0,33.25,no recovery time,2026-07-20
132,132,1,AM Peak (6–9),8,24.0,24.0,24.0,0.0,,10.0,,,0.08636363636363636,0.0,3.02,moderate,2026-07-20
132,132,1,Evening (19–24),11,21.0,18.0,23.0,5.0,,10.0,,,0.08636363636363636,0.17482517482517487,13.51,moderate,2026-07-20
132,132,1,Midday (9–15),15,24.0,24.0,24.0,0.0,,10.0,,,0.08636363636363636,0.0,3.02,moderate,2026-07-20
132,132,1,Overnight (0–6),5,18.0,7.960000000000001,21.6,13.64,,10.0,,,0.08636363636363636,0.3662728249194415,25.0,moderate,2026-07-20
132,132,1,PM Peak (15–19),11,22.0,22.0,22.0,0.0,,10.0,,,0.08636363636363636,0.0,3.02,moderate,2026-07-20
133,133,0,AM Peak (6–9),15,50.0,50.0,50.0,0.0,14.0,11.0,6.800000000000001,11.0,0.07916666666666666,0.0,2.77,moderate,2026-07-20
133,133,0,Evening (19–24),19,46.0,41.0,46.0,5.0,19.0,6.0,5.0,9.399999999999999,0.1357142857142857,0.17482517482517487,15.24,moderate,2026-07-20
133,133,0,Midday (9–15),32,50.0,49.0,53.0,4.0,30.0,11.0,10.9,12.0,0.07916666666666666,0.1449275362318841,11.47,moderate,2026-07-20
133,133,0,Overnight (0–6),9,41.0,36.0,44.2,8.200000000000003,8.0,5.0,5.0,11.5,0.15833333333333333,0.2578616352201259,21.01,moderate,2026-07-20
133,133,0,PM Peak (15–19),24,53.0,51.3,53.0,1.7000000000000028,24.0,11.0,11.0,11.0,0.07916666666666666,0.06719367588932819,6.8,moderate,2026-07-20
133,133,1,AM Peak (6–9),29,14.0,14.0,47.0,33.0,28.0,0.0,0.0,10.0,0.95,0.5830388692579506,68.23,"no recovery time, high schedule variability",2026-07-20
133,133,1,Evening (19–24),21,60.0,52.0,60.0,8.0,18.0,8.0,2.0,8.0,0.10555555555555556,0.2531645569620254,18.88,moderate,2026-07-20
133,133,1,Midday (9–15),48,46.0,14.0,64.0,50.0,48.0,9.0,0.0,11.0,0.095,0.6793478260869565,44.09,high schedule variability,2026-07-20
133,133,1,Overnight (0–6),16,36.5,10.0,50.0,40.0,9.0,0.0,0.0,3.000000000000001,0.95,0.628930817610063,70.99,"no recovery time, high schedule variability",2026-07-20
133,133,1,PM Peak (15–19),24,64.0,64.0,64.0,0.0,24.0,12.0,10.600000000000001,12.0,0.07307692307692307,0.0,2.56,moderate,2026-07-20
134,134,0,AM Peak (6–9),12,23.0,23.0,23.0,0.0,11.0,4.0,4.0,4.0,0.19,0.0,6.65,moderate,2026-07-20
134,134,0,Evening (19–24),21,25.0,25.0,25.0,0.0,19.0,3.0,0.0,5.0,0.2375,0.0,8.31,very low recovery time,2026-07-20
134,134,0,Midday (9–15),24,27.0,23.0,30.0,7.0,24.0,2.0,2.0,5.0,0.31666666666666665,0.22875816993464057,24.81,very low recovery time,2026-07-20
134,134,0,Overnight (0–6),7,25.0,23.0,25.0,2.0,6.0,0.0,0.0,9.5,0.95,0.07812500000000001,37.94,no recovery time,2026-07-20
134,134,0,PM Peak (15–19),16,22.0,22.0,22.0,0.0,17.0,3.0,0.6000000000000001,3.0,0.2375,0.0,8.31,very low recovery time,2026-07-20
134,134,1,AM Peak (6–9),12,47.0,47.0,47.0,0.0,12.0,1.0,1.0,1.0,0.475,0.0,16.62,no recovery time,2026-07-20
134,134,1,Evening (19–24),19,25.0,25.0,25.0,0.0,21.0,5.0,0.0,6.0,0.15833333333333333,0.0,5.54,moderate,2026-07-20
134,134,1,Midday (9–15),25,30.0,27.0,47.0,20.0,24.0,1.0,0.30000000000000027,1.0,0.475,0.4587155963302753,44.15,no recovery time,2026-07-20
134,134,1,Overnight (0–6),10,25.0,22.15,47.0,24.85,7.0,0.0,0.0,0.0,0.95,0.5128998968008257,64.02,"no recovery time, high schedule variability",2026-07-20
134,134,1,PM Peak (15–19),17,48.0,45.6,48.0,2.3999999999999986,16.0,2.0,0.0,2.0,0.31666666666666665,0.09230769230769229,16.62,very low recovery time,2026-07-20
135,135,0,AM Peak (6–9),8,17.0,17.0,17.0,0.0,9.0,6.0,4.0,6.0,0.1357142857142857,0.0,4.75,moderate,2026-07-20
135,135,0,Evening (19–24),14,17.0,16.0,17.0,1.0,14.0,3.0,3.0,4.0,0.2375,0.04065040650406505,10.75,very low recovery time,2026-07-20
135,135,0,Midday (9–15),17,18.0,18.0,19.200000000000003,1.2000000000000028,16.0,5.0,5.0,5.0,0.15833333333333333,0.04838709677419367,8.44,moderate,2026-07-20
135,135,0,Overnight (0–6),8,16.0,16.0,17.0,1.0,6.0,4.0,2.0,6.5,0.19,0.04065040650406505,9.09,moderate,2026-07-20
135,135,0,PM Peak (15–19),9,21.0,21.0,21.0,0.0,9.0,5.0,5.0,5.0,0.15833333333333333,0.0,5.54,moderate,2026-07-20
135,135,1,AM Peak (6–9),8,19.0,16.0,19.0,3.0,8.0,2.5,2.0,5.6,0.2714285714285714,0.11278195488721807,16.27,very low recovery time,2026-07-20
135,135,1,Evening (19–24),14,16.0,16.0,16.0,0.0,14.0,8.0,4.0,8.0,0.10555555555555556,0.0,3.69,moderate,2026-07-20
135,135,1,Midday (9–15),17,16.0,16.0,19.4,3.3999999999999986,17.0,5.0,3.2,5.0,0.15833333333333333,0.1259259259259259,13.1,moderate,2026-07-20
135,135,1,Overnight (0–6),6,16.0,15.5,16.0,0.5,6.0,4.0,2.0,4.0,0.19,0.020746887966804985,7.89,moderate,2026-07-20
135,135,1,PM Peak (15–19),9,20.0,20.0,20.0,0.0,9.0,4.0,4.0,4.0,0.19,0.0,6.65,moderate,2026-07-20
149,149,0,AM Peak (6–9),8,21.0,16.0,21.0,5.0,8.0,6.0,4.4,7.499999999999999,0.1357142857142857,0.17482517482517487,15.24,moderate,2026-07-20
149,149,0,Evening (19–24),13,20.0,16.0,20.0,4.0,14.0,6.5,6.0,10.0,0.12666666666666665,0.1449275362318841,13.13,moderate,2026-07-20
149,149,0,Midday (9–15),14,22.0,22.0,22.0,0.0,14.0,6.0,6.0,6.0,0.1357142857142857,0.0,4.75,moderate,2026-07-20
149,149,0,Overnight (0–6),5,16.0,16.0,16.0,0.0,4.0,6.0,6.0,6.0,0.1357142857142857,0.0,4.75,moderate,2026-07-20
149,149,0,PM Peak (15–19),8,28.0,28.0,28.0,0.0,8.0,5.0,5.0,5.3,0.15833333333333333,0.0,5.54,moderate,2026-07-20
149,149,1,AM Peak (6–9),8,18.0,14.0,18.0,4.0,7.0,5.0,5.0,7.800000000000001,0.15833333333333333,0.1449275362318841,14.24,moderate,2026-07-20
149,149,1,Evening (19–24),13,15.0,13.0,15.0,2.0,14.0,5.0,5.0,5.0,0.15833333333333333,0.07812500000000001,10.23,moderate,2026-07-20
149,149,1,Midday (9–15),14,17.0,17.0,17.0,0.0,14.0,5.0,5.0,5.0,0.15833333333333333,0.0,5.54,moderate,2026-07-20
149,149,1,Overnight (0–6),6,13.0,12.5,13.0,0.5,3.0,5.0,5.0,5.0,0.15833333333333333,0.020746887966804985,6.79,moderate,2026-07-20
149,149,1,PM Peak (15–19),8,22.0,22.0,22.0,0.0,8.0,5.0,5.0,5.0,0.15833333333333333,0.0,5.54,moderate,2026-07-20
151,151,0,AM Peak (6–9),10,22.0,15.0,22.0,7.0,9.0,9.0,6.0,10.0,0.095,0.22875816993464057,17.05,moderate,2026-07-20
151,151,0,Evening (19–24),13,14.0,12.0,14.0,2.0,13.0,7.0,1.0,7.0,0.11875,0.07812500000000001,8.84,moderate,2026-07-20
151,151,0,Midday (9–15),15,19.0,19.0,20.0,1.0,14.0,6.0,6.0,8.400000000000002,0.1357142857142857,0.04065040650406505,7.19,moderate,2026-07-20
151,151,0,Overnight (0–6),8,12.0,12.0,15.0,3.0,9.0,2.0,0.0,6.0,0.31666666666666665,0.11278195488721807,17.85,very low recovery time,2026-07-20
151,151,0,PM Peak (15–19),13,20.0,20.0,20.0,0.0,13.0,7.0,7.0,7.0,0.11875,0.0,4.16,moderate,2026-07-20
151,151,1,AM Peak (6–9),9,20.0,17.0,21.0,4.0,9.0,8.0,2.0,10.4,0.10555555555555556,0.1449275362318841,12.39,moderate,2026-07-20
151,151,1,Evening (19–24),13,17.0,16.0,17.0,1.0,12.0,2.0,1.0,2.0,0.31666666666666665,0.04065040650406505,13.52,very low recovery time,2026-07-20
151,151,1,Midday (9–15),16,19.0,19.0,20.0,1.0,16.0,6.0,6.0,7.0,0.1357142857142857,0.04065040650406505,7.19,moderate,2026-07-20
151,151,1,Overnight (0–6),8,16.0,16.0,17.0,1.0,6.0,0.0,0.0,1.5,0.95,0.04065040650406505,35.69,no recovery time,2026-07-20
151,151,1,PM Peak (15–19),13,20.0,20.0,20.0,0.0,13.0,7.0,7.0,7.0,0.11875,0.0,4.16,moderate,2026-07-20
154,154,0,AM Peak (6–9),7,41.0,39.0,41.0,2.0,6.0,5.0,5.0,5.0,0.15833333333333333,0.07812500000000001,10.23,moderate,2026-07-20
154,154,0,Evening (19–24),12,39.0,37.0,39.0,2.0,13.0,5.0,1.0,5.0,0.15833333333333333,0.07812500000000001,10.23,moderate,2026-07-20
154,154,0,Midday (9–15),15,40.0,40.0,40.0,0.0,15.0,5.0,4.4,5.0,0.15833333333333333,0.0,5.54,moderate,2026-07-20
154,154,0,Overnight (0–6),10,37.0,15.883333333333333,37.2,21.31666666666667,10.0,5.0,0.0,5.0,0.15833333333333333,0.4745825602968461,34.02,moderate,2026-07-20
154,154,0,PM Peak (15–19),10,43.0,43.0,43.0,0.0,10.0,5.0,5.0,8.0,0.15833333333333333,0.0,5.54,moderate,2026-07-20
154,154,1,AM Peak (6–9),6,40.0,34.0,40.0,6.0,7.0,10.0,3.6000000000000005,12.0,0.08636363636363636,0.20270270270270274,15.18,moderate,2026-07-20
154,154,1,Evening (19–24),13,36.0,29.0,36.0,7.0,12.0,16.0,4.300000000000001,16.0,0.055882352941176466,0.22875816993464057,15.68,moderate,2026-07-20
154,154,1,Midday (9–15),15,42.0,42.0,42.0,0.0,14.0,9.0,9.0,9.0,0.095,0.0,3.32,moderate,2026-07-20
154,154,1,Overnight (0–6),10,29.0,29.0,34.0,5.0,6.0,7.0,7.0,8.5,0.11875,0.17482517482517487,14.65,moderate,2026-07-20
154,154,1,PM Peak (15–19),10,44.0,44.0,44.0,0.0,10.0,4.0,4.0,9.0,0.19,0.0,6.65,moderate,2026-07-20
156,156,0,AM Peak (6–9),6,25.0,25.0,25.0,0.0,6.0,4.0,4.0,4.0,0.19,0.0,6.65,moderate,2026-07-20
156,156,0,Evening (19–24),2,17.5,8.3,26.7,18.4,1.0,0.0,0.0,0.0,0.95,0.43809523809523815,59.54,no recovery time,2026-07-20
156,156,0,Midday (9–15),12,25.0,25.0,25.0,0.0,12.0,4.0,4.0,4.0,0.19,0.0,6.65,moderate,2026-07-20
156,156,0,Overnight (0–6),2,25.0,25.0,25.0,0.0,2.0,4.0,4.0,4.0,0.19,0.0,6.65,moderate,2026-07-20
156,156,0,PM Peak (15–19),8,29.0,28.4,29.0,0.6000000000000014,7.0,0.0,0.0,0.8000000000000007,0.95,0.02479338842975213,34.74,no recovery time,2026-07-20
156,156,1,AM Peak (6–9),6,26.0,26.0,26.0,0.0,6.0,5.0,5.0,5.0,0.15833333333333333,0.0,5.54,moderate,2026-07-20
156,156,1,Evening (19–24),1,30.0,30.0,30.0,0.0,2.0,1.0,1.0,1.0,0.475,0.0,16.62,no recovery time,2026-07-20
156,156,1,Midday (9–15),12,27.0,27.0,27.0,0.0,11.0,4.0,4.0,4.0,0.19,0.0,6.65,moderate,2026-07-20
156,156,1,Overnight (0–6),1,26.0,26.0,26.0,0.0,1.0,5.0,5.0,5.0,0.15833333333333333,0.0,5.54,moderate,2026-07-20
156,156,1,PM Peak (15–19),8,30.0,30.0,30.0,0.0,8.0,1.0,1.0,1.8999999999999995,0.475,0.0,16.62,no recovery time,2026-07-20
158,158,0,AM Peak (6–9),18,23.0,19.0,23.0,4.0,17.0,7.0,3.0,11.0,0.11875,0.1449275362318841,12.85,moderate,2026-07-20
158,158,0,Evening (19–24),17,19.0,15.0,19.0,4.0,16.0,8.0,5.0,9.0,0.10555555555555556,0.1449275362318841,12.39,moderate,2026-07-20
158,158,0,Midday (9–15),25,24.0,24.0,24.0,0.0,24.0,9.0,7.6000000000000005,9.0,0.095,0.0,3.32,moderate,2026-07-20
158,158,0,Overnight (0–6),9,15.0,15.0,19.0,4.0,5.0,5.0,5.0,7.0,0.15833333333333333,0.1449275362318841,14.24,moderate,2026-07-20
158,158,0,PM Peak (15–19),16,27.0,27.0,27.0,0.0,16.0,14.0,9.0,14.0,0.06333333333333332,0.0,2.22,moderate,2026-07-20
158,158,1,AM Peak (6–9),18,22.0,20.0,22.3,2.3000000000000007,17.0,4.0,4.0,4.0,0.19,0.08880308880308885,11.98,moderate,2026-07-20
158,158,1,Evening (19–24),16,23.0,18.0,23.0,5.0,18.0,2.0,0.0,3.0,0.31666666666666665,0.17482517482517487,21.57,very low recovery time,2026-07-20
158,158,1,Midday (9–15),24,24.0,24.0,24.0,0.0,25.0,3.0,3.0,3.0,0.2375,0.0,8.31,very low recovery time,2026-07-20
158,158,1,Overnight (0–6),9,20.0,18.0,20.0,2.0,7.0,2.0,1.6,6.4,0.31666666666666665,0.07812500000000001,15.77,very low recovery time,2026-07-20
158,158,1,PM Peak (15–19),16,29.0,29.0,29.0,0.0,16.0,5.0,3.0,5.0,0.15833333333333333,0.0,5.54,moderate,2026-07-20
160,160,0,AM Peak (6–9),9,37.0,35.0,37.0,2.0,7.0,3.0,3.0,7.0000000000000036,0.2375,0.07812500000000001,13.0,very low recovery time,2026-07-20
160,160,0,Evening (19–24),10,26.0,26.0,26.0,0.0,7.0,1.0,0.0,4.200000000000001,0.475,0.0,16.62,no recovery time,2026-07-20
160,160,0,Midday (9–15),16,28.0,28.0,32.5,4.5,15.0,3.0,2.4000000000000004,5.399999999999999,0.2375,0.16014234875444844,17.92,very low recovery time,2026-07-20
160,160,0,PM Peak (15–19),9,34.0,29.6,34.0,4.399999999999999,10.0,2.0,1.9,9.1,0.31666666666666665,0.15714285714285714,20.51,very low recovery time,2026-07-20
160,160,1,AM Peak (6–9),9,40.0,40.0,40.0,0.0,9.0,0.0,0.0,0.0,0.95,0.0,33.25,no recovery time,2026-07-20
160,160,1,Evening (19–24),7,45.0,45.0,46.6,1.6000000000000014,10.0,0.0,0.0,0.1999999999999993,0.95,0.06349206349206356,37.06,no recovery time,2026-07-20
160,160,1,Midday (9–15),16,44.0,40.0,46.5,6.5,16.0,0.0,0.0,1.0,0.95,0.21594684385382065,46.21,no recovery time,2026-07-20
160,160,1,Overnight (0–6),2,40.0,40.0,40.0,0.0,,10.0,,,0.08636363636363636,0.0,3.02,moderate,2026-07-20
160,160,1,PM Peak (15–19),10,60.0,55.0,60.0,5.0,9.0,0.0,0.0,1.2000000000000002,0.95,0.17482517482517487,43.74,no recovery time,2026-07-20
161,161,0,AM Peak (6–9),13,34.0,27.0,36.0,9.0,13.0,4.0,4.0,11.0,0.19,0.2760736196319019,23.21,moderate,2026-07-20
161,161,0,Evening (19–24),15,25.0,20.0,25.0,5.0,16.0,4.5,4.0,7.0,0.17272727272727273,0.17482517482517487,16.53,moderate,2026-07-20
161,161,0,Midday (9–15),20,29.0,29.0,34.0,5.0,20.0,10.0,4.800000000000001,10.0,0.08636363636363636,0.17482517482517487,13.51,moderate,2026-07-20
161,161,0,Overnight (0–6),6,23.5,20.0,27.0,7.0,4.0,7.0,4.9,7.0,0.11875,0.22875816993464057,17.88,moderate,2026-07-20
161,161,0,PM Peak (15–19),16,34.0,33.0,34.0,1.0,16.0,8.0,8.0,8.0,0.10555555555555556,0.04065040650406505,6.13,moderate,2026-07-20
161,161,1,AM Peak (6–9),12,29.5,24.0,31.0,7.0,12.0,5.0,0.5000000000000004,12.0,0.15833333333333333,0.22875816993464057,19.27,moderate,2026-07-20
161,161,1,Evening (19–24),17,27.0,22.0,27.0,5.0,15.0,4.0,4.0,11.0,0.19,0.17482517482517487,17.14,moderate,2026-07-20
161,161,1,Midday (9–15),20,30.0,30.0,40.0,10.0,17.0,11.0,3.6,11.0,0.07916666666666666,0.29761904761904767,20.63,moderate,2026-07-20
161,161,1,Overnight (0–6),6,22.0,13.716666666666667,23.0,9.283333333333333,4.0,12.0,3.3000000000000007,13.7,0.07307692307692307,0.2823112012164218,19.5,moderate,2026-07-20
161,161,1,PM Peak (15–19),16,40.0,38.0,40.0,2.0,16.0,8.0,8.0,8.0,0.10555555555555556,0.07812500000000001,8.38,moderate,2026-07-20
162,162,0,AM Peak (6–9),6,30.0,30.0,30.0,0.0,6.0,1.0,1.0,1.0,0.475,0.0,16.62,no recovery time,2026-07-20
162,162,0,Evening (19–24),6,30.0,30.0,30.0,0.0,6.0,1.0,1.0,1.0,0.475,0.0,16.62,no recovery time,2026-07-20
162,162,0,Midday (9–15),12,30.0,30.0,30.0,0.0,10.0,1.0,1.0,1.0,0.475,0.0,16.62,no recovery time,2026-07-20
162,162,0,Overnight (0–6),2,19.03333333333333,10.26,27.80666666666667,17.546666666666667,1.0,3.0,3.0,3.0,0.2375,0.4264419961114712,33.9,very low recovery time,2026-07-20
162,162,0,PM Peak (15–19),8,30.0,30.0,30.0,0.0,8.0,1.0,1.0,1.0,0.475,0.0,16.62,no recovery time,2026-07-20
162,162,1,AM Peak (6–9),6,28.0,28.0,28.0,0.0,6.0,1.0,1.0,1.0,0.475,0.0,16.62,no recovery time,2026-07-20
162,162,1,Evening (19–24),7,28.0,28.0,28.0,0.0,6.0,1.0,1.0,1.0,0.475,0.0,16.62,no recovery time,2026-07-20
162,162,1,Midday (9–15),12,28.0,28.0,28.0,0.0,12.0,1.0,1.0,1.0,0.475,0.0,16.62,no recovery time,2026-07-20
162,162,1,PM Peak (15–19),8,28.0,28.0,28.0,0.0,8.0,1.0,1.0,1.0,0.475,0.0,16.62,no recovery time,2026-07-20
164,164,0,AM Peak (6–9),7,28.0,25.2,28.0,2.8000000000000007,7.0,2.0,1.0,5.0,0.31666666666666665,0.1060606060606061,17.45,very low recovery time,2026-07-20
164,164,0,Evening (19–24),11,24.0,22.0,24.0,2.0,11.0,6.0,3.0,8.0,0.1357142857142857,0.07812500000000001,9.44,moderate,2026-07-20
164,164,0,Midday (9–15),13,26.0,26.0,26.0,0.0,13.0,4.0,4.0,4.0,0.19,0.0,6.65,moderate,2026-07-20
164,164,0,Overnight (0–6),5,22.0,22.0,24.0,2.0,4.0,3.0,0.9000000000000001,3.0,0.2375,0.07812500000000001,13.0,very low recovery time,2026-07-20
164,164,0,PM Peak (15–19),9,30.0,30.0,30.0,0.0,9.0,5.0,5.0,5.2,0.15833333333333333,0.0,5.54,moderate,2026-07-20
164,164,1,AM Peak (6–9),7,31.0,29.0,31.4,2.3999999999999986,7.0,5.0,4.6,7.600000000000001,0.15833333333333333,0.09230769230769229,11.08,moderate,2026-07-20
164,164,1,Evening (19–24),11,27.0,24.0,27.0,3.0,10.0,3.0,1.0,15.799999999999997,0.2375,0.11278195488721807,15.08,very low recovery time,2026-07-20
164,164,1,Midday (9–15),12,26.0,26.0,26.0,0.0,12.0,4.0,4.0,18.300000000000004,0.19,0.0,6.65,moderate,2026-07-20
164,164,1,Overnight (0–6),5,24.0,24.0,25.0,1.0,4.0,1.0,1.0,8.700000000000003,0.475,0.04065040650406505,19.06,no recovery time,2026-07-20
164,164,1,PM Peak (15–19),10,32.0,31.8,32.0,0.1999999999999993,9.0,8.0,8.0,8.0,0.10555555555555556,0.008403361344537787,4.2,moderate,2026-07-20
165,165,0,AM Peak (6–9),24,61.0,56.6,62.0,5.399999999999999,24.0,8.0,4.0,10.0,0.10555555555555556,0.18620689655172412,14.87,moderate,2026-07-20
165,165,0,Evening (19–24),36,43.5,3.433333333333333,48.0,44.56666666666667,29.0,4.0,4.0,5.599999999999998,0.19,0.6537897310513449,45.88,high schedule variability,2026-07-20
165,165,0,Midday (9–15),38,60.0,60.0,70.0,10.0,33.0,4.0,4.0,8.600000000000001,0.19,0.29761904761904767,24.51,moderate,2026-07-20
165,165,0,Overnight (0–6),27,40.0,2.716666666666667,56.0,53.28333333333333,14.0,5.0,0.30000000000000004,8.0,0.15833333333333333,0.693041404725775,47.12,high schedule variability,2026-07-20
165,165,0,PM Peak (15–19),24,70.0,58.2,70.0,11.799999999999997,23.0,9.0,9.0,9.0,0.095,0.3333333333333333,23.32,moderate,2026-07-20
165,165,1,AM Peak (6–9),24,64.0,58.0,68.4,10.400000000000006,25.0,4.0,0.40000000000000036,4.0,0.19,0.30588235294117666,25.0,moderate,2026-07-20
165,165,1,Evening (19–24),32,56.0,51.0,61.0,10.0,36.0,2.0,0.0,7.5,0.31666666666666665,0.29761904761904767,28.94,very low recovery time,2026-07-20
165,165,1,Midday (9–15),37,70.0,70.0,76.0,6.0,38.0,6.0,0.7000000000000002,9.0,0.1357142857142857,0.20270270270270274,16.91,moderate,2026-07-20
165,165,1,Overnight (0–6),27,48.0,15.516666666666667,58.0,42.483333333333334,23.0,0.0,0.0,4.600000000000001,0.95,0.6428751576292561,71.82,"no recovery time, high schedule variability",2026-07-20
165,165,1,PM Peak (15–19),25,76.0,65.2,76.0,10.799999999999997,23.0,5.0,5.0,5.0,0.15833333333333333,0.313953488372093,24.38,moderate,2026-07-20
166,166,0,AM Peak (6–9),7,24.0,24.0,24.0,0.0,7.0,18.0,18.0,18.0,0.049999999999999996,0.0,1.75,moderate,2026-07-20
166,166,0,Evening (19–24),1,7.0,7.0,7.0,0.0,,10.0,,,0.08636363636363636,0.0,3.02,moderate,2026-07-20
166,166,0,Midday (9–15),2,17.0,8.2,25.8,17.6,,10.0,,,0.08636363636363636,0.42718446601941756,28.65,moderate,2026-07-20
166,166,0,Overnight (0–6),2,24.0,24.0,24.0,0.0,1.0,18.0,18.0,18.0,0.049999999999999996,0.0,1.75,moderate,2026-07-20
166,166,0,PM Peak (15–19),10,28.0,28.0,28.0,0.0,10.0,6.0,6.0,6.0,0.1357142857142857,0.0,4.75,moderate,2026-07-20
166,166,1,AM Peak (6–9),8,31.0,25.6,31.0,5.399999999999999,7.0,2.0,2.0,2.0,0.31666666666666665,0.18620689655172412,22.26,very low recovery time,2026-07-20
166,166,1,Evening (19–24),1,35.15,35.15,35.15,0.0,1.0,2.0,2.0,2.0,0.31666666666666665,0.0,11.08,very low recovery time,2026-07-20
166,166,1,Midday (9–15),4,22.058333333333334,16.0,35.735,19.735,2.0,2.0,2.0,2.0,0.31666666666666665,0.4554055613245645,38.41,very low recovery time,2026-07-20
166,166,1,Overnight (0–6),1,13.0,13.0,13.0,0.0,1.0,2.0,2.0,2.0,0.31666666666666665,0.0,11.08,very low recovery time,2026-07-20
166,166,1,PM Peak (15–19),9,39.0,39.0,39.0,0.0,10.0,2.0,2.0,2.0,0.31666666666666665,0.0,11.08,very low recovery time,2026-07-20
167,167,0,AM Peak (6–9),6,26.0,26.0,26.0,0.0,6.0,4.0,4.0,4.0,0.19,0.0,6.65,moderate,2026-07-20
167,167,0,Evening (19–24),10,26.0,22.0,26.0,4.0,10.0,4.0,4.0,8.0,0.19,0.1449275362318841,15.35,moderate,2026-07-20
167,167,0,Midday (9–15),12,28.0,28.0,28.0,0.0,12.0,2.0,2.0,2.0,0.31666666666666665,0.0,11.08,very low recovery time,2026-07-20
167,167,0,Overnight (0–6),4,22.0,22.0,24.8,2.8000000000000007,4.0,8.0,5.2,8.0,0.10555555555555556,0.1060606060606061,10.06,moderate,2026-07-20
167,167,0,PM Peak (15–19),8,29.0,28.1,29.0,0.8999999999999986,8.0,1.0,1.0,1.8999999999999995,0.475,0.036734693877550975,18.83,no recovery time,2026-07-20
167,167,1,AM Peak (6–9),6,24.0,24.0,24.0,0.0,6.0,6.0,6.0,6.0,0.1357142857142857,0.0,4.75,moderate,2026-07-20
167,167,1,Evening (19–24),10,23.0,23.0,25.0,2.0,10.0,7.0,5.0,7.0,0.11875,0.07812500000000001,8.84,moderate,2026-07-20
167,167,1,Midday (9–15),12,25.0,25.0,25.0,0.0,12.0,5.0,5.0,5.0,0.15833333333333333,0.0,5.54,moderate,2026-07-20
167,167,1,Overnight (0–6),5,23.0,23.0,23.6,0.6000000000000014,3.0,7.0,6.2,7.0,0.11875,0.02479338842975213,5.64,moderate,2026-07-20
167,167,1,PM Peak (15–19),8,25.0,25.0,25.0,0.0,8.0,5.0,5.0,5.0,0.15833333333333333,0.0,5.54,moderate,2026-07-20
168,168,0,AM Peak (6–9),12,28.0,23.2,28.0,4.800000000000001,12.0,7.0,2.0,7.0,0.11875,0.1690140845070423,14.3,moderate,2026-07-20
168,168,0,Evening (19–24),17,20.0,18.0,27.0,9.0,18.0,4.5,2.0,9.0,0.17272727272727273,0.2760736196319019,22.61,moderate,2026-07-20
168,168,0,Midday (9–15),25,26.0,26.0,30.6,4.600000000000001,25.0,11.0,10.0,11.0,0.07916666666666666,0.1631205673758866,12.56,moderate,2026-07-20
168,168,0,Overnight (0–6),11,18.0,18.0,23.0,5.0,9.0,4.0,3.4000000000000004,11.2,0.19,0.17482517482517487,17.14,moderate,2026-07-20
168,168,0,PM Peak (15–19),16,32.0,27.0,32.0,5.0,16.0,10.0,8.5,10.0,0.08636363636363636,0.17482517482517487,13.51,moderate,2026-07-20
168,168,1,AM Peak (6–9),13,28.0,21.8,28.0,6.199999999999999,12.0,7.0,0.20000000000000018,7.0,0.11875,0.20805369127516782,16.64,moderate,2026-07-20
168,168,1,Evening (19–24),18,23.0,19.0,28.3,9.3,16.0,5.0,2.5,10.0,0.15833333333333333,0.2826747720364743,22.5,moderate,2026-07-20
168,168,1,Midday (9–15),24,28.0,28.0,32.099999999999994,4.099999999999994,23.0,10.0,10.0,13.600000000000001,0.08636363636363636,0.14801444043321285,11.9,moderate,2026-07-20
168,168,1,Overnight (0–6),10,19.0,17.0,21.0,4.0,9.0,3.0,2.4000000000000004,14.8,0.2375,0.1449275362318841,17.01,very low recovery time,2026-07-20
168,168,1,PM Peak (15–19),17,33.0,29.0,33.0,4.0,17.0,9.0,2.6,9.4,0.095,0.1449275362318841,12.02,moderate,2026-07-20
169,169,0,AM Peak (6–9),6,36.0,33.5,36.0,2.5,6.0,10.0,9.0,12.0,0.08636363636363636,0.09578544061302684,8.77,moderate,2026-07-20
169,169,0,Evening (19–24),10,39.0,37.0,39.0,2.0,10.0,6.0,5.9,8.0,0.1357142857142857,0.07812500000000001,9.44,moderate,2026-07-20
169,169,0,Midday (9–15),12,38.0,38.0,39.8,1.7999999999999972,12.0,7.0,7.0,7.0,0.11875,0.07086614173228338,8.41,moderate,2026-07-20
169,169,0,Overnight (0–6),4,37.0,34.2,37.0,2.799999999999997,2.0,8.0,8.0,8.0,0.10555555555555556,0.10606060606060598,10.06,moderate,2026-07-20
169,169,0,PM Peak (15–19),8,40.0,40.0,40.0,0.0,8.0,5.0,5.0,5.0,0.15833333333333333,0.0,5.54,moderate,2026-07-20
169,169,1,AM Peak (6–9),6,40.0,36.0,41.0,5.0,6.0,7.0,4.0,10.5,0.11875,0.17482517482517487,14.65,moderate,2026-07-20
169,169,1,Evening (19–24),10,37.0,36.0,37.0,1.0,10.0,8.0,7.4,9.0,0.10555555555555556,0.04065040650406505,6.13,moderate,2026-07-20
169,169,1,Midday (9–15),12,39.0,39.0,42.8,3.799999999999997,12.0,6.0,4.0,6.0,0.1357142857142857,0.13868613138686126,13.07,moderate,2026-07-20
169,169,1,Overnight (0–6),5,36.0,29.39,36.0,6.609999999999999,4.0,9.0,3.4000000000000004,9.0,0.095,0.21880172128434297,16.45,moderate,2026-07-20
169,169,1,PM Peak (15–19),8,43.0,43.0,43.0,0.0,8.0,2.0,2.0,2.0,0.31666666666666665,0.0,11.08,very low recovery time,2026-07-20
171,171,0,AM Peak (6–9),8,13.95,11.95,13.95,2.0,8.0,1.0,1.0,1.0,0.475,0.07812500000000001,21.31,no recovery time,2026-07-20
171,171,0,Evening (19–24),15,11.95,11.1,11.95,0.8499999999999996,15.0,1.0,0.40000000000000013,1.0,0.475,0.03476482617586911,18.71,no recovery time,2026-07-20
171,171,0,Midday (9–15),14,12.95,12.95,15.140000000000002,2.190000000000003,14.0,1.0,1.0,1.0,0.475,0.08491663435440105,21.72,no recovery time,2026-07-20
171,171,0,Overnight (0–6),10,8.341666666666667,5.316666666666666,11.95,6.633333333333333,10.0,1.0,0.21666666666666667,1.0333333333333334,0.475,0.21940463065049617,29.79,no recovery time,2026-07-20
171,171,0,PM Peak (15–19),8,15.65,15.05,15.65,0.5999999999999996,8.0,1.0,1.0,1.0,0.475,0.024793388429752056,18.11,no recovery time,2026-07-20
171,171,1,AM Peak (6–9),8,22.866666666666667,17.083333333333332,22.866666666666667,5.783333333333335,,10.0,,,0.08636363636363636,0.19682359614293826,14.83,moderate,2026-07-20
171,171,1,Evening (19–24),15,18.983333333333334,17.083333333333332,18.983333333333334,1.9000000000000021,,10.0,,,0.08636363636363636,0.07450980392156872,7.49,moderate,2026-07-20
171,171,1,Midday (9–15),14,22.866666666666667,22.866666666666667,25.333333333333336,2.4666666666666686,,10.0,,,0.08636363636363636,0.09462915601023027,8.7,moderate,2026-07-20
171,171,1,Overnight (0–6),11,17.083333333333332,5.833333333333333,17.083333333333332,11.25,,10.0,,,0.08636363636363636,0.3228120516499283,22.39,moderate,2026-07-20
171,171,1,PM Peak (15–19),8,25.633333333333333,24.838333333333335,25.633333333333333,0.7949999999999982,,10.0,,,0.08636363636363636,0.03258864521418317,4.98,moderate,2026-07-20
184,184,0,AM Peak (6–9),6,11.0,11.0,11.0,0.0,,10.0,,,0.08636363636363636,0.0,3.02,moderate,2026-07-20
184,184,0,Evening (19–24),12,10.0,9.0,10.0,1.0,,10.0,,,0.08636363636363636,0.04065040650406505,5.46,moderate,2026-07-20
184,184,0,Midday (9–15),13,10.0,10.0,11.8,1.8000000000000007,,10.0,,,0.08636363636363636,0.0708661417322835,7.27,moderate,2026-07-20
184,184,0,Overnight (0–6),5,9.0,9.0,9.0,0.0,,10.0,,,0.08636363636363636,0.0,3.02,moderate,2026-07-20
184,184,0,PM Peak (15–19),8,12.0,12.0,12.0,0.0,,10.0,,,0.08636363636363636,0.0,3.02,moderate,2026-07-20
184,184,1,AM Peak (6–9),6,8.0,8.0,8.0,0.0,6.0,0.0,0.0,0.0,0.95,0.0,33.25,no recovery time,2026-07-20
184,184,1,Evening (19–24),13,8.0,8.0,8.0,0.0,12.0,0.0,0.0,0.0,0.95,0.0,33.25,no recovery time,2026-07-20
184,184,1,Midday (9–15),13,8.0,8.0,8.8,0.8000000000000007,13.0,0.0,0.0,0.0,0.95,0.032786885245901676,35.22,no recovery time,2026-07-20
184,184,1,Overnight (0–6),4,8.0,8.0,8.0,0.0,5.0,0.0,0.0,0.0,0.95,0.0,33.25,no recovery time,2026-07-20
184,184,1,PM Peak (15–19),8,9.0,9.0,9.0,0.0,8.0,0.0,0.0,0.0,0.95,0.0,33.25,no recovery time,2026-07-20
185,185,0,AM Peak (6–9),8,19.0,14.0,19.3,5.300000000000001,8.0,5.0,3.0,5.0,0.15833333333333333,0.18339100346020767,16.55,moderate,2026-07-20
185,185,0,Evening (19–24),15,17.0,13.0,17.0,4.0,16.0,3.0,3.0,5.0,0.2375,0.1449275362318841,17.01,very low recovery time,2026-07-20
185,185,0,Midday (9–15),14,19.0,19.0,19.700000000000003,0.7000000000000028,14.0,5.0,4.3,5.0,0.15833333333333333,0.028806584362140036,7.27,moderate,2026-07-20
185,185,0,Overnight (0–6),10,13.0,11.986666666666666,14.0,2.0133333333333336,8.0,4.0,2.0,5.6,0.19,0.07860489328474755,11.37,moderate,2026-07-20
185,185,0,PM Peak (15–19),10,22.0,21.8,22.0,0.1999999999999993,10.0,3.0,3.0,3.0,0.2375,0.008403361344537787,8.82,very low recovery time,2026-07-20
185,185,1,AM Peak (6–9),8,22.0,17.0,22.0,5.0,8.0,3.5,2.0,4.0,0.2111111111111111,0.17482517482517487,17.88,moderate,2026-07-20
185,185,1,Evening (19–24),15,18.0,16.0,18.0,2.0,16.0,2.0,2.0,2.0,0.31666666666666665,0.07812500000000001,15.77,very low recovery time,2026-07-20
185,185,1,Midday (9–15),14,21.0,21.0,21.0,0.0,14.0,5.0,4.0,5.0,0.15833333333333333,0.0,5.54,moderate,2026-07-20
185,185,1,Overnight (0–6),9,16.0,13.0,17.0,4.0,8.0,2.0,1.4000000000000001,3.015,0.31666666666666665,0.1449275362318841,19.78,very low recovery time,2026-07-20
185,185,1,PM Peak (15–19),10,23.0,22.8,23.0,0.1999999999999993,10.0,2.0,2.0,2.0,0.31666666666666665,0.008403361344537787,11.59,very low recovery time,2026-07-20
189,189,0,AM Peak (6–9),7,25.0,25.0,25.0,0.0,,10.0,,,0.08636363636363636,0.0,3.02,moderate,2026-07-20
189,189,0,Evening (19–24),11,19.0,17.0,19.0,2.0,,10.0,,,0.08636363636363636,0.07812500000000001,7.71,moderate,2026-07-20
189,189,0,Midday (9–15),14,24.0,24.0,24.0,0.0,,10.0,,,0.08636363636363636,0.0,3.02,moderate,2026-07-20
189,189,0,Overnight (0–6),5,17.0,12.8,24.6,11.8,1.0,0.0,0.0,0.0,0.95,0.3333333333333334,53.25,no recovery time,2026-07-20
189,189,0,PM Peak (15–19),9,29.0,23.0,29.0,6.0,,10.0,,,0.08636363636363636,0.20270270270270274,15.18,moderate,2026-07-20
189,189,1,AM Peak (6–9),7,18.0,18.0,18.0,0.0,7.0,0.0,0.0,0.0,0.95,0.0,33.25,no recovery time,2026-07-20
189,189,1,Evening (19–24),10,16.0,13.0,16.0,3.0,11.0,0.0,0.0,0.0,0.95,0.11278195488721807,40.02,no recovery time,2026-07-20
189,189,1,Midday (9–15),14,19.0,19.0,19.0,0.0,14.0,0.0,0.0,0.0,0.95,0.0,33.25,no recovery time,2026-07-20
189,189,1,Overnight (0–6),5,13.0,8.8,15.4,6.6,4.0,0.0,0.0,0.0,0.95,0.2185430463576159,46.36,no recovery time,2026-07-20
189,189,1,PM Peak (15–19),9,21.0,18.4,21.0,2.6000000000000014,9.0,0.0,0.0,0.0,0.95,0.09923664122137411,39.2,no recovery time,2026-07-20
191,191,0,AM Peak (6–9),9,21.0,17.0,21.0,4.0,7.0,15.0,3.0000000000000004,19.4,0.059375,0.1449275362318841,10.77,moderate,2026-07-20
191,191,0,Evening (19–24),16,14.0,14.0,14.0,0.0,15.0,8.0,8.0,10.0,0.10555555555555556,0.0,3.69,moderate,2026-07-20
191,191,0,Midday (9–15),14,19.0,19.0,19.0,0.0,14.0,9.0,5.6,9.0,0.095,0.0,3.32,moderate,2026-07-20
191,191,0,Overnight (0–6),5,14.0,9.91,15.8,5.890000000000001,4.0,10.0,10.0,12.100000000000001,0.08636363636363636,0.1997287216005426,15.01,moderate,2026-07-20
191,191,0,PM Peak (15–19),12,21.0,20.0,22.0,2.0,12.0,12.0,11.0,17.0,0.07307692307692307,0.07812500000000001,7.25,moderate,2026-07-20
191,191,1,AM Peak (6–9),9,24.0,22.0,24.0,2.0,9.0,0.0,0.0,2.0,0.95,0.07812500000000001,37.94,no recovery time,2026-07-20
191,191,1,Evening (19–24),15,18.0,16.0,18.0,2.0,16.0,0.0,0.0,0.0,0.95,0.07812500000000001,37.94,no recovery time,2026-07-20
191,191,1,Midday (9–15),14,22.0,22.0,23.400000000000002,1.4000000000000021,14.0,0.0,0.0,0.0,0.95,0.05600000000000009,36.61,no recovery time,2026-07-20
191,191,1,Overnight (0–6),6,16.0,9.65,16.0,6.35,5.0,0.0,0.0,2.4000000000000004,0.95,0.21202003338898165,45.97,no recovery time,2026-07-20
191,191,1,PM Peak (15–19),12,25.0,23.0,27.0,4.0,12.0,0.0,0.0,0.0,0.95,0.1449275362318841,41.95,no recovery time,2026-07-20
200,200,0,AM Peak (6–9),2,18.0,18.0,18.0,0.0,1.0,4.0,4.0,4.0,0.19,0.0,6.65,moderate,2026-07-20
200,200,0,Evening (19–24),4,19.0,19.0,19.0,0.0,4.0,4.0,4.0,4.0,0.19,0.0,6.65,moderate,2026-07-20
200,200,0,Midday (9–15),18,19.0,19.0,19.0,0.0,18.0,4.0,4.0,4.0,0.19,0.0,6.65,moderate,2026-07-20
200,200,0,PM Peak (15–19),12,19.0,19.0,19.0,0.0,12.0,4.0,4.0,4.0,0.19,0.0,6.65,moderate,2026-07-20
200,200,1,AM Peak (6–9),2,17.0,17.0,17.0,0.0,1.0,0.0,0.0,0.0,0.95,0.0,33.25,no recovery time,2026-07-20
200,200,1,Evening (19–24),4,17.0,17.0,17.0,0.0,4.0,0.0,0.0,0.0,0.95,0.0,33.25,no recovery time,2026-07-20
200,200,1,Midday (9–15),18,17.0,17.0,17.0,0.0,17.0,0.0,0.0,0.0,0.95,0.0,33.25,no recovery time,2026-07-20
200,200,1,PM Peak (15–19),12,17.0,17.0,17.0,0.0,12.0,0.0,0.0,0.0,0.95,0.0,33.25,no recovery time,2026-07-20
201,201,0,Evening (19–24),8,20.0,20.0,20.0,0.0,8.0,0.0,0.0,0.8999999999999995,0.95,0.0,33.25,no recovery time,2026-07-20
201,201,0,Midday (9–15),14,20.0,20.0,20.0,0.0,13.0,0.0,0.0,0.0,0.95,0.0,33.25,no recovery time,2026-07-20
201,201,0,PM Peak (15–19),10,20.0,20.0,20.0,0.0,11.0,0.0,0.0,0.0,0.95,0.0,33.25,no recovery time,2026-07-20
201,201,1,Evening (19–24),8,20.0,20.0,20.0,0.0,7.0,5.0,5.0,5.0,0.15833333333333333,0.0,5.54,moderate,2026-07-20
201,201,1,Midday (9–15),13,20.0,20.0,20.0,0.0,12.0,5.0,5.0,5.0,0.15833333333333333,0.0,5.54,moderate,2026-07-20
201,201,1,PM Peak (15–19),11,20.0,20.0,20.0,0.0,11.0,5.0,5.0,5.0,0.15833333333333333,0.0,5.54,moderate,2026-07-20
202,202,0,Evening (19–24),12,20.0,20.0,25.0,5.0,13.0,4.0,2.4000000000000004,7.600000000000001,0.19,0.17482517482517487,17.14,moderate,2026-07-20
202,202,0,Midday (9–15),14,22.0,22.0,26.200000000000006,4.200000000000006,14.0,4.0,4.0,4.0,0.19,0.1510791366906477,15.71,moderate,2026-07-20
202,202,0,PM Peak (15–19),9,28.0,25.0,28.0,3.0,8.0,4.0,4.0,10.099999999999998,0.19,0.11278195488721807,13.42,moderate,2026-07-20
202,202,1,Evening (19–24),13,17.0,17.0,18.0,1.0,11.0,4.0,4.0,9.0,0.19,0.04065040650406505,9.09,moderate,2026-07-20
202,202,1,Midday (9–15),14,19.0,19.0,21.800000000000004,2.8000000000000043,14.0,5.0,5.0,5.0,0.15833333333333333,0.10606060606060623,11.91,moderate,2026-07-20
202,202,1,PM Peak (15–19),10,23.0,18.0,23.0,5.0,9.0,5.0,5.0,9.0,0.15833333333333333,0.17482517482517487,16.03,moderate,2026-07-20
203,203,0,AM Peak (6–9),3,7.0,7.0,7.0,0.0,3.0,0.0,0.0,0.0,0.95,0.0,33.25,no recovery time,2026-07-20
203,203,0,Evening (19–24),1,7.0,7.0,7.0,0.0,1.0,0.0,0.0,0.0,0.95,0.0,33.25,no recovery time,2026-07-20
203,203,0,Midday (9–15),18,7.0,7.0,7.0,0.0,18.0,0.0,0.0,0.0,0.95,0.0,33.25,no recovery time,2026-07-20
203,203,0,PM Peak (15–19),12,7.0,7.0,7.0,0.0,12.0,0.0,0.0,0.0,0.95,0.0,33.25,no recovery time,2026-07-20
203,203,1,AM Peak (6–9),3,10.0,10.0,10.0,0.0,3.0,3.0,3.0,3.0,0.2375,0.0,8.31,very low recovery time,2026-07-20
203,203,1,Evening (19–24),1,10.0,10.0,10.0,0.0,,10.0,,,0.08636363636363636,0.0,3.02,moderate,2026-07-20
203,203,1,Midday (9–15),18,10.0,10.0,10.0,0.0,18.0,3.0,3.0,3.0,0.2375,0.0,8.31,very low recovery time,2026-07-20
203,203,1,PM Peak (15–19),12,10.0,10.0,10.0,0.0,12.0,3.0,3.0,3.0,0.2375,0.0,8.31,very low recovery time,2026-07-20
300,300,0,Overnight (0–6),50,73.0,3.0,76.0,73.0,32.0,10.0,0.0,15.0,0.08636363636363636,0.7556935817805384,48.36,high schedule variability,2026-07-20
300,300,1,Overnight (0–6),38,80.0,53.900000000000006,85.0,31.099999999999994,10.0,9.0,0.0,9.0,0.095,0.5685557586837294,37.44,high schedule variability,2026-07-20
307,307,0,Overnight (0–6),9,29.0,26.576666666666668,31.4,4.823333333333331,9.0,17.0,6.800000000000001,17.6,0.05277777777777778,0.1696962589421836,12.03,moderate,2026-07-20
307,307,1,Overnight (0–6),15,30.0,16.0,41.2,25.200000000000003,7.0,6.0,4.6,14.0,0.1357142857142857,0.516393442622951,35.73,high schedule variability,2026-07-20
309,309,0,AM Peak (6–9),1,5.833333333333333,5.833333333333333,5.833333333333333,0.0,,10.0,,,0.08636363636363636,0.0,3.02,moderate,2026-07-20
309,309,0,Overnight (0–6),20,18.0,5.833333333333333,18.0,12.166666666666668,14.0,0.0,0.0,0.0,0.95,0.34016775396085747,53.66,no recovery time,2026-07-20
309,309,1,Overnight (0–6),14,20.0,20.0,20.0,0.0,13.0,2.0,2.0,2.0,0.31666666666666665,0.0,11.08,very low recovery time,2026-07-20
311,311,0,Overnight (0–6),11,35.733333333333334,35.733333333333334,35.733333333333334,0.0,9.0,6.0,0.0,7.000000000000001,0.1357142857142857,0.0,4.75,moderate,2026-07-20
311,311,1,AM Peak (6–9),2,10.783333333333333,10.783333333333333,10.783333333333333,0.0,,10.0,,,0.08636363636363636,0.0,3.02,moderate,2026-07-20
311,311,1,Overnight (0–6),18,30.766666666666666,10.783333333333333,30.766666666666666,19.983333333333334,,10.0,,,0.08636363636363636,0.458508604206501,30.53,moderate,2026-07-20
315,315,0,Overnight (0–6),7,27.95,27.95,28.37,0.4200000000000017,1.0,2.0,2.0,2.0,0.31666666666666665,0.017485428809325635,12.13,very low recovery time,2026-07-20
315,315,1,Overnight (0–6),8,27.883333333333333,27.883333333333333,29.0,1.1166666666666671,6.0,0.0,0.0,7.0,0.95,0.04517869184086314,35.96,no recovery time,2026-07-20
316,316,0,Overnight (0–6),6,41.0,41.0,41.0,0.0,5.0,8.0,8.0,8.0,0.10555555555555556,0.0,3.69,moderate,2026-07-20
316,316,1,Overnight (0–6),6,41.0,41.0,41.0,0.0,4.0,0.0,0.0,0.0,0.95,0.0,33.25,no recovery time,2026-07-20
320,320,0,Overnight (0–6),39,45.88333333333333,40.15,54.2,14.050000000000004,30.0,8.0,8.0,12.100000000000001,0.10555555555555556,0.37317397078353265,26.08,moderate,2026-07-20
320,320,1,Overnight (0–6),34,47.0,25.433333333333334,48.0,22.566666666666666,7.0,4.0,2.2,4.0,0.19,0.4888086642599279,35.98,high schedule variability,2026-07-20
322,322,0,Overnight (0–6),7,23.0,20.2,23.0,2.8000000000000007,5.0,9.0,3.6,9.0,0.095,0.1060606060606061,9.69,moderate,2026-07-20
322,322,1,Overnight (0–6),7,23.0,14.71,23.0,8.29,1.0,1.0333333333333334,1.0333333333333334,1.0333333333333334,0.4672131147540984,0.25995609909062406,31.95,very low recovery time,2026-07-20
324,324,0,Overnight (0–6),7,36.0,36.0,36.0,0.0,6.0,5.0,5.0,5.0,0.15833333333333333,0.0,5.54,moderate,2026-07-20
324,324,1,Overnight (0–6),6,36.0,36.0,38.5,2.5,4.0,13.0,13.0,13.7,0.06785714285714285,0.09578544061302684,8.12,moderate,2026-07-20
325,325,0,Overnight (0–6),9,51.0,38.58,51.4,12.82,3.0,7.0,7.0,10.2,0.11875,0.3520043931905547,25.28,moderate,2026-07-20
325,325,1,Overnight (0–6),8,51.0,34.65,51.0,16.35,7.0,7.0,3.6133333333333333,7.800000000000001,0.11875,0.40926157697121407,28.71,moderate,2026-07-20
329,329,0,Overnight (0–6),13,41.86666666666667,19.043333333333333,59.0,39.95666666666666,11.0,2.0,1.0,9.0,0.31666666666666665,0.6286778203178266,48.8,"very low recovery time, high schedule variability",2026-07-20
329,329,1,Overnight (0–6),15,46.63333333333333,18.946666666666673,59.0,40.05333333333333,4.0,0.0,0.0,0.0,0.95,0.6292417260159195,71.0,"no recovery time, high schedule variability",2026-07-20
334,334,0,Overnight (0–6),26,71.0,0.5833333333333334,88.0,87.41666666666667,12.0,0.0,0.0,0.0,0.95,0.7874193064104489,80.5,"no recovery time, high schedule variability",2026-07-20
334,334,1,Overnight (0–6),29,81.0,1.6,96.99999999999999,95.39999999999999,3.0,10.0,8.4,13.2,0.08636363636363636,0.8016806722689076,51.12,high schedule variability,2026-07-20
335,335,0,Overnight (0–6),12,42.0,8.0,42.0,34.0,6.0,4.0,0.0,18.0,0.19,0.5902777777777778,42.07,high schedule variability,2026-07-20
335,335,1,Overnight (0–6),11,40.0,5.0,40.0,35.0,11.0,9.0,6.0,10.0,0.095,0.5972696245733788,39.16,high schedule variability,2026-07-20
336,336,0,Overnight (0–6),18,40.9,24.486666666666668,53.0,28.513333333333332,12.0,0.0,0.0,6.800000000000001,0.95,0.5471408468722017,66.08,"no recovery time, high schedule variability",2026-07-20
336,336,1,Overnight (0–6),19,33.0,27.6,54.0,26.4,,10.0,,,0.08636363636363636,0.528,34.7,high schedule variability,2026-07-20
337,337,0,Overnight (0–6),7,43.0,43.0,44.373333333333335,1.3733333333333348,4.0,3.0,0.9466666666666668,3.0,0.2375,0.0549919914575548,11.61,very low recovery time,2026-07-20
337,337,1,Overnight (0–6),7,44.0,42.95333333333333,45.4,2.4466666666666654,6.0,0.0,0.0,13.0,0.95,0.09393396467878165,38.89,no recovery time,2026-07-20
339,339,0,Overnight (0–6),14,35.0,5.0,35.0,30.0,13.0,0.0,0.0,0.0,0.95,0.5597014925373135,66.83,"no recovery time, high schedule variability",2026-07-20
339,339,1,AM Peak (6–9),1,1.75,1.75,1.75,0.0,,10.0,,,0.08636363636363636,0.0,3.02,moderate,2026-07-20
339,339,1,Overnight (0–6),17,34.0,1.75,39.0,37.25,9.0,0.0,0.0,0.0,0.95,0.6121610517666394,69.98,"no recovery time, high schedule variability",2026-07-20
340,340,0,Overnight (0–6),9,14.0,14.0,14.600000000000001,0.6000000000000014,8.0,3.0,2.1,3.0,0.2375,0.02479338842975213,9.8,very low recovery time,2026-07-20
340,340,1,Overnight (0–6),9,13.0,12.67,13.0,0.33000000000000007,8.0,0.0,0.0,0.0,0.95,0.013790221479314675,34.08,no recovery time,2026-07-20
341,341,0,Overnight (0–6),5,41.083333333333336,41.083333333333336,41.083333333333336,0.0,,10.0,,,0.08636363636363636,0.0,3.02,moderate,2026-07-20
341,341,1,Overnight (0–6),7,43.9,43.9,43.94,0.03999999999999915,7.0,4.0,2.4000000000000004,9.400000000000002,0.19,0.0016920473773265295,6.75,moderate,2026-07-20
343,343,0,Overnight (0–6),7,27.0,27.0,27.0,0.0,7.0,3.0,3.0,3.0,0.2375,0.0,8.31,very low recovery time,2026-07-20
343,343,1,Overnight (0–6),8,27.0,19.78,27.0,7.219999999999999,6.0,3.0,1.5,6.0,0.2375,0.23426346528228426,22.37,very low recovery time,2026-07-20
352,352,0,Overnight (0–6),14,29.5,4.0,55.0,51.0,9.0,1.0,0.0,7.2,0.475,0.6836461126005362,57.64,"no recovery time, high schedule variability",2026-07-20
352,352,1,Overnight (0–6),7,60.0,60.0,65.2,5.200000000000003,6.0,0.0,0.0,0.0,0.95,0.18055555555555566,44.08,no recovery time,2026-07-20
353,353,0,Overnight (0–6),14,60.0,1.15,60.0,58.85,12.0,1.0,1.0,1.0,0.475,0.7137659187386296,59.45,"no recovery time, high schedule variability",2026-07-20
353,353,1,AM Peak (6–9),2,5.833333333333333,5.833333333333333,5.833333333333333,0.0,,10.0,,,0.08636363636363636,0.0,3.02,moderate,2026-07-20
353,353,1,Overnight (0–6),12,58.0,5.833333333333333,58.0,52.166666666666664,7.0,1.0,1.0,1.0,0.475,0.6885173779146504,57.94,"no recovery time, high schedule variability",2026-07-20
354,354,0,Overnight (0–6),14,48.0,2.0,75.29000000000002,73.29000000000002,10.0,5.0,0.0,12.599999999999998,0.15833333333333333,0.7564248116420684,50.93,high schedule variability,2026-07-20
354,354,1,Overnight (0–6),17,47.333333333333336,2.0,50.85666666666667,48.85666666666667,7.0,11.0,9.8,17.800000000000004,0.07916666666666666,0.6742880802318628,43.23,high schedule variability,2026-07-20
363,363,0,Overnight (0–6),8,25.0,25.0,25.3,0.3000000000000007,8.0,8.0,0.0,8.0,0.10555555555555556,0.012552301255230158,4.45,moderate,2026-07-20
363,363,1,Overnight (0–6),9,24.0,20.0,31.400000000000002,11.400000000000002,,10.0,,,0.08636363636363636,0.3257142857142858,22.57,moderate,2026-07-20
365,365,0,Overnight (0–6),7,13.266666666666667,13.266666666666667,13.266666666666667,0.0,7.0,0.0,0.0,0.0,0.95,0.0,33.25,no recovery time,2026-07-20
365,365,1,Overnight (0–6),7,13.566666666666666,13.566666666666666,13.566666666666666,0.0,,10.0,,,0.08636363636363636,0.0,3.02,moderate,2026-07-20
384,384,0,Overnight (0–6),7,39.0,36.0,39.4,3.3999999999999986,2.0,11.5,11.1,11.9,0.076,0.1259259259259259,10.22,moderate,2026-07-20
384,384,1,Overnight (0–6),6,35.63333333333333,30.59166666666667,37.5,6.908333333333331,3.0,12.0,7.8533333333333335,14.4,0.07307692307692307,0.2264408631521442,16.14,moderate,2026-07-20
385,385,0,Overnight (0–6),7,50.86666666666667,46.46666666666667,52.31666666666667,5.850000000000001,4.0,10.5,3.7,11.0,0.08260869565217391,0.1986417657045841,14.81,moderate,2026-07-20
385,385,1,Overnight (0–6),8,51.86666666666667,39.09166666666667,51.86666666666667,12.774999999999999,,10.0,,,0.08636363636363636,0.3512027491408935,24.09,moderate,2026-07-20
386,386,0,Overnight (0–6),7,29.0,29.0,31.6,2.6000000000000014,4.0,3.0,0.0,8.8,0.2375,0.09923664122137411,14.27,very low recovery time,2026-07-20
386,386,1,Overnight (0–6),9,28.0,28.0,28.0,0.0,7.0,3.0,3.0,15.200000000000001,0.2375,0.0,8.31,very low recovery time,2026-07-20
395,395,0,Overnight (0–6),12,47.03333333333333,7.0,55.03333333333333,48.03333333333333,5.0,8.0,3.0,8.0,0.10555555555555556,0.670544439274081,43.93,high schedule variability,2026-07-20
395,395,1,Overnight (0–6),7,47.28333333333333,44.88333333333333,50.900000000000006,6.016666666666673,,10.0,,,0.08636363636363636,0.20315137872819378,15.21,moderate,2026-07-20
396,396,0,Overnight (0–6),9,43.53333333333333,36.666666666666664,43.53333333333333,6.866666666666667,,10.0,,,0.08636363636363636,0.22538293216630204,16.55,moderate,2026-07-20
396,396,1,Overnight (0–6),10,44.2,44.2,44.28,0.0799999999999983,5.0,5.0,5.0,5.0,0.15833333333333333,0.0033783783783783074,5.74,moderate,2026-07-20
403,403,0,Midday (9–15),4,37.0,37.0,37.0,0.0,3.0,0.0,0.0,24.0,0.95,0.0,33.25,no recovery time,2026-07-20
403,403,0,PM Peak (15–19),2,32.391666666666666,28.705000000000002,36.07833333333333,7.373333333333331,2.0,0.0,0.0,0.0,0.95,0.23805424020662935,47.53,no recovery time,2026-07-20
403,403,1,Midday (9–15),4,38.0,31.338333333333335,38.0,6.661666666666665,4.0,0.0,0.0,0.0,0.95,0.22013548493693894,46.46,no recovery time,2026-07-20
403,403,1,PM Peak (15–19),2,38.0,38.0,38.0,0.0,2.0,0.0,0.0,0.0,0.95,0.0,33.25,no recovery time,2026-07-20
404,404,0,Midday (9–15),6,60.0,60.0,60.0,0.0,5.0,0.0,0.0,0.0,0.95,0.0,33.25,no recovery time,2026-07-20
404,404,0,PM Peak (15–19),2,60.0,60.0,60.0,0.0,2.0,0.0,0.0,0.0,0.95,0.0,33.25,no recovery time,2026-07-20
404,404,1,Midday (9–15),6,60.0,60.0,65.0,5.0,5.0,5.0,0.0,33.0,0.15833333333333333,0.17482517482517487,16.03,moderate,2026-07-20
404,404,1,PM Peak (15–19),2,65.0,65.0,65.0,0.0,2.0,5.0,5.0,5.0,0.15833333333333333,0.0,5.54,moderate,2026-07-20
405,405,0,Midday (9–15),6,80.0,39.30833333333334,80.0,40.69166666666666,3.0,0.0,0.0,0.0,0.95,0.6329228775113416,71.23,"no recovery time, high schedule variability",2026-07-20
405,405,0,PM Peak (15–19),1,80.0,80.0,80.0,0.0,2.0,0.0,0.0,0.0,0.95,0.0,33.25,no recovery time,2026-07-20
405,405,1,Midday (9–15),5,70.0,32.14333333333333,70.0,37.85666666666667,5.0,0.0,0.0,17.96,0.95,0.6159895861582688,70.21,"no recovery time, high schedule variability",2026-07-20
405,405,1,PM Peak (15–19),2,70.0,70.0,70.0,0.0,1.0,0.0,0.0,0.0,0.95,0.0,33.25,no recovery time,2026-07-20
900,900,0,AM Peak (6–9),35,3.0,3.0,16.0,13.0,35.0,3.0,1.0,8.0,0.2375,0.35519125683060115,29.62,very low recovery time,2026-07-20
900,900,0,Evening (19–24),66,8.0,3.0,14.0,11.0,63.0,1.0,1.0,8.0,0.475,0.31791907514450873,35.7,no recovery time,2026-07-20
900,900,0,Midday (9–15),80,8.5,3.0,14.0,11.0,78.0,2.0,1.0,8.0,0.31666666666666665,0.31791907514450873,30.16,very low recovery time,2026-07-20
900,900,0,Overnight (0–6),20,8.0,3.0,13.0,10.0,19.0,5.0,0.0,10.999999999999996,0.15833333333333333,0.29761904761904767,23.4,moderate,2026-07-20
900,900,0,PM Peak (15–19),53,17.0,3.0,17.0,14.0,52.0,2.0,2.0,8.0,0.31666666666666665,0.37234042553191493,33.42,very low recovery time,2026-07-20
900,900,1,AM Peak (6–9),19,19.0,17.0,19.0,2.0,17.0,1.0,1.0,1.0,0.475,0.07812500000000001,21.31,no recovery time,2026-07-20
900,900,1,Evening (19–24),32,18.0,17.0,18.0,1.0,32.0,1.0,1.0,1.0,0.475,0.04065040650406505,19.06,no recovery time,2026-07-20
900,900,1,Midday (9–15),40,18.0,18.0,18.0,0.0,40.0,1.0,1.0,1.0,0.475,0.0,16.62,no recovery time,2026-07-20
900,900,1,Overnight (0–6),12,17.0,17.0,17.0,0.0,14.0,1.0,1.0,1.0,0.475,0.0,16.62,no recovery time,2026-07-20
900,900,1,PM Peak (15–19),27,23.0,23.0,23.0,0.0,27.0,1.0,1.0,1.0,0.475,0.0,16.62,no recovery time,2026-07-20
902,902,0,AM Peak (6–9),13,56.0,56.0,56.0,0.0,8.0,4.0,4.0,4.0,0.19,0.0,6.65,moderate,2026-07-20
902,902,0,Evening (19–24),4,6.283333333333333,6.283333333333333,6.283333333333333,0.0,,10.0,,,0.08636363636363636,0.0,3.02,moderate,2026-07-20
902,902,0,Midday (9–15),25,53.0,53.0,53.0,0.0,24.0,7.0,5.6000000000000005,7.0,0.11875,0.0,4.16,moderate,2026-07-20
902,902,0,PM Peak (15–19),17,61.0,61.0,61.0,0.0,16.0,10.0,5.0,11.0,0.08636363636363636,0.0,3.02,moderate,2026-07-20
902,902,1,AM Peak (6–9),18,57.0,8.1,57.0,48.9,13.0,3.0,0.0,3.0,0.2375,0.6744827586206896,48.78,"very low recovery time, high schedule variability",2026-07-20
902,902,1,Midday (9–15),24,53.0,53.0,56.0,3.0,25.0,7.0,5.4,7.0,0.11875,0.11278195488721807,10.92,moderate,2026-07-20
902,902,1,PM Peak (15–19),16,60.0,59.5,60.0,0.5,16.0,4.0,4.0,8.0,0.19,0.020746887966804985,7.89,moderate,2026-07-20
903,903,0,AM Peak (6–9),18,15.0,15.0,26.0,11.0,18.0,12.0,12.0,12.0,0.07307692307692307,0.31791907514450873,21.63,moderate,2026-07-20
903,903,0,Evening (19–24),15,24.0,15.0,24.0,9.0,14.0,12.0,5.5,12.0,0.07307692307692307,0.2760736196319019,19.12,moderate,2026-07-20
903,903,0,Midday (9–15),37,26.0,15.0,26.0,11.0,36.0,12.0,12.0,12.0,0.07307692307692307,0.31791907514450873,21.63,moderate,2026-07-20
903,903,0,Overnight (0–6),2,15.0,15.0,15.0,0.0,1.0,3.0,3.0,3.0,0.2375,0.0,8.31,very low recovery time,2026-07-20
903,903,0,PM Peak (15–19),25,16.0,16.0,27.0,11.0,24.0,12.0,12.0,12.0,0.07307692307692307,0.31791907514450873,21.63,moderate,2026-07-20
903,903,1,AM Peak (6–9),19,16.0,13.0,25.0,12.0,17.0,7.0,7.0,7.4,0.11875,0.3370786516853933,24.38,moderate,2026-07-20
903,903,1,Evening (19–24),15,24.0,13.0,24.0,11.0,14.0,8.0,5.9,12.0,0.10555555555555556,0.31791907514450873,22.77,moderate,2026-07-20
903,903,1,Midday (9–15),36,20.5,16.0,25.0,9.0,36.0,7.0,6.0,7.0,0.11875,0.2760736196319019,20.72,moderate,2026-07-20
903,903,1,PM Peak (15–19),24,21.5,16.0,27.0,11.0,24.0,11.0,6.0,24.0,0.07916666666666666,0.31791907514450873,21.85,moderate,2026-07-20
904,904,0,AM Peak (6–9),10,45.0,40.0,45.0,5.0,7.0,9.0,9.0,14.0,0.095,0.17482517482517487,13.81,moderate,2026-07-20
904,904,0,Evening (19–24),20,42.0,39.0,42.0,3.0,20.0,21.0,9.0,21.0,0.04318181818181818,0.11278195488721807,8.28,moderate,2026-07-20
904,904,0,Midday (9–15),30,45.0,45.0,45.0,0.0,29.0,12.0,12.0,12.0,0.07307692307692307,0.0,2.56,moderate,2026-07-20
904,904,0,Overnight (0–6),5,39.0,39.0,39.0,0.0,1.0,9.0,9.0,9.0,0.095,0.0,3.32,moderate,2026-07-20
904,904,0,PM Peak (15–19),16,50.0,50.0,50.0,0.0,16.0,13.0,12.5,15.5,0.06785714285714285,0.0,2.38,moderate,2026-07-20
904,904,1,AM Peak (6–9),11,47.0,43.0,47.0,4.0,8.0,4.0,4.0,9.5,0.19,0.1449275362318841,15.35,moderate,2026-07-20
904,904,1,Evening (19–24),20,40.0,37.0,40.0,3.0,20.0,2.0,2.0,7.0,0.31666666666666665,0.11278195488721807,17.85,very low recovery time,2026-07-20
904,904,1,Midday (9–15),30,45.0,45.0,45.0,0.0,30.0,6.0,6.0,6.0,0.1357142857142857,0.0,4.75,moderate,2026-07-20
904,904,1,Overnight (0–6),2,37.0,37.0,37.0,0.0,4.0,5.0,5.0,5.0,0.15833333333333333,0.0,5.54,moderate,2026-07-20
904,904,1,PM Peak (15–19),16,50.0,50.0,50.0,0.0,16.0,7.0,7.0,8.0,0.11875,0.0,4.16,moderate,2026-07-20
905,905,0,AM Peak (6–9),12,30.0,30.0,30.0,0.0,12.0,4.0,4.0,4.0,0.19,0.0,6.65,moderate,2026-07-20
905,905,0,Evening (19–24),13,30.0,30.0,30.0,0.0,15.0,5.0,5.0,5.0,0.15833333333333333,0.0,5.54,moderate,2026-07-20
905,905,0,Midday (9–15),35,31.0,30.0,31.0,1.0,34.0,3.0,3.0,3.0,0.2375,0.04065040650406505,10.75,very low recovery time,2026-07-20
905,905,0,Overnight (0–6),2,30.0,30.0,30.0,0.0,,10.0,,,0.08636363636363636,0.0,3.02,moderate,2026-07-20
905,905,0,PM Peak (15–19),16,36.0,33.0,36.0,3.0,16.0,2.0,2.0,2.0,0.31666666666666665,0.11278195488721807,17.85,very low recovery time,2026-07-20
905,905,1,AM Peak (6–9),12,31.0,31.0,31.0,0.0,9.0,10.0,8.8,10.0,0.08636363636363636,0.0,3.02,moderate,2026-07-20
905,905,1,Evening (19–24),15,30.0,30.0,30.0,0.0,13.0,10.0,5.800000000000001,10.0,0.08636363636363636,0.0,3.02,moderate,2026-07-20
905,905,1,Midday (9–15),35,30.0,30.0,31.0,1.0,35.0,6.0,6.0,6.0,0.1357142857142857,0.04065040650406505,7.19,moderate,2026-07-20
905,905,1,PM Peak (15–19),16,32.0,31.0,32.0,1.0,15.0,5.0,5.0,5.0,0.15833333333333333,0.04065040650406505,7.98,moderate,2026-07-20
906,906,0,AM Peak (6–9),12,28.0,28.0,28.0,0.0,12.0,8.0,8.0,8.0,0.10555555555555556,0.0,3.69,moderate,2026-07-20
906,906,0,Evening (19–24),12,27.0,27.0,27.0,0.0,12.0,9.0,7.1,9.0,0.095,0.0,3.32,moderate,2026-07-20
906,906,0,Midday (9–15),24,29.0,29.0,29.0,0.0,24.0,5.0,5.0,5.0,0.15833333333333333,0.0,5.54,moderate,2026-07-20
906,906,0,Overnight (0–6),4,28.0,28.0,28.0,0.0,2.0,8.0,8.0,8.0,0.10555555555555556,0.0,3.69,moderate,2026-07-20
906,906,0,PM Peak (15–19),16,30.0,29.5,30.0,0.5,16.0,4.0,4.0,4.5,0.19,0.020746887966804985,7.89,moderate,2026-07-20
906,906,1,AM Peak (6–9),12,31.0,31.0,31.0,0.0,12.0,8.0,8.0,8.0,0.10555555555555556,0.0,3.69,moderate,2026-07-20
906,906,1,Evening (19–24),13,30.0,29.2,30.0,0.8000000000000007,12.0,9.0,6.300000000000001,9.0,0.095,0.032786885245901676,5.29,moderate,2026-07-20
906,906,1,Midday (9–15),24,36.0,36.0,36.0,0.0,24.0,5.0,5.0,5.0,0.15833333333333333,0.0,5.54,moderate,2026-07-20
906,906,1,Overnight (0–6),5,31.0,31.0,31.0,0.0,3.0,8.0,5.6,8.0,0.10555555555555556,0.0,3.69,moderate,2026-07-20
906,906,1,PM Peak (15–19),16,38.0,38.0,38.0,0.0,16.0,3.0,3.0,3.5,0.2375,0.0,8.31,very low recovery time,2026-07-20
924,924,0,AM Peak (6–9),18,47.0,39.0,47.0,8.0,13.0,8.0,0.0,8.0,0.10555555555555556,0.2531645569620254,18.88,moderate,2026-07-20
924,924,0,PM Peak (15–19),24,44.0,44.0,44.0,0.0,19.0,6.0,6.0,6.0,0.1357142857142857,0.0,4.75,moderate,2026-07-20
924,924,1,AM Peak (6–9),18,38.0,33.0,38.0,5.0,13.0,7.0,0.0,7.0,0.11875,0.17482517482517487,14.65,moderate,2026-07-20
924,924,1,PM Peak (15–19),24,44.0,44.0,44.0,0.0,19.0,6.0,6.0,6.0,0.1357142857142857,0.0,4.75,moderate,2026-07-20
925,925,0,AM Peak (6–9),16,51.0,51.0,51.0,0.0,13.0,12.0,11.2,14.400000000000002,0.07307692307692307,0.0,2.56,moderate,2026-07-20
925,925,0,Evening (19–24),13,44.0,44.0,44.0,0.0,12.0,5.0,5.0,5.9,0.15833333333333333,0.0,5.54,moderate,2026-07-20
925,925,0,Midday (9–15),24,47.0,47.0,47.0,0.0,24.0,16.0,13.200000000000001,16.0,0.055882352941176466,0.0,1.96,moderate,2026-07-20
925,925,0,Overnight (0–6),1,17.1,17.1,17.1,0.0,,10.0,,,0.08636363636363636,0.0,3.02,moderate,2026-07-20
925,925,0,PM Peak (15–19),22,50.0,50.0,50.0,0.0,20.0,5.0,5.0,5.300000000000004,0.15833333333333333,0.0,5.54,moderate,2026-07-20
925,925,1,AM Peak (6–9),15,53.0,53.0,53.0,0.0,12.0,4.0,4.0,5.800000000000001,0.19,0.0,6.65,moderate,2026-07-20
925,925,1,Evening (19–24),13,53.0,53.0,53.0,0.0,13.0,3.0,1.4000000000000004,4.800000000000001,0.2375,0.0,8.31,very low recovery time,2026-07-20
925,925,1,Midday (9–15),24,54.0,54.0,54.0,0.0,23.0,3.0,3.0,3.0,0.2375,0.0,8.31,very low recovery time,2026-07-20
925,925,1,Overnight (0–6),1,51.0,51.0,51.0,0.0,,10.0,,,0.08636363636363636,0.0,3.02,moderate,2026-07-20
925,925,1,PM Peak (15–19),22,62.0,62.0,62.0,0.0,20.0,4.0,4.0,5.300000000000004,0.19,0.0,6.65,moderate,2026-07-20
927,927,0,AM Peak (6–9),35,26.0,21.0,46.0,25.0,34.0,6.0,3.0,10.0,0.1357142857142857,0.5144032921810701,35.61,high schedule variability,2026-07-20
927,927,0,Evening (19–24),35,35.0,21.0,40.800000000000004,19.800000000000004,34.0,6.0,4.300000000000001,9.7,0.1357142857142857,0.45622119815668216,32.12,moderate,2026-07-20
927,927,0,Midday (9–15),52,41.0,22.0,47.699999999999996,25.699999999999996,48.0,6.0,2.0,8.0,0.1357142857142857,0.5212981744421907,36.03,high schedule variability,2026-07-20
927,927,0,Overnight (0–6),11,35.0,21.0,41.0,20.0,8.0,6.0,4.4,7.499999999999999,0.1357142857142857,0.4587155963302753,32.27,moderate,2026-07-20
927,927,0,PM Peak (15–19),48,28.0,25.0,53.0,28.0,44.0,6.0,2.3,10.0,0.1357142857142857,0.5426356589147288,37.31,high schedule variability,2026-07-20
927,927,1,AM Peak (6–9),35,33.0,26.0,49.0,23.0,32.0,8.0,3.0,9.0,0.10555555555555556,0.4935622317596567,33.31,high schedule variability,2026-07-20
927,927,1,Evening (19–24),33,37.0,23.0,40.0,17.0,33.0,11.0,5.2,12.0,0.07916666666666666,0.41871921182266014,27.89,moderate,2026-07-20
927,927,1,Midday (9–15),53,43.0,25.0,52.80000000000005,27.800000000000047,48.0,10.0,5.0,10.0,0.08636363636363636,0.5408560311284052,35.47,high schedule variability,2026-07-20
927,927,1,Overnight (0–6),15,28.0,23.0,37.0,14.0,7.0,11.0,3.0,15.400000000000002,0.07916666666666666,0.37234042553191493,25.11,moderate,2026-07-20
927,927,1,PM Peak (15–19),46,34.0,30.0,55.0,25.0,46.0,5.0,1.0,7.0,0.15833333333333333,0.5144032921810701,36.41,high schedule variability,2026-07-20
929,929,0,AM Peak (6–9),23,45.0,38.2,45.0,6.799999999999997,17.0,4.0,4.0,7.0,0.19,0.22368421052631576,20.07,moderate,2026-07-20
929,929,0,Evening (19–24),23,42.0,40.2,42.0,1.7999999999999972,23.0,5.0,5.0,5.800000000000001,0.15833333333333333,0.07086614173228338,9.79,moderate,2026-07-20
929,929,0,Midday (9–15),46,47.0,47.0,50.5,3.5,45.0,4.0,4.0,5.0,0.19,0.12915129151291516,14.4,moderate,2026-07-20
929,929,0,PM Peak (15–19),29,57.0,50.8,57.0,6.200000000000003,30.0,2.0,1.0,2.0,0.31666666666666665,0.2080536912751679,23.57,very low recovery time,2026-07-20
929,929,1,AM Peak (6–9),22,41.0,38.1,46.0,7.899999999999999,16.0,5.0,2.5,7.0,0.15833333333333333,0.2507936507936508,20.59,moderate,2026-07-20
929,929,1,Evening (19–24),23,44.0,43.0,44.0,1.0,22.0,5.0,5.0,6.900000000000002,0.15833333333333333,0.04065040650406505,7.98,moderate,2026-07-20
929,929,1,Midday (9–15),46,49.0,49.0,50.5,1.5,45.0,4.0,2.0,7.400000000000006,0.19,0.05976095617529882,10.24,moderate,2026-07-20
929,929,1,PM Peak (15–19),31,59.0,50.0,59.0,9.0,29.0,10.0,5.0,11.0,0.08636363636363636,0.2760736196319019,19.59,moderate,2026-07-20
935,935,0,AM Peak (6–9),22,45.0,42.0,45.0,3.0,20.0,9.0,4.800000000000001,10.0,0.095,0.11278195488721807,10.09,moderate,2026-07-20
935,935,0,Evening (19–24),19,37.0,36.8,37.0,0.20000000000000284,16.0,7.0,2.5,7.0,0.11875,0.008403361344537936,4.66,moderate,2026-07-20
935,935,0,Midday (9–15),42,44.0,42.0,54.599999999999994,12.599999999999994,34.0,8.0,7.0,9.0,0.10555555555555556,0.3480662983425414,24.58,moderate,2026-07-20
935,935,0,Overnight (0–6),5,40.083333333333336,35.68333333333334,40.63333333333333,4.949999999999996,2.0,9.0,7.4,10.6,0.095,0.1733800350262696,13.73,moderate,2026-07-20
935,935,0,PM Peak (15–19),29,51.0,45.800000000000004,55.0,9.199999999999996,29.0,11.0,6.0,11.0,0.07916666666666666,0.28048780487804875,19.6,moderate,2026-07-20
935,935,1,AM Peak (6–9),23,44.0,40.0,44.0,4.0,22.0,10.0,8.1,10.0,0.08636363636363636,0.1449275362318841,11.72,moderate,2026-07-20
935,935,1,Evening (19–24),17,39.0,38.6,39.0,0.3999999999999986,18.0,7.0,4.4,7.0,0.11875,0.01666666666666661,5.16,moderate,2026-07-20
935,935,1,Midday (9–15),41,45.0,42.0,51.0,9.0,41.0,10.0,7.0,27.0,0.08636363636363636,0.2760736196319019,19.59,moderate,2026-07-20
935,935,1,Overnight (0–6),6,40.0,38.5,40.0,1.5,1.0,0.0,0.0,0.0,0.95,0.05976095617529882,36.84,no recovery time,2026-07-20
935,935,1,PM Peak (15–19),30,48.0,45.7,54.0,8.299999999999997,28.0,11.5,7.7,24.0,0.076,0.26018808777429464,18.27,moderate,2026-07-20
937,937,0,AM Peak (6–9),11,38.0,36.0,38.0,2.0,8.0,11.0,11.0,13.0,0.07916666666666666,0.07812500000000001,7.46,moderate,2026-07-20
937,937,0,Evening (19–24),4,37.0,37.0,37.0,0.0,1.0,1.0,1.0,1.0,0.475,0.0,16.62,no recovery time,2026-07-20
937,937,0,Midday (9–15),2,38.0,38.0,38.0,0.0,1.0,15.0,15.0,15.0,0.059375,0.0,2.08,moderate,2026-07-20
937,937,0,PM Peak (15–19),13,40.0,37.0,40.0,3.0,10.0,10.0,7.0,13.2,0.08636363636363636,0.11278195488721807,9.79,moderate,2026-07-20
937,937,1,AM Peak (6–9),12,37.0,33.0,37.0,4.0,11.0,4.0,4.0,8.0,0.19,0.1449275362318841,15.35,moderate,2026-07-20
937,937,1,Evening (19–24),2,40.0,40.0,40.0,0.0,4.0,6.5,6.0,9.8,0.12666666666666665,0.0,4.43,moderate,2026-07-20
937,937,1,Midday (9–15),2,37.0,37.0,37.0,0.0,2.0,4.0,4.0,4.0,0.19,0.0,6.65,moderate,2026-07-20
937,937,1,Overnight (0–6),1,33.0,33.0,33.0,0.0,,10.0,,,0.08636363636363636,0.0,3.02,moderate,2026-07-20
937,937,1,PM Peak (15–19),14,46.0,40.0,46.0,6.0,12.0,3.0,3.0,6.0,0.2375,0.20270270270270274,20.47,very low recovery time,2026-07-20
939,939,0,AM Peak (6–9),36,49.0,19.633333333333333,81.0,61.36666666666667,30.0,6.0,0.9000000000000004,9.0,0.1357142857142857,0.7222440172616712,48.08,high schedule variability,2026-07-20
939,939,0,Evening (19–24),31,59.0,19.0,78.0,59.0,29.0,10.0,0.0,11.0,0.08636363636363636,0.7142857142857143,45.88,high schedule variability,2026-07-20
939,939,0,Midday (9–15),47,62.0,20.200000000000003,90.0,69.8,40.0,16.0,0.0,16.0,0.055882352941176466,0.7473233404710922,46.8,high schedule variability,2026-07-20
939,939,0,Overnight (0–6),12,29.266666666666666,18.266666666666666,50.0,31.733333333333334,7.0,10.0,1.2000000000000002,10.0,0.08636363636363636,0.5734939759036145,37.43,high schedule variability,2026-07-20
939,939,0,PM Peak (15–19),33,57.0,57.0,100.0,43.0,30.0,15.5,13.0,16.0,0.05757575757575757,0.6456456456456457,40.75,high schedule variability,2026-07-20
939,939,1,AM Peak (6–9),32,62.0,51.0,87.0,36.0,28.0,6.5,1.0,9.3,0.12666666666666665,0.6040268456375839,40.67,high schedule variability,2026-07-20
939,939,1,Evening (19–24),30,57.0,13.0,74.0,61.0,29.0,12.0,5.0,17.0,0.07307692307692307,0.7210401891252955,45.82,high schedule variability,2026-07-20
939,939,1,Midday (9–15),43,65.0,57.0,86.0,29.0,40.0,7.0,1.0,10.100000000000001,0.11875,0.5513307984790875,37.24,high schedule variability,2026-07-20
939,939,1,Overnight (0–6),12,54.0,50.0,62.400000000000006,12.400000000000006,4.0,10.0,10.0,13.5,0.08636363636363636,0.3444444444444446,23.69,moderate,2026-07-20
939,939,1,PM Peak (15–19),31,60.0,60.0,93.0,33.0,33.0,5.0,5.0,16.0,0.15833333333333333,0.5830388692579506,40.52,high schedule variability,2026-07-20
952,952,0,AM Peak (6–9),30,5.0,5.0,60.0,55.0,24.0,5.5,1.5000000000000013,12.0,0.14615384615384613,0.6997455470737914,47.1,high schedule variability,2026-07-20
952,952,0,Evening (19–24),1,60.0,60.0,60.0,0.0,,10.0,,,0.08636363636363636,0.0,3.02,moderate,2026-07-20
952,952,0,Midday (9–15),5,60.0,5.0,60.0,55.0,3.0,12.0,6.4,12.0,0.07307692307692307,0.6997455470737914,44.54,high schedule variability,2026-07-20
952,952,0,PM Peak (15–19),40,32.5,5.0,68.0,63.0,35.0,1.0,0.0,8.0,0.475,0.7274826789838338,60.27,"no recovery time, high schedule variability",2026-07-20
952,952,1,AM Peak (6–9),17,62.0,41.6,62.0,20.4,12.0,0.0,0.0,0.0,0.95,0.4636363636363637,61.07,no recovery time,2026-07-20
952,952,1,Midday (9–15),2,67.5,62.3,72.7,10.400000000000006,1.0,0.0,0.0,0.0,0.95,0.30588235294117666,51.6,no recovery time,2026-07-20
952,952,1,PM Peak (15–19),20,74.0,64.0,74.0,10.0,15.0,0.0,0.0,0.0,0.95,0.29761904761904767,51.11,no recovery time,2026-07-20
953,953,0,AM Peak (6–9),13,59.0,59.0,59.0,0.0,9.0,5.0,4.8,5.0,0.15833333333333333,0.0,5.54,moderate,2026-07-20
953,953,0,Midday (9–15),3,71.0,71.0,71.0,0.0,3.0,10.0,6.0,12.4,0.08636363636363636,0.0,3.02,moderate,2026-07-20
953,953,0,PM Peak (15–19),16,71.0,71.0,71.0,0.0,15.0,5.0,5.0,10.0,0.15833333333333333,0.0,5.54,moderate,2026-07-20
953,953,1,AM Peak (6–9),13,56.0,56.0,56.0,0.0,12.0,10.0,10.0,10.0,0.08636363636363636,0.0,3.02,moderate,2026-07-20
953,953,1,Midday (9–15),2,66.0,66.0,66.0,0.0,,10.0,,,0.08636363636363636,0.0,3.02,moderate,2026-07-20
953,953,1,Overnight (0–6),4,56.0,56.0,56.0,0.0,,10.0,,,0.08636363636363636,0.0,3.02,moderate,2026-07-20
953,953,1,PM Peak (15–19),14,66.0,66.0,66.0,0.0,12.0,12.0,12.0,12.0,0.07307692307692307,0.0,2.56,moderate,2026-07-20
954,954,0,AM Peak (6–9),16,59.0,54.0,59.0,5.0,11.0,12.0,7.0,12.0,0.07307692307692307,0.17482517482517487,13.05,moderate,2026-07-20
954,954,0,Midday (9–15),1,68.0,68.0,68.0,0.0,,10.0,,,0.08636363636363636,0.0,3.02,moderate,2026-07-20
954,954,0,PM Peak (15–19),19,63.0,55.0,68.0,13.0,14.0,14.0,14.0,15.0,0.06333333333333332,0.35519125683060115,23.53,moderate,2026-07-20
954,954,1,AM Peak (6–9),14,62.0,48.0,62.0,14.0,7.0,18.0,13.0,18.0,0.049999999999999996,0.37234042553191493,24.09,moderate,2026-07-20
954,954,1,Midday (9–15),1,62.0,62.0,62.0,0.0,,10.0,,,0.08636363636363636,0.0,3.02,moderate,2026-07-20
954,954,1,PM Peak (15–19),19,52.0,52.0,63.0,11.0,12.0,11.0,10.0,11.0,0.07916666666666666,0.31791907514450873,21.85,moderate,2026-07-20
960,960,0,AM Peak (6–9),23,63.0,63.0,63.0,0.0,21.0,15.0,12.0,16.0,0.059375,0.0,2.08,moderate,2026-07-20
960,960,0,Evening (19–24),18,45.0,45.0,57.900000000000006,12.900000000000006,17.0,7.0,2.0,12.4,0.11875,0.35342465753424673,25.36,moderate,2026-07-20
960,960,0,Midday (9–15),40,61.0,60.0,69.0,9.0,37.0,22.0,8.2,26.0,0.041304347826086954,0.2760736196319019,18.01,moderate,2026-07-20
960,960,0,Overnight (0–6),6,60.0,60.0,60.0,0.0,,10.0,,,0.08636363636363636,0.0,3.02,moderate,2026-07-20
960,960,0,PM Peak (15–19),30,69.0,69.0,69.0,0.0,30.0,15.0,11.9,15.0,0.059375,0.0,2.08,moderate,2026-07-20
960,960,1,AM Peak (6–9),23,57.0,52.2,57.0,4.799999999999997,21.0,8.0,5.0,10.0,0.10555555555555556,0.1690140845070422,13.84,moderate,2026-07-20
960,960,1,Evening (19–24),18,42.0,42.0,61.5,19.5,22.0,9.5,4.1,16.0,0.09047619047619047,0.4524361948955917,30.31,moderate,2026-07-20
960,960,1,Midday (9–15),39,56.0,56.0,70.0,14.0,37.0,8.0,0.6000000000000001,8.0,0.10555555555555556,0.37234042553191493,26.03,moderate,2026-07-20
960,960,1,Overnight (0–6),5,53.0,53.0,53.0,0.0,,10.0,,,0.08636363636363636,0.0,3.02,moderate,2026-07-20
960,960,1,PM Peak (15–19),31,70.0,70.0,70.0,0.0,29.0,6.0,3.0,6.199999999999999,0.1357142857142857,0.0,4.75,moderate,2026-07-20
984,984,0,AM Peak (6–9),16,35.0,34.0,35.0,1.0,12.0,1.0,1.0,1.0,0.475,0.04065040650406505,19.06,no recovery time,2026-07-20
984,984,0,Midday (9–15),6,40.0,40.0,40.0,0.0,4.0,4.5,0.30000000000000004,8.0,0.17272727272727273,0.0,6.05,moderate,2026-07-20
984,984,0,PM Peak (15–19),23,40.0,35.2,40.0,4.799999999999997,24.0,7.0,7.0,8.0,0.11875,0.1690140845070422,14.3,moderate,2026-07-20
984,984,1,AM Peak (6–9),20,36.0,2.033333333333333,38.0,35.96666666666667,16.0,7.5,0.0,8.0,0.11176470588235293,0.6038052602126469,40.14,high schedule variability,2026-07-20
984,984,1,Evening (19–24),4,38.0,38.0,38.0,0.0,,10.0,,,0.08636363636363636,0.0,3.02,moderate,2026-07-20
984,984,1,Midday (9–15),12,39.0,2.033333333333333,40.0,37.96666666666667,6.0,0.0,0.0,1.0,0.95,0.6166756903086086,70.25,"no recovery time, high schedule variability",2026-07-20
984,984,1,PM Peak (15–19),24,40.0,38.6,40.0,1.3999999999999986,23.0,3.0,3.0,3.0,0.2375,0.05599999999999996,11.67,very low recovery time,2026-07-20
985,985,0,AM Peak (6–9),13,39.0,14.25,39.0,24.75,8.0,4.5,2.0,11.3,0.17272727272727273,0.5118924508790073,36.76,high schedule variability,2026-07-20
985,985,0,Midday (9–15),5,14.25,14.25,14.25,0.0,4.0,2.0,2.0,3.4000000000000004,0.31666666666666665,0.0,11.08,very low recovery time,2026-07-20
985,985,0,PM Peak (15–19),18,48.0,37.87500000000001,48.0,10.124999999999993,12.0,2.0,2.0,2.0,0.31666666666666665,0.30022238695329867,29.1,very low recovery time,2026-07-20
985,985,1,AM Peak (6–9),12,49.0,24.633333333333333,49.0,24.366666666666667,10.0,10.0,9.5,10.399999999999999,0.08636363636363636,0.5079916608756081,33.5,high schedule variability,2026-07-20
985,985,1,Midday (9–15),4,50.0,50.0,50.0,0.0,,10.0,,,0.08636363636363636,0.0,3.02,moderate,2026-07-20
985,985,1,PM Peak (15–19),12,50.0,50.0,50.0,0.0,16.0,5.0,5.0,5.0,0.15833333333333333,0.0,5.54,moderate,2026-07-20
986,986,0,AM Peak (6–9),30,33.0,33.0,33.0,0.0,18.0,6.0,6.0,6.0,0.1357142857142857,0.0,4.75,moderate,2026-07-20
986,986,0,Midday (9–15),1,38.0,38.0,38.0,0.0,,10.0,,,0.08636363636363636,0.0,3.02,moderate,2026-07-20
986,986,0,PM Peak (15–19),18,38.0,38.0,38.0,0.0,11.0,8.0,8.0,8.0,0.10555555555555556,0.0,3.69,moderate,2026-07-20
986,986,1,AM Peak (6–9),24,33.0,33.0,33.0,0.0,24.0,6.0,6.0,6.0,0.1357142857142857,0.0,4.75,moderate,2026-07-20
986,986,1,PM Peak (15–19),17,34.0,34.0,34.0,0.0,17.0,4.0,4.0,4.0,0.19,0.0,6.65,moderate,2026-07-20
989,989,0,AM Peak (6–9),8,55.0,55.0,55.0,0.0,5.0,9.0,9.0,9.0,0.095,0.0,3.32,moderate,2026-07-20
989,989,0,Evening (19–24),1,59.0,59.0,59.0,0.0,,10.0,,,0.08636363636363636,0.0,3.02,moderate,2026-07-20
989,989,0,PM Peak (15–19),14,59.0,59.0,59.0,0.0,11.0,10.0,10.0,10.0,0.08636363636363636,0.0,3.02,moderate,2026-07-20
989,989,1,AM Peak (6–9),9,53.0,53.0,53.0,0.0,6.0,9.0,9.0,9.0,0.095,0.0,3.32,moderate,2026-07-20
989,989,1,Evening (19–24),1,52.0,52.0,52.0,0.0,,10.0,,,0.08636363636363636,0.0,3.02,moderate,2026-07-20
989,989,1,Midday (9–15),1,53.0,53.0,53.0,0.0,,10.0,,,0.08636363636363636,0.0,3.02,moderate,2026-07-20
989,989,1,PM Peak (15–19),13,62.0,62.0,62.0,0.0,10.0,13.0,11.8,13.0,0.06785714285714285,0.0,2.38,moderate,2026-07-20
995,995,0,AM Peak (6–9),10,50.0,48.9,50.0,1.1000000000000014,7.0,6.0,5.0,9.0,0.1357142857142857,0.04453441295546565,7.42,moderate,2026-07-20
995,995,0,Evening (19–24),1,49.0,49.0,49.0,0.0,5.0,8.0,6.8,10.2,0.10555555555555556,0.0,3.69,moderate,2026-07-20
995,995,0,Midday (9–15),25,49.0,49.0,49.6,0.6000000000000014,25.0,14.0,10.0,14.0,0.06333333333333332,0.02479338842975213,3.7,moderate,2026-07-20
995,995,0,PM Peak (15–19),16,57.0,54.5,57.0,2.5,15.0,12.0,12.0,16.2,0.07307692307692307,0.09578544061302684,8.3,moderate,2026-07-20
995,995,1,AM Peak (6–9),12,58.5,55.2,59.0,3.799999999999997,11.0,2.0,2.0,8.0,0.31666666666666665,0.13868613138686126,19.4,very low recovery time,2026-07-20
995,995,1,Evening (19–24),1,49.0,49.0,49.0,0.0,,10.0,,,0.08636363636363636,0.0,3.02,moderate,2026-07-20
995,995,1,Midday (9–15),24,51.0,51.0,51.0,0.0,24.0,6.0,0.0,6.0,0.1357142857142857,0.0,4.75,moderate,2026-07-20
995,995,1,Overnight (0–6),2,57.0,57.0,57.0,0.0,,10.0,,,0.08636363636363636,0.0,3.02,moderate,2026-07-20
995,995,1,PM Peak (15–19),16,54.0,51.5,54.0,2.5,16.0,12.0,0.5,12.0,0.07307692307692307,0.09578544061302684,8.3,moderate,2026-07-20
996,996,0,AM Peak (6–9),20,102.0,92.96833333333333,103.1,10.13166666666666,17.0,8.0,3.0,8.0,0.10555555555555556,0.300360689757399,21.72,moderate,2026-07-20
996,996,0,Midday (9–15),33,98.0,98.0,106.0,8.0,33.0,8.0,7.0,10.8,0.10555555555555556,0.2531645569620254,18.88,moderate,2026-07-20
996,996,0,Overnight (0–6),9,47.68333333333333,42.449999999999996,98.2,55.75000000000001,2.0,6.0,2.8,9.2,0.1357142857142857,0.7025834908632642,46.91,high schedule variability,2026-07-20
996,996,0,PM Peak (15–19),24,106.0,59.9,106.0,46.1,23.0,7.0,7.0,7.800000000000001,0.11875,0.6614060258249642,43.84,high schedule variability,2026-07-20
996,996,1,AM Peak (6–9),21,103.0,57.46666666666667,107.0,49.53333333333333,12.0,2.5,2.0,5.700000000000001,0.2714285714285714,0.6773017319963537,50.14,"very low recovery time, high schedule variability",2026-07-20
996,996,1,Evening (19–24),5,43.93333333333333,43.93333333333333,43.93333333333333,0.0,,10.0,,,0.08636363636363636,0.0,3.02,moderate,2026-07-20
996,996,1,Midday (9–15),32,103.0,103.0,105.0,2.0,29.0,4.0,2.8000000000000003,9.0,0.19,0.07812500000000001,11.34,moderate,2026-07-20
996,996,1,Overnight (0–6),2,75.73333333333333,58.72,92.74666666666667,34.02666666666667,,10.0,,,0.08636363636363636,0.5904673762147155,38.45,high schedule variability,2026-07-20
996,996,1,PM Peak (15–19),24,105.0,48.23333333333333,105.0,56.76666666666667,23.0,2.0,2.0,3.8000000000000007,0.31666666666666665,0.7063459145582746,53.46,"very low recovery time, high schedule variability",2026-07-20
