route_id,route_short_name,direction_id,time_band,trips,median_runtime_min,p10_runtime_min,p90_runtime_min,runtime_spread_min,layovers,median_layover_min,p10_layover_min,p90_layover_min,layover_score,runtime_score,fragility_score,why,data_updated_date
7,7,0,AM Peak (6–9),19,63.0,57.8,63.0,5.200000000000003,18.0,10.0,5.7,10.0,0.08636363636363636,0.1847246891651866,14.11,moderate,2026-09-05
7,7,0,Evening (19–24),30,41.0,33.0,48.0,15.0,30.0,9.0,5.800000000000001,15.100000000000001,0.095,0.3952569169960475,27.04,moderate,2026-09-05
7,7,0,Midday (9–15),39,56.0,56.0,64.0,8.0,38.0,9.0,4.0,11.0,0.095,0.2584814216478191,18.83,moderate,2026-09-05
7,7,0,Overnight (0–6),14,33.0,33.0,49.800000000000004,16.800000000000004,10.0,4.0,4.0,9.299999999999999,0.19,0.4226415094339624,32.01,moderate,2026-09-05
7,7,0,PM Peak (15–19),24,61.5,52.3,64.0,11.700000000000003,24.0,10.0,7.200000000000001,11.399999999999999,0.08636363636363636,0.3376623376623378,23.28,moderate,2026-09-05
7,7,1,AM Peak (6–9),22,57.0,27.795,57.0,29.205,16.0,10.0,4.5,12.0,0.08636363636363636,0.5599654874892148,36.62,high schedule variability,2026-09-05
7,7,1,Evening (19–24),30,48.0,38.0,55.0,17.0,29.0,8.0,5.0,15.0,0.10555555555555556,0.4255319148936171,29.23,moderate,2026-09-05
7,7,1,Midday (9–15),38,61.0,61.0,81.0,20.0,37.0,12.0,8.6,12.0,0.07307692307692307,0.4656577415599535,30.5,moderate,2026-09-05
7,7,1,Overnight (0–6),11,38.0,31.0,38.0,7.0,10.0,5.0,5.0,8.599999999999998,0.15833333333333333,0.23372287145242074,19.57,moderate,2026-09-05
7,7,1,PM Peak (15–19),24,78.0,61.9,81.0,19.1,24.0,15.0,9.0,15.0,0.059375,0.4542211652794293,29.33,moderate,2026-09-05
8,8,0,AM Peak (6–9),10,35.0,35.0,35.0,0.0,9.0,11.0,11.0,14.2,0.07916666666666666,0.0,2.77,moderate,2026-09-05
8,8,0,Evening (19–24),14,25.0,21.0,25.0,4.0,13.0,5.0,4.2,13.8,0.15833333333333333,0.14842300556586274,14.45,moderate,2026-09-05
8,8,0,Midday (9–15),17,29.0,29.0,30.0,1.0,16.0,10.0,10.0,12.5,0.08636363636363636,0.041753653444676415,5.53,moderate,2026-09-05
8,8,0,Overnight (0–6),6,21.0,21.0,28.0,7.0,5.0,13.0,9.4,13.0,0.06785714285714285,0.23372287145242074,16.4,moderate,2026-09-05
8,8,0,PM Peak (15–19),13,30.0,30.0,30.0,0.0,13.0,5.0,5.0,8.600000000000001,0.15833333333333333,0.0,5.54,moderate,2026-09-05
8,8,1,AM Peak (6–9),9,27.0,27.0,27.0,0.0,10.0,0.0,0.0,0.0,0.95,0.0,33.25,no recovery time,2026-09-05
8,8,1,Evening (19–24),13,25.0,21.0,25.0,4.0,14.0,0.0,0.0,0.0,0.95,0.14842300556586274,42.16,no recovery time,2026-09-05
8,8,1,Midday (9–15),18,26.0,26.0,31.200000000000003,5.200000000000003,17.0,0.0,0.0,0.0,0.95,0.1847246891651866,44.33,no recovery time,2026-09-05
8,8,1,Overnight (0–6),8,21.0,21.0,27.0,6.0,3.0,0.0,0.0,3.2,0.95,0.20725388601036274,45.69,no recovery time,2026-09-05
8,8,1,PM Peak (15–19),13,34.0,34.0,34.0,0.0,13.0,0.0,0.0,0.0,0.95,0.0,33.25,no recovery time,2026-09-05
9,9,0,AM Peak (6–9),10,43.0,39.0,43.0,4.0,10.0,0.0,0.0,0.0,0.95,0.14842300556586274,42.16,no recovery time,2026-09-05
9,9,0,Evening (19–24),13,35.0,30.0,35.0,5.0,14.0,0.0,0.0,0.0,0.95,0.1788908765652952,43.98,no recovery time,2026-09-05
9,9,0,Midday (9–15),17,38.0,38.0,43.0,5.0,17.0,0.0,0.0,0.0,0.95,0.1788908765652952,43.98,no recovery time,2026-09-05
9,9,0,Overnight (0–6),7,30.0,30.0,39.0,9.0,3.0,0.0,0.0,0.0,0.95,0.28169014084507044,50.15,no recovery time,2026-09-05
9,9,0,PM Peak (15–19),13,40.0,40.0,42.400000000000006,2.4000000000000057,13.0,0.0,0.0,0.0,0.95,0.09467455621301797,38.93,no recovery time,2026-09-05
9,9,1,AM Peak (6–9),10,43.0,37.0,43.0,6.0,10.0,9.0,3.0,13.299999999999999,0.095,0.20725388601036274,15.76,moderate,2026-09-05
9,9,1,Evening (19–24),14,39.0,33.0,39.0,6.0,13.0,7.0,3.8000000000000007,11.8,0.11875,0.20725388601036274,16.59,moderate,2026-09-05
9,9,1,Midday (9–15),17,40.0,40.0,45.0,5.0,15.0,11.0,9.8,16.4,0.07916666666666666,0.1788908765652952,13.5,moderate,2026-09-05
9,9,1,Overnight (0–6),7,37.0,32.0,37.0,5.0,5.0,7.0,1.2000000000000002,10.600000000000001,0.11875,0.1788908765652952,14.89,moderate,2026-09-05
9,9,1,PM Peak (15–19),15,43.0,43.0,46.2,3.200000000000003,14.0,10.0,10.0,13.700000000000001,0.08636363636363636,0.12237093690248578,10.36,moderate,2026-09-05
10,10,0,AM Peak (6–9),6,15.0,14.0,15.0,1.0,6.0,0.0,0.0,1.0,0.95,0.041753653444676415,35.76,no recovery time,2026-09-05
10,10,0,Midday (9–15),3,15.0,15.0,15.0,0.0,2.0,0.0,0.0,0.0,0.95,0.0,33.25,no recovery time,2026-09-05
10,10,0,Overnight (0–6),2,8.966666666666667,4.9399999999999995,12.993333333333334,8.053333333333335,2.0,0.5,0.1,0.9,0.6333333333333333,0.259757015374691,37.75,no recovery time,2026-09-05
10,10,0,PM Peak (15–19),8,15.0,15.0,15.0,0.0,8.0,0.0,0.0,0.0,0.95,0.0,33.25,no recovery time,2026-09-05
10,10,1,AM Peak (6–9),6,12.0,11.5,12.0,0.5,6.0,3.0,3.0,3.5,0.2375,0.021321961620469086,9.59,very low recovery time,2026-09-05
10,10,1,Evening (19–24),1,12.0,12.0,12.0,0.0,,10.0,,,0.08636363636363636,0.0,3.02,moderate,2026-09-05
10,10,1,Midday (9–15),2,12.0,12.0,12.0,0.0,1.0,3.0,3.0,3.0,0.2375,0.0,8.31,very low recovery time,2026-09-05
10,10,1,Overnight (0–6),2,11.0,11.0,11.0,0.0,2.0,4.0,4.0,4.0,0.19,0.0,6.65,moderate,2026-09-05
10,10,1,PM Peak (15–19),8,12.0,12.0,12.0,0.0,8.0,3.0,3.0,3.0,0.2375,0.0,8.31,very low recovery time,2026-09-05
11,11,0,AM Peak (6–9),19,52.0,21.0,66.0,45.0,15.0,2.0,0.0,7.599999999999998,0.31666666666666665,0.6622516556291392,50.82,"very low recovery time, high schedule variability",2026-09-05
11,11,0,Evening (19–24),26,25.0,13.0,46.0,33.0,25.0,4.0,0.8000000000000007,4.0,0.19,0.5898123324396783,42.04,high schedule variability,2026-09-05
11,11,0,Midday (9–15),36,36.5,20.0,56.0,36.0,33.0,3.0,2.2,3.8000000000000007,0.2375,0.6106870229007634,44.95,"very low recovery time, high schedule variability",2026-09-05
11,11,0,Overnight (0–6),8,24.5,13.0,32.0,19.0,7.0,2.0,1.2000000000000002,3.200000000000001,0.31666666666666665,0.4529201430274136,38.26,very low recovery time,2026-09-05
11,11,0,PM Peak (15–19),24,35.5,25.0,56.0,31.0,24.0,3.0,3.0,4.0,0.2375,0.5746061167747916,42.79,"very low recovery time, high schedule variability",2026-09-05
11,11,1,AM Peak (6–9),18,42.0,18.4,51.0,32.6,15.0,1.0,0.0,7.799999999999997,0.475,0.5868586858685869,51.84,"no recovery time, high schedule variability",2026-09-05
11,11,1,Evening (19–24),25,18.0,13.0,46.0,33.0,25.0,2.0,0.40000000000000036,2.0,0.31666666666666665,0.5898123324396783,46.47,"very low recovery time, high schedule variability",2026-09-05
11,11,1,Midday (9–15),34,35.5,19.0,53.3,34.3,34.0,5.0,2.0,12.0,0.15833333333333333,0.5991266375545852,41.49,high schedule variability,2026-09-05
11,11,1,Overnight (0–6),10,34.0,13.0,42.0,29.0,8.0,2.0,2.0,3.5999999999999996,0.31666666666666665,0.5582290664100097,44.58,"very low recovery time, high schedule variability",2026-09-05
11,11,1,PM Peak (15–19),24,36.0,22.0,61.0,39.0,24.0,2.5,2.0,8.799999999999997,0.2714285714285714,0.6295399515738499,47.27,"very low recovery time, high schedule variability",2026-09-05
12,12,0,AM Peak (6–9),16,43.0,36.0,51.0,15.0,13.0,3.0,0.20000000000000018,16.400000000000002,0.2375,0.3952569169960475,32.03,very low recovery time,2026-09-05
12,12,0,Evening (19–24),22,33.0,28.0,45.0,17.0,19.0,0.0,0.0,3.0,0.95,0.4255319148936171,58.78,no recovery time,2026-09-05
12,12,0,Midday (9–15),25,43.0,38.0,49.0,11.0,24.0,0.5,0.0,5.0,0.6333333333333333,0.3240058910162003,41.61,no recovery time,2026-09-05
12,12,0,Overnight (0–6),8,28.0,22.0,30.703333333333333,8.703333333333333,6.0,0.0,0.0,15.0,0.95,0.2749578770008425,49.75,no recovery time,2026-09-05
12,12,0,PM Peak (15–19),23,56.0,43.0,56.0,13.0,23.0,3.0,0.0,10.0,0.2375,0.36161335187760785,30.01,very low recovery time,2026-09-05
12,12,1,AM Peak (6–9),16,45.0,38.0,52.0,14.0,13.0,19.0,14.2,19.0,0.0475,0.3788903924221922,24.4,moderate,2026-09-05
12,12,1,Evening (19–24),21,34.0,27.0,43.0,16.0,20.0,10.0,5.0,17.0,0.08636363636363636,0.41078305519897307,27.67,moderate,2026-09-05
12,12,1,Midday (9–15),32,38.0,22.94,52.0,29.06,25.0,14.0,10.8,14.0,0.06333333333333332,0.5587387040953663,35.74,high schedule variability,2026-09-05
12,12,1,Overnight (0–6),9,27.0,26.236666666666668,34.0,7.763333333333332,8.0,5.0,4.945,15.0,0.15833333333333333,0.25276752767527677,20.71,moderate,2026-09-05
12,12,1,PM Peak (15–19),22,49.0,44.0,54.0,10.0,23.0,10.0,10.0,15.600000000000001,0.08636363636363636,0.3034901365705615,21.23,moderate,2026-09-05
13,13,0,AM Peak (6–9),9,30.0,20.0,30.0,10.0,9.0,0.0,0.0,0.0,0.95,0.3034901365705615,51.46,no recovery time,2026-09-05
13,13,0,Evening (19–24),12,22.0,22.0,24.9,2.8999999999999986,13.0,1.0,0.0,1.0,0.475,0.11218568665377172,23.36,no recovery time,2026-09-05
13,13,0,Midday (9–15),15,32.0,31.0,32.0,1.0,15.0,0.0,0.0,0.0,0.95,0.041753653444676415,35.76,no recovery time,2026-09-05
13,13,0,Overnight (0–6),6,22.0,21.0,22.0,1.0,5.0,1.0,1.0,1.0,0.475,0.041753653444676415,19.13,no recovery time,2026-09-05
13,13,0,PM Peak (15–19),9,31.0,31.0,31.0,0.0,9.0,0.0,0.0,0.0,0.95,0.0,33.25,no recovery time,2026-09-05
13,13,1,AM Peak (6–9),9,27.0,21.0,27.0,6.0,7.0,3.0,2.2,8.600000000000001,0.2375,0.20725388601036274,20.75,very low recovery time,2026-09-05
13,13,1,Evening (19–24),13,25.0,25.0,29.000000000000004,4.0000000000000036,12.0,2.0,1.1,3.8000000000000007,0.31666666666666665,0.14842300556586285,19.99,very low recovery time,2026-09-05
13,13,1,Midday (9–15),15,34.0,34.0,37.599999999999994,3.5999999999999943,15.0,9.0,4.4,9.0,0.095,0.13559322033898288,11.46,moderate,2026-09-05
13,13,1,Overnight (0–6),5,25.0,12.82,25.0,12.18,4.0,2.0,2.0,2.0,0.31666666666666665,0.34671221178479933,31.89,very low recovery time,2026-09-05
13,13,1,PM Peak (15–19),9,40.0,40.0,40.0,0.0,10.0,4.0,4.0,4.0,0.19,0.0,6.65,moderate,2026-09-05
14,14,0,AM Peak (6–9),6,35.0,26.0,35.0,9.0,7.0,3.0,0.0,5.400000000000002,0.2375,0.28169014084507044,25.21,very low recovery time,2026-09-05
14,14,0,Evening (19–24),10,23.0,22.0,23.0,1.0,10.0,5.0,4.0,5.0,0.15833333333333333,0.041753653444676415,8.05,moderate,2026-09-05
14,14,0,Midday (9–15),13,26.0,26.0,30.0,4.0,12.0,0.0,0.0,1.8000000000000007,0.95,0.14842300556586274,42.16,no recovery time,2026-09-05
14,14,0,Overnight (0–6),5,22.0,22.0,26.0,4.0,3.0,2.0,0.4,3.6,0.31666666666666665,0.14842300556586274,19.99,very low recovery time,2026-09-05
14,14,0,PM Peak (15–19),10,30.0,29.3,30.0,0.6999999999999993,9.0,0.0,0.0,0.0,0.95,0.029598308668076088,35.03,no recovery time,2026-09-05
14,14,1,AM Peak (6–9),7,27.0,23.0,27.0,4.0,6.0,12.5,6.5,13.0,0.07037037037037036,0.14842300556586274,11.37,moderate,2026-09-05
14,14,1,Evening (19–24),10,23.0,21.0,23.0,2.0,10.0,6.0,4.0,6.0,0.1357142857142857,0.08016032064128258,9.56,moderate,2026-09-05
14,14,1,Midday (9–15),13,25.0,25.0,30.200000000000003,5.200000000000003,11.0,6.0,0.0,6.0,0.1357142857142857,0.1847246891651866,15.83,moderate,2026-09-05
14,14,1,Overnight (0–6),3,21.0,21.0,21.0,0.0,3.0,0.0,0.0,3.2,0.95,0.0,33.25,no recovery time,2026-09-05
14,14,1,PM Peak (15–19),10,31.0,30.2,31.0,0.8000000000000007,10.0,13.0,11.7,13.0,0.06785714285714285,0.03368421052631582,4.4,moderate,2026-09-05
15,15,0,AM Peak (6–9),8,23.0,20.0,23.0,3.0,8.0,5.0,1.0,6.199999999999999,0.15833333333333333,0.115606936416185,12.48,moderate,2026-09-05
15,15,0,Evening (19–24),11,21.0,18.0,21.0,3.0,7.0,4.0,4.0,4.0,0.19,0.115606936416185,13.59,moderate,2026-09-05
15,15,0,Midday (9–15),14,22.0,22.0,25.0,3.0,14.0,8.0,5.0,12.200000000000006,0.10555555555555556,0.115606936416185,10.63,moderate,2026-09-05
15,15,0,Overnight (0–6),6,18.0,18.0,20.0,2.0,1.0,1.0,1.0,1.0,0.475,0.08016032064128258,21.43,no recovery time,2026-09-05
15,15,0,PM Peak (15–19),16,25.0,25.0,25.0,0.0,15.0,5.0,4.0,5.0,0.15833333333333333,0.0,5.54,moderate,2026-09-05
15,15,1,AM Peak (6–9),9,23.0,22.0,23.0,1.0,9.0,7.0,5.4,9.0,0.11875,0.041753653444676415,6.66,moderate,2026-09-05
15,15,1,Evening (19–24),11,22.0,19.0,22.0,3.0,11.0,3.0,3.0,3.0,0.2375,0.115606936416185,15.25,very low recovery time,2026-09-05
15,15,1,Midday (9–15),15,23.0,23.0,26.0,3.0,14.0,7.0,4.0,7.0,0.11875,0.115606936416185,11.09,moderate,2026-09-05
15,15,1,Overnight (0–6),4,19.0,19.0,21.1,2.1000000000000014,4.0,3.0,3.0,3.0,0.2375,0.08383233532934138,13.34,very low recovery time,2026-09-05
15,15,1,PM Peak (15–19),16,26.0,26.0,26.0,0.0,15.0,4.0,4.0,5.0,0.19,0.0,6.65,moderate,2026-09-05
16,16,0,AM Peak (6–9),18,43.0,43.0,43.0,0.0,17.0,0.0,0.0,0.0,0.95,0.0,33.25,no recovery time,2026-09-05
16,16,0,Evening (19–24),25,38.0,33.0,38.0,5.0,25.0,0.0,0.0,0.0,0.95,0.1788908765652952,43.98,no recovery time,2026-09-05
16,16,0,Midday (9–15),35,39.0,39.0,41.400000000000006,2.4000000000000057,36.0,0.0,0.0,0.0,0.95,0.09467455621301797,38.93,no recovery time,2026-09-05
16,16,0,Overnight (0–6),10,38.0,27.0,43.0,16.0,8.0,0.0,0.0,0.0,0.95,0.41078305519897307,57.9,no recovery time,2026-09-05
16,16,0,PM Peak (15–19),24,47.0,47.0,47.0,0.0,24.0,0.0,0.0,2.0,0.95,0.0,33.25,no recovery time,2026-09-05
16,16,1,AM Peak (6–9),17,34.0,34.0,34.0,0.0,16.0,13.0,4.0,13.0,0.06785714285714285,0.0,2.38,moderate,2026-09-05
16,16,1,Evening (19–24),25,30.0,27.0,30.0,3.0,24.0,11.5,8.0,13.0,0.076,0.115606936416185,9.6,moderate,2026-09-05
16,16,1,Midday (9–15),37,33.0,33.0,33.0,0.0,36.0,8.0,7.5,8.0,0.10555555555555556,0.0,3.69,moderate,2026-09-05
16,16,1,Overnight (0–6),11,27.0,27.0,34.0,7.0,6.0,8.5,4.0,11.0,0.09999999999999999,0.23372287145242074,17.52,moderate,2026-09-05
16,16,1,PM Peak (15–19),24,35.0,35.0,35.0,0.0,24.0,8.0,6.6000000000000005,8.0,0.10555555555555556,0.0,3.69,moderate,2026-09-05
17,17,0,AM Peak (6–9),18,52.0,51.4,66.0,14.600000000000001,17.0,7.0,5.0,9.0,0.11875,0.3888149134487351,27.49,moderate,2026-09-05
17,17,0,Evening (19–24),14,44.0,40.0,55.0,15.0,13.0,3.0,1.2000000000000002,6.200000000000003,0.2375,0.3952569169960475,32.03,very low recovery time,2026-09-05
17,17,0,Midday (9–15),21,49.0,49.0,52.0,3.0,22.0,4.0,3.0,11.0,0.19,0.115606936416185,13.59,moderate,2026-09-05
17,17,0,Overnight (0–6),11,47.0,40.0,61.0,21.0,6.0,2.0,2.0,2.0,0.31666666666666665,0.47781569965870313,39.75,very low recovery time,2026-09-05
17,17,0,PM Peak (15–19),25,55.0,55.0,71.0,16.0,21.0,14.0,9.0,14.0,0.06333333333333332,0.41078305519897307,26.86,moderate,2026-09-05
17,17,1,AM Peak (6–9),19,43.0,41.0,51.0,10.0,19.0,6.0,2.6,16.0,0.1357142857142857,0.3034901365705615,22.96,moderate,2026-09-05
17,17,1,Evening (19–24),13,40.0,35.6,40.0,4.399999999999999,14.0,1.5,1.0,8.800000000000004,0.38,0.16087751371115172,22.95,very low recovery time,2026-09-05
17,17,1,Midday (9–15),24,42.0,31.866666666666667,49.0,17.133333333333333,19.0,5.0,5.0,5.0,0.15833333333333333,0.42744282744282747,31.19,moderate,2026-09-05
17,17,1,Overnight (0–6),17,35.0,3.8,50.0,46.2,11.0,1.0,0.0,1.0,0.475,0.6681127982646421,56.71,"no recovery time, high schedule variability",2026-09-05
17,17,1,PM Peak (15–19),24,49.0,49.0,59.0,10.0,24.0,2.0,2.0,6.0,0.31666666666666665,0.3034901365705615,29.29,very low recovery time,2026-09-05
18,18,0,AM Peak (6–9),12,20.0,15.2,21.0,5.800000000000001,12.0,4.0,3.0,9.0,0.19,0.20173913043478267,18.75,moderate,2026-09-05
18,18,0,Evening (19–24),16,16.0,16.0,17.5,1.5,17.0,3.0,3.0,4.0,0.2375,0.061349693251533756,11.99,very low recovery time,2026-09-05
18,18,0,Midday (9–15),20,19.5,19.0,23.0,4.0,19.0,4.0,3.0,4.0,0.19,0.14842300556586274,15.56,moderate,2026-09-05
18,18,0,Overnight (0–6),7,16.0,15.6,17.0,1.4000000000000004,5.0,3.0,3.0,7.2,0.2375,0.057494866529774154,11.76,very low recovery time,2026-09-05
18,18,0,PM Peak (15–19),17,22.0,19.0,23.0,4.0,17.0,4.0,3.2,5.800000000000001,0.19,0.14842300556586274,15.56,moderate,2026-09-05
18,18,1,AM Peak (6–9),12,18.0,17.0,19.0,2.0,12.0,2.0,2.0,3.0,0.31666666666666665,0.08016032064128258,15.89,very low recovery time,2026-09-05
18,18,1,Evening (19–24),17,14.0,14.0,16.6,2.6000000000000014,17.0,3.0,3.0,4.0,0.2375,0.10176125244618402,14.42,very low recovery time,2026-09-05
18,18,1,Midday (9–15),20,17.0,17.0,25.0,8.0,18.0,4.0,4.0,7.0,0.19,0.2584814216478191,22.16,moderate,2026-09-05
18,18,1,Overnight (0–6),6,14.0,14.0,17.0,3.0,4.0,3.0,1.6,7.200000000000001,0.2375,0.115606936416185,15.25,very low recovery time,2026-09-05
18,18,1,PM Peak (15–19),16,23.0,19.5,25.0,5.5,17.0,6.0,4.0,7.0,0.1357142857142857,0.19332161687170477,16.35,moderate,2026-09-05
19,19,0,AM Peak (6–9),8,29.5,26.0,31.0,5.0,6.0,6.0,2.0,10.0,0.1357142857142857,0.1788908765652952,15.48,moderate,2026-09-05
19,19,0,Evening (19–24),11,29.0,23.0,29.0,6.0,11.0,7.0,5.0,11.0,0.11875,0.20725388601036274,16.59,moderate,2026-09-05
19,19,0,Midday (9–15),14,35.0,35.0,35.0,0.0,15.0,4.0,3.4000000000000004,4.0,0.19,0.0,6.65,moderate,2026-09-05
19,19,0,Overnight (0–6),4,24.5,23.0,26.0,3.0,5.0,10.0,9.4,11.0,0.08636363636363636,0.115606936416185,9.96,moderate,2026-09-05
19,19,0,PM Peak (15–19),11,39.0,34.0,39.0,5.0,9.0,13.0,13.0,16.2,0.06785714285714285,0.1788908765652952,13.11,moderate,2026-09-05
19,19,1,AM Peak (6–9),7,25.0,24.0,31.0,7.0,7.0,0.0,0.0,3.200000000000003,0.95,0.23372287145242074,47.27,no recovery time,2026-09-05
19,19,1,Evening (19–24),10,24.0,24.0,26.1,2.1000000000000014,11.0,0.0,0.0,0.0,0.95,0.08383233532934138,38.28,no recovery time,2026-09-05
19,19,1,Midday (9–15),15,36.0,36.0,36.6,0.6000000000000014,14.0,0.0,0.0,0.0,0.95,0.02547770700636949,34.78,no recovery time,2026-09-05
19,19,1,Overnight (0–6),5,26.0,24.8,26.0,1.1999999999999993,2.0,0.0,0.0,0.0,0.95,0.0496894409937888,36.23,no recovery time,2026-09-05
19,19,1,PM Peak (15–19),10,36.0,35.7,36.0,0.29999999999999716,11.0,0.0,0.0,0.0,0.95,0.012903225806451495,34.02,no recovery time,2026-09-05
20,20,0,AM Peak (6–9),9,35.0,31.0,35.0,4.0,9.0,3.0,2.0,5.6000000000000005,0.2375,0.14842300556586274,17.22,very low recovery time,2026-09-05
20,20,0,Evening (19–24),12,31.5,27.0,32.0,5.0,11.0,1.0,0.0,12.0,0.475,0.1788908765652952,27.36,no recovery time,2026-09-05
20,20,0,Midday (9–15),18,35.0,35.0,38.0,3.0,18.0,5.0,4.7,9.3,0.15833333333333333,0.115606936416185,12.48,moderate,2026-09-05
20,20,0,Overnight (0–6),8,31.0,27.0,31.0,4.0,6.0,4.0,0.5,8.0,0.19,0.14842300556586274,15.56,moderate,2026-09-05
20,20,0,PM Peak (15–19),16,38.0,34.0,38.0,4.0,13.0,14.0,9.200000000000001,15.0,0.06333333333333332,0.14842300556586274,11.12,moderate,2026-09-05
20,20,1,AM Peak (6–9),10,34.0,28.0,35.0,7.0,9.0,8.0,7.0,8.2,0.10555555555555556,0.23372287145242074,17.72,moderate,2026-09-05
20,20,1,Evening (19–24),11,32.0,26.0,32.0,6.0,12.0,10.0,6.0,11.0,0.08636363636363636,0.20725388601036274,15.46,moderate,2026-09-05
20,20,1,Midday (9–15),19,32.0,32.0,38.0,6.0,19.0,8.0,5.8,8.0,0.10555555555555556,0.20725388601036274,16.13,moderate,2026-09-05
20,20,1,Overnight (0–6),5,26.0,26.0,28.0,2.0,4.0,7.0,4.6,9.4,0.11875,0.08016032064128258,8.97,moderate,2026-09-05
20,20,1,PM Peak (15–19),14,38.0,34.9,38.0,3.1000000000000014,14.0,6.0,6.0,6.0,0.1357142857142857,0.11900191938579661,11.89,moderate,2026-09-05
21,21,0,AM Peak (6–9),10,40.125,38.65,41.6,2.950000000000003,9.0,7.0,6.8,15.4,0.11875,0.11389961389961402,10.99,moderate,2026-09-05
21,21,0,Evening (19–24),15,35.65,31.7,38.8,7.099999999999998,14.0,7.0,5.0,8.0,0.11875,0.2362728785357737,18.33,moderate,2026-09-05
21,21,0,Midday (9–15),20,38.65,38.65,44.6,5.950000000000003,20.0,6.0,6.0,12.100000000000001,0.1357142857142857,0.20588235294117657,17.1,moderate,2026-09-05
21,21,0,Overnight (0–6),7,31.7,31.7,38.65,6.949999999999999,4.0,8.0,8.0,11.5,0.10555555555555556,0.23244147157190637,17.64,moderate,2026-09-05
21,21,0,PM Peak (15–19),14,44.6,39.6,44.6,5.0,14.0,10.0,10.0,12.400000000000002,0.08636363636363636,0.1788908765652952,13.76,moderate,2026-09-05
21,21,1,AM Peak (6–9),11,40.7,36.7,40.7,4.0,,10.0,,,0.08636363636363636,0.14842300556586274,11.93,moderate,2026-09-05
21,21,1,Evening (19–24),14,36.7,33.7,42.7,9.0,,10.0,,,0.08636363636363636,0.28169014084507044,19.92,moderate,2026-09-05
21,21,1,Midday (9–15),21,38.7,38.7,47.7,9.0,,10.0,,,0.08636363636363636,0.28169014084507044,19.92,moderate,2026-09-05
21,21,1,Overnight (0–6),6,33.7,31.733333333333334,36.7,4.966666666666669,,10.0,,,0.08636363636363636,0.1779104477611941,13.7,moderate,2026-09-05
21,21,1,PM Peak (15–19),14,47.7,42.7,47.7,5.0,,10.0,,,0.08636363636363636,0.1788908765652952,13.76,moderate,2026-09-05
22,22,0,AM Peak (6–9),18,11.0,9.0,11.0,2.0,17.0,1.0,1.0,1.0,0.475,0.08016032064128258,21.43,no recovery time,2026-09-05
22,22,0,Evening (19–24),30,11.0,9.0,11.0,2.0,31.0,1.0,1.0,5.0,0.475,0.08016032064128258,21.43,no recovery time,2026-09-05
22,22,0,Midday (9–15),36,11.0,11.0,11.0,0.0,36.0,1.0,1.0,1.0,0.475,0.0,16.62,no recovery time,2026-09-05
22,22,0,Overnight (0–6),15,9.0,7.0,9.0,2.0,15.0,5.0,0.40000000000000013,5.0,0.15833333333333333,0.08016032064128258,10.35,moderate,2026-09-05
22,22,0,PM Peak (15–19),24,11.0,11.0,11.0,0.0,24.0,1.0,1.0,1.0,0.475,0.0,16.62,no recovery time,2026-09-05
22,22,1,AM Peak (6–9),18,12.0,11.0,12.0,1.0,18.0,6.0,6.0,9.0,0.1357142857142857,0.041753653444676415,7.26,moderate,2026-09-05
22,22,1,Evening (19–24),30,11.0,7.0,11.0,4.0,29.0,7.0,7.0,9.0,0.11875,0.14842300556586274,13.06,moderate,2026-09-05
22,22,1,Midday (9–15),36,11.0,11.0,12.0,1.0,36.0,7.0,6.0,7.0,0.11875,0.041753653444676415,6.66,moderate,2026-09-05
22,22,1,Overnight (0–6),15,7.0,5.0,11.0,6.0,13.0,9.0,3.0,9.0,0.095,0.20725388601036274,15.76,moderate,2026-09-05
22,22,1,PM Peak (15–19),24,12.0,12.0,12.0,0.0,24.0,6.0,6.0,6.0,0.1357142857142857,0.0,4.75,moderate,2026-09-05
23,23,0,AM Peak (6–9),21,17.0,13.0,17.0,4.0,19.0,8.0,5.0,9.0,0.10555555555555556,0.14842300556586274,12.6,moderate,2026-09-05
23,23,0,Evening (19–24),24,14.0,11.0,14.0,3.0,23.0,6.0,6.0,6.0,0.1357142857142857,0.115606936416185,11.69,moderate,2026-09-05
23,23,0,Midday (9–15),36,16.0,16.0,16.0,0.0,36.0,9.0,7.0,9.0,0.095,0.0,3.32,moderate,2026-09-05
23,23,0,Overnight (0–6),11,11.0,3.8,13.0,9.2,9.0,6.0,5.0,7.000000000000001,0.1357142857142857,0.2861586314152411,21.92,moderate,2026-09-05
23,23,0,PM Peak (15–19),24,18.0,15.200000000000001,18.0,2.799999999999999,23.0,9.0,3.6000000000000005,9.0,0.095,0.10873786407766989,9.85,moderate,2026-09-05
23,23,1,AM Peak (6–9),22,14.0,13.0,14.0,1.0,21.0,1.0,1.0,1.0,0.475,0.041753653444676415,19.13,no recovery time,2026-09-05
23,23,1,Evening (19–24),23,15.0,12.0,15.0,3.0,24.0,1.0,1.0,1.0,0.475,0.115606936416185,23.56,no recovery time,2026-09-05
23,23,1,Midday (9–15),36,14.0,14.0,14.0,0.0,36.0,1.0,1.0,1.0,0.475,0.0,16.62,no recovery time,2026-09-05
23,23,1,Overnight (0–6),12,12.0,12.0,13.0,1.0,11.0,1.0,0.0,1.0,0.475,0.041753653444676415,19.13,no recovery time,2026-09-05
23,23,1,PM Peak (15–19),23,20.0,20.0,20.0,0.0,24.0,3.0,3.0,3.0,0.2375,0.0,8.31,very low recovery time,2026-09-05
24,24,0,AM Peak (6–9),27,46.0,38.88333333333333,56.0,17.116666666666667,26.0,8.133333333333333,8.116666666666667,8.183333333333334,0.10401459854014598,0.42720465890183035,29.27,moderate,2026-09-05
24,24,0,Evening (19–24),36,43.0,36.0,43.0,7.0,33.0,7.133333333333334,2.1333333333333333,8.166666666666666,0.1168032786885246,0.23372287145242074,18.11,moderate,2026-09-05
24,24,0,Midday (9–15),53,50.0,41.88333333333333,53.800000000000004,11.916666666666671,48.0,8.183333333333334,7.5166666666666675,10.716666666666676,0.10344827586206896,0.3417782026768644,24.13,moderate,2026-09-05
24,24,0,Overnight (0–6),17,36.0,34.8,46.0,11.200000000000003,13.0,7.133333333333334,3.933333333333334,9.926666666666668,0.1168032786885246,0.32796486090776,23.77,moderate,2026-09-05
24,24,0,PM Peak (15–19),35,52.0,41.85,54.0,12.149999999999999,32.0,8.175,6.183333333333334,8.183333333333334,0.10354223433242506,0.34615384615384615,24.39,moderate,2026-09-05
24,24,1,AM Peak (6–9),27,44.0,38.92,47.81666666666667,8.896666666666668,23.0,5.0,2.0,8.0,0.15833333333333333,0.2793594306049823,22.3,moderate,2026-09-05
24,24,1,Evening (19–24),35,42.833333333333336,36.86666666666667,42.833333333333336,5.966666666666669,35.0,2.0,0.0,4.600000000000001,0.31666666666666665,0.2063400576368877,23.46,very low recovery time,2026-09-05
24,24,1,Midday (9–15),51,47.81666666666667,46.0,54.81666666666667,8.81666666666667,51.0,4.0,0.0,8.0,0.19,0.2775445960125919,23.3,moderate,2026-09-05
24,24,1,Overnight (0–6),18,36.86666666666667,30.9,40.86666666666667,9.966666666666669,12.0,2.0,0.0,7.600000000000001,0.31666666666666665,0.30278481012658237,29.25,very low recovery time,2026-09-05
24,24,1,PM Peak (15–19),35,54.81666666666667,49.81666666666667,55.0,5.18333333333333,36.0,3.0,0.5,6.0,0.2375,0.1842417061611374,19.37,very low recovery time,2026-09-05
25,25,0,AM Peak (6–9),68,28.916666666666664,13.9,45.9,32.0,64.0,4.35,3.0,6.700000000000003,0.17757009345794392,0.5823475887170155,41.16,high schedule variability,2026-09-05
25,25,0,Evening (19–24),80,40.93333333333333,12.9,48.0,35.1,77.0,6.0,3.0,8.35,0.1357142857142857,0.6046511627906977,41.03,high schedule variability,2026-09-05
25,25,0,Midday (9–15),123,42.93333333333333,11.883333333333333,42.93333333333333,31.049999999999997,121.0,3.3666666666666667,3.0,4.366666666666666,0.21755725190839692,0.5750000000000001,42.11,high schedule variability,2026-09-05
25,25,0,Overnight (0–6),29,47.0,11.903333333333334,48.2,36.29666666666667,22.0,3.0,3.0,4.0,0.2375,0.6126364352424891,45.07,"very low recovery time, high schedule variability",2026-09-05
25,25,0,PM Peak (15–19),97,21.833333333333332,13.9,45.93333333333333,32.03333333333333,94.0,3.0,2.35,8.0,0.2375,0.5826007881176114,43.27,"very low recovery time, high schedule variability",2026-09-05
25,25,1,AM Peak (6–9),68,29.308333333333334,17.75,41.88333333333333,24.133333333333333,61.0,4.0,1.0,6.216666666666667,0.19,0.5125663716814159,37.4,high schedule variability,2026-09-05
25,25,1,Evening (19–24),79,39.88333333333333,18.75,48.0,29.25,80.0,3.183333333333333,2.0,9.0,0.22709163346613542,0.560344827586207,41.57,high schedule variability,2026-09-05
25,25,1,Midday (9–15),122,30.808333333333334,17.75,41.86666666666667,24.116666666666667,120.0,2.2,2.0,2.2,0.29687499999999994,0.5123937677053825,41.13,"very low recovery time, high schedule variability",2026-09-05
25,25,1,Overnight (0–6),30,38.0,10.833333333333334,48.0,37.166666666666664,21.0,3.0,3.0,5.0,0.2375,0.618242306626005,45.41,"very low recovery time, high schedule variability",2026-09-05
25,25,1,PM Peak (15–19),98,33.44166666666666,19.75,47.88333333333333,28.133333333333333,94.0,3.183333333333333,2.0,5.0,0.22709163346613542,0.5507340946166395,40.99,high schedule variability,2026-09-05
26,26,0,AM Peak (6–9),7,44.0,34.0,44.0,10.0,7.0,12.0,2.0,16.400000000000002,0.07307692307692307,0.3034901365705615,20.77,moderate,2026-09-05
26,26,0,Evening (19–24),12,34.0,27.0,34.0,7.0,10.0,6.5,3.0,20.4,0.12666666666666665,0.23372287145242074,18.46,moderate,2026-09-05
26,26,0,Midday (9–15),13,41.0,41.0,43.400000000000006,2.4000000000000057,13.0,6.0,3.6000000000000005,12.0,0.1357142857142857,0.09467455621301797,10.43,moderate,2026-09-05
26,26,0,Overnight (0–6),6,27.0,27.0,31.0,4.0,5.0,3.0,3.0,3.6,0.2375,0.14842300556586274,17.22,very low recovery time,2026-09-05
26,26,0,PM Peak (15–19),8,45.0,45.0,45.0,0.0,9.0,11.0,9.6,12.4,0.07916666666666666,0.0,2.77,moderate,2026-09-05
26,26,1,AM Peak (6–9),8,39.0,28.0,39.0,11.0,7.0,6.0,1.0,8.4,0.1357142857142857,0.3240058910162003,24.19,moderate,2026-09-05
26,26,1,Evening (19–24),11,36.0,28.0,36.0,8.0,11.0,5.0,1.0,5.0,0.15833333333333333,0.2584814216478191,21.05,moderate,2026-09-05
26,26,1,Midday (9–15),13,40.0,40.0,42.400000000000006,2.4000000000000057,12.0,3.0,3.0,17.9,0.2375,0.09467455621301797,13.99,very low recovery time,2026-09-05
26,26,1,Overnight (0–6),6,28.0,28.0,28.0,0.0,4.0,2.0,1.3,2.0,0.31666666666666665,0.0,11.08,very low recovery time,2026-09-05
26,26,1,PM Peak (15–19),8,51.0,45.1,51.0,5.899999999999999,9.0,8.0,3.6,14.4,0.10555555555555556,0.2045060658578856,15.96,moderate,2026-09-05
27,27,0,AM Peak (6–9),18,20.0,17.0,20.0,3.0,18.0,4.5,3.7,5.0,0.17272727272727273,0.115606936416185,12.98,moderate,2026-09-05
27,27,0,Evening (19–24),29,17.0,14.0,17.0,3.0,30.0,8.0,6.0,8.0,0.10555555555555556,0.115606936416185,10.63,moderate,2026-09-05
27,27,0,Midday (9–15),36,22.0,21.0,24.0,3.0,36.0,5.0,3.0,5.0,0.15833333333333333,0.115606936416185,12.48,moderate,2026-09-05
27,27,0,Overnight (0–6),16,14.0,12.0,17.0,5.0,15.0,6.0,5.4,14.999999999999998,0.1357142857142857,0.1788908765652952,15.48,moderate,2026-09-05
27,27,0,PM Peak (15–19),24,22.5,22.0,24.0,2.0,24.0,5.5,5.0,8.0,0.14615384615384613,0.08016032064128258,9.93,moderate,2026-09-05
27,27,1,AM Peak (6–9),18,20.0,16.0,20.0,4.0,18.0,5.0,3.0,5.0,0.15833333333333333,0.14842300556586274,14.45,moderate,2026-09-05
27,27,1,Evening (19–24),30,17.0,15.0,17.0,2.0,16.0,8.0,3.5,8.0,0.10555555555555556,0.08016032064128258,8.5,moderate,2026-09-05
27,27,1,Midday (9–15),36,19.5,18.0,27.0,9.0,35.0,6.0,4.0,6.0,0.1357142857142857,0.28169014084507044,21.65,moderate,2026-09-05
27,27,1,Overnight (0–6),16,15.0,12.0,16.0,4.0,2.0,6.0,4.4,7.6,0.1357142857142857,0.14842300556586274,13.66,moderate,2026-09-05
27,27,1,PM Peak (15–19),23,24.0,23.0,27.0,4.0,23.0,4.0,4.0,7.0,0.19,0.14842300556586274,15.56,moderate,2026-09-05
28,28,0,AM Peak (6–9),7,14.0,11.0,14.0,3.0,7.0,2.0,2.0,4.4,0.31666666666666665,0.115606936416185,18.02,very low recovery time,2026-09-05
28,28,0,Evening (19–24),10,12.0,11.0,12.0,1.0,11.0,5.0,4.0,7.0,0.15833333333333333,0.041753653444676415,8.05,moderate,2026-09-05
28,28,0,Midday (9–15),13,13.0,13.0,13.8,0.8000000000000007,13.0,2.0,2.0,2.8000000000000007,0.31666666666666665,0.03368421052631582,13.1,very low recovery time,2026-09-05
28,28,0,Overnight (0–6),3,11.0,11.0,11.0,0.0,3.0,1.0,0.2,3.4000000000000004,0.475,0.0,16.62,no recovery time,2026-09-05
28,28,0,PM Peak (15–19),11,14.0,14.0,14.0,0.0,10.0,4.0,4.0,4.0,0.19,0.0,6.65,moderate,2026-09-05
28,28,1,AM Peak (6–9),7,18.0,14.0,18.0,4.0,6.0,3.0,3.0,3.0,0.2375,0.14842300556586274,17.22,very low recovery time,2026-09-05
28,28,1,Evening (19–24),11,14.0,14.0,14.0,0.0,10.0,0.0,0.0,4.0,0.95,0.0,33.25,no recovery time,2026-09-05
28,28,1,Midday (9–15),13,13.0,13.0,18.8,5.800000000000001,13.0,5.0,0.20000000000000018,5.0,0.15833333333333333,0.20173913043478267,17.65,moderate,2026-09-05
28,28,1,Overnight (0–6),3,14.0,14.0,14.0,0.0,3.0,0.0,0.0,3.2,0.95,0.0,33.25,no recovery time,2026-09-05
28,28,1,PM Peak (15–19),10,19.0,18.5,19.0,0.5,10.0,4.0,3.7,4.599999999999998,0.19,0.021321961620469086,7.93,moderate,2026-09-05
29,29,0,AM Peak (6–9),23,51.0,44.0,55.6,11.600000000000001,20.0,8.0,2.9000000000000004,12.0,0.10555555555555556,0.33574529667149067,23.84,moderate,2026-09-05
29,29,0,Evening (19–24),34,50.0,42.0,55.0,13.0,33.0,6.0,2.0,13.0,0.1357142857142857,0.36161335187760785,26.45,moderate,2026-09-05
29,29,0,Midday (9–15),46,59.0,54.0,60.0,6.0,46.0,4.0,4.0,9.0,0.19,0.20725388601036274,19.09,moderate,2026-09-05
29,29,0,Overnight (0–6),12,42.0,39.82,45.8,5.979999999999997,10.0,12.0,2.0,14.1,0.07307692307692307,0.20670584168683023,14.96,moderate,2026-09-05
29,29,0,PM Peak (15–19),30,63.0,60.7,69.0,8.299999999999997,30.0,3.0,1.0,5.0,0.2375,0.26559999999999995,24.25,very low recovery time,2026-09-05
29,29,1,AM Peak (6–9),24,53.0,44.6,60.4,15.799999999999997,17.0,2.0,0.0,4.4,0.31666666666666665,0.40774193548387094,35.55,very low recovery time,2026-09-05
29,29,1,Evening (19–24),35,49.0,41.0,54.0,13.0,33.0,7.0,4.2,9.0,0.11875,0.36161335187760785,25.85,moderate,2026-09-05
29,29,1,Midday (9–15),45,61.0,55.0,61.6,6.600000000000001,45.0,7.0,5.0,7.0,0.11875,0.22335025380710666,17.56,moderate,2026-09-05
29,29,1,Overnight (0–6),12,41.0,34.980000000000004,46.0,11.019999999999996,8.0,5.0,4.4,6.499999999999999,0.15833333333333333,0.3244038857815719,25.01,moderate,2026-09-05
29,29,1,PM Peak (15–19),30,65.0,61.7,72.0,10.299999999999997,30.0,6.0,5.0,8.100000000000001,0.1357142857142857,0.30977443609022554,23.34,moderate,2026-09-05
30,30,0,AM Peak (6–9),7,7.0,7.0,7.0,0.0,,10.0,,,0.08636363636363636,0.0,3.02,moderate,2026-09-05
30,30,0,Evening (19–24),11,7.0,7.0,7.0,0.0,,10.0,,,0.08636363636363636,0.0,3.02,moderate,2026-09-05
30,30,0,Midday (9–15),15,7.0,7.0,7.0,0.0,,10.0,,,0.08636363636363636,0.0,3.02,moderate,2026-09-05
30,30,0,Overnight (0–6),3,7.0,7.0,7.0,0.0,,10.0,,,0.08636363636363636,0.0,3.02,moderate,2026-09-05
30,30,0,PM Peak (15–19),9,8.0,8.0,8.0,0.0,,10.0,,,0.08636363636363636,0.0,3.02,moderate,2026-09-05
30,30,1,AM Peak (6–9),8,9.0,9.0,9.0,0.0,7.0,0.0,0.0,0.0,0.95,0.0,33.25,no recovery time,2026-09-05
30,30,1,Evening (19–24),11,9.0,8.0,9.0,1.0,11.0,0.0,0.0,0.0,0.95,0.041753653444676415,35.76,no recovery time,2026-09-05
30,30,1,Midday (9–15),14,9.0,9.0,9.0,0.0,15.0,0.0,0.0,0.0,0.95,0.0,33.25,no recovery time,2026-09-05
30,30,1,Overnight (0–6),4,8.0,7.3,8.0,0.7000000000000002,3.0,0.0,0.0,0.8,0.95,0.029598308668076122,35.03,no recovery time,2026-09-05
30,30,1,PM Peak (15–19),9,10.0,10.0,10.0,0.0,9.0,0.0,0.0,0.0,0.95,0.0,33.25,no recovery time,2026-09-05
31,31,0,AM Peak (6–9),12,19.35,19.35,19.35,0.0,,10.0,,,0.08636363636363636,0.0,3.02,moderate,2026-09-05
31,31,0,Evening (19–24),18,16.5,14.5,16.5,2.0,,10.0,,,0.08636363636363636,0.08016032064128258,7.83,moderate,2026-09-05
31,31,0,Midday (9–15),24,17.5,17.5,17.5,0.0,,10.0,,,0.08636363636363636,0.0,3.02,moderate,2026-09-05
31,31,0,Overnight (0–6),8,14.5,14.5,17.35,2.8500000000000014,,10.0,,,0.08636363636363636,0.11046511627906984,9.65,moderate,2026-09-05
31,31,0,PM Peak (15–19),16,21.35,21.35,21.35,0.0,,10.0,,,0.08636363636363636,0.0,3.02,moderate,2026-09-05
31,31,1,AM Peak (6–9),12,19.116666666666667,19.116666666666667,19.116666666666667,0.0,12.0,4.0,4.0,4.0,0.19,0.0,6.65,moderate,2026-09-05
31,31,1,Evening (19–24),19,15.116666666666667,12.116666666666667,15.116666666666667,3.0,18.0,7.0,4.4,7.0,0.11875,0.115606936416185,11.09,moderate,2026-09-05
31,31,1,Midday (9–15),24,18.116666666666667,18.116666666666667,18.116666666666667,0.0,24.0,5.0,5.0,5.0,0.15833333333333333,0.0,5.54,moderate,2026-09-05
31,31,1,Overnight (0–6),8,12.116666666666667,12.116666666666667,17.116666666666667,5.0,6.0,7.0,7.0,15.0,0.11875,0.1788908765652952,14.89,moderate,2026-09-05
31,31,1,PM Peak (15–19),16,18.116666666666667,18.116666666666667,18.116666666666667,0.0,16.0,3.0,3.0,3.0,0.2375,0.0,8.31,very low recovery time,2026-09-05
32,32,0,AM Peak (6–9),24,30.0,25.0,30.0,5.0,15.0,8.0,8.0,10.2,0.10555555555555556,0.1788908765652952,14.43,moderate,2026-09-05
32,32,0,Evening (19–24),22,21.0,20.0,21.0,1.0,17.0,8.0,4.0,8.4,0.10555555555555556,0.041753653444676415,6.2,moderate,2026-09-05
32,32,0,Midday (9–15),42,27.0,27.0,34.0,7.0,36.0,8.0,7.0,10.0,0.10555555555555556,0.23372287145242074,17.72,moderate,2026-09-05
32,32,0,Overnight (0–6),8,21.5,20.0,25.0,5.0,6.0,4.0,4.0,4.0,0.19,0.1788908765652952,17.38,moderate,2026-09-05
32,32,0,PM Peak (15–19),24,30.0,28.6,34.0,5.399999999999999,24.0,8.0,8.0,12.0,0.10555555555555556,0.19047619047619047,15.12,moderate,2026-09-05
32,32,1,AM Peak (6–9),18,30.0,29.1,30.0,0.8999999999999986,14.0,7.0,7.0,9.100000000000003,0.11875,0.037735849056603724,6.42,moderate,2026-09-05
32,32,1,Evening (19–24),20,23.0,20.0,23.0,3.0,21.0,8.0,1.0,10.0,0.10555555555555556,0.115606936416185,10.63,moderate,2026-09-05
32,32,1,Midday (9–15),38,28.0,28.0,31.0,3.0,38.0,7.0,7.0,7.300000000000004,0.11875,0.115606936416185,11.09,moderate,2026-09-05
32,32,1,Overnight (0–6),5,20.0,20.0,20.0,0.0,5.0,1.0,1.0,1.0,0.475,0.0,16.62,no recovery time,2026-09-05
32,32,1,PM Peak (15–19),24,28.5,28.0,31.0,3.0,24.0,7.0,7.0,10.0,0.11875,0.115606936416185,11.09,moderate,2026-09-05
33,33,0,AM Peak (6–9),10,17.0,13.943333333333333,17.0,3.0566666666666666,10.0,8.0,1.8,8.0,0.10555555555555556,0.1175339656498334,10.75,moderate,2026-09-05
33,33,0,Evening (19–24),11,13.0,12.0,14.0,2.0,11.0,4.0,4.0,6.0,0.19,0.08016032064128258,11.46,moderate,2026-09-05
33,33,0,Midday (9–15),17,16.0,16.0,16.4,0.3999999999999986,15.0,4.0,4.0,10.999999999999998,0.19,0.01713062098501065,7.68,moderate,2026-09-05
33,33,0,Overnight (0–6),5,12.0,7.4,13.433333333333334,6.033333333333333,4.0,6.0,1.5000000000000002,15.400000000000002,0.1357142857142857,0.20816561242093162,17.24,moderate,2026-09-05
33,33,0,PM Peak (15–19),12,16.0,16.0,16.0,0.0,11.0,6.0,6.0,6.0,0.1357142857142857,0.0,4.75,moderate,2026-09-05
33,33,1,AM Peak (6–9),9,13.0,11.0,13.0,2.0,9.0,2.0,0.0,2.0,0.31666666666666665,0.08016032064128258,15.89,very low recovery time,2026-09-05
33,33,1,Evening (19–24),10,11.0,11.0,11.499999999999998,0.4999999999999982,11.0,2.0,2.0,2.0,0.31666666666666665,0.02132196162046901,12.36,very low recovery time,2026-09-05
33,33,1,Midday (9–15),16,13.0,13.0,16.0,3.0,15.0,0.0,0.0,1.5999999999999996,0.95,0.115606936416185,40.19,no recovery time,2026-09-05
33,33,1,Overnight (0–6),3,11.0,11.0,11.0,0.0,3.0,0.0,0.0,1.6,0.95,0.0,33.25,no recovery time,2026-09-05
33,33,1,PM Peak (15–19),12,16.0,16.0,16.0,0.0,12.0,2.0,2.0,2.0,0.31666666666666665,0.0,11.08,very low recovery time,2026-09-05
34,34,0,AM Peak (6–9),10,88.0,73.6,90.1,16.5,7.0,15.0,14.0,18.8,0.059375,0.41825095057034223,27.17,moderate,2026-09-05
34,34,0,Evening (19–24),16,63.5,53.0,71.0,18.0,13.0,12.0,10.0,23.400000000000002,0.07307692307692307,0.4395604395604396,28.93,moderate,2026-09-05
34,34,0,Midday (9–15),19,86.0,86.0,102.0,16.0,18.0,17.0,13.0,19.900000000000002,0.05277777777777778,0.41078305519897307,26.49,moderate,2026-09-05
34,34,0,Overnight (0–6),6,53.0,43.0,61.0,18.0,4.0,10.0,10.0,10.0,0.08636363636363636,0.4395604395604396,29.4,moderate,2026-09-05
34,34,0,PM Peak (15–19),13,97.0,80.4,102.0,21.599999999999994,12.0,16.0,16.0,19.8,0.055882352941176466,0.4848484848484848,31.05,moderate,2026-09-05
34,34,1,AM Peak (6–9),10,86.0,75.5,88.0,12.5,5.0,27.0,27.0,28.8,0.033928571428571426,0.35260930888575465,22.34,moderate,2026-09-05
34,34,1,Evening (19–24),15,64.0,58.0,72.0,14.0,16.0,25.0,19.0,28.0,0.036538461538461534,0.3788903924221922,24.01,moderate,2026-09-05
34,34,1,Midday (9–15),20,88.0,88.0,107.0,19.0,19.0,28.0,21.2,32.2,0.03275862068965517,0.4529201430274136,28.32,moderate,2026-09-05
34,34,1,Overnight (0–6),5,58.0,52.0,64.0,12.0,5.0,19.0,14.4,19.0,0.0475,0.3433476394849786,22.26,moderate,2026-09-05
34,34,1,PM Peak (15–19),12,97.5,79.8,106.9,27.10000000000001,12.0,35.0,20.3,35.0,0.02638888888888889,0.5414585414585416,33.41,high schedule variability,2026-09-05
35,35,0,AM Peak (6–9),26,47.0,43.5,50.0,6.5,26.0,8.0,7.0,12.0,0.10555555555555556,0.2207130730050934,16.94,moderate,2026-09-05
35,35,0,Evening (19–24),33,39.0,36.0,43.0,7.0,19.0,6.0,5.0,12.399999999999999,0.1357142857142857,0.23372287145242074,18.77,moderate,2026-09-05
35,35,0,Midday (9–15),44,48.0,44.0,61.7,17.700000000000003,40.0,7.0,5.800000000000001,10.100000000000001,0.11875,0.43542435424354253,30.28,moderate,2026-09-05
35,35,0,Overnight (0–6),22,38.0,32.1,43.800000000000004,11.700000000000003,4.0,11.5,10.3,12.0,0.076,0.3376623376623378,22.92,moderate,2026-09-05
35,35,0,PM Peak (15–19),32,56.0,47.4,63.800000000000004,16.400000000000006,30.0,12.0,9.9,16.0,0.07307692307692307,0.41677255400254143,27.56,moderate,2026-09-05
35,35,1,AM Peak (6–9),26,47.0,41.0,52.0,11.0,26.0,11.0,2.5,15.5,0.07916666666666666,0.3240058910162003,22.21,moderate,2026-09-05
35,35,1,Evening (19–24),33,41.0,35.0,44.0,9.0,33.0,10.0,6.0,16.0,0.08636363636363636,0.28169014084507044,19.92,moderate,2026-09-05
35,35,1,Midday (9–15),45,53.0,48.0,58.6,10.600000000000001,42.0,12.0,4.0,16.0,0.07307692307692307,0.3159463487332341,21.51,moderate,2026-09-05
35,35,1,Overnight (0–6),20,39.0,32.0,46.0,14.0,15.0,7.0,1.6000000000000005,13.6,0.11875,0.3788903924221922,26.89,moderate,2026-09-05
35,35,1,PM Peak (15–19),32,54.0,51.1,62.0,10.899999999999999,28.0,11.5,10.0,16.3,0.076,0.32200886262924666,21.98,moderate,2026-09-05
36,36,0,AM Peak (6–9),34,24.0,21.0,24.0,3.0,33.0,3.0,2.2,4.0,0.2375,0.115606936416185,15.25,very low recovery time,2026-09-05
36,36,0,Evening (19–24),36,22.0,18.0,22.0,4.0,38.0,6.0,1.0,6.0,0.1357142857142857,0.14842300556586274,13.66,moderate,2026-09-05
36,36,0,Midday (9–15),65,22.0,22.0,31.0,9.0,63.0,2.0,2.0,5.0,0.31666666666666665,0.28169014084507044,27.98,very low recovery time,2026-09-05
36,36,0,Overnight (0–6),15,18.0,17.0,21.0,4.0,11.0,1.0,1.0,6.0,0.475,0.14842300556586274,25.53,no recovery time,2026-09-05
36,36,0,PM Peak (15–19),45,31.0,25.0,31.0,6.0,47.0,5.0,3.0,5.0,0.15833333333333333,0.20725388601036274,17.98,moderate,2026-09-05
36,36,1,AM Peak (6–9),33,23.0,18.0,23.0,5.0,32.0,4.0,2.0,4.0,0.19,0.1788908765652952,17.38,moderate,2026-09-05
36,36,1,Evening (19–24),38,20.0,19.0,20.0,1.0,34.0,8.0,2.0,8.0,0.10555555555555556,0.041753653444676415,6.2,moderate,2026-09-05
36,36,1,Midday (9–15),63,22.0,22.0,23.0,1.0,61.0,2.0,2.0,6.0,0.31666666666666665,0.041753653444676415,13.59,very low recovery time,2026-09-05
36,36,1,Overnight (0–6),18,18.0,15.0,19.0,4.0,14.0,2.0,2.0,5.700000000000001,0.31666666666666665,0.14842300556586274,19.99,very low recovery time,2026-09-05
36,36,1,PM Peak (15–19),48,23.0,21.0,23.0,2.0,44.0,6.0,5.3,6.0,0.1357142857142857,0.08016032064128258,9.56,moderate,2026-09-05
37,37,0,AM Peak (6–9),18,45.0,36.0,54.0,18.0,18.0,8.0,6.7,12.0,0.10555555555555556,0.4395604395604396,30.07,moderate,2026-09-05
37,37,0,Evening (19–24),25,34.0,31.0,49.0,18.0,25.0,8.0,3.0,9.0,0.10555555555555556,0.4395604395604396,30.07,moderate,2026-09-05
37,37,0,Midday (9–15),39,45.0,39.0,55.0,16.0,35.0,8.0,8.0,11.0,0.10555555555555556,0.41078305519897307,28.34,moderate,2026-09-05
37,37,0,Overnight (0–6),16,36.0,29.0,47.5,18.5,12.0,9.0,8.0,9.0,0.095,0.4463208685162847,30.1,moderate,2026-09-05
37,37,0,PM Peak (15–19),26,49.0,39.0,61.0,22.0,24.0,8.0,7.300000000000001,9.0,0.10555555555555556,0.4894327030033371,33.06,high schedule variability,2026-09-05
37,37,1,AM Peak (6–9),22,39.0,34.5,53.0,18.5,17.0,12.0,3.0,16.8,0.07307692307692307,0.4463208685162847,29.34,moderate,2026-09-05
37,37,1,Evening (19–24),25,46.0,33.0,49.0,16.0,25.0,5.0,2.0,12.0,0.15833333333333333,0.41078305519897307,30.19,moderate,2026-09-05
37,37,1,Midday (9–15),37,50.0,39.0,53.0,14.0,36.0,11.0,4.0,15.0,0.07916666666666666,0.3788903924221922,25.5,moderate,2026-09-05
37,37,1,Overnight (0–6),15,33.0,27.8,46.0,18.2,13.0,2.0,0.40000000000000036,5.0,0.31666666666666665,0.44228432563791015,37.62,very low recovery time,2026-09-05
37,37,1,PM Peak (15–19),24,53.5,42.0,62.0,20.0,23.0,9.0,9.0,17.0,0.095,0.4656577415599535,31.26,moderate,2026-09-05
38,38,0,AM Peak (6–9),12,44.5,41.0,48.0,7.0,12.0,14.0,4.0,19.0,0.06333333333333332,0.23372287145242074,16.24,moderate,2026-09-05
38,38,0,Evening (19–24),20,46.0,41.0,46.0,5.0,19.0,10.0,5.0,11.2,0.08636363636363636,0.1788908765652952,13.76,moderate,2026-09-05
38,38,0,Midday (9–15),46,47.0,35.0,47.0,12.0,43.0,6.0,5.0,10.0,0.1357142857142857,0.3433476394849786,25.35,moderate,2026-09-05
38,38,0,Overnight (0–6),10,41.0,34.72833333333333,41.0,6.271666666666668,6.0,7.0,4.5,12.0,0.11875,0.2146238521644899,17.03,moderate,2026-09-05
38,38,0,PM Peak (15–19),31,52.0,38.0,52.0,14.0,31.0,6.0,6.0,17.0,0.1357142857142857,0.3788903924221922,27.48,moderate,2026-09-05
38,38,1,AM Peak (6–9),22,41.5,32.0,53.0,21.0,19.0,6.0,3.6,15.0,0.1357142857142857,0.47781569965870313,33.42,moderate,2026-09-05
38,38,1,Evening (19–24),20,46.0,42.0,46.0,4.0,19.0,10.0,7.8,12.0,0.08636363636363636,0.14842300556586274,11.93,moderate,2026-09-05
38,38,1,Midday (9–15),46,51.0,37.0,52.0,15.0,48.0,12.0,11.0,12.0,0.07307692307692307,0.3952569169960475,26.27,moderate,2026-09-05
38,38,1,Overnight (0–6),9,45.0,42.0,45.0,3.0,6.0,10.0,6.0,13.5,0.08636363636363636,0.115606936416185,9.96,moderate,2026-09-05
38,38,1,PM Peak (15–19),16,54.0,54.0,54.0,0.0,16.0,12.0,12.0,12.0,0.07307692307692307,0.0,2.56,moderate,2026-09-05
39,39,0,AM Peak (6–9),33,47.0,7.2933333333333366,55.8,48.50666666666666,31.0,5.0,0.0,9.0,0.15833333333333333,0.6788263283108644,46.27,high schedule variability,2026-09-05
39,39,0,Evening (19–24),37,42.0,22.14666666666667,50.0,27.85333333333333,37.0,6.0,0.0,13.399999999999999,0.1357142857142857,0.5482579883209764,37.65,high schedule variability,2026-09-05
39,39,0,Midday (9–15),49,53.0,30.600000000000005,60.400000000000006,29.8,47.0,6.0,4.6000000000000005,12.0,0.1357142857142857,0.5649289099526067,38.65,high schedule variability,2026-09-05
39,39,0,Overnight (0–6),27,35.0,2.8666666666666667,41.400000000000006,38.53333333333334,24.0,1.0,0.0,14.0,0.475,0.6267281105990784,54.23,"no recovery time, high schedule variability",2026-09-05
39,39,0,PM Peak (15–19),39,54.0,32.0,67.0,35.0,41.0,8.0,2.0,8.0,0.10555555555555556,0.6039689387402934,39.93,high schedule variability,2026-09-05
39,39,1,AM Peak (6–9),31,49.0,28.0,58.0,30.0,26.0,11.0,6.5,13.0,0.07916666666666666,0.56657223796034,36.77,high schedule variability,2026-09-05
39,39,1,Evening (19–24),35,39.0,33.0,44.6,11.600000000000001,34.0,7.0,4.300000000000001,7.699999999999999,0.11875,0.33574529667149067,24.3,moderate,2026-09-05
39,39,1,Midday (9–15),47,53.0,31.0,56.8,25.799999999999997,42.0,8.0,7.0,11.899999999999999,0.10555555555555556,0.5292307692307693,35.45,high schedule variability,2026-09-05
39,39,1,Overnight (0–6),23,36.0,3.15,40.0,36.85,15.0,8.0,5.4,12.6,0.10555555555555556,0.6162207357859533,40.67,high schedule variability,2026-09-05
39,39,1,PM Peak (15–19),41,51.0,30.0,59.0,29.0,37.0,14.0,10.0,15.0,0.06333333333333332,0.5582290664100097,35.71,high schedule variability,2026-09-05
40,40,0,AM Peak (6–9),16,22.0,14.5,37.0,22.5,15.0,11.0,8.0,12.0,0.07916666666666666,0.4950495049504951,32.47,high schedule variability,2026-09-05
40,40,0,Evening (19–24),20,22.5,12.0,31.000000000000014,19.000000000000014,18.0,6.0,3.8000000000000007,11.900000000000002,0.1357142857142857,0.45292014302741385,31.93,moderate,2026-09-05
40,40,0,Midday (9–15),32,27.5,17.0,35.0,18.0,33.0,9.0,9.0,9.0,0.095,0.4395604395604396,29.7,moderate,2026-09-05
40,40,0,Overnight (0–6),11,22.65,12.0,25.0,13.0,10.0,6.0,0.0,6.1,0.1357142857142857,0.36161335187760785,26.45,moderate,2026-09-05
40,40,0,PM Peak (15–19),20,30.0,20.0,40.0,20.0,20.0,8.0,6.0,8.0,0.10555555555555556,0.4656577415599535,31.63,moderate,2026-09-05
40,40,1,AM Peak (6–9),16,22.5,12.0,36.0,24.0,15.0,1.0,0.0,9.0,0.475,0.5111821086261982,47.3,"no recovery time, high schedule variability",2026-09-05
40,40,1,Evening (19–24),20,23.0,12.0,33.20000000000002,21.200000000000017,19.0,2.0,0.0,11.199999999999996,0.31666666666666665,0.4801812004530014,39.89,very low recovery time,2026-09-05
40,40,1,Midday (9–15),33,20.0,18.0,37.0,19.0,33.0,6.0,0.0,7.0,0.1357142857142857,0.4529201430274136,31.93,moderate,2026-09-05
40,40,1,Overnight (0–6),8,26.0,12.0,29.3,17.3,9.0,0.0,0.0,5.8000000000000025,0.95,0.4298136645962733,59.04,no recovery time,2026-09-05
40,40,1,PM Peak (15–19),20,32.0,20.0,44.0,24.0,19.0,1.0,0.0,4.0,0.475,0.5111821086261982,47.3,"no recovery time, high schedule variability",2026-09-05
41,41,0,AM Peak (6–9),18,70.5,64.0,71.0,7.0,18.0,8.0,8.0,11.3,0.10555555555555556,0.23372287145242074,17.72,moderate,2026-09-05
41,41,0,Evening (19–24),23,61.0,49.0,61.0,12.0,24.0,8.0,8.0,9.0,0.10555555555555556,0.3433476394849786,24.3,moderate,2026-09-05
41,41,0,Midday (9–15),37,67.0,67.0,77.0,10.0,36.0,8.0,8.0,8.0,0.10555555555555556,0.3034901365705615,21.9,moderate,2026-09-05
41,41,0,Overnight (0–6),15,45.983333333333334,44.02666666666667,60.0,15.97333333333333,8.0,9.0,0.0,12.899999999999999,0.095,0.4103793782649653,27.95,moderate,2026-09-05
41,41,0,PM Peak (15–19),25,77.0,65.4,77.0,11.599999999999994,24.0,8.0,8.0,8.0,0.10555555555555556,0.3357452966714905,23.84,moderate,2026-09-05
41,41,1,AM Peak (6–9),19,67.0,62.8,67.0,4.200000000000003,18.0,4.0,4.0,8.0,0.19,0.1546961325966852,15.93,moderate,2026-09-05
41,41,1,Evening (19–24),24,58.0,51.0,58.0,7.0,22.0,4.5,3.0,12.0,0.17272727272727273,0.23372287145242074,20.07,moderate,2026-09-05
41,41,1,Midday (9–15),37,66.0,66.0,75.0,9.0,36.0,9.0,7.5,9.0,0.095,0.28169014084507044,20.23,moderate,2026-09-05
41,41,1,Overnight (0–6),12,51.4,45.1,61.75,16.65,6.0,2.0,0.0,12.0,0.31666666666666665,0.42045454545454547,36.31,very low recovery time,2026-09-05
41,41,1,PM Peak (15–19),24,75.0,65.5,75.0,9.5,24.0,10.0,10.0,10.0,0.08636363636363636,0.2927580893682589,20.59,moderate,2026-09-05
42,42,0,AM Peak (6–9),22,47.0,14.740000000000002,47.0,32.26,17.0,9.0,5.0,9.4,0.095,0.5843144357906177,38.38,high schedule variability,2026-09-05
42,42,0,Evening (19–24),20,44.0,39.8,44.400000000000006,4.6000000000000085,20.0,6.0,1.9000000000000001,6.0,0.1357142857142857,0.16696914700544493,14.77,moderate,2026-09-05
42,42,0,Midday (9–15),26,47.0,47.0,47.0,0.0,23.0,9.0,5.0,9.0,0.095,0.0,3.32,moderate,2026-09-05
42,42,0,Overnight (0–6),4,38.0,38.0,38.0,0.0,3.0,5.0,5.0,5.0,0.15833333333333333,0.0,5.54,moderate,2026-09-05
42,42,0,PM Peak (15–19),24,53.0,53.0,53.0,0.0,23.0,6.0,6.0,7.800000000000001,0.1357142857142857,0.0,4.75,moderate,2026-09-05
42,42,1,AM Peak (6–9),20,49.0,45.0,49.0,4.0,19.0,12.0,7.0,13.2,0.07307692307692307,0.14842300556586274,11.46,moderate,2026-09-05
42,42,1,Evening (19–24),22,39.0,34.3,40.800000000000004,6.500000000000007,19.0,9.0,3.8,10.0,0.095,0.2207130730050936,16.57,moderate,2026-09-05
42,42,1,Midday (9–15),25,45.0,45.0,45.0,0.0,24.0,11.0,5.300000000000001,11.0,0.07916666666666666,0.0,2.77,moderate,2026-09-05
42,42,1,Overnight (0–6),8,45.0,34.0,45.0,11.0,4.0,7.0,7.0,7.0,0.11875,0.3240058910162003,23.6,moderate,2026-09-05
42,42,1,PM Peak (15–19),25,48.0,48.0,48.0,0.0,24.0,13.0,7.200000000000001,13.0,0.06785714285714285,0.0,2.38,moderate,2026-09-05
43,43,0,AM Peak (6–9),39,25.0,22.0,38.0,16.0,37.0,4.0,1.0,8.0,0.19,0.41078305519897307,31.3,moderate,2026-09-05
43,43,0,Evening (19–24),38,32.0,26.0,33.50000000000002,7.500000000000021,36.0,10.0,8.0,10.0,0.08636363636363636,0.24630541871921238,17.8,moderate,2026-09-05
43,43,0,Midday (9–15),56,38.0,25.0,43.0,18.0,54.0,7.0,6.0,10.0,0.11875,0.4395604395604396,30.53,moderate,2026-09-05
43,43,0,Overnight (0–6),18,27.0,25.5,30.0,4.5,17.0,10.0,4.0,10.0,0.08636363636363636,0.1639344262295082,12.86,moderate,2026-09-05
43,43,0,PM Peak (15–19),47,37.0,26.0,43.0,17.0,46.0,10.0,3.5,10.0,0.08636363636363636,0.4255319148936171,28.55,moderate,2026-09-05
43,43,1,AM Peak (6–9),39,24.0,17.0,36.0,19.0,35.0,4.0,0.0,12.0,0.19,0.4529201430274136,33.83,moderate,2026-09-05
43,43,1,Evening (19–24),38,32.0,24.0,37.0,13.0,36.0,7.0,4.0,9.0,0.11875,0.36161335187760785,25.85,moderate,2026-09-05
43,43,1,Midday (9–15),55,37.0,24.0,42.0,18.0,54.0,4.0,0.3000000000000007,8.0,0.19,0.4395604395604396,33.02,moderate,2026-09-05
43,43,1,Overnight (0–6),22,27.0,3.85,27.0,23.15,18.0,6.0,0.0,8.0,0.1357142857142857,0.5021691973969632,34.88,high schedule variability,2026-09-05
43,43,1,PM Peak (15–19),47,37.0,20.0,42.0,22.0,45.0,5.0,2.0,13.0,0.15833333333333333,0.4894327030033371,34.91,high schedule variability,2026-09-05
44,44,0,AM Peak (6–9),22,22.0,19.0,22.0,3.0,21.0,4.0,0.0,5.0,0.19,0.115606936416185,13.59,moderate,2026-09-05
44,44,0,Evening (19–24),30,18.0,15.0,18.0,3.0,28.0,1.0,1.0,3.0,0.475,0.115606936416185,23.56,no recovery time,2026-09-05
44,44,0,Midday (9–15),48,21.0,21.0,21.0,0.0,48.0,4.0,4.0,5.0,0.19,0.0,6.65,moderate,2026-09-05
44,44,0,Overnight (0–6),16,15.0,15.0,18.733333333333334,3.7333333333333343,13.0,3.0,0.0,4.600000000000001,0.2375,0.1399125546533417,16.71,very low recovery time,2026-09-05
44,44,0,PM Peak (15–19),32,23.0,23.0,23.0,0.0,31.0,2.0,1.0,3.0,0.31666666666666665,0.0,11.08,very low recovery time,2026-09-05
44,44,1,AM Peak (6–9),22,18.0,16.0,18.0,2.0,22.0,6.0,5.0,6.0,0.1357142857142857,0.08016032064128258,9.56,moderate,2026-09-05
44,44,1,Evening (19–24),30,16.0,14.0,16.0,2.0,31.0,5.0,5.0,8.0,0.15833333333333333,0.08016032064128258,10.35,moderate,2026-09-05
44,44,1,Midday (9–15),50,18.0,18.0,18.0,0.0,48.0,6.0,5.0,6.0,0.1357142857142857,0.0,4.75,moderate,2026-09-05
44,44,1,Overnight (0–6),18,14.0,14.0,16.0,2.0,14.0,6.5,1.0,10.100000000000003,0.12666666666666665,0.08016032064128258,9.24,moderate,2026-09-05
44,44,1,PM Peak (15–19),33,20.0,20.0,20.0,0.0,30.0,6.0,6.0,6.0,0.1357142857142857,0.0,4.75,moderate,2026-09-05
45,45,0,AM Peak (6–9),18,45.8,37.96666666666667,45.8,7.833333333333329,17.0,8.0,8.0,10.0,0.10555555555555556,0.25446670276123434,18.96,moderate,2026-09-05
45,45,0,Evening (19–24),31,32.13333333333333,29.133333333333333,35.96666666666667,6.833333333333336,27.0,6.0,1.6,8.0,0.1357142857142857,0.229434806939004,18.52,moderate,2026-09-05
45,45,0,Midday (9–15),36,42.8,42.8,45.8,3.0,34.0,7.0,4.9,10.0,0.11875,0.115606936416185,11.09,moderate,2026-09-05
45,45,0,Overnight (0–6),20,30.108333333333334,29.133333333333333,37.96666666666667,8.833333333333336,18.0,4.0,4.0,10.0,0.19,0.27792343995804936,23.33,moderate,2026-09-05
45,45,0,PM Peak (15–19),24,45.8,35.96666666666667,45.8,9.833333333333329,23.0,7.0,7.0,8.0,0.11875,0.2999491611591255,22.15,moderate,2026-09-05
45,45,1,AM Peak (6–9),18,42.333333333333336,35.333333333333336,42.333333333333336,7.0,,10.0,,,0.08636363636363636,0.23372287145242074,17.05,moderate,2026-09-05
45,45,1,Evening (19–24),29,34.45,31.45,37.333333333333336,5.883333333333336,,10.0,,,0.08636363636363636,0.2040462427745666,15.27,moderate,2026-09-05
45,45,1,Midday (9–15),36,42.333333333333336,42.333333333333336,48.233333333333334,5.899999999999999,,10.0,,,0.08636363636363636,0.2045060658578856,15.29,moderate,2026-09-05
45,45,1,Overnight (0–6),21,31.45,31.45,32.71666666666667,1.2666666666666693,,10.0,,,0.08636363636363636,0.05230557467309027,6.16,moderate,2026-09-05
45,45,1,PM Peak (15–19),24,48.233333333333334,37.333333333333336,48.233333333333334,10.899999999999999,,10.0,,,0.08636363636363636,0.32200886262924666,22.34,moderate,2026-09-05
46,46,0,AM Peak (6–9),14,47.0,45.0,47.0,2.0,11.0,5.0,4.0,8.0,0.15833333333333333,0.08016032064128258,10.35,moderate,2026-09-05
46,46,0,Evening (19–24),14,42.0,42.0,42.0,0.0,14.0,4.0,4.0,6.800000000000004,0.19,0.0,6.65,moderate,2026-09-05
46,46,0,Midday (9–15),20,45.0,45.0,47.0,2.0,19.0,3.0,1.6,3.0,0.2375,0.08016032064128258,13.12,very low recovery time,2026-09-05
46,46,0,Overnight (0–6),7,47.0,42.0,47.0,5.0,5.0,4.0,4.0,5.0,0.19,0.1788908765652952,17.38,moderate,2026-09-05
46,46,0,PM Peak (15–19),18,47.0,44.0,47.0,3.0,18.0,5.0,4.7,7.300000000000001,0.15833333333333333,0.115606936416185,12.48,moderate,2026-09-05
46,46,1,AM Peak (6–9),12,47.0,45.0,47.0,2.0,13.0,5.0,2.0,5.0,0.15833333333333333,0.08016032064128258,10.35,moderate,2026-09-05
46,46,1,Evening (19–24),17,44.0,44.0,44.0,0.0,13.0,2.0,1.2000000000000002,2.0,0.31666666666666665,0.0,11.08,very low recovery time,2026-09-05
46,46,1,Midday (9–15),20,45.0,45.0,47.0,2.0,19.0,2.0,2.0,2.0,0.31666666666666665,0.08016032064128258,15.89,very low recovery time,2026-09-05
46,46,1,Overnight (0–6),9,46.03333333333333,44.0,47.0,3.0,5.0,2.0,1.0,5.0,0.31666666666666665,0.115606936416185,18.02,very low recovery time,2026-09-05
46,46,1,PM Peak (15–19),20,47.0,47.0,47.0,0.0,17.0,5.0,1.2000000000000002,5.0,0.15833333333333333,0.0,5.54,moderate,2026-09-05
47,47,0,AM Peak (6–9),61,15.0,6.0,18.0,12.0,57.0,2.0,1.0,2.0,0.31666666666666665,0.3433476394849786,31.68,very low recovery time,2026-09-05
47,47,0,Evening (19–24),71,7.0,6.0,14.0,8.0,71.0,2.0,1.0,2.0,0.31666666666666665,0.2584814216478191,26.59,very low recovery time,2026-09-05
47,47,0,Midday (9–15),104,12.0,7.0,16.0,9.0,104.0,1.5,1.0,2.0,0.38,0.28169014084507044,30.2,very low recovery time,2026-09-05
47,47,0,Overnight (0–6),30,11.0,6.0,17.400000000000006,11.400000000000006,28.0,2.0,0.0,2.3000000000000007,0.31666666666666665,0.3318777292576421,31.0,very low recovery time,2026-09-05
47,47,0,PM Peak (15–19),92,8.0,8.0,17.0,9.0,96.0,2.0,1.0,2.0,0.31666666666666665,0.28169014084507044,27.98,very low recovery time,2026-09-05
47,47,1,AM Peak (6–9),57,10.0,8.0,18.0,10.0,52.0,2.0,2.0,7.0,0.31666666666666665,0.3034901365705615,29.29,very low recovery time,2026-09-05
47,47,1,Evening (19–24),73,14.0,7.0,14.0,7.0,73.0,2.0,2.0,7.0,0.31666666666666665,0.23372287145242074,25.11,very low recovery time,2026-09-05
47,47,1,Midday (9–15),103,10.0,9.0,17.0,8.0,99.0,3.0,2.0,6.0,0.2375,0.2584814216478191,23.82,very low recovery time,2026-09-05
47,47,1,Overnight (0–6),29,14.0,7.0,16.599999999999994,9.599999999999994,24.0,2.5,2.0,8.0,0.2714285714285714,0.29493087557603676,27.2,very low recovery time,2026-09-05
47,47,1,PM Peak (15–19),97,14.0,10.0,23.0,13.0,93.0,3.0,3.0,6.0,0.2375,0.36161335187760785,30.01,very low recovery time,2026-09-05
48,48,0,AM Peak (6–9),8,26.0,21.0,26.0,5.0,8.0,5.0,4.0,6.8999999999999995,0.15833333333333333,0.1788908765652952,16.28,moderate,2026-09-05
48,48,0,Evening (19–24),11,22.0,19.0,22.0,3.0,7.0,8.0,7.6,10.000000000000002,0.10555555555555556,0.115606936416185,10.63,moderate,2026-09-05
48,48,0,Midday (9–15),16,21.0,21.0,22.5,1.5,15.0,4.0,4.0,5.799999999999999,0.19,0.061349693251533756,10.33,moderate,2026-09-05
48,48,0,Overnight (0–6),5,19.0,19.0,21.0,2.0,1.0,2.0,2.0,2.0,0.31666666666666665,0.08016032064128258,15.89,very low recovery time,2026-09-05
48,48,0,PM Peak (15–19),10,23.0,23.0,23.299999999999997,0.29999999999999716,8.0,7.0,7.0,7.0,0.11875,0.012903225806451495,4.93,moderate,2026-09-05
48,48,1,AM Peak (6–9),8,25.0,19.0,25.0,6.0,8.0,5.0,3.1,10.0,0.15833333333333333,0.20725388601036274,17.98,moderate,2026-09-05
48,48,1,Evening (19–24),11,20.0,18.0,20.0,2.0,11.0,0.0,0.0,2.0,0.95,0.08016032064128258,38.06,no recovery time,2026-09-05
48,48,1,Midday (9–15),14,21.0,21.0,23.800000000000004,2.8000000000000043,14.0,4.0,4.0,5.0,0.19,0.10873786407767007,13.17,moderate,2026-09-05
48,48,1,Overnight (0–6),4,18.0,18.0,18.7,0.6999999999999993,3.0,2.0,2.0,2.0,0.31666666666666665,0.029598308668076088,12.86,very low recovery time,2026-09-05
48,48,1,PM Peak (15–19),8,25.0,25.0,25.0,0.0,8.0,5.0,3.5000000000000004,5.0,0.15833333333333333,0.0,5.54,moderate,2026-09-05
49,49,0,AM Peak (6–9),11,18.0,17.0,18.0,1.0,11.0,3.0,3.0,3.0,0.2375,0.041753653444676415,10.82,very low recovery time,2026-09-05
49,49,0,Evening (19–24),10,13.0,11.0,13.0,2.0,10.0,6.0,6.0,8.0,0.1357142857142857,0.08016032064128258,9.56,moderate,2026-09-05
49,49,0,Midday (9–15),12,14.0,14.0,14.0,0.0,12.0,5.0,5.0,5.0,0.15833333333333333,0.0,5.54,moderate,2026-09-05
49,49,0,Overnight (0–6),9,11.0,7.633333333333334,14.0,6.366666666666666,7.0,8.0,6.800000000000001,10.0,0.10555555555555556,0.21716884593519045,16.72,moderate,2026-09-05
49,49,0,PM Peak (15–19),15,16.0,16.0,16.0,0.0,12.0,5.0,5.0,5.0,0.15833333333333333,0.0,5.54,moderate,2026-09-05
49,49,1,AM Peak (6–9),12,11.0,9.2,11.0,1.8000000000000007,11.0,0.0,0.0,1.0,0.95,0.07272727272727277,37.61,no recovery time,2026-09-05
49,49,1,Evening (19–24),10,10.5,9.0,11.0,2.0,10.0,0.0,0.0,2.0,0.95,0.08016032064128258,38.06,no recovery time,2026-09-05
49,49,1,Midday (9–15),12,11.0,11.0,11.0,0.0,12.0,0.0,0.0,0.0,0.95,0.0,33.25,no recovery time,2026-09-05
49,49,1,Overnight (0–6),6,9.0,8.0,9.0,1.0,7.0,2.0,1.2000000000000002,3.4000000000000004,0.31666666666666665,0.041753653444676415,13.59,very low recovery time,2026-09-05
49,49,1,PM Peak (15–19),15,13.0,13.0,13.0,0.0,15.0,0.0,0.0,0.0,0.95,0.0,33.25,no recovery time,2026-09-05
50,50,0,AM Peak (6–9),13,19.0,15.0,19.0,4.0,12.0,6.0,3.1,7.0,0.1357142857142857,0.14842300556586274,13.66,moderate,2026-09-05
50,50,0,Evening (19–24),15,16.0,13.0,16.0,3.0,15.0,3.0,3.0,3.0,0.2375,0.115606936416185,15.25,very low recovery time,2026-09-05
50,50,0,Midday (9–15),16,17.0,17.0,17.0,0.0,16.0,7.0,7.0,7.0,0.11875,0.0,4.16,moderate,2026-09-05
50,50,0,Overnight (0–6),9,13.0,11.0,15.0,4.0,8.0,4.0,3.0,5.0,0.19,0.14842300556586274,15.56,moderate,2026-09-05
50,50,0,PM Peak (15–19),16,19.0,19.0,19.0,0.0,16.0,7.0,7.0,11.0,0.11875,0.0,4.16,moderate,2026-09-05
50,50,1,AM Peak (6–9),12,19.0,14.0,20.0,6.0,12.0,2.0,2.0,2.0,0.31666666666666665,0.20725388601036274,23.52,very low recovery time,2026-09-05
50,50,1,Evening (19–24),15,16.0,14.0,16.0,2.0,15.0,5.0,5.0,10.0,0.15833333333333333,0.08016032064128258,10.35,moderate,2026-09-05
50,50,1,Midday (9–15),16,18.0,18.0,18.0,0.0,16.0,2.0,2.0,2.0,0.31666666666666665,0.0,11.08,very low recovery time,2026-09-05
50,50,1,Overnight (0–6),9,14.0,13.0,14.0,1.0,6.0,8.0,0.5,10.0,0.10555555555555556,0.041753653444676415,6.2,moderate,2026-09-05
50,50,1,PM Peak (15–19),14,20.0,18.6,20.0,1.3999999999999986,15.0,2.0,2.0,4.199999999999999,0.31666666666666665,0.057494866529774084,14.53,very low recovery time,2026-09-05
51,51,0,AM Peak (6–9),16,31.0,27.5,40.0,12.5,15.0,9.0,7.800000000000001,11.6,0.095,0.35260930888575465,24.48,moderate,2026-09-05
51,51,0,Evening (19–24),25,27.0,23.0,31.0,8.0,24.0,7.0,4.0,8.399999999999999,0.11875,0.2584814216478191,19.67,moderate,2026-09-05
51,51,0,Midday (9–15),30,34.0,27.0,37.2,10.200000000000003,30.0,10.0,5.9,13.100000000000001,0.08636363636363636,0.30769230769230776,21.48,moderate,2026-09-05
51,51,0,Overnight (0–6),14,25.0,14.066666666666666,29.800000000000004,15.733333333333338,9.0,4.0,3.0,7.4,0.19,0.40672124084446365,31.05,moderate,2026-09-05
51,51,0,PM Peak (15–19),22,35.0,26.5,39.0,12.5,21.0,9.0,9.0,12.0,0.095,0.35260930888575465,24.48,moderate,2026-09-05
51,51,1,AM Peak (6–9),16,33.0,27.5,41.0,13.5,15.0,9.0,4.4,12.6,0.095,0.3703703703703704,25.55,moderate,2026-09-05
51,51,1,Evening (19–24),25,27.0,23.0,33.0,10.0,24.0,6.0,0.0,16.099999999999998,0.1357142857142857,0.3034901365705615,22.96,moderate,2026-09-05
51,51,1,Midday (9–15),31,40.0,33.0,45.0,12.0,30.0,8.0,1.9000000000000004,11.0,0.10555555555555556,0.3433476394849786,24.3,moderate,2026-09-05
51,51,1,Overnight (0–6),14,23.625,4.791666666666667,27.0,22.208333333333332,14.0,1.0,0.0,17.0,0.475,0.49178815279571875,46.13,"no recovery time, high schedule variability",2026-09-05
51,51,1,PM Peak (15–19),22,40.0,33.2,50.0,16.799999999999997,23.0,8.0,4.0,12.8,0.10555555555555556,0.4226415094339623,29.05,moderate,2026-09-05
52,52,0,AM Peak (6–9),50,44.0,5.0,77.30000000000001,72.30000000000001,35.0,5.133333333333334,0.0,10.133333333333333,0.15489130434782608,0.7590551181102363,50.96,high schedule variability,2026-09-05
52,52,0,Evening (19–24),62,39.0,3.0,62.9,59.9,44.0,5.0,0.2999999999999998,8.135,0.15833333333333333,0.7229933614966808,48.92,high schedule variability,2026-09-05
52,52,0,Midday (9–15),96,42.0,5.0,78.0,73.0,68.0,8.133333333333333,5.093333333333334,14.0,0.10401459854014598,0.760812923397603,49.29,high schedule variability,2026-09-05
52,52,0,Overnight (0–6),35,36.0,3.4000000000000004,59.0,55.6,22.0,4.583333333333333,0.0,9.860000000000005,0.1701492537313433,0.7078294080203692,48.42,high schedule variability,2026-09-05
52,52,0,PM Peak (15–19),68,48.5,5.0,78.0,73.0,52.0,8.183333333333334,7.015,10.0,0.10344827586206896,0.760812923397603,49.27,high schedule variability,2026-09-05
52,52,1,AM Peak (6–9),38,64.91666666666667,44.0,81.46666666666667,37.46666666666667,35.0,1.0,0.0,15.0,0.475,0.6201379310344828,53.83,"no recovery time, high schedule variability",2026-09-05
52,52,1,Evening (19–24),45,59.9,35.0,67.9,32.900000000000006,45.0,0.0,0.0,11.400000000000006,0.95,0.5890778871978515,68.59,"no recovery time, high schedule variability",2026-09-05
52,52,1,Midday (9–15),75,60.0,42.0,79.86666666666666,37.86666666666666,74.0,2.0,0.0,14.0,0.31666666666666665,0.6226363387229378,48.44,"very low recovery time, high schedule variability",2026-09-05
52,52,1,Overnight (0–6),30,50.93333333333333,26.45500000000001,64.91666666666667,38.46166666666666,21.0,0.0,0.0,6.0,0.95,0.626292506852661,70.83,"no recovery time, high schedule variability",2026-09-05
52,52,1,PM Peak (15–19),53,71.85,47.4,86.21666666666667,38.81666666666667,47.0,7.0,0.0,16.0,0.11875,0.6284403669724772,41.86,high schedule variability,2026-09-05
53,53,0,AM Peak (6–9),27,60.0,57.0,60.0,3.0,22.0,8.0,6.1,10.0,0.10555555555555556,0.115606936416185,10.63,moderate,2026-09-05
53,53,0,Evening (19–24),45,54.0,50.0,57.0,7.0,38.0,8.5,2.0,14.300000000000004,0.09999999999999999,0.23372287145242074,17.52,moderate,2026-09-05
53,53,0,Midday (9–15),56,56.0,56.0,66.0,10.0,52.0,3.0,3.0,9.0,0.2375,0.3034901365705615,26.52,very low recovery time,2026-09-05
53,53,0,Overnight (0–6),22,51.5,32.88333333333333,57.0,24.116666666666667,11.0,9.0,1.0,10.0,0.095,0.5123937677053825,34.07,high schedule variability,2026-09-05
53,53,0,PM Peak (15–19),38,68.0,57.0,68.0,11.0,33.0,11.0,9.4,14.600000000000001,0.07916666666666666,0.3240058910162003,22.21,moderate,2026-09-05
53,53,1,AM Peak (6–9),27,58.0,52.0,58.0,6.0,25.0,4.0,2.4000000000000004,5.0,0.19,0.20725388601036274,19.09,moderate,2026-09-05
53,53,1,Evening (19–24),44,49.0,41.0,58.0,17.0,45.0,3.0,0.0,8.0,0.2375,0.4255319148936171,33.84,very low recovery time,2026-09-05
53,53,1,Midday (9–15),56,54.0,54.0,64.0,10.0,55.0,4.0,4.0,4.0,0.19,0.3034901365705615,24.86,moderate,2026-09-05
53,53,1,Overnight (0–6),23,52.0,41.0,52.0,11.0,21.0,5.0,0.0,8.0,0.15833333333333333,0.3240058910162003,24.98,moderate,2026-09-05
53,53,1,PM Peak (15–19),40,60.0,49.0,60.0,11.0,37.0,4.0,4.0,7.0,0.19,0.3240058910162003,26.09,moderate,2026-09-05
54,54,0,AM Peak (6–9),36,61.35,54.53333333333333,71.0,16.46666666666667,11.0,12.0,12.0,12.0,0.07307692307692307,0.41775898520084576,27.62,moderate,2026-09-05
54,54,0,Evening (19–24),36,50.36666666666667,38.016666666666666,62.0,23.983333333333334,17.0,10.0,0.0,10.4,0.08636363636363636,0.5110085227272728,33.68,high schedule variability,2026-09-05
54,54,0,Midday (9–15),54,68.85,57.36666666666667,79.10000000000001,21.73333333333334,25.0,18.0,13.0,19.0,0.049999999999999996,0.48638567698619933,30.93,moderate,2026-09-05
54,54,0,Overnight (0–6),10,38.19166666666666,30.266666666666666,49.0,18.733333333333334,6.0,0.0,0.0,0.0,0.95,0.4494202319072372,60.22,no recovery time,2026-09-05
54,54,0,PM Peak (15–19),36,67.7,58.36666666666667,81.5,23.133333333333333,18.0,15.0,12.5,17.0,0.059375,0.501989150090416,32.2,high schedule variability,2026-09-05
54,54,1,AM Peak (6–9),36,56.05833333333334,48.11666666666667,67.0,18.883333333333333,35.0,9.0,8.0,10.0,0.095,0.451394422310757,30.41,moderate,2026-09-05
54,54,1,Evening (19–24),42,41.11666666666667,2.0,52.0,50.0,39.0,10.0,5.0,11.200000000000003,0.08636363636363636,0.6854009595613435,44.15,high schedule variability,2026-09-05
54,54,1,Midday (9–15),52,62.55833333333334,53.11666666666667,71.9,18.78333333333334,50.0,8.0,7.0,11.0,0.10555555555555556,0.45007987220447293,30.7,moderate,2026-09-05
54,54,1,Overnight (0–6),23,44.0,8.623333333333338,59.0,50.376666666666665,13.0,10.0,5.0,14.200000000000003,0.08636363636363636,0.6870170015455952,44.24,high schedule variability,2026-09-05
54,54,1,PM Peak (15–19),37,59.11666666666667,51.11666666666667,72.0,20.883333333333333,36.0,11.0,10.5,12.5,0.07916666666666666,0.476425855513308,31.36,moderate,2026-09-05
55,55,0,AM Peak (6–9),8,19.0,14.0,19.0,5.0,8.0,7.0,2.0,8.5,0.11875,0.1788908765652952,14.89,moderate,2026-09-05
55,55,0,Evening (19–24),11,14.0,12.0,14.0,2.0,9.0,2.0,2.0,4.4,0.31666666666666665,0.08016032064128258,15.89,very low recovery time,2026-09-05
55,55,0,Midday (9–15),12,15.0,15.0,15.0,0.0,12.0,1.0,1.0,1.0,0.475,0.0,16.62,no recovery time,2026-09-05
55,55,0,Overnight (0–6),5,12.0,12.0,14.0,2.0,5.0,4.0,2.8,5.800000000000001,0.19,0.08016032064128258,11.46,moderate,2026-09-05
55,55,0,PM Peak (15–19),12,19.0,19.0,19.0,0.0,11.0,6.0,6.0,6.0,0.1357142857142857,0.0,4.75,moderate,2026-09-05
55,55,1,AM Peak (6–9),8,13.0,11.0,13.0,2.0,8.0,1.0,1.0,3.0,0.475,0.08016032064128258,21.43,no recovery time,2026-09-05
55,55,1,Evening (19–24),10,13.0,11.0,13.0,2.0,11.0,1.0,1.0,3.0,0.475,0.08016032064128258,21.43,no recovery time,2026-09-05
55,55,1,Midday (9–15),13,13.0,13.0,13.0,0.0,12.0,1.0,1.0,1.0,0.475,0.0,16.62,no recovery time,2026-09-05
55,55,1,Overnight (0–6),5,11.0,5.63,11.0,5.37,5.0,3.0,1.8,3.0,0.2375,0.18961864406779663,19.69,very low recovery time,2026-09-05
55,55,1,PM Peak (15–19),12,15.0,15.0,15.0,0.0,12.0,0.0,0.0,0.0,0.95,0.0,33.25,no recovery time,2026-09-05
57,57,0,AM Peak (6–9),16,37.75,31.5,37.75,6.25,14.0,8.0,2.9000000000000004,8.0,0.10555555555555556,0.21404109589041098,16.54,moderate,2026-09-05
57,57,0,Evening (19–24),17,33.75,30.5,33.75,3.25,16.0,4.0,4.0,7.0,0.19,0.12404580152671758,14.09,moderate,2026-09-05
57,57,0,Midday (9–15),32,37.5,37.5,37.5,0.0,33.0,4.0,3.0,4.0,0.19,0.0,6.65,moderate,2026-09-05
57,57,0,Overnight (0–6),9,31.5,30.5,31.5,1.0,7.0,5.0,5.0,7.0,0.15833333333333333,0.041753653444676415,8.05,moderate,2026-09-05
57,57,0,PM Peak (15–19),19,39.75,33.75,39.75,6.0,19.0,4.0,4.0,5.199999999999999,0.19,0.20725388601036274,19.09,moderate,2026-09-05
57,57,1,AM Peak (6–9),16,39.31666666666667,35.05,39.31666666666667,4.266666666666673,,10.0,,,0.08636363636363636,0.15676668707899594,12.43,moderate,2026-09-05
57,57,1,Evening (19–24),17,34.05,31.05,34.05,2.9999999999999964,,10.0,,,0.08636363636363636,0.11560693641618487,9.96,moderate,2026-09-05
57,57,1,Midday (9–15),34,38.05,38.05,38.93666666666667,0.8866666666666703,,10.0,,,0.08636363636363636,0.03719759474199428,5.25,moderate,2026-09-05
57,57,1,Overnight (0–6),8,34.8,31.05,34.8,3.7499999999999964,,10.0,,,0.08636363636363636,0.1404494382022471,11.45,moderate,2026-09-05
57,57,1,PM Peak (15–19),19,42.31666666666667,34.05,42.31666666666667,8.266666666666673,,10.0,,,0.08636363636363636,0.26481580352375883,18.91,moderate,2026-09-05
59,59,0,AM Peak (6–9),12,35.0,33.2,37.0,3.799999999999997,10.0,4.0,4.0,8.2,0.19,0.14205607476635507,15.17,moderate,2026-09-05
59,59,0,Evening (19–24),13,28.0,25.4,30.8,5.400000000000002,12.0,6.5,0.20000000000000018,12.600000000000001,0.12666666666666665,0.19047619047619058,15.86,moderate,2026-09-05
59,59,0,Midday (9–15),16,33.0,32.0,34.5,2.5,15.0,7.0,0.40000000000000013,9.399999999999999,0.11875,0.0982318271119843,10.05,moderate,2026-09-05
59,59,0,Overnight (0–6),3,7.4,7.013333333333334,21.48,14.466666666666667,2.0,6.0,5.2,6.8,0.1357142857142857,0.38663697104677064,27.95,moderate,2026-09-05
59,59,0,PM Peak (15–19),13,36.0,36.0,37.0,1.0,11.0,12.0,8.0,12.0,0.07307692307692307,0.041753653444676415,5.06,moderate,2026-09-05
59,59,1,AM Peak (6–9),12,30.0,28.2,32.0,3.8000000000000007,12.0,4.0,2.0,6.0,0.19,0.14205607476635518,15.17,moderate,2026-09-05
59,59,1,Evening (19–24),11,28.0,25.0,28.0,3.0,13.0,2.0,0.0,4.0,0.31666666666666665,0.115606936416185,18.02,very low recovery time,2026-09-05
59,59,1,Midday (9–15),16,32.0,31.0,33.0,2.0,15.0,5.0,2.4000000000000004,6.6,0.15833333333333333,0.08016032064128258,10.35,moderate,2026-09-05
59,59,1,Overnight (0–6),5,25.0,17.12,27.2,10.079999999999998,4.0,4.5,4.0,5.0,0.17272727272727273,0.30517711171662126,24.36,moderate,2026-09-05
59,59,1,PM Peak (15–19),13,37.0,37.0,39.0,2.0,13.0,4.0,2.0,5.0,0.19,0.08016032064128258,11.46,moderate,2026-09-05
60,60,0,AM Peak (6–9),26,34.0,30.0,34.0,4.0,26.0,7.0,4.0,8.0,0.11875,0.14842300556586274,13.06,moderate,2026-09-05
60,60,0,Evening (19–24),27,34.0,26.8,45.0,18.2,29.0,6.0,4.0,10.0,0.1357142857142857,0.44228432563791015,31.29,moderate,2026-09-05
60,60,0,Midday (9–15),43,35.0,34.0,38.0,4.0,41.0,9.0,5.0,9.0,0.095,0.14842300556586274,12.23,moderate,2026-09-05
60,60,0,Overnight (0–6),19,27.0,23.776666666666667,45.06666666666667,21.290000000000003,11.0,10.0,2.0,13.0,0.08636363636363636,0.48123869801085,31.9,moderate,2026-09-05
60,60,0,PM Peak (15–19),30,41.0,38.9,41.0,2.1000000000000014,28.0,7.0,7.0,7.0,0.11875,0.08383233532934138,9.19,moderate,2026-09-05
60,60,1,AM Peak (6–9),27,31.45,27.583333333333332,31.45,3.866666666666667,28.0,4.55,4.416666666666667,4.55,0.17117117117117117,0.14418893722809203,14.64,moderate,2026-09-05
60,60,1,Evening (19–24),28,28.45,22.583333333333332,45.0,22.416666666666668,23.0,1.55,1.55,8.0,0.37254901960784315,0.49412196914033807,42.69,"very low recovery time, high schedule variability",2026-09-05
60,60,1,Midday (9–15),42,32.45,31.45,35.45,4.0000000000000036,42.0,4.55,4.55,4.55,0.17117117117117117,0.14842300556586285,14.9,moderate,2026-09-05
60,60,1,Overnight (0–6),22,30.283333333333335,21.683333333333334,47.10000000000001,25.416666666666675,17.0,4.416666666666667,1.7666666666666668,8.0,0.17538461538461536,0.5254996554100622,37.67,high schedule variability,2026-09-05
60,60,1,PM Peak (15–19),29,38.45,35.45,38.45,3.0,29.0,1.55,1.55,3.55,0.37254901960784315,0.115606936416185,19.98,very low recovery time,2026-09-05
61,61,0,AM Peak (6–9),10,22.5,15.0,23.0,8.0,9.0,10.0,5.0,13.600000000000001,0.08636363636363636,0.2584814216478191,18.53,moderate,2026-09-05
61,61,0,Evening (19–24),15,15.0,14.0,18.6,4.600000000000001,14.0,5.0,2.0,8.100000000000003,0.15833333333333333,0.1669691470054447,15.56,moderate,2026-09-05
61,61,0,Midday (9–15),19,20.0,20.0,20.4,0.3999999999999986,19.0,8.0,7.8,9.0,0.10555555555555556,0.01713062098501065,4.72,moderate,2026-09-05
61,61,0,Overnight (0–6),7,14.0,14.0,15.0,1.0,7.0,6.0,6.0,7.0,0.1357142857142857,0.041753653444676415,7.26,moderate,2026-09-05
61,61,0,PM Peak (15–19),14,22.0,19.0,22.0,3.0,13.0,15.0,8.0,15.0,0.059375,0.115606936416185,9.01,moderate,2026-09-05
61,61,1,AM Peak (6–9),10,23.0,16.0,23.0,7.0,9.0,2.0,2.0,4.0,0.31666666666666665,0.23372287145242074,25.11,very low recovery time,2026-09-05
61,61,1,Evening (19–24),15,18.0,15.0,21.2,6.199999999999999,15.0,5.0,5.0,5.6,0.15833333333333333,0.21269296740994856,18.3,moderate,2026-09-05
61,61,1,Midday (9–15),21,21.0,21.0,23.0,2.0,20.0,5.0,4.0,7.0,0.15833333333333333,0.08016032064128258,10.35,moderate,2026-09-05
61,61,1,Overnight (0–6),6,15.0,15.0,15.5,0.5,5.0,5.0,3.2,5.0,0.15833333333333333,0.021321961620469086,6.82,moderate,2026-09-05
61,61,1,PM Peak (15–19),13,31.0,22.6,31.0,8.399999999999999,13.0,4.0,2.4000000000000004,5.0,0.19,0.2679425837320574,22.73,moderate,2026-09-05
62,62,0,AM Peak (6–9),10,19.0,17.0,19.0,2.0,10.0,3.0,3.0,5.0,0.2375,0.08016032064128258,13.12,very low recovery time,2026-09-05
62,62,0,Evening (19–24),14,17.0,16.0,17.0,1.0,16.0,5.0,4.5,6.0,0.15833333333333333,0.041753653444676415,8.05,moderate,2026-09-05
62,62,0,Midday (9–15),15,21.0,21.0,21.0,0.0,15.0,4.0,4.0,4.0,0.19,0.0,6.65,moderate,2026-09-05
62,62,0,Overnight (0–6),6,16.0,16.0,17.0,1.0,4.0,6.5,6.0,11.900000000000002,0.12666666666666665,0.041753653444676415,6.94,moderate,2026-09-05
62,62,0,PM Peak (15–19),12,25.0,25.0,25.0,0.0,10.0,6.0,6.0,8.799999999999997,0.1357142857142857,0.0,4.75,moderate,2026-09-05
62,62,1,AM Peak (6–9),10,22.0,18.0,22.0,4.0,9.0,7.0,2.0,8.200000000000001,0.11875,0.14842300556586274,13.06,moderate,2026-09-05
62,62,1,Evening (19–24),15,16.0,16.0,16.0,0.0,15.0,2.0,2.0,2.0,0.31666666666666665,0.0,11.08,very low recovery time,2026-09-05
62,62,1,Midday (9–15),15,19.0,19.0,19.0,0.0,15.0,4.0,2.8000000000000003,4.0,0.19,0.0,6.65,moderate,2026-09-05
62,62,1,Overnight (0–6),6,16.0,16.0,18.0,2.0,4.0,2.0,1.3,6.200000000000001,0.31666666666666665,0.08016032064128258,15.89,very low recovery time,2026-09-05
62,62,1,PM Peak (15–19),12,24.0,24.0,24.0,0.0,12.0,5.0,3.2,5.0,0.15833333333333333,0.0,5.54,moderate,2026-09-05
63,63,0,AM Peak (6–9),76,19.0,6.266666666666667,24.0,17.733333333333334,71.0,2.0,1.0,3.0,0.31666666666666665,0.43588693158541586,37.24,very low recovery time,2026-09-05
63,63,0,Evening (19–24),73,20.0,13.0,21.0,8.0,79.0,2.0,0.0,4.200000000000003,0.31666666666666665,0.2584814216478191,26.59,very low recovery time,2026-09-05
63,63,0,Midday (9–15),115,19.0,18.0,23.60000000000001,5.6000000000000085,113.0,2.0,2.0,4.0,0.31666666666666665,0.19614711033274984,22.85,very low recovery time,2026-09-05
63,63,0,Overnight (0–6),28,14.0,10.3,20.0,9.7,28.0,2.5,2.0,6.0,0.2714285714285714,0.2970903522205207,27.33,very low recovery time,2026-09-05
63,63,0,PM Peak (15–19),96,21.5,8.516666666666667,24.0,15.483333333333333,96.0,2.0,2.0,2.0,0.31666666666666665,0.4028620988725065,35.26,very low recovery time,2026-09-05
63,63,1,AM Peak (6–9),65,17.0,11.916666666666666,28.0,16.083333333333336,50.0,2.0,1.0,3.0,0.31666666666666665,0.4120409906063195,35.81,very low recovery time,2026-09-05
63,63,1,Evening (19–24),83,25.0,13.0,26.0,13.0,76.0,2.0,1.0,3.0,0.31666666666666665,0.36161335187760785,32.78,very low recovery time,2026-09-05
63,63,1,Midday (9–15),114,19.0,16.0,28.0,12.0,108.0,2.0,2.0,5.0,0.31666666666666665,0.3433476394849786,31.68,very low recovery time,2026-09-05
63,63,1,Overnight (0–6),32,13.0,10.2,25.0,14.8,24.0,2.0,1.0,2.6999999999999993,0.31666666666666665,0.3920529801324503,34.61,very low recovery time,2026-09-05
63,63,1,PM Peak (15–19),96,19.0,16.866666666666667,37.0,20.133333333333333,72.0,2.0,2.0,5.0,0.31666666666666665,0.4673114119922631,39.12,very low recovery time,2026-09-05
64,64,0,AM Peak (6–9),18,8.0,8.0,11.0,3.0,17.0,4.0,0.0,4.0,0.19,0.115606936416185,13.59,moderate,2026-09-05
64,64,0,Evening (19–24),16,9.0,8.0,9.0,1.0,16.0,0.0,0.0,0.0,0.95,0.041753653444676415,35.76,no recovery time,2026-09-05
64,64,0,Midday (9–15),37,9.0,9.0,9.0,0.0,37.0,0.0,0.0,0.0,0.95,0.0,33.25,no recovery time,2026-09-05
64,64,0,Overnight (0–6),7,8.0,8.0,8.0,0.0,8.0,0.0,0.0,2.5999999999999996,0.95,0.0,33.25,no recovery time,2026-09-05
64,64,0,PM Peak (15–19),24,10.0,10.0,10.0,0.0,24.0,0.0,0.0,0.0,0.95,0.0,33.25,no recovery time,2026-09-05
64,64,1,AM Peak (6–9),18,9.0,9.0,10.0,1.0,,10.0,,,0.08636363636363636,0.041753653444676415,5.53,moderate,2026-09-05
64,64,1,Evening (19–24),16,9.0,8.0,9.0,1.0,6.0,4.0,4.0,4.0,0.19,0.041753653444676415,9.16,moderate,2026-09-05
64,64,1,Midday (9–15),37,9.0,9.0,9.399999999999999,0.3999999999999986,,10.0,,,0.08636363636363636,0.01713062098501065,4.05,moderate,2026-09-05
64,64,1,Overnight (0–6),7,8.0,8.0,9.0,1.0,3.0,4.0,4.0,4.0,0.19,0.041753653444676415,9.16,moderate,2026-09-05
64,64,1,PM Peak (15–19),24,11.0,11.0,11.0,0.0,,10.0,,,0.08636363636363636,0.0,3.02,moderate,2026-09-05
65,65,0,AM Peak (6–9),23,21.0,17.0,21.0,4.0,22.0,2.0,2.0,4.0,0.31666666666666665,0.14842300556586274,19.99,very low recovery time,2026-09-05
65,65,0,Evening (19–24),21,19.0,16.0,19.0,3.0,21.0,1.0,1.0,2.0,0.475,0.115606936416185,23.56,no recovery time,2026-09-05
65,65,0,Midday (9–15),29,21.0,21.0,23.0,2.0,29.0,3.0,2.6000000000000005,3.0,0.2375,0.08016032064128258,13.12,very low recovery time,2026-09-05
65,65,0,Overnight (0–6),15,16.0,16.0,17.0,1.0,14.0,2.0,2.0,2.700000000000001,0.31666666666666665,0.041753653444676415,13.59,very low recovery time,2026-09-05
65,65,0,PM Peak (15–19),27,23.0,23.0,23.0,0.0,26.0,3.0,3.0,3.0,0.2375,0.0,8.31,very low recovery time,2026-09-05
65,65,1,AM Peak (6–9),21,21.0,18.0,21.0,3.0,22.0,4.0,3.0,4.0,0.19,0.115606936416185,13.59,moderate,2026-09-05
65,65,1,Evening (19–24),22,21.0,17.0,21.0,4.0,21.0,4.0,2.0,4.0,0.19,0.14842300556586274,15.56,moderate,2026-09-05
65,65,1,Midday (9–15),30,22.0,22.0,25.0,3.0,29.0,6.0,2.8000000000000003,6.0,0.1357142857142857,0.115606936416185,11.69,moderate,2026-09-05
65,65,1,Overnight (0–6),14,17.0,17.0,18.0,1.0,10.0,4.0,1.8,4.0,0.19,0.041753653444676415,9.16,moderate,2026-09-05
65,65,1,PM Peak (15–19),27,25.0,25.0,25.0,0.0,26.0,3.0,3.0,3.0,0.2375,0.0,8.31,very low recovery time,2026-09-05
66,66,0,AM Peak (6–9),31,19.0,13.916666666666666,23.0,9.083333333333334,29.0,1.0,0.8000000000000003,5.0,0.475,0.2835587929240375,33.64,no recovery time,2026-09-05
66,66,0,Evening (19–24),22,19.433333333333334,14.9,24.0,9.1,22.0,1.0,0.0,3.0,0.475,0.2839313572542902,33.66,no recovery time,2026-09-05
66,66,0,Midday (9–15),28,17.4,16.9,23.0,6.100000000000001,27.0,8.0,0.0,8.0,0.10555555555555556,0.2099827882960414,16.29,moderate,2026-09-05
66,66,0,Overnight (0–6),9,14.9,12.133333333333333,22.0,9.866666666666667,6.0,1.5,0.0,3.5,0.38,0.30066023362112754,31.34,very low recovery time,2026-09-05
66,66,0,PM Peak (15–19),40,25.0,18.866666666666667,25.0,6.133333333333333,39.0,1.0,1.0,4.0,0.475,0.21088825214899715,29.28,no recovery time,2026-09-05
66,66,1,AM Peak (6–9),28,17.433333333333334,16.33,19.866666666666667,3.536666666666669,19.0,6.133333333333334,6.1,6.133333333333334,0.13317757009345793,0.13352630254215966,12.67,moderate,2026-09-05
66,66,1,Evening (19–24),23,14.9,12.0,16.866666666666667,4.866666666666667,,10.0,,,0.08636363636363636,0.17495506291192334,13.52,moderate,2026-09-05
66,66,1,Midday (9–15),28,16.933333333333334,16.0,17.866666666666667,1.8666666666666671,1.0,7.133333333333334,7.133333333333334,7.133333333333334,0.1168032786885246,0.07521826729348559,8.6,moderate,2026-09-05
66,66,1,Overnight (0–6),9,14.9,12.0,15.38,3.380000000000001,1.0,21.083333333333332,21.083333333333332,21.083333333333332,0.0430188679245283,0.12837067983289027,9.21,moderate,2026-09-05
66,66,1,PM Peak (15–19),40,17.866666666666667,16.0,17.866666666666667,1.8666666666666671,38.0,6.133333333333334,6.133333333333334,6.133333333333334,0.13317757009345793,0.07521826729348559,9.17,moderate,2026-09-05
67,67,0,AM Peak (6–9),23,15.0,15.0,30.0,15.0,21.0,0.0,0.0,0.0,0.95,0.3952569169960475,56.97,no recovery time,2026-09-05
67,67,0,Evening (19–24),15,24.0,22.0,24.0,2.0,14.0,2.0,0.6000000000000001,4.800000000000004,0.31666666666666665,0.08016032064128258,15.89,very low recovery time,2026-09-05
67,67,0,Midday (9–15),26,28.0,28.0,28.0,0.0,24.0,4.0,4.0,4.0,0.19,0.0,6.65,moderate,2026-09-05
67,67,0,Overnight (0–6),5,22.0,16.6,28.0,11.399999999999999,4.0,3.0,2.0,4.0,0.2375,0.3318777292576419,28.23,very low recovery time,2026-09-05
67,67,0,PM Peak (15–19),23,30.0,30.0,30.0,0.0,24.0,5.0,5.0,5.0,0.15833333333333333,0.0,5.54,moderate,2026-09-05
67,67,1,AM Peak (6–9),21,18.0,18.0,30.0,12.0,21.0,7.0,7.0,12.0,0.11875,0.3433476394849786,24.76,moderate,2026-09-05
67,67,1,Evening (19–24),15,26.0,24.0,26.0,2.0,15.0,2.0,2.0,4.0,0.31666666666666665,0.08016032064128258,15.89,very low recovery time,2026-09-05
67,67,1,Midday (9–15),24,27.0,27.0,27.0,0.0,24.0,1.0,1.0,1.0,0.475,0.0,16.62,no recovery time,2026-09-05
67,67,1,Overnight (0–6),6,25.0,24.0,26.0,2.0,3.0,2.0,0.4,9.200000000000001,0.31666666666666665,0.08016032064128258,15.89,very low recovery time,2026-09-05
67,67,1,PM Peak (15–19),24,31.0,31.0,31.0,0.0,22.0,4.0,4.0,4.0,0.19,0.0,6.65,moderate,2026-09-05
68,68,0,AM Peak (6–9),23,42.0,42.0,65.0,23.0,20.0,11.0,8.8,11.0,0.07916666666666666,0.5005440696409141,32.8,high schedule variability,2026-09-05
68,68,0,Evening (19–24),20,36.0,33.0,52.0,19.0,16.0,6.0,6.0,16.0,0.1357142857142857,0.4529201430274136,31.93,moderate,2026-09-05
68,68,0,Midday (9–15),36,43.0,43.0,62.0,19.0,36.0,6.0,5.5,6.5,0.1357142857142857,0.4529201430274136,31.93,moderate,2026-09-05
68,68,0,Overnight (0–6),12,37.0,33.0,37.0,4.0,9.0,2.0,1.6,6.2,0.31666666666666665,0.14842300556586274,19.99,very low recovery time,2026-09-05
68,68,0,PM Peak (15–19),23,50.0,42.0,71.0,29.0,24.0,8.0,4.6000000000000005,8.7,0.10555555555555556,0.5582290664100097,37.19,high schedule variability,2026-09-05
68,68,1,AM Peak (6–9),22,50.5,41.0,62.0,21.0,19.0,10.0,9.2,15.599999999999998,0.08636363636363636,0.47781569965870313,31.69,moderate,2026-09-05
68,68,1,Evening (19–24),19,39.0,35.0,54.0,19.0,20.0,4.5,3.0,14.0,0.17272727272727273,0.4529201430274136,33.22,moderate,2026-09-05
68,68,1,Midday (9–15),36,43.0,43.0,60.0,17.0,34.0,8.0,2.0,10.0,0.10555555555555556,0.4255319148936171,29.23,moderate,2026-09-05
68,68,1,Overnight (0–6),13,35.0,35.0,50.0,15.0,9.0,8.0,2.4000000000000004,12.400000000000002,0.10555555555555556,0.3952569169960475,27.41,moderate,2026-09-05
68,68,1,PM Peak (15–19),22,52.5,45.6,69.0,23.4,21.0,9.0,7.0,10.0,0.095,0.5048543689320388,33.62,high schedule variability,2026-09-05
69,69,0,AM Peak (6–9),9,25.0,18.016666666666666,25.0,6.983333333333334,9.0,6.0,0.8,7.000000000000001,0.1357142857142857,0.2332962138084633,18.75,moderate,2026-09-05
69,69,0,Evening (19–24),11,21.0,19.0,23.0,4.0,12.0,6.0,1.3000000000000003,9.0,0.1357142857142857,0.14842300556586274,13.66,moderate,2026-09-05
69,69,0,Midday (9–15),18,24.0,24.0,25.0,1.0,18.0,10.0,6.7,10.0,0.08636363636363636,0.041753653444676415,5.53,moderate,2026-09-05
69,69,0,Overnight (0–6),8,19.0,2.0833333333333335,19.9,17.816666666666666,7.0,2.0,0.0,6.0,0.31666666666666665,0.43704006541291907,37.31,very low recovery time,2026-09-05
69,69,0,PM Peak (15–19),12,25.0,23.0,25.0,2.0,12.0,6.0,6.0,8.700000000000001,0.1357142857142857,0.08016032064128258,9.56,moderate,2026-09-05
69,69,1,AM Peak (6–9),9,29.0,21.0,29.0,8.0,8.0,0.0,0.0,0.0,0.95,0.2584814216478191,48.76,no recovery time,2026-09-05
69,69,1,Evening (19–24),11,28.0,19.0,28.0,9.0,11.0,0.0,0.0,0.0,0.95,0.28169014084507044,50.15,no recovery time,2026-09-05
69,69,1,Midday (9–15),18,26.0,26.0,29.0,3.0,18.0,0.0,0.0,0.0,0.95,0.115606936416185,40.19,no recovery time,2026-09-05
69,69,1,Overnight (0–6),8,19.0,14.200000000000001,21.0,6.799999999999999,6.0,2.0,0.0,11.0,0.31666666666666665,0.2285714285714286,24.8,very low recovery time,2026-09-05
69,69,1,PM Peak (15–19),12,29.0,28.0,29.0,1.0,12.0,0.0,0.0,0.0,0.95,0.041753653444676415,35.76,no recovery time,2026-09-05
70,70,0,AM Peak (6–9),15,25.0,21.0,25.0,4.0,14.0,0.0,0.0,3.400000000000002,0.95,0.14842300556586274,42.16,no recovery time,2026-09-05
70,70,0,Evening (19–24),24,22.0,20.0,24.799999999999997,4.799999999999997,22.0,0.0,0.0,4.900000000000002,0.95,0.17297297297297293,43.63,no recovery time,2026-09-05
70,70,0,Midday (9–15),32,25.0,25.0,25.0,0.0,32.0,0.0,0.0,0.0,0.95,0.0,33.25,no recovery time,2026-09-05
70,70,0,Overnight (0–6),10,20.0,20.0,21.066666666666666,1.0666666666666664,10.0,0.0,0.0,0.0,0.95,0.04441360166551006,35.91,no recovery time,2026-09-05
70,70,0,PM Peak (15–19),23,36.0,36.0,36.0,0.0,22.0,0.0,0.0,0.0,0.95,0.0,33.25,no recovery time,2026-09-05
70,70,1,AM Peak (6–9),15,27.0,20.0,27.0,7.0,13.0,8.0,4.0,8.0,0.10555555555555556,0.23372287145242074,17.72,moderate,2026-09-05
70,70,1,Evening (19–24),22,20.0,18.0,20.0,2.0,23.0,6.0,5.2,7.0,0.1357142857142857,0.08016032064128258,9.56,moderate,2026-09-05
70,70,1,Midday (9–15),32,24.0,24.0,24.0,0.0,33.0,6.0,6.0,6.0,0.1357142857142857,0.0,4.75,moderate,2026-09-05
70,70,1,Overnight (0–6),10,18.0,17.985,20.0,2.0150000000000006,7.0,7.0,4.0,13.000000000000005,0.11875,0.0807129981974765,9.0,moderate,2026-09-05
70,70,1,PM Peak (15–19),25,24.0,24.0,24.0,0.0,23.0,3.0,3.0,4.800000000000001,0.2375,0.0,8.31,very low recovery time,2026-09-05
71,71,0,AM Peak (6–9),16,31.5,28.0,34.0,6.0,15.0,6.0,3.2,6.0,0.1357142857142857,0.20725388601036274,17.19,moderate,2026-09-05
71,71,0,Evening (19–24),18,27.0,22.0,27.0,5.0,19.0,4.0,2.8,5.0,0.19,0.1788908765652952,17.38,moderate,2026-09-05
71,71,0,Midday (9–15),25,30.0,30.0,30.0,0.0,25.0,3.0,3.0,4.0,0.2375,0.0,8.31,very low recovery time,2026-09-05
71,71,0,Overnight (0–6),8,22.0,15.73,28.0,12.27,5.0,5.0,0.8,5.0,0.15833333333333333,0.348381601362862,26.44,moderate,2026-09-05
71,71,0,PM Peak (15–19),20,33.0,27.0,33.0,6.0,20.0,3.0,0.0,3.0,0.2375,0.20725388601036274,20.75,very low recovery time,2026-09-05
71,71,1,AM Peak (6–9),15,32.0,26.0,32.6,6.600000000000001,13.0,12.0,9.4,13.0,0.07307692307692307,0.22335025380710666,15.96,moderate,2026-09-05
71,71,1,Evening (19–24),18,29.0,25.0,29.0,4.0,17.0,14.0,5.6,15.0,0.06333333333333332,0.14842300556586274,11.12,moderate,2026-09-05
71,71,1,Midday (9–15),25,33.0,33.0,33.0,0.0,24.0,9.0,2.6000000000000005,9.0,0.095,0.0,3.32,moderate,2026-09-05
71,71,1,Overnight (0–6),7,25.0,25.0,26.0,1.0,4.0,8.0,8.0,11.5,0.10555555555555556,0.041753653444676415,6.2,moderate,2026-09-05
71,71,1,PM Peak (15–19),21,41.0,29.0,41.0,12.0,19.0,7.0,5.4,7.0,0.11875,0.3433476394849786,24.76,moderate,2026-09-05
72,72,0,AM Peak (6–9),25,52.0,43.0,52.0,9.0,22.0,4.0,1.0,5.0,0.19,0.28169014084507044,23.55,moderate,2026-09-05
72,72,0,Evening (19–24),32,46.0,41.0,46.0,5.0,33.0,5.0,3.0,5.0,0.15833333333333333,0.1788908765652952,16.28,moderate,2026-09-05
72,72,0,Midday (9–15),42,51.0,51.0,55.0,4.0,39.0,4.0,3.0,4.400000000000006,0.19,0.14842300556586274,15.56,moderate,2026-09-05
72,72,0,Overnight (0–6),14,41.0,34.0,42.61666666666667,8.616666666666667,9.0,3.0,2.8,7.2,0.2375,0.2729672650475185,24.69,very low recovery time,2026-09-05
72,72,0,PM Peak (15–19),32,55.0,46.9,55.0,8.100000000000001,31.0,4.0,4.0,5.0,0.19,0.26086956521739135,22.3,moderate,2026-09-05
72,72,1,AM Peak (6–9),24,50.0,41.0,50.0,9.0,22.0,5.0,5.0,7.0,0.15833333333333333,0.28169014084507044,22.44,moderate,2026-09-05
72,72,1,Evening (19–24),32,48.0,40.0,48.0,8.0,31.0,9.0,4.0,9.0,0.095,0.2584814216478191,18.83,moderate,2026-09-05
72,72,1,Midday (9–15),42,55.0,55.0,60.0,5.0,40.0,7.0,5.9,7.100000000000001,0.11875,0.1788908765652952,14.89,moderate,2026-09-05
72,72,1,Overnight (0–6),17,40.0,24.756666666666668,41.0,16.243333333333332,9.0,6.0,4.8,10.0,0.1357142857142857,0.41444123150195616,29.62,moderate,2026-09-05
72,72,1,PM Peak (15–19),32,60.0,60.0,60.0,0.0,31.0,8.0,8.0,8.0,0.10555555555555556,0.0,3.69,moderate,2026-09-05
73,73,0,AM Peak (6–9),24,30.0,22.0,53.0,31.0,23.0,6.0,6.0,9.0,0.1357142857142857,0.5746061167747916,39.23,high schedule variability,2026-09-05
73,73,0,Evening (19–24),26,24.0,21.0,42.0,21.0,24.0,7.0,2.0,9.0,0.11875,0.47781569965870313,32.83,moderate,2026-09-05
73,73,0,Midday (9–15),34,30.5,26.200000000000003,50.0,23.799999999999997,33.0,9.0,2.0,9.0,0.095,0.5090909090909091,33.87,high schedule variability,2026-09-05
73,73,0,Overnight (0–6),15,35.0,21.0,43.0,22.0,7.0,9.0,5.4,9.0,0.095,0.4894327030033371,32.69,high schedule variability,2026-09-05
73,73,0,PM Peak (15–19),30,32.0,25.0,53.0,28.0,30.0,2.0,2.0,2.0,0.31666666666666665,0.549558390578999,44.06,"very low recovery time, high schedule variability",2026-09-05
73,73,1,AM Peak (6–9),23,34.0,21.8,48.0,26.2,23.0,6.0,2.0,25.0,0.1357142857142857,0.5330620549338759,36.73,high schedule variability,2026-09-05
73,73,1,Evening (19–24),26,32.5,25.0,46.0,21.0,26.0,5.0,2.0,13.5,0.15833333333333333,0.47781569965870313,34.21,moderate,2026-09-05
73,73,1,Midday (9–15),35,36.0,32.0,48.0,16.0,31.0,5.0,0.0,13.0,0.15833333333333333,0.41078305519897307,30.19,moderate,2026-09-05
73,73,1,Overnight (0–6),13,27.0,25.0,44.0,19.0,12.0,3.5,2.0,8.600000000000001,0.2111111111111111,0.4529201430274136,34.56,moderate,2026-09-05
73,73,1,PM Peak (15–19),30,36.0,26.0,56.0,30.0,30.0,7.0,2.0,21.0,0.11875,0.56657223796034,38.15,high schedule variability,2026-09-05
74,74,0,AM Peak (6–9),9,25.0,17.0,26.6,9.600000000000001,9.0,2.0,1.6,8.4,0.31666666666666665,0.2949308755760369,28.78,very low recovery time,2026-09-05
74,74,0,Evening (19–24),14,16.0,14.0,16.0,2.0,14.0,3.0,3.0,5.0,0.2375,0.08016032064128258,13.12,very low recovery time,2026-09-05
74,74,0,Midday (9–15),15,19.0,19.0,20.799999999999997,1.7999999999999972,14.0,6.0,4.6,6.0,0.1357142857142857,0.07272727272727263,9.11,moderate,2026-09-05
74,74,0,Overnight (0–6),6,14.0,14.0,16.6,2.6000000000000014,5.0,5.0,2.0,12.200000000000001,0.15833333333333333,0.10176125244618402,11.65,moderate,2026-09-05
74,74,0,PM Peak (15–19),13,22.0,20.0,22.0,2.0,14.0,4.0,4.0,10.0,0.19,0.08016032064128258,11.46,moderate,2026-09-05
74,74,1,AM Peak (6–9),10,21.891666666666666,18.0,22.0,4.0,8.0,4.0,3.0,8.399999999999999,0.19,0.14842300556586274,15.56,moderate,2026-09-05
74,74,1,Evening (19–24),15,18.0,15.0,18.0,3.0,14.0,3.0,3.0,6.0,0.2375,0.115606936416185,15.25,very low recovery time,2026-09-05
74,74,1,Midday (9–15),15,20.0,20.0,20.0,0.0,14.0,5.0,5.0,5.0,0.15833333333333333,0.0,5.54,moderate,2026-09-05
74,74,1,Overnight (0–6),6,15.0,15.0,15.0,0.0,5.0,6.0,0.0,6.0,0.1357142857142857,0.0,4.75,moderate,2026-09-05
74,74,1,PM Peak (15–19),13,28.0,24.0,28.0,4.0,13.0,6.0,2.8000000000000007,6.0,0.1357142857142857,0.14842300556586274,13.66,moderate,2026-09-05
75,75,0,AM Peak (6–9),31,29.0,20.783333333333335,29.0,8.216666666666665,30.0,7.0,1.9000000000000004,8.0,0.11875,0.2636363636363636,19.97,moderate,2026-09-05
75,75,0,Evening (19–24),14,26.0,23.0,26.0,3.0,16.0,11.0,2.0,12.0,0.07916666666666666,0.115606936416185,9.71,moderate,2026-09-05
75,75,0,Midday (9–15),48,28.0,28.0,28.0,0.0,49.0,7.0,6.600000000000001,7.0,0.11875,0.0,4.16,moderate,2026-09-05
75,75,0,Overnight (0–6),9,23.0,15.866666666666667,23.0,7.133333333333333,6.0,2.5,1.5,5.0,0.2714285714285714,0.23711911357340723,23.73,very low recovery time,2026-09-05
75,75,0,PM Peak (15–19),30,31.0,30.8,31.0,0.1999999999999993,30.0,12.0,6.9,12.0,0.07307692307692307,0.008639308855291548,3.08,moderate,2026-09-05
75,75,1,AM Peak (6–9),28,20.0,17.0,20.0,3.0,27.0,3.0,1.0,3.0,0.2375,0.115606936416185,15.25,very low recovery time,2026-09-05
75,75,1,Evening (19–24),17,18.0,17.0,18.8,1.8000000000000007,14.0,4.0,2.0,6.0,0.19,0.07272727272727277,11.01,moderate,2026-09-05
75,75,1,Midday (9–15),50,22.0,22.0,22.0,0.0,48.0,3.0,3.0,3.0,0.2375,0.0,8.31,very low recovery time,2026-09-05
75,75,1,Overnight (0–6),6,17.0,17.0,17.0,0.0,4.0,2.0,0.6000000000000001,2.0,0.31666666666666665,0.0,11.08,very low recovery time,2026-09-05
75,75,1,PM Peak (15–19),30,24.0,24.0,24.0,0.0,28.0,5.0,5.0,5.0,0.15833333333333333,0.0,5.54,moderate,2026-09-05
76,76,0,AM Peak (6–9),30,24.0,9.85,24.0,14.15,27.0,0.0,0.0,5.0,0.95,0.3814016172506739,56.13,no recovery time,2026-09-05
76,76,0,Evening (19–24),36,17.0,13.0,19.0,6.0,38.0,0.0,0.0,0.0,0.95,0.20725388601036274,45.69,no recovery time,2026-09-05
76,76,0,Midday (9–15),48,21.0,11.0,21.0,10.0,48.0,5.0,0.0,5.0,0.15833333333333333,0.3034901365705615,23.75,moderate,2026-09-05
76,76,0,Overnight (0–6),20,17.0,8.183333333333334,19.98,11.796666666666667,18.0,0.0,0.0,0.6000000000000014,0.95,0.3395049884881044,53.62,no recovery time,2026-09-05
76,76,0,PM Peak (15–19),36,22.0,15.0,22.0,7.0,36.0,1.0,1.0,4.0,0.475,0.23372287145242074,30.65,no recovery time,2026-09-05
76,76,1,AM Peak (6–9),28,19.0,17.0,19.0,2.0,26.0,5.0,4.0,27.0,0.15833333333333333,0.08016032064128258,10.35,moderate,2026-09-05
76,76,1,Evening (19–24),39,11.0,9.0,13.0,4.0,36.0,8.0,2.0,8.0,0.10555555555555556,0.14842300556586274,12.6,moderate,2026-09-05
76,76,1,Midday (9–15),48,16.0,11.0,16.0,5.0,48.0,8.0,4.0,8.0,0.10555555555555556,0.1788908765652952,14.43,moderate,2026-09-05
76,76,1,Overnight (0–6),18,11.0,8.830000000000002,14.0,5.169999999999998,15.0,2.0,2.0,7.399999999999999,0.31666666666666665,0.18385490753911804,22.11,very low recovery time,2026-09-05
76,76,1,PM Peak (15–19),37,19.0,13.0,19.0,6.0,35.0,8.0,7.0,8.0,0.10555555555555556,0.20725388601036274,16.13,moderate,2026-09-05
77,77,0,AM Peak (6–9),18,15.0,15.0,15.0,0.0,18.0,3.0,3.0,3.0,0.2375,0.0,8.31,very low recovery time,2026-09-05
77,77,0,Evening (19–24),12,14.0,13.0,14.0,1.0,12.0,3.0,3.0,4.0,0.2375,0.041753653444676415,10.82,very low recovery time,2026-09-05
77,77,0,Midday (9–15),13,16.0,16.0,16.0,0.0,13.0,3.0,3.0,3.0,0.2375,0.0,8.31,very low recovery time,2026-09-05
77,77,0,Overnight (0–6),7,13.0,11.916666666666666,15.0,3.083333333333334,7.0,3.0,1.2000000000000002,4.0,0.2375,0.11843790012804101,15.42,very low recovery time,2026-09-05
77,77,0,PM Peak (15–19),16,18.0,17.0,18.0,1.0,16.0,2.0,2.0,3.0,0.31666666666666665,0.041753653444676415,13.59,very low recovery time,2026-09-05
77,77,1,AM Peak (6–9),18,8.0,8.0,8.0,0.0,18.0,4.0,4.0,4.0,0.19,0.0,6.65,moderate,2026-09-05
77,77,1,Evening (19–24),12,7.0,6.0,7.0,1.0,11.0,3.0,3.0,4.0,0.2375,0.041753653444676415,10.82,very low recovery time,2026-09-05
77,77,1,Midday (9–15),13,8.0,8.0,8.0,0.0,12.0,3.0,3.0,3.0,0.2375,0.0,8.31,very low recovery time,2026-09-05
77,77,1,Overnight (0–6),7,6.0,6.0,8.0,2.0,5.0,6.0,4.0,7.6,0.1357142857142857,0.08016032064128258,9.56,moderate,2026-09-05
77,77,1,PM Peak (15–19),16,8.0,8.0,8.0,0.0,16.0,2.0,2.0,2.0,0.31666666666666665,0.0,11.08,very low recovery time,2026-09-05
78,78,0,AM Peak (6–9),9,18.0,3.0,18.0,15.0,9.0,0.0,0.0,0.0,0.95,0.3952569169960475,56.97,no recovery time,2026-09-05
78,78,0,Evening (19–24),11,16.0,14.0,16.0,2.0,12.0,0.0,0.0,0.0,0.95,0.08016032064128258,38.06,no recovery time,2026-09-05
78,78,0,Midday (9–15),15,17.0,17.0,17.6,0.6000000000000014,14.0,0.0,0.0,0.0,0.95,0.02547770700636949,34.78,no recovery time,2026-09-05
78,78,0,Overnight (0–6),3,14.0,14.0,14.0,0.0,2.0,0.5,0.1,0.9,0.6333333333333333,0.0,22.17,no recovery time,2026-09-05
78,78,0,PM Peak (15–19),12,19.0,19.0,19.0,0.0,12.0,0.0,0.0,0.0,0.95,0.0,33.25,no recovery time,2026-09-05
78,78,1,AM Peak (6–9),9,11.0,11.0,11.0,0.0,8.0,2.0,1.0,3.3,0.31666666666666665,0.0,11.08,very low recovery time,2026-09-05
78,78,1,Evening (19–24),12,12.0,11.1,12.0,0.9000000000000004,12.0,6.0,2.1,7.0,0.1357142857142857,0.0377358490566038,7.01,moderate,2026-09-05
78,78,1,Midday (9–15),14,12.0,12.0,12.700000000000001,0.7000000000000011,15.0,6.0,5.0,6.0,0.1357142857142857,0.029598308668076157,6.53,moderate,2026-09-05
78,78,1,Overnight (0–6),2,11.0,11.0,11.0,0.0,2.0,4.5,4.1,4.9,0.17272727272727273,0.0,6.05,moderate,2026-09-05
78,78,1,PM Peak (15–19),12,13.0,13.0,13.0,0.0,12.0,3.0,3.0,3.0,0.2375,0.0,8.31,very low recovery time,2026-09-05
79,79,0,AM Peak (6–9),26,31.0,27.0,37.0,10.0,23.0,7.0,5.2,8.0,0.11875,0.3034901365705615,22.37,moderate,2026-09-05
79,79,0,Evening (19–24),22,25.5,22.0,29.0,7.0,20.0,3.0,0.0,8.200000000000003,0.2375,0.23372287145242074,22.34,very low recovery time,2026-09-05
79,79,0,Midday (9–15),26,30.0,29.0,35.0,6.0,23.0,3.0,2.0,9.400000000000002,0.2375,0.20725388601036274,20.75,very low recovery time,2026-09-05
79,79,0,Overnight (0–6),14,25.5,7.253333333333335,29.0,21.746666666666666,7.0,5.0,2.6,10.600000000000001,0.15833333333333333,0.48653889178909693,34.73,high schedule variability,2026-09-05
79,79,0,PM Peak (15–19),23,36.0,36.0,39.0,3.0,23.0,6.0,6.0,8.0,0.1357142857142857,0.115606936416185,11.69,moderate,2026-09-05
79,79,1,AM Peak (6–9),25,28.0,26.0,28.0,2.0,24.0,0.0,0.0,2.6999999999999993,0.95,0.08016032064128258,38.06,no recovery time,2026-09-05
79,79,1,Evening (19–24),21,28.0,25.0,29.0,4.0,22.0,3.0,0.0,8.0,0.2375,0.14842300556586274,17.22,very low recovery time,2026-09-05
79,79,1,Midday (9–15),25,28.0,28.0,32.6,4.600000000000001,25.0,0.0,0.0,0.0,0.95,0.1669691470054447,43.27,no recovery time,2026-09-05
79,79,1,Overnight (0–6),7,26.0,25.0,28.0,3.0,7.0,8.0,0.0,9.200000000000001,0.10555555555555556,0.115606936416185,10.63,moderate,2026-09-05
79,79,1,PM Peak (15–19),24,35.5,35.0,36.0,1.0,24.0,0.0,0.0,2.0,0.95,0.041753653444676415,35.76,no recovery time,2026-09-05
80,80,0,AM Peak (6–9),14,30.0,21.0,39.0,18.0,15.0,5.0,1.2000000000000004,9.6,0.15833333333333333,0.4395604395604396,31.92,moderate,2026-09-05
80,80,0,Evening (19–24),12,35.5,29.0,36.0,7.0,14.0,5.0,4.3,6.0,0.15833333333333333,0.23372287145242074,19.57,moderate,2026-09-05
80,80,0,Midday (9–15),15,42.0,41.4,45.0,3.6000000000000014,14.0,6.0,3.6,6.0,0.1357142857142857,0.1355932203389831,12.89,moderate,2026-09-05
80,80,0,Overnight (0–6),8,29.0,17.7,33.9,16.2,6.0,6.0,0.5,8.5,0.1357142857142857,0.4137931034482759,29.58,moderate,2026-09-05
80,80,0,PM Peak (15–19),18,30.5,24.0,45.0,21.0,17.0,4.0,2.0,10.4,0.19,0.47781569965870313,35.32,moderate,2026-09-05
80,80,1,AM Peak (6–9),16,46.5,44.0,53.5,9.5,13.0,8.0,3.4000000000000004,13.600000000000001,0.10555555555555556,0.2927580893682589,21.26,moderate,2026-09-05
80,80,1,Evening (19–24),14,38.0,34.0,41.0,7.0,12.0,6.0,6.0,12.0,0.1357142857142857,0.23372287145242074,18.77,moderate,2026-09-05
80,80,1,Midday (9–15),14,46.0,46.0,47.0,1.0,14.0,6.0,3.0,6.0,0.1357142857142857,0.041753653444676415,7.26,moderate,2026-09-05
80,80,1,Overnight (0–6),9,34.0,28.916666666666668,45.0,16.083333333333332,4.0,11.0,7.5,12.4,0.07916666666666666,0.4120409906063194,27.49,moderate,2026-09-05
80,80,1,PM Peak (15–19),18,47.0,45.415,54.0,8.585,16.0,5.0,1.0,13.0,0.15833333333333333,0.27223719676549873,21.88,moderate,2026-09-05
82,82,0,AM Peak (6–9),7,12.0,11.0,12.0,1.0,7.0,0.0,0.0,0.40000000000000036,0.95,0.041753653444676415,35.76,no recovery time,2026-09-05
82,82,0,Evening (19–24),13,11.0,10.0,11.0,1.0,13.0,0.0,0.0,0.0,0.95,0.041753653444676415,35.76,no recovery time,2026-09-05
82,82,0,Midday (9–15),15,12.0,12.0,12.0,0.0,14.0,0.0,0.0,0.0,0.95,0.0,33.25,no recovery time,2026-09-05
82,82,0,Overnight (0–6),2,10.0,10.0,10.0,0.0,1.0,2.0,2.0,2.0,0.31666666666666665,0.0,11.08,very low recovery time,2026-09-05
82,82,0,PM Peak (15–19),9,12.0,11.0,12.0,1.0,10.0,0.0,0.0,0.0,0.95,0.041753653444676415,35.76,no recovery time,2026-09-05
82,82,1,AM Peak (6–9),7,9.0,8.0,9.0,1.0,6.0,4.0,2.0,4.5,0.19,0.041753653444676415,9.16,moderate,2026-09-05
82,82,1,Evening (19–24),13,8.0,7.0,8.0,1.0,13.0,6.0,3.0,6.0,0.1357142857142857,0.041753653444676415,7.26,moderate,2026-09-05
82,82,1,Midday (9–15),14,9.0,9.0,9.0,0.0,15.0,4.0,4.0,4.0,0.19,0.0,6.65,moderate,2026-09-05
82,82,1,Overnight (0–6),1,7.0,7.0,7.0,0.0,1.0,1.0,1.0,1.0,0.475,0.0,16.62,no recovery time,2026-09-05
82,82,1,PM Peak (15–19),10,9.0,8.0,9.0,1.0,10.0,4.0,4.0,6.0,0.19,0.041753653444676415,9.16,moderate,2026-09-05
83,83,0,AM Peak (6–9),13,19.0,19.0,19.0,0.0,13.0,4.0,4.0,4.0,0.19,0.0,6.65,moderate,2026-09-05
83,83,0,Evening (19–24),16,17.0,16.0,17.0,1.0,15.0,2.0,2.0,2.0,0.31666666666666665,0.041753653444676415,13.59,very low recovery time,2026-09-05
83,83,0,Midday (9–15),18,20.0,20.0,20.0,0.0,17.0,4.0,4.0,4.0,0.19,0.0,6.65,moderate,2026-09-05
83,83,0,Overnight (0–6),5,16.0,15.4,16.0,0.5999999999999996,5.0,2.0,0.8,2.0,0.31666666666666665,0.025477707006369414,12.61,very low recovery time,2026-09-05
83,83,0,PM Peak (15–19),18,20.0,20.0,20.0,0.0,19.0,12.0,12.0,12.0,0.07307692307692307,0.0,2.56,moderate,2026-09-05
83,83,1,AM Peak (6–9),14,18.0,18.0,18.0,0.0,12.0,1.0,1.0,1.0,0.475,0.0,16.62,no recovery time,2026-09-05
83,83,1,Evening (19–24),16,16.5,15.0,18.0,3.0,16.0,2.5,1.0,3.0,0.2714285714285714,0.115606936416185,16.44,very low recovery time,2026-09-05
83,83,1,Midday (9–15),17,19.0,19.0,19.0,0.0,17.0,1.0,1.0,3.0000000000000018,0.475,0.0,16.62,no recovery time,2026-09-05
83,83,1,Overnight (0–6),6,15.0,15.0,15.0,0.0,4.0,1.0,1.0,2.4000000000000004,0.475,0.0,16.62,no recovery time,2026-09-05
83,83,1,PM Peak (15–19),18,19.0,19.0,19.0,0.0,17.0,1.0,1.0,1.8000000000000007,0.475,0.0,16.62,no recovery time,2026-09-05
84,84,0,AM Peak (6–9),38,45.0,35.0,55.300000000000004,20.300000000000004,30.0,5.0,5.0,5.0,0.15833333333333333,0.4693641618497111,33.7,moderate,2026-09-05
84,84,0,Evening (19–24),36,29.5,28.0,34.0,6.0,38.0,4.0,2.4000000000000004,7.0,0.19,0.20725388601036274,19.09,moderate,2026-09-05
84,84,0,Midday (9–15),55,37.0,37.0,45.0,8.0,51.0,7.0,2.0,7.0,0.11875,0.2584814216478191,19.67,moderate,2026-09-05
84,84,0,Overnight (0–6),16,28.0,25.0,35.0,10.0,13.0,7.0,4.0,9.8,0.11875,0.3034901365705615,22.37,moderate,2026-09-05
84,84,0,PM Peak (15–19),36,45.0,34.0,66.0,32.0,30.0,7.0,3.0,8.100000000000001,0.11875,0.5823475887170155,39.1,high schedule variability,2026-09-05
84,84,1,AM Peak (6–9),39,42.0,37.0,56.0,19.0,34.0,5.5,1.0,10.0,0.14615384615384613,0.4529201430274136,32.29,moderate,2026-09-05
84,84,1,Evening (19–24),39,35.0,31.0,37.0,6.0,36.0,9.0,4.0,9.0,0.095,0.20725388601036274,15.76,moderate,2026-09-05
84,84,1,Midday (9–15),53,40.0,40.0,46.0,6.0,54.0,7.0,2.0,7.0,0.11875,0.20725388601036274,16.59,moderate,2026-09-05
84,84,1,Overnight (0–6),20,30.0,1.8,36.1,34.300000000000004,16.0,4.0,0.0,10.0,0.19,0.5991266375545852,42.6,high schedule variability,2026-09-05
84,84,1,PM Peak (15–19),34,46.0,37.0,69.0,32.0,33.0,8.0,6.0,14.0,0.10555555555555556,0.5823475887170155,38.64,high schedule variability,2026-09-05
85,85,0,AM Peak (6–9),20,51.0,43.9,59.2,15.300000000000004,20.0,8.5,5.0,10.0,0.09999999999999999,0.40000000000000013,27.5,moderate,2026-09-05
85,85,0,Evening (19–24),36,50.5,42.0,60.0,18.0,35.0,9.0,1.0,11.600000000000001,0.095,0.4395604395604396,29.7,moderate,2026-09-05
85,85,0,Midday (9–15),47,54.0,49.0,61.0,12.0,42.0,7.5,3.0,10.799999999999997,0.11176470588235293,0.3433476394849786,24.51,moderate,2026-09-05
85,85,0,Overnight (0–6),18,42.0,33.0,51.6,18.6,13.0,9.0,3.4000000000000004,13.200000000000003,0.095,0.4476534296028882,30.18,moderate,2026-09-05
85,85,0,PM Peak (15–19),27,60.0,53.2,66.0,12.799999999999997,26.0,10.0,4.0,16.0,0.08636363636363636,0.35804195804195804,24.51,moderate,2026-09-05
85,85,1,AM Peak (6–9),20,55.0,50.6,64.0,13.399999999999999,20.0,6.5,5.0,10.0,0.12666666666666665,0.3686382393397524,26.55,moderate,2026-09-05
85,85,1,Evening (19–24),36,45.0,35.0,54.0,19.0,34.0,10.0,4.0,12.0,0.08636363636363636,0.4529201430274136,30.2,moderate,2026-09-05
85,85,1,Midday (9–15),48,57.5,50.0,62.60000000000001,12.600000000000009,45.0,10.0,8.0,11.600000000000001,0.08636363636363636,0.35443037974683567,24.29,moderate,2026-09-05
85,85,1,Overnight (0–6),20,41.0,23.67166666666667,53.300000000000004,29.628333333333334,16.0,4.0,4.0,10.5,0.19,0.5635084160142011,40.46,high schedule variability,2026-09-05
85,85,1,PM Peak (15–19),26,53.0,47.0,64.0,17.0,28.0,7.0,7.0,9.0,0.11875,0.4255319148936171,29.69,moderate,2026-09-05
86,86,0,AM Peak (6–9),30,37.0,30.6,43.1,12.5,28.0,6.0,2.7,12.0,0.1357142857142857,0.35260930888575465,25.91,moderate,2026-09-05
86,86,0,Evening (19–24),38,39.0,35.0,42.0,7.0,40.0,4.0,2.9000000000000004,7.200000000000003,0.19,0.23372287145242074,20.67,moderate,2026-09-05
86,86,0,Midday (9–15),47,38.0,34.0,47.0,13.0,45.0,11.0,2.0,14.0,0.07916666666666666,0.36161335187760785,24.47,moderate,2026-09-05
86,86,0,Overnight (0–6),19,33.0,11.0,39.0,28.0,15.0,5.0,2.000000000000001,12.0,0.15833333333333333,0.549558390578999,38.52,high schedule variability,2026-09-05
86,86,0,PM Peak (15–19),41,40.0,36.0,50.0,14.0,40.0,2.0,0.0,9.0,0.31666666666666665,0.3788903924221922,33.82,very low recovery time,2026-09-05
86,86,1,AM Peak (6–9),30,32.0,29.9,43.0,13.100000000000001,28.0,4.0,4.0,4.300000000000001,0.19,0.36338418862690713,28.45,moderate,2026-09-05
86,86,1,Evening (19–24),39,30.0,27.8,36.0,8.2,37.0,6.0,6.0,6.0,0.1357142857142857,0.2632423756019262,20.54,moderate,2026-09-05
86,86,1,Midday (9–15),48,30.0,29.0,41.0,12.0,46.0,6.0,4.0,6.0,0.1357142857142857,0.3433476394849786,25.35,moderate,2026-09-05
86,86,1,Overnight (0–6),20,30.0,28.0,36.0,8.0,16.0,6.0,4.5,9.0,0.1357142857142857,0.2584814216478191,20.26,moderate,2026-09-05
86,86,1,PM Peak (15–19),41,31.0,30.0,42.0,12.0,41.0,4.0,4.0,4.0,0.19,0.3433476394849786,27.25,moderate,2026-09-05
87,87,0,AM Peak (6–9),18,22.0,22.0,26.0,4.0,,10.0,,,0.08636363636363636,0.14842300556586274,11.93,moderate,2026-09-05
87,87,0,Evening (19–24),30,22.0,19.0,22.0,3.0,19.0,4.0,4.0,9.0,0.19,0.115606936416185,13.59,moderate,2026-09-05
87,87,0,Midday (9–15),36,26.0,26.0,26.0,0.0,,10.0,,,0.08636363636363636,0.0,3.02,moderate,2026-09-05
87,87,0,Overnight (0–6),15,19.0,18.0,22.0,4.0,9.0,4.0,4.0,9.0,0.19,0.14842300556586274,15.56,moderate,2026-09-05
87,87,0,PM Peak (15–19),24,29.0,29.0,29.0,0.0,,10.0,,,0.08636363636363636,0.0,3.02,moderate,2026-09-05
87,87,1,AM Peak (6–9),18,23.0,23.0,29.0,6.0,18.0,8.0,8.0,8.0,0.10555555555555556,0.20725388601036274,16.13,moderate,2026-09-05
87,87,1,Evening (19–24),30,21.0,19.0,21.0,2.0,30.0,8.0,8.0,8.0,0.10555555555555556,0.08016032064128258,8.5,moderate,2026-09-05
87,87,1,Midday (9–15),36,27.0,27.0,27.5,0.5,36.0,8.0,8.0,8.0,0.10555555555555556,0.021321961620469086,4.97,moderate,2026-09-05
87,87,1,Overnight (0–6),16,19.0,17.0,23.0,6.0,11.0,8.0,3.0,8.0,0.10555555555555556,0.20725388601036274,16.13,moderate,2026-09-05
87,87,1,PM Peak (15–19),24,28.0,28.0,28.0,0.0,24.0,8.0,8.0,8.0,0.10555555555555556,0.0,3.69,moderate,2026-09-05
88,88,0,AM Peak (6–9),24,20.0,18.0,24.0,6.0,23.0,0.0,0.0,0.0,0.95,0.20725388601036274,45.69,no recovery time,2026-09-05
88,88,0,Evening (19–24),15,20.0,17.0,21.0,4.0,15.0,1.0,0.0,1.0,0.475,0.14842300556586274,25.53,no recovery time,2026-09-05
88,88,0,Midday (9–15),21,24.0,23.0,29.0,6.0,20.0,0.0,0.0,0.0,0.95,0.20725388601036274,45.69,no recovery time,2026-09-05
88,88,0,Overnight (0–6),10,11.358333333333334,3.81,18.0,14.19,8.0,0.5,0.0,9.2,0.6333333333333333,0.3820678513731826,45.09,no recovery time,2026-09-05
88,88,0,PM Peak (15–19),19,29.0,25.0,31.0,6.0,20.0,1.5,0.0,4.0,0.38,0.20725388601036274,25.74,very low recovery time,2026-09-05
88,88,1,AM Peak (6–9),24,28.0,27.0,29.0,2.0,23.0,6.0,5.0,7.800000000000001,0.1357142857142857,0.08016032064128258,9.56,moderate,2026-09-05
88,88,1,Evening (19–24),15,23.0,20.0,23.0,3.0,15.0,10.0,5.2,10.0,0.08636363636363636,0.115606936416185,9.96,moderate,2026-09-05
88,88,1,Midday (9–15),21,26.0,25.0,26.0,1.0,19.0,11.0,10.0,11.2,0.07916666666666666,0.041753653444676415,5.28,moderate,2026-09-05
88,88,1,Overnight (0–6),10,27.0,18.4,28.0,9.600000000000001,6.0,7.0,5.0,15.5,0.11875,0.2949308755760369,21.85,moderate,2026-09-05
88,88,1,PM Peak (15–19),20,27.0,26.0,27.0,1.0,18.0,13.5,6.7,14.0,0.06551724137931034,0.041753653444676415,4.8,moderate,2026-09-05
89,89,0,AM Peak (6–9),19,47.0,40.0,49.0,9.0,18.0,8.0,8.0,8.3,0.10555555555555556,0.28169014084507044,20.6,moderate,2026-09-05
89,89,0,Evening (19–24),29,37.0,31.0,40.0,9.0,30.0,8.0,8.0,8.0,0.10555555555555556,0.28169014084507044,20.6,moderate,2026-09-05
89,89,0,Midday (9–15),37,48.0,48.0,57.0,9.0,36.0,8.0,8.0,8.0,0.10555555555555556,0.28169014084507044,20.6,moderate,2026-09-05
89,89,0,Overnight (0–6),18,31.0,28.033333333333335,40.0,11.966666666666665,12.0,8.0,4.300000000000001,11.600000000000001,0.10555555555555556,0.3427207637231504,24.26,moderate,2026-09-05
89,89,0,PM Peak (15–19),24,57.0,50.2,57.0,6.799999999999997,24.0,8.0,8.0,8.0,0.10555555555555556,0.22857142857142854,17.41,moderate,2026-09-05
89,89,1,AM Peak (6–9),18,46.0,39.0,47.0,8.0,17.0,7.0,5.2,13.0,0.11875,0.2584814216478191,19.67,moderate,2026-09-05
89,89,1,Evening (19–24),30,42.5,34.0,43.0,9.0,29.0,9.0,7.0,10.0,0.095,0.28169014084507044,20.23,moderate,2026-09-05
89,89,1,Midday (9–15),36,49.0,49.0,61.0,12.0,34.0,5.0,5.0,9.7,0.15833333333333333,0.3433476394849786,26.14,moderate,2026-09-05
89,89,1,Overnight (0–6),17,34.0,31.0,37.76,6.759999999999998,13.0,7.0,7.0,11.0,0.11875,0.22753281723325477,17.81,moderate,2026-09-05
89,89,1,PM Peak (15–19),24,61.0,56.3,61.0,4.700000000000003,23.0,14.0,14.0,14.0,0.06333333333333332,0.16998191681735997,12.42,moderate,2026-09-05
90,90,0,AM Peak (6–9),15,20.0,14.0,20.0,6.0,13.0,8.0,4.0,8.0,0.10555555555555556,0.20725388601036274,16.13,moderate,2026-09-05
90,90,0,Evening (19–24),20,14.0,13.0,14.0,1.0,21.0,2.0,2.0,7.0,0.31666666666666665,0.041753653444676415,13.59,very low recovery time,2026-09-05
90,90,0,Midday (9–15),36,16.0,16.0,17.0,1.0,36.0,5.0,5.0,8.0,0.15833333333333333,0.041753653444676415,8.05,moderate,2026-09-05
90,90,0,Overnight (0–6),8,13.0,12.66,13.3,0.6400000000000006,7.0,7.0,4.200000000000001,8.200000000000001,0.11875,0.027130139889783834,5.78,moderate,2026-09-05
90,90,0,PM Peak (15–19),24,17.0,17.0,17.0,0.0,24.0,4.0,4.0,4.0,0.19,0.0,6.65,moderate,2026-09-05
90,90,1,AM Peak (6–9),13,18.0,15.0,18.0,3.0,12.0,4.0,3.0,6.9,0.19,0.115606936416185,13.59,moderate,2026-09-05
90,90,1,Evening (19–24),21,16.0,14.0,16.0,2.0,21.0,4.0,4.0,6.0,0.19,0.08016032064128258,11.46,moderate,2026-09-05
90,90,1,Midday (9–15),37,17.0,17.0,21.599999999999994,4.599999999999994,35.0,2.0,2.0,7.0,0.31666666666666665,0.1669691470054445,21.1,very low recovery time,2026-09-05
90,90,1,Overnight (0–6),9,14.0,13.61,14.546666666666667,0.9366666666666674,6.0,6.0,6.0,11.5,0.1357142857142857,0.0392129500418644,7.1,moderate,2026-09-05
90,90,1,PM Peak (15–19),23,24.0,24.0,24.0,0.0,24.0,5.0,5.0,5.0,0.15833333333333333,0.0,5.54,moderate,2026-09-05
91,91,0,AM Peak (6–9),11,28.0,25.0,28.0,3.0,11.0,13.0,6.0,13.0,0.06785714285714285,0.115606936416185,9.31,moderate,2026-09-05
91,91,0,Evening (19–24),12,23.0,20.0,23.0,3.0,12.0,3.0,3.0,5.0,0.2375,0.115606936416185,15.25,very low recovery time,2026-09-05
91,91,0,Midday (9–15),18,25.0,25.0,25.3,0.3000000000000007,17.0,5.0,4.6,9.000000000000004,0.15833333333333333,0.012903225806451646,6.32,moderate,2026-09-05
91,91,0,Overnight (0–6),7,20.0,14.720000000000002,25.0,10.279999999999998,4.0,5.0,5.0,5.7,0.15833333333333333,0.30935901294011436,24.1,moderate,2026-09-05
91,91,0,PM Peak (15–19),12,26.0,25.0,31.400000000000002,6.400000000000002,11.0,10.0,1.0,11.0,0.08636363636363636,0.2180579216354345,16.11,moderate,2026-09-05
91,91,1,AM Peak (6–9),13,32.0,27.2,36.0,8.8,10.0,2.0,1.8,2.599999999999998,0.31666666666666665,0.2771653543307087,27.71,very low recovery time,2026-09-05
91,91,1,Evening (19–24),12,26.0,23.0,26.0,3.0,11.0,0.0,0.0,2.0,0.95,0.115606936416185,40.19,no recovery time,2026-09-05
91,91,1,Midday (9–15),19,29.0,29.0,36.0,7.0,18.0,1.0,1.0,4.0,0.475,0.23372287145242074,30.65,no recovery time,2026-09-05
91,91,1,Overnight (0–6),6,24.875,23.0,26.875,3.875,6.0,2.0,1.0,2.0,0.31666666666666665,0.14445479962721344,19.75,very low recovery time,2026-09-05
91,91,1,PM Peak (15–19),11,37.0,34.0,40.0,6.0,11.0,4.0,4.0,11.0,0.19,0.20725388601036274,19.09,moderate,2026-09-05
92,92,0,AM Peak (6–9),16,10.0,9.0,10.0,1.0,16.0,4.0,3.0,4.5,0.19,0.041753653444676415,9.16,moderate,2026-09-05
92,92,0,Evening (19–24),21,9.0,9.0,11.0,2.0,22.0,2.0,1.0,3.0,0.31666666666666665,0.08016032064128258,15.89,very low recovery time,2026-09-05
92,92,0,Midday (9–15),26,10.0,10.0,10.0,0.0,26.0,3.0,3.0,3.0,0.2375,0.0,8.31,very low recovery time,2026-09-05
92,92,0,Overnight (0–6),7,9.0,9.0,9.0,0.0,6.0,2.5,1.5,3.0,0.2714285714285714,0.0,9.5,very low recovery time,2026-09-05
92,92,0,PM Peak (15–19),24,11.0,11.0,11.0,0.0,24.0,2.0,2.0,2.0,0.31666666666666665,0.0,11.08,very low recovery time,2026-09-05
92,92,1,AM Peak (6–9),16,9.0,9.0,11.0,2.0,15.0,3.0,3.0,6.199999999999999,0.2375,0.08016032064128258,13.12,very low recovery time,2026-09-05
92,92,1,Evening (19–24),23,9.0,8.0,13.400000000000002,5.400000000000002,21.0,3.0,2.0,3.0,0.2375,0.19047619047619058,19.74,very low recovery time,2026-09-05
92,92,1,Midday (9–15),26,11.0,11.0,11.0,0.0,26.0,4.0,4.0,4.0,0.19,0.0,6.65,moderate,2026-09-05
92,92,1,Overnight (0–6),6,8.5,8.0,9.0,1.0,5.0,3.0,2.4,8.200000000000001,0.2375,0.041753653444676415,10.82,very low recovery time,2026-09-05
92,92,1,PM Peak (15–19),23,14.0,14.0,14.0,0.0,17.0,3.0,3.0,3.0,0.2375,0.0,8.31,very low recovery time,2026-09-05
93,93,0,AM Peak (6–9),6,11.5,11.0,12.0,1.0,6.0,8.0,3.0,8.0,0.10555555555555556,0.041753653444676415,6.2,moderate,2026-09-05
93,93,0,Evening (19–24),11,11.0,10.0,15.0,5.0,11.0,4.0,0.0,5.0,0.19,0.1788908765652952,17.38,moderate,2026-09-05
93,93,0,Midday (9–15),12,12.0,12.0,12.0,0.0,12.0,7.0,7.0,7.0,0.11875,0.0,4.16,moderate,2026-09-05
93,93,0,Overnight (0–6),4,10.0,10.0,10.0,0.0,3.0,1.0,0.2,4.2,0.475,0.0,16.62,no recovery time,2026-09-05
93,93,0,PM Peak (15–19),8,15.0,14.1,15.0,0.9000000000000004,2.0,1.5,0.30000000000000004,2.7,0.38,0.0377358490566038,15.56,very low recovery time,2026-09-05
93,93,1,AM Peak (6–9),7,9.0,6.193333333333333,9.0,2.8066666666666666,7.0,1.0,0.0,1.0,0.475,0.10896855183124113,23.16,no recovery time,2026-09-05
93,93,1,Evening (19–24),11,11.0,9.0,14.0,5.0,10.0,1.0,1.0,4.0,0.475,0.1788908765652952,27.36,no recovery time,2026-09-05
93,93,1,Midday (9–15),12,10.0,10.0,10.0,0.0,12.0,1.0,1.0,1.0,0.475,0.0,16.62,no recovery time,2026-09-05
93,93,1,Overnight (0–6),3,9.0,9.0,9.0,0.0,4.0,1.0,0.30000000000000004,1.0,0.475,0.0,16.62,no recovery time,2026-09-05
93,93,1,PM Peak (15–19),8,14.0,14.0,14.0,0.0,8.0,1.0,1.0,1.0,0.475,0.0,16.62,no recovery time,2026-09-05
94,94,0,AM Peak (6–9),19,34.0,16.0,40.0,24.0,18.0,2.5,1.0,4.0,0.2714285714285714,0.5111821086261982,40.17,"very low recovery time, high schedule variability",2026-09-05
94,94,0,Evening (19–24),31,17.0,13.0,36.0,23.0,32.0,3.0,0.10000000000000009,6.0,0.2375,0.5005440696409141,38.35,"very low recovery time, high schedule variability",2026-09-05
94,94,0,Midday (9–15),36,29.5,19.0,40.0,21.0,36.0,1.0,1.0,1.0,0.475,0.47781569965870313,45.29,no recovery time,2026-09-05
94,94,0,Overnight (0–6),9,29.0,13.0,30.0,17.0,5.0,6.0,5.0,6.0,0.1357142857142857,0.4255319148936171,30.28,moderate,2026-09-05
94,94,0,PM Peak (15–19),24,31.0,22.0,44.0,22.0,24.0,1.0,0.30000000000000027,1.0,0.475,0.4894327030033371,45.99,"no recovery time, high schedule variability",2026-09-05
94,94,1,AM Peak (6–9),18,20.5,11.0,36.0,25.0,19.0,7.0,3.0,12.0,0.11875,0.5213764337851929,35.44,high schedule variability,2026-09-05
94,94,1,Evening (19–24),31,12.0,9.0,29.0,20.0,31.0,8.0,0.0,13.0,0.10555555555555556,0.4656577415599535,31.63,moderate,2026-09-05
94,94,1,Midday (9–15),36,24.5,14.0,35.0,21.0,36.0,5.5,4.0,6.0,0.14615384615384613,0.47781569965870313,33.78,moderate,2026-09-05
94,94,1,Overnight (0–6),9,25.0,9.0,27.0,18.0,6.0,0.0,0.0,13.0,0.95,0.4395604395604396,59.62,no recovery time,2026-09-05
94,94,1,PM Peak (15–19),24,27.5,15.0,40.0,25.0,23.0,5.0,2.0,15.0,0.15833333333333333,0.5213764337851929,36.82,high schedule variability,2026-09-05
95,95,0,AM Peak (6–9),20,67.0,54.27666666666667,68.0,13.72333333333333,15.0,5.0,2.0,9.6,0.15833333333333333,0.3742046900563534,27.99,moderate,2026-09-05
95,95,0,Evening (19–24),48,50.0,44.0,61.0,17.0,37.0,7.0,1.2000000000000002,12.0,0.11875,0.4255319148936171,29.69,moderate,2026-09-05
95,95,0,Midday (9–15),37,65.0,65.0,65.0,0.0,36.0,2.0,2.0,2.5,0.31666666666666665,0.0,11.08,very low recovery time,2026-09-05
95,95,0,Overnight (0–6),22,44.0,1.85,53.0,51.15,19.0,0.0,0.0,10.399999999999999,0.95,0.6902834008097166,74.67,"no recovery time, high schedule variability",2026-09-05
95,95,0,PM Peak (15–19),26,76.0,67.0,76.0,9.0,24.0,12.0,7.300000000000001,13.0,0.07307692307692307,0.28169014084507044,19.46,moderate,2026-09-05
95,95,1,AM Peak (6–9),19,70.0,65.0,71.0,6.0,18.0,8.0,6.7,9.0,0.10555555555555556,0.20725388601036274,16.13,moderate,2026-09-05
95,95,1,Evening (19–24),43,52.0,44.0,56.0,12.0,44.0,6.0,4.0,6.0,0.1357142857142857,0.3433476394849786,25.35,moderate,2026-09-05
95,95,1,Midday (9–15),37,64.0,64.0,64.4,0.4000000000000057,35.0,9.0,5.4,9.0,0.095,0.01713062098501095,4.35,moderate,2026-09-05
95,95,1,Overnight (0–6),16,48.0,43.0,63.0,20.0,14.0,6.0,4.3,8.700000000000001,0.1357142857142857,0.4656577415599535,32.69,moderate,2026-09-05
95,95,1,PM Peak (15–19),26,69.0,58.0,69.0,11.0,24.0,3.0,3.0,7.099999999999998,0.2375,0.3240058910162003,27.75,very low recovery time,2026-09-05
96,96,0,AM Peak (6–9),28,71.0,70.1,74.0,3.9000000000000057,22.0,8.0,5.0,8.0,0.10555555555555556,0.1452513966480449,12.41,moderate,2026-09-05
96,96,0,Evening (19–24),31,61.0,55.0,62.0,7.0,32.0,6.0,4.0,9.0,0.1357142857142857,0.23372287145242074,18.77,moderate,2026-09-05
96,96,0,Midday (9–15),43,73.0,69.0,73.0,4.0,42.0,9.0,7.1000000000000005,9.0,0.095,0.14842300556586274,12.23,moderate,2026-09-05
96,96,0,Overnight (0–6),22,55.0,22.616666666666667,61.800000000000004,39.18333333333334,14.0,5.0,4.3,8.500000000000005,0.15833333333333333,0.6306330472103004,43.38,high schedule variability,2026-09-05
96,96,0,PM Peak (15–19),32,80.0,69.2,83.0,13.799999999999997,30.0,7.0,5.9,10.0,0.11875,0.37551020408163266,26.69,moderate,2026-09-05
96,96,1,AM Peak (6–9),30,67.0,65.0,69.0,4.0,27.0,12.0,5.0,12.0,0.07307692307692307,0.14842300556586274,11.46,moderate,2026-09-05
96,96,1,Evening (19–24),32,62.5,54.0,65.0,11.0,29.0,14.0,11.0,18.2,0.06333333333333332,0.3240058910162003,21.66,moderate,2026-09-05
96,96,1,Midday (9–15),42,68.5,67.0,70.0,3.0,41.0,8.0,1.0,8.0,0.10555555555555556,0.115606936416185,10.63,moderate,2026-09-05
96,96,1,Overnight (0–6),20,53.5,43.87833333333333,69.0,25.12166666666667,13.0,13.0,2.4000000000000012,16.0,0.06785714285714285,0.5225878029331208,33.73,high schedule variability,2026-09-05
96,96,1,PM Peak (15–19),32,77.0,70.3,81.0,10.700000000000003,29.0,11.0,5.800000000000001,16.2,0.07916666666666666,0.31797919762258553,21.85,moderate,2026-09-05
97,97,0,AM Peak (6–9),14,44.5,30.0,61.400000000000006,31.400000000000006,14.0,4.5,2.0,10.400000000000002,0.17272727272727273,0.5777368905243792,40.71,high schedule variability,2026-09-05
97,97,0,Evening (19–24),22,38.5,24.0,47.0,23.0,21.0,6.0,2.0,12.0,0.1357142857142857,0.5005440696409141,34.78,high schedule variability,2026-09-05
97,97,0,Midday (9–15),26,47.5,40.0,57.0,17.0,26.0,11.5,2.0,19.0,0.076,0.4255319148936171,28.19,moderate,2026-09-05
97,97,0,Overnight (0–6),9,41.0,23.8,60.4,36.599999999999994,6.0,7.0,6.0,8.0,0.11875,0.6146095717884131,41.03,high schedule variability,2026-09-05
97,97,0,PM Peak (15–19),16,46.5,36.0,71.0,35.0,17.0,2.0,2.0,20.0,0.31666666666666665,0.6039689387402934,47.32,"very low recovery time, high schedule variability",2026-09-05
97,97,1,AM Peak (6–9),15,41.833333333333336,35.0,55.2,20.200000000000003,13.0,3.0,2.0,8.0,0.2375,0.46813441483198154,36.4,very low recovery time,2026-09-05
97,97,1,Evening (19–24),21,36.0,31.0,48.0,17.0,21.0,7.0,3.0,16.0,0.11875,0.4255319148936171,29.69,moderate,2026-09-05
97,97,1,Midday (9–15),25,58.0,36.0,63.0,27.0,25.0,2.0,2.0,12.0,0.31666666666666665,0.5405405405405406,43.52,"very low recovery time, high schedule variability",2026-09-05
97,97,1,Overnight (0–6),10,33.0,30.4,45.0,14.600000000000001,6.0,12.0,3.0,18.5,0.07307692307692307,0.3888149134487351,25.89,moderate,2026-09-05
97,97,1,PM Peak (15–19),16,47.5,47.0,65.0,18.0,16.0,3.5,1.0,5.0,0.2111111111111111,0.4395604395604396,33.76,moderate,2026-09-05
98,98,0,AM Peak (6–9),8,38.5,33.0,40.0,7.0,7.0,5.0,2.4000000000000004,10.4,0.15833333333333333,0.23372287145242074,19.57,moderate,2026-09-05
98,98,0,Evening (19–24),13,29.0,29.0,31.400000000000002,2.400000000000002,11.0,9.0,7.0,9.0,0.095,0.09467455621301785,9.01,moderate,2026-09-05
98,98,0,Midday (9–15),13,35.0,35.0,37.400000000000006,2.4000000000000057,14.0,10.0,2.6,10.0,0.08636363636363636,0.09467455621301797,8.7,moderate,2026-09-05
98,98,0,Overnight (0–6),6,29.0,15.958333333333334,33.0,17.041666666666664,3.0,10.0,7.6,12.4,0.08636363636363636,0.4261304438424672,28.59,moderate,2026-09-05
98,98,0,PM Peak (15–19),12,40.0,34.0,40.0,6.0,11.0,7.0,1.0,10.0,0.11875,0.20725388601036274,16.59,moderate,2026-09-05
98,98,1,AM Peak (6–9),8,36.5,33.0,38.0,5.0,8.0,3.0,2.0,4.0,0.2375,0.1788908765652952,19.05,very low recovery time,2026-09-05
98,98,1,Evening (19–24),14,26.0,26.0,30.800000000000004,4.800000000000004,13.0,2.0,2.0,2.0,0.31666666666666665,0.17297297297297312,21.46,very low recovery time,2026-09-05
98,98,1,Midday (9–15),15,34.0,34.0,36.4,2.3999999999999986,13.0,2.0,2.0,2.0,0.31666666666666665,0.09467455621301772,16.76,very low recovery time,2026-09-05
98,98,1,Overnight (0–6),6,29.5,13.425,33.0,19.575,6.0,2.0,0.0,2.0,0.31666666666666665,0.4603174603174604,38.7,very low recovery time,2026-09-05
98,98,1,PM Peak (15–19),10,38.0,32.0,38.0,6.0,12.0,2.0,2.0,4.0,0.31666666666666665,0.20725388601036274,23.52,very low recovery time,2026-09-05
99,99,0,Evening (19–24),16,9.0,9.0,9.0,0.0,,10.0,,,0.08636363636363636,0.0,3.02,moderate,2026-09-05
99,99,0,Midday (9–15),22,10.0,10.0,10.0,0.0,,10.0,,,0.08636363636363636,0.0,3.02,moderate,2026-09-05
99,99,0,Overnight (0–6),8,9.0,9.0,9.0,0.0,,10.0,,,0.08636363636363636,0.0,3.02,moderate,2026-09-05
99,99,0,PM Peak (15–19),8,9.5,9.0,10.0,1.0,,10.0,,,0.08636363636363636,0.041753653444676415,5.53,moderate,2026-09-05
99,99,1,Evening (19–24),15,11.75,11.75,11.75,0.0,16.0,4.0,3.0,4.0,0.19,0.0,6.65,moderate,2026-09-05
99,99,1,Midday (9–15),23,13.75,13.75,13.75,0.0,23.0,4.0,1.2000000000000002,4.0,0.19,0.0,6.65,moderate,2026-09-05
99,99,1,Overnight (0–6),9,11.75,11.75,11.75,0.0,8.0,8.0,1.0,8.015,0.10555555555555556,0.0,3.69,moderate,2026-09-05
99,99,1,PM Peak (15–19),9,15.666666666666666,11.75,15.666666666666666,3.916666666666666,8.0,0.0,0.0,4.0,0.95,0.1457816377171216,42.0,no recovery time,2026-09-05
100,100,0,AM Peak (6–9),36,32.5,30.0,35.0,5.0,34.0,0.0,0.0,0.0,0.95,0.1788908765652952,43.98,no recovery time,2026-09-05
100,100,0,Evening (19–24),30,30.0,25.0,30.0,5.0,30.0,0.0,0.0,3.200000000000003,0.95,0.1788908765652952,43.98,no recovery time,2026-09-05
100,100,0,Midday (9–15),49,33.0,33.0,35.0,2.0,48.0,0.0,0.0,0.0,0.95,0.08016032064128258,38.06,no recovery time,2026-09-05
100,100,0,Overnight (0–6),15,24.75,23.75,25.0,1.25,10.0,0.0,0.0,0.0,0.95,0.05165289256198348,36.35,no recovery time,2026-09-05
100,100,0,PM Peak (15–19),40,35.0,35.0,35.0,0.0,40.0,0.0,0.0,0.0,0.95,0.0,33.25,no recovery time,2026-09-05
100,100,1,AM Peak (6–9),36,31.5,30.0,33.0,3.0,34.0,5.0,5.0,7.0,0.15833333333333333,0.115606936416185,12.48,moderate,2026-09-05
100,100,1,Evening (19–24),30,32.0,27.0,32.0,5.0,29.0,8.0,8.0,8.0,0.10555555555555556,0.1788908765652952,14.43,moderate,2026-09-05
100,100,1,Midday (9–15),50,34.0,33.0,36.0,3.0,47.0,5.0,4.0,7.0,0.15833333333333333,0.115606936416185,12.48,moderate,2026-09-05
100,100,1,Overnight (0–6),13,27.0,21.75,30.0,8.25,7.0,8.0,6.2,8.0,0.10555555555555556,0.264423076923077,19.56,moderate,2026-09-05
100,100,1,PM Peak (15–19),40,36.0,36.0,36.0,0.0,40.0,7.0,7.0,7.0,0.11875,0.0,4.16,moderate,2026-09-05
101,101,0,AM Peak (6–9),7,40.0,38.2,40.0,1.7999999999999972,6.0,6.5,2.5,14.0,0.12666666666666665,0.07272727272727263,8.8,moderate,2026-09-05
101,101,0,Evening (19–24),10,20.0,19.0,21.499999999999993,2.499999999999993,10.0,11.0,9.2,18.5,0.07916666666666666,0.09823182711198404,8.66,moderate,2026-09-05
101,101,0,Midday (9–15),12,21.0,21.0,35.400000000000006,14.400000000000006,12.0,10.0,1.6000000000000005,12.9,0.08636363636363636,0.3855421686746989,26.16,moderate,2026-09-05
101,101,0,Overnight (0–6),5,19.0,19.0,32.373333333333335,13.373333333333335,4.0,0.0,0.0,10.500000000000004,0.95,0.36817472698907966,55.34,no recovery time,2026-09-05
101,101,0,PM Peak (15–19),10,44.0,28.1,44.0,15.899999999999999,9.0,13.0,7.2,19.0,0.06785714285714285,0.4092664092664093,26.93,moderate,2026-09-05
101,101,1,AM Peak (6–9),8,39.0,39.0,39.0,0.0,,10.0,,,0.08636363636363636,0.0,3.02,moderate,2026-09-05
101,101,1,Evening (19–24),9,21.0,20.0,23.6,3.6000000000000014,,10.0,,,0.08636363636363636,0.1355932203389831,11.16,moderate,2026-09-05
101,101,1,Midday (9–15),13,25.0,25.0,40.0,15.0,,10.0,,,0.08636363636363636,0.3952569169960475,26.74,moderate,2026-09-05
101,101,1,Overnight (0–6),6,20.0,1.9333333333333333,38.78333333333333,36.85,,10.0,,,0.08636363636363636,0.6162207357859533,40.0,high schedule variability,2026-09-05
101,101,1,PM Peak (15–19),10,45.0,27.3,45.0,17.7,2.0,10.0,10.0,10.0,0.08636363636363636,0.43542435424354253,29.15,moderate,2026-09-05
102,102,0,AM Peak (6–9),31,62.0,41.0,85.0,44.0,28.0,9.0,9.0,15.0,0.095,0.6572068707991039,42.76,high schedule variability,2026-09-05
102,102,0,Evening (19–24),54,45.5,29.0,68.40000000000003,39.400000000000034,54.0,5.0,1.0,11.400000000000006,0.15833333333333333,0.6319165998396153,43.46,high schedule variability,2026-09-05
102,102,0,Midday (9–15),56,60.0,39.0,79.0,40.0,55.0,19.0,13.0,19.0,0.0475,0.6354249404289118,39.79,high schedule variability,2026-09-05
102,102,0,Overnight (0–6),27,44.0,23.353333333333335,56.0,32.64666666666666,21.0,7.0,0.0,9.0,0.11875,0.5872054679537143,39.39,high schedule variability,2026-09-05
102,102,0,PM Peak (15–19),36,70.0,42.0,86.0,44.0,35.0,13.0,8.0,15.0,0.06785714285714285,0.6572068707991039,41.81,high schedule variability,2026-09-05
102,102,1,AM Peak (6–9),32,66.0,43.1,87.9,44.800000000000004,27.0,7.0,0.0,36.0,0.11875,0.6612546125461255,43.83,high schedule variability,2026-09-05
102,102,1,Evening (19–24),56,49.0,35.0,70.5,35.5,55.0,8.0,0.0,16.0,0.10555555555555556,0.6073567151411463,40.14,high schedule variability,2026-09-05
102,102,1,Midday (9–15),56,61.0,42.0,88.0,46.0,54.0,0.0,0.0,14.0,0.95,0.6671501087744743,73.28,"no recovery time, high schedule variability",2026-09-05
102,102,1,Overnight (0–6),36,37.3,8.1,66.0,57.9,23.0,7.0,0.0,8.0,0.11875,0.7161410018552876,47.12,high schedule variability,2026-09-05
102,102,1,PM Peak (15–19),36,67.0,45.0,98.0,53.0,38.0,4.0,0.0,13.0,0.19,0.6978275181040159,48.52,high schedule variability,2026-09-05
103,103,0,AM Peak (6–9),8,16.0,16.0,23.0,7.0,8.0,6.0,4.0,7.499999999999999,0.1357142857142857,0.23372287145242074,18.77,moderate,2026-09-05
103,103,0,Evening (19–24),13,15.0,13.0,15.0,2.0,14.0,5.0,2.0,5.0,0.15833333333333333,0.08016032064128258,10.35,moderate,2026-09-05
103,103,0,Midday (9–15),16,19.0,19.0,19.5,0.5,15.0,8.0,5.6000000000000005,8.0,0.10555555555555556,0.021321961620469086,4.97,moderate,2026-09-05
103,103,0,Overnight (0–6),5,13.0,6.25,16.0,9.75,3.0,2.0,2.0,6.0,0.31666666666666665,0.29816513761467894,28.97,very low recovery time,2026-09-05
103,103,0,PM Peak (15–19),10,19.0,17.275,20.0,2.7250000000000014,9.0,4.0,3.6,6.0,0.19,0.10613437195715683,13.02,moderate,2026-09-05
103,103,1,AM Peak (6–9),8,15.0,15.0,20.0,5.0,7.0,3.0,3.0,5.000000000000002,0.2375,0.1788908765652952,19.05,very low recovery time,2026-09-05
103,103,1,Evening (19–24),13,15.0,14.0,15.0,1.0,13.0,5.0,1.0,6.600000000000001,0.15833333333333333,0.041753653444676415,8.05,moderate,2026-09-05
103,103,1,Midday (9–15),15,17.0,17.0,20.0,3.0,15.0,6.0,4.800000000000001,6.0,0.1357142857142857,0.115606936416185,11.69,moderate,2026-09-05
103,103,1,Overnight (0–6),4,14.0,14.0,14.7,0.6999999999999993,4.0,1.0,0.30000000000000004,8.000000000000002,0.475,0.029598308668076088,18.4,no recovery time,2026-09-05
103,103,1,PM Peak (15–19),9,19.0,19.0,22.0,3.0,9.0,4.0,2.4000000000000004,6.0,0.19,0.115606936416185,13.59,moderate,2026-09-05
104,104,0,AM Peak (6–9),6,26.0,24.0,26.0,2.0,,10.0,,,0.08636363636363636,0.08016032064128258,7.83,moderate,2026-09-05
104,104,0,Evening (19–24),12,24.0,20.0,24.0,4.0,,10.0,,,0.08636363636363636,0.14842300556586274,11.93,moderate,2026-09-05
104,104,0,Midday (9–15),14,25.0,25.0,26.700000000000003,1.7000000000000028,,10.0,,,0.08636363636363636,0.06896551724137943,7.16,moderate,2026-09-05
104,104,0,Overnight (0–6),5,20.0,20.0,22.4,2.3999999999999986,,10.0,,,0.08636363636363636,0.09467455621301772,8.7,moderate,2026-09-05
104,104,0,PM Peak (15–19),8,27.0,27.0,27.0,0.0,,10.0,,,0.08636363636363636,0.0,3.02,moderate,2026-09-05
104,104,1,AM Peak (6–9),6,30.0,27.0,30.0,3.0,6.0,2.5,1.0,4.0,0.2714285714285714,0.115606936416185,16.44,very low recovery time,2026-09-05
104,104,1,Evening (19–24),12,26.0,23.0,26.0,3.0,12.0,1.0,0.10000000000000009,2.0,0.475,0.115606936416185,23.56,no recovery time,2026-09-05
104,104,1,Midday (9–15),14,28.0,28.0,30.700000000000003,2.700000000000003,14.0,1.0,1.0,1.700000000000001,0.475,0.10526315789473696,22.94,no recovery time,2026-09-05
104,104,1,Overnight (0–6),4,23.0,23.0,25.8,2.8000000000000007,4.0,2.0,0.6000000000000001,2.0,0.31666666666666665,0.10873786407766994,17.61,very low recovery time,2026-09-05
104,104,1,PM Peak (15–19),8,31.0,31.0,31.0,0.0,8.0,2.0,1.7000000000000002,2.0,0.31666666666666665,0.0,11.08,very low recovery time,2026-09-05
105,105,0,AM Peak (6–9),16,12.0,11.0,13.0,2.0,16.0,5.0,4.0,6.0,0.15833333333333333,0.08016032064128258,10.35,moderate,2026-09-05
105,105,0,Evening (19–24),16,11.0,9.0,13.5,4.5,16.0,4.0,2.5,4.5,0.19,0.1639344262295082,16.49,moderate,2026-09-05
105,105,0,Midday (9–15),22,13.0,13.0,13.0,0.0,21.0,8.0,2.0,8.0,0.10555555555555556,0.0,3.69,moderate,2026-09-05
105,105,0,Overnight (0–6),7,11.0,9.0,15.0,6.0,6.0,3.0,0.0,5.0,0.2375,0.20725388601036274,20.75,very low recovery time,2026-09-05
105,105,0,PM Peak (15–19),19,16.0,14.0,18.0,4.0,18.0,10.0,2.0,10.0,0.08636363636363636,0.14842300556586274,11.93,moderate,2026-09-05
105,105,1,AM Peak (6–9),16,13.5,13.0,15.0,2.0,16.0,2.0,1.5,2.0,0.31666666666666665,0.08016032064128258,15.89,very low recovery time,2026-09-05
105,105,1,Evening (19–24),16,12.0,11.0,12.0,1.0,17.0,3.0,1.0,5.0,0.2375,0.041753653444676415,10.82,very low recovery time,2026-09-05
105,105,1,Midday (9–15),21,14.0,14.0,15.0,1.0,22.0,1.0,1.0,2.0,0.475,0.041753653444676415,19.13,no recovery time,2026-09-05
105,105,1,Overnight (0–6),6,12.0,11.0,15.0,4.0,4.0,4.0,1.2000000000000002,5.4,0.19,0.14842300556586274,15.56,moderate,2026-09-05
105,105,1,PM Peak (15–19),21,16.0,15.0,19.0,4.0,19.0,1.0,1.0,5.0,0.475,0.14842300556586274,25.53,no recovery time,2026-09-05
106,106,0,AM Peak (6–9),10,27.0,24.0,27.0,3.0,10.0,4.5,2.8,6.499999999999998,0.17272727272727273,0.115606936416185,12.98,moderate,2026-09-05
106,106,0,Evening (19–24),18,21.0,19.0,25.0,6.0,16.0,5.0,1.0,8.0,0.15833333333333333,0.20725388601036274,17.98,moderate,2026-09-05
106,106,0,Midday (9–15),19,23.0,23.0,26.599999999999998,3.599999999999998,18.0,6.0,6.0,8.600000000000001,0.1357142857142857,0.135593220338983,12.89,moderate,2026-09-05
106,106,0,Overnight (0–6),9,19.0,19.0,24.0,5.0,7.0,2.0,1.6,4.4,0.31666666666666665,0.1788908765652952,21.82,very low recovery time,2026-09-05
106,106,0,PM Peak (15–19),18,29.0,23.055,29.0,5.945,16.0,6.0,4.0,8.5,0.1357142857142857,0.205744938570687,17.09,moderate,2026-09-05
106,106,1,AM Peak (6–9),11,26.0,22.0,26.0,4.0,10.0,5.0,5.0,8.1,0.15833333333333333,0.14842300556586274,14.45,moderate,2026-09-05
106,106,1,Evening (19–24),16,22.0,20.0,25.0,5.0,17.0,6.0,5.0,6.0,0.1357142857142857,0.1788908765652952,15.48,moderate,2026-09-05
106,106,1,Midday (9–15),19,24.0,24.0,24.999999999999996,0.9999999999999964,19.0,7.0,5.8,7.0,0.11875,0.04175365344467628,6.66,moderate,2026-09-05
106,106,1,Overnight (0–6),8,20.0,19.865000000000002,22.0,2.134999999999998,7.0,7.0,5.0,19.0,0.11875,0.08511062387881198,9.26,moderate,2026-09-05
106,106,1,PM Peak (15–19),17,29.0,26.2,29.0,2.8000000000000007,17.0,6.0,5.0,7.0,0.1357142857142857,0.10873786407766994,11.27,moderate,2026-09-05
107,107,0,AM Peak (6–9),7,33.0,33.0,33.0,0.0,7.0,13.0,2.2,23.0,0.06785714285714285,0.0,2.38,moderate,2026-09-05
107,107,0,Evening (19–24),9,27.0,26.0,27.0,1.0,9.0,18.0,7.2,20.4,0.049999999999999996,0.041753653444676415,4.26,moderate,2026-09-05
107,107,0,Midday (9–15),12,31.0,31.0,31.0,0.0,11.0,4.0,0.0,22.0,0.19,0.0,6.65,moderate,2026-09-05
107,107,0,Overnight (0–6),5,26.0,26.0,33.0,7.0,4.0,0.5,0.0,16.400000000000006,0.6333333333333333,0.23372287145242074,36.19,no recovery time,2026-09-05
107,107,0,PM Peak (15–19),8,34.0,32.5,34.0,1.5,8.0,7.5,0.0,14.0,0.11176470588235293,0.061349693251533756,7.59,moderate,2026-09-05
107,107,1,AM Peak (6–9),7,34.0,34.0,34.0,0.0,,10.0,,,0.08636363636363636,0.0,3.02,moderate,2026-09-05
107,107,1,Evening (19–24),10,27.0,26.0,28.0,2.0,,10.0,,,0.08636363636363636,0.08016032064128258,7.83,moderate,2026-09-05
107,107,1,Midday (9–15),12,33.0,33.0,33.0,0.0,,10.0,,,0.08636363636363636,0.0,3.02,moderate,2026-09-05
107,107,1,Overnight (0–6),5,26.0,26.0,34.16,8.159999999999997,,10.0,,,0.08636363636363636,0.2622950819672131,18.76,moderate,2026-09-05
107,107,1,PM Peak (15–19),8,37.0,36.1,37.0,0.8999999999999986,,10.0,,,0.08636363636363636,0.037735849056603724,5.29,moderate,2026-09-05
108,108,0,AM Peak (6–9),19,34.0,30.0,38.0,8.0,18.0,9.0,7.4,13.0,0.095,0.2584814216478191,18.83,moderate,2026-09-05
108,108,0,Evening (19–24),21,31.0,28.0,34.0,6.0,21.0,6.0,6.0,15.0,0.1357142857142857,0.20725388601036274,17.19,moderate,2026-09-05
108,108,0,Midday (9–15),36,35.0,31.0,38.5,7.5,33.0,10.0,3.0,14.0,0.08636363636363636,0.24630541871921185,17.8,moderate,2026-09-05
108,108,0,Overnight (0–6),10,28.0,23.195,30.0,6.805,6.0,14.5,8.5,16.0,0.06129032258064516,0.2287010586456058,15.87,moderate,2026-09-05
108,108,0,PM Peak (15–19),22,36.0,36.0,42.0,6.0,21.0,14.0,14.0,14.0,0.06333333333333332,0.20725388601036274,14.65,moderate,2026-09-05
108,108,1,AM Peak (6–9),18,33.5,30.0,38.0,8.0,19.0,8.0,5.6,9.2,0.10555555555555556,0.2584814216478191,19.2,moderate,2026-09-05
108,108,1,Evening (19–24),22,31.5,27.0,34.0,7.0,22.0,7.0,3.0,9.900000000000002,0.11875,0.23372287145242074,18.18,moderate,2026-09-05
108,108,1,Midday (9–15),36,34.0,31.0,35.0,4.0,36.0,8.0,8.0,8.0,0.10555555555555556,0.14842300556586274,12.6,moderate,2026-09-05
108,108,1,Overnight (0–6),9,27.0,19.85,34.0,14.149999999999999,6.0,3.0,3.0,4.0,0.2375,0.3814016172506739,31.2,very low recovery time,2026-09-05
108,108,1,PM Peak (15–19),22,36.0,35.0,41.0,6.0,21.0,8.0,8.0,8.0,0.10555555555555556,0.20725388601036274,16.13,moderate,2026-09-05
109,109,0,AM Peak (6–9),11,29.0,9.833333333333334,32.0,22.166666666666664,10.0,2.0,0.0,4.0,0.31666666666666665,0.49131880310306614,40.56,"very low recovery time, high schedule variability",2026-09-05
109,109,0,Evening (19–24),11,22.0,19.0,24.0,5.0,12.0,7.0,4.0,7.9,0.11875,0.1788908765652952,14.89,moderate,2026-09-05
109,109,0,Midday (9–15),18,27.0,26.0,28.0,2.0,18.0,5.0,4.4,5.0,0.15833333333333333,0.08016032064128258,10.35,moderate,2026-09-05
109,109,0,Overnight (0–6),5,19.0,9.6,19.6,10.000000000000002,5.0,4.0,1.6,7.0,0.19,0.30349013657056156,24.86,moderate,2026-09-05
109,109,0,PM Peak (15–19),12,35.0,32.3,37.0,4.700000000000003,12.0,4.0,0.0,4.0,0.19,0.16998191681735997,16.85,moderate,2026-09-05
109,109,1,AM Peak (6–9),10,24.0,21.0,26.0,5.0,9.0,1.0,0.0,5.4,0.475,0.1788908765652952,27.36,no recovery time,2026-09-05
109,109,1,Evening (19–24),12,21.0,20.0,24.0,4.0,11.0,4.0,0.0,6.0,0.19,0.14842300556586274,15.56,moderate,2026-09-05
109,109,1,Midday (9–15),18,25.0,24.0,25.0,1.0,18.0,3.5,2.0,5.0,0.2111111111111111,0.041753653444676415,9.89,moderate,2026-09-05
109,109,1,Overnight (0–6),6,20.0,8.5,20.0,11.5,5.0,4.0,0.8,5.2,0.19,0.3338171262699565,26.68,moderate,2026-09-05
109,109,1,PM Peak (15–19),12,35.0,28.1,36.0,7.899999999999999,11.0,5.0,0.0,8.0,0.15833333333333333,0.2560777957860616,20.91,moderate,2026-09-05
110,110,0,AM Peak (6–9),31,23.0,18.15,26.0,7.850000000000001,14.0,4.5,3.3,7.0,0.17272727272727273,0.2548701298701299,21.34,moderate,2026-09-05
110,110,0,Evening (19–24),24,20.575,17.15,24.0,6.850000000000001,11.0,4.0,1.0,13.0,0.19,0.2298657718120806,20.44,moderate,2026-09-05
110,110,0,Midday (9–15),29,22.15,20.15,26.0,5.850000000000001,15.0,5.0,5.0,5.0,0.15833333333333333,0.20312500000000008,17.73,moderate,2026-09-05
110,110,0,Overnight (0–6),16,16.15,5.2,22.0,16.8,5.0,4.0,4.0,12.600000000000001,0.19,0.4226415094339623,32.01,moderate,2026-09-05
110,110,0,PM Peak (15–19),30,23.075,21.85,27.0,5.149999999999999,14.0,7.0,5.0,9.0,0.11875,0.18327402135231316,15.15,moderate,2026-09-05
110,110,1,AM Peak (6–9),30,23.0,20.0,29.0,9.0,29.0,3.0,2.0,7.0,0.2375,0.28169014084507044,25.21,very low recovery time,2026-09-05
110,110,1,Evening (19–24),23,21.0,20.0,25.0,5.0,22.0,8.0,1.0,10.0,0.10555555555555556,0.1788908765652952,14.43,moderate,2026-09-05
110,110,1,Midday (9–15),31,24.85,22.0,29.0,7.0,27.0,4.0,4.0,9.0,0.19,0.23372287145242074,20.67,moderate,2026-09-05
110,110,1,Overnight (0–6),15,20.0,8.503333333333334,23.0,14.496666666666666,12.0,1.0,1.0,9.8,0.475,0.38712836033469833,39.85,no recovery time,2026-09-05
110,110,1,PM Peak (15–19),31,25.0,21.0,30.0,9.0,30.0,7.5,5.9,11.100000000000001,0.11176470588235293,0.28169014084507044,20.81,moderate,2026-09-05
111,111,0,AM Peak (6–9),16,28.0,27.0,28.0,1.0,15.0,6.0,3.0,6.0,0.1357142857142857,0.041753653444676415,7.26,moderate,2026-09-05
111,111,0,Evening (19–24),14,23.0,20.0,23.0,3.0,13.0,5.0,5.0,5.0,0.15833333333333333,0.115606936416185,12.48,moderate,2026-09-05
111,111,0,Midday (9–15),23,26.0,26.0,26.0,0.0,23.0,2.0,1.2000000000000002,5.200000000000003,0.31666666666666665,0.0,11.08,very low recovery time,2026-09-05
111,111,0,Overnight (0–6),7,24.0,20.0,24.0,4.0,6.0,4.0,1.5,5.0,0.19,0.14842300556586274,15.56,moderate,2026-09-05
111,111,0,PM Peak (15–19),21,29.0,29.0,29.0,0.0,20.0,5.0,5.0,5.0,0.15833333333333333,0.0,5.54,moderate,2026-09-05
111,111,1,AM Peak (6–9),17,31.0,26.4,31.0,4.600000000000001,16.0,1.0,1.0,5.0,0.475,0.1669691470054447,26.64,no recovery time,2026-09-05
111,111,1,Evening (19–24),14,29.0,27.0,31.1,4.100000000000001,13.0,3.0,2.0,3.0,0.2375,0.15157116451016642,17.41,very low recovery time,2026-09-05
111,111,1,Midday (9–15),24,29.0,29.0,29.0,0.0,23.0,7.0,1.4000000000000004,7.0,0.11875,0.0,4.16,moderate,2026-09-05
111,111,1,Overnight (0–6),10,24.0,3.8833333333333333,27.0,23.116666666666667,7.0,0.0,0.0,2.0,0.95,0.501808972503618,63.36,"no recovery time, high schedule variability",2026-09-05
111,111,1,PM Peak (15–19),20,34.0,33.8,34.0,0.20000000000000284,21.0,4.0,4.0,6.0,0.19,0.0086393088552917,7.17,moderate,2026-09-05
112,112,0,AM Peak (6–9),16,38.0,34.0,42.0,8.0,15.0,7.0,6.4,7.0,0.11875,0.2584814216478191,19.67,moderate,2026-09-05
112,112,0,Evening (19–24),17,53.0,45.0,53.0,8.0,15.0,4.0,2.8000000000000003,6.199999999999999,0.19,0.2584814216478191,22.16,moderate,2026-09-05
112,112,0,Midday (9–15),36,30.0,30.0,60.0,30.0,32.0,6.0,0.10000000000000009,9.0,0.1357142857142857,0.56657223796034,38.74,high schedule variability,2026-09-05
112,112,0,Overnight (0–6),10,45.0,34.0,45.0,11.0,6.0,5.0,3.0,5.5,0.15833333333333333,0.3240058910162003,24.98,moderate,2026-09-05
112,112,0,PM Peak (15–19),18,53.0,30.0,60.0,30.0,15.0,5.0,5.0,7.6,0.15833333333333333,0.56657223796034,39.54,high schedule variability,2026-09-05
112,112,1,AM Peak (6–9),17,63.0,36.0,63.0,27.0,15.0,8.0,0.0,9.0,0.10555555555555556,0.5405405405405406,36.13,high schedule variability,2026-09-05
112,112,1,Evening (19–24),16,38.0,34.0,38.0,4.0,16.0,6.0,4.0,7.0,0.1357142857142857,0.14842300556586274,13.66,moderate,2026-09-05
112,112,1,Midday (9–15),31,37.0,32.0,55.0,23.0,33.0,9.0,0.0,12.0,0.095,0.5005440696409141,33.36,high schedule variability,2026-09-05
112,112,1,Overnight (0–6),8,34.0,18.983333333333334,62.696666666666665,43.71333333333333,7.0,4.0,2.4000000000000004,5.200000000000001,0.19,0.655732786639332,45.99,high schedule variability,2026-09-05
112,112,1,PM Peak (15–19),19,38.0,37.0,43.0,6.0,19.0,5.0,0.0,12.0,0.15833333333333333,0.20725388601036274,17.98,moderate,2026-09-05
113,113,0,AM Peak (6–9),9,28.0,23.0,28.0,5.0,9.0,15.0,2.0,16.0,0.059375,0.1788908765652952,12.81,moderate,2026-09-05
113,113,0,Evening (19–24),11,27.0,23.0,27.0,4.0,11.0,10.0,6.0,15.0,0.08636363636363636,0.14842300556586274,11.93,moderate,2026-09-05
113,113,0,Midday (9–15),19,28.0,28.0,33.0,5.0,18.0,16.0,10.7,16.0,0.055882352941176466,0.1788908765652952,12.69,moderate,2026-09-05
113,113,0,Overnight (0–6),8,21.5,9.45,23.0,13.55,7.0,9.0,3.6,12.0,0.095,0.3712328767123288,25.6,moderate,2026-09-05
113,113,0,PM Peak (15–19),15,33.0,28.6,33.0,4.399999999999999,13.0,10.0,10.0,10.0,0.08636363636363636,0.16087751371115172,12.68,moderate,2026-09-05
113,113,1,AM Peak (6–9),9,29.0,22.0,29.0,7.0,10.0,8.0,7.0,8.0,0.10555555555555556,0.23372287145242074,17.72,moderate,2026-09-05
113,113,1,Evening (19–24),11,27.0,22.0,27.0,5.0,11.0,11.0,6.0,11.0,0.07916666666666666,0.1788908765652952,13.5,moderate,2026-09-05
113,113,1,Midday (9–15),19,28.0,28.0,31.0,3.0,18.0,8.0,6.0,8.0,0.10555555555555556,0.115606936416185,10.63,moderate,2026-09-05
113,113,1,Overnight (0–6),8,22.0,10.116666666666667,22.0,11.883333333333333,5.0,6.0,6.0,7.0,0.1357142857142857,0.3411483253588517,25.22,moderate,2026-09-05
113,113,1,PM Peak (15–19),14,31.0,28.9,31.0,2.1000000000000014,15.0,6.0,6.0,6.0,0.1357142857142857,0.08383233532934138,9.78,moderate,2026-09-05
114,114,0,AM Peak (6–9),24,25.0,21.5,25.0,3.5,21.0,12.0,12.0,12.0,0.07307692307692307,0.13232514177693763,10.5,moderate,2026-09-05
114,114,0,Evening (19–24),20,21.0,20.0,21.0,1.0,19.0,19.0,5.0,19.0,0.0475,0.041753653444676415,4.17,moderate,2026-09-05
114,114,0,Midday (9–15),36,24.0,24.0,25.5,1.5,35.0,11.0,11.0,11.0,0.07916666666666666,0.061349693251533756,6.45,moderate,2026-09-05
114,114,0,Overnight (0–6),9,20.0,20.0,20.0,0.0,6.0,6.5,5.0,10.0,0.12666666666666665,0.0,4.43,moderate,2026-09-05
114,114,0,PM Peak (15–19),24,32.0,32.0,32.0,0.0,23.0,23.0,23.0,23.0,0.03958333333333333,0.0,1.39,moderate,2026-09-05
114,114,1,AM Peak (6–9),25,21.0,18.6,21.0,2.3999999999999986,24.0,5.0,5.0,5.0,0.15833333333333333,0.09467455621301772,11.22,moderate,2026-09-05
114,114,1,Evening (19–24),20,19.0,18.0,19.0,1.0,20.0,1.0,1.0,2.0,0.475,0.041753653444676415,19.13,no recovery time,2026-09-05
114,114,1,Midday (9–15),36,22.0,22.0,22.0,0.0,36.0,3.0,3.0,3.0,0.2375,0.0,8.31,very low recovery time,2026-09-05
114,114,1,Overnight (0–6),8,18.0,17.0,18.0,1.0,7.0,2.0,2.0,5.0,0.31666666666666665,0.041753653444676415,13.59,very low recovery time,2026-09-05
114,114,1,PM Peak (15–19),24,24.0,24.0,24.0,0.0,24.0,1.0,1.0,1.0,0.475,0.0,16.62,no recovery time,2026-09-05
115,115,0,AM Peak (6–9),9,26.0,20.0,26.0,6.0,8.0,0.0,0.0,0.0,0.95,0.20725388601036274,45.69,no recovery time,2026-09-05
115,115,0,Evening (19–24),9,19.0,19.0,24.200000000000003,5.200000000000003,10.0,0.0,0.0,1.3999999999999986,0.95,0.1847246891651866,44.33,no recovery time,2026-09-05
115,115,0,Midday (9–15),15,20.0,20.0,24.2,4.199999999999999,15.0,0.0,0.0,1.5999999999999996,0.95,0.15469613259668508,42.53,no recovery time,2026-09-05
115,115,0,PM Peak (15–19),12,29.0,29.0,29.0,0.0,12.0,14.0,12.2,14.0,0.06333333333333332,0.0,2.22,moderate,2026-09-05
115,115,1,AM Peak (6–9),8,20.0,15.0,20.0,5.0,7.0,9.0,4.0,15.0,0.095,0.1788908765652952,14.06,moderate,2026-09-05
115,115,1,Evening (19–24),10,16.0,16.0,16.299999999999997,0.29999999999999716,8.0,5.0,2.0,5.0,0.15833333333333333,0.012903225806451495,6.32,moderate,2026-09-05
115,115,1,Midday (9–15),15,15.0,15.0,19.0,4.0,14.0,5.0,2.9000000000000004,11.30000000000001,0.15833333333333333,0.14842300556586274,14.45,moderate,2026-09-05
115,115,1,PM Peak (15–19),12,19.0,19.0,19.0,0.0,11.0,3.0,3.0,5.0,0.2375,0.0,8.31,very low recovery time,2026-09-05
116,116,0,AM Peak (6–9),29,53.0,48.0,54.0,6.0,25.0,3.0,2.0,7.600000000000001,0.2375,0.20725388601036274,20.75,very low recovery time,2026-09-05
116,116,0,Evening (19–24),37,51.0,47.0,57.8,10.799999999999997,34.0,6.5,3.0,8.0,0.12666666666666665,0.32,23.63,moderate,2026-09-05
116,116,0,Midday (9–15),46,54.0,54.0,64.0,10.0,45.0,9.0,6.4,10.600000000000001,0.095,0.3034901365705615,21.53,moderate,2026-09-05
116,116,0,Overnight (0–6),26,41.0,8.65,47.5,38.85,17.0,3.0,0.0,7.4,0.2375,0.6286407766990292,46.03,"very low recovery time, high schedule variability",2026-09-05
116,116,0,PM Peak (15–19),32,64.0,64.0,64.0,0.0,30.0,4.0,4.0,4.0,0.19,0.0,6.65,moderate,2026-09-05
116,116,1,AM Peak (6–9),26,51.0,47.5,52.0,4.5,23.0,5.0,3.2,8.0,0.15833333333333333,0.1639344262295082,15.38,moderate,2026-09-05
116,116,1,Evening (19–24),34,46.0,40.0,51.4,11.399999999999999,34.0,6.0,5.300000000000001,7.0,0.1357142857142857,0.3318777292576419,24.66,moderate,2026-09-05
116,116,1,Midday (9–15),46,51.0,51.0,52.0,1.0,45.0,6.0,4.0,8.0,0.1357142857142857,0.041753653444676415,7.26,moderate,2026-09-05
116,116,1,Overnight (0–6),17,40.0,39.0,47.0,8.0,15.0,6.0,6.0,10.0,0.1357142857142857,0.2584814216478191,20.26,moderate,2026-09-05
116,116,1,PM Peak (15–19),31,52.0,52.0,52.0,0.0,30.0,8.0,7.9,8.0,0.10555555555555556,0.0,3.69,moderate,2026-09-05
117,117,0,AM Peak (6–9),8,26.0,23.0,26.0,3.0,8.0,8.0,4.9,8.899999999999999,0.10555555555555556,0.115606936416185,10.63,moderate,2026-09-05
117,117,0,Evening (19–24),11,19.0,19.0,25.0,6.0,11.0,5.0,2.0,12.0,0.15833333333333333,0.20725388601036274,17.98,moderate,2026-09-05
117,117,0,Midday (9–15),18,25.0,25.0,28.0,3.0,18.0,11.0,10.0,11.0,0.07916666666666666,0.115606936416185,9.71,moderate,2026-09-05
117,117,0,Overnight (0–6),7,19.0,18.0,20.6,2.6000000000000014,5.0,5.0,2.0,5.0,0.15833333333333333,0.10176125244618402,11.65,moderate,2026-09-05
117,117,0,PM Peak (15–19),11,28.0,25.0,28.0,3.0,11.0,7.0,7.0,9.0,0.11875,0.115606936416185,11.09,moderate,2026-09-05
117,117,1,AM Peak (6–9),9,26.0,21.0,26.0,5.0,7.0,0.0,0.0,0.0,0.95,0.1788908765652952,43.98,no recovery time,2026-09-05
117,117,1,Evening (19–24),12,23.0,20.0,23.0,3.0,11.0,0.0,0.0,0.0,0.95,0.115606936416185,40.19,no recovery time,2026-09-05
117,117,1,Midday (9–15),17,24.0,24.0,25.6,1.6000000000000014,18.0,0.0,0.0,0.0,0.95,0.0651731160896131,37.16,no recovery time,2026-09-05
117,117,1,Overnight (0–6),5,20.0,20.0,20.0,0.0,6.0,0.0,0.0,3.0,0.95,0.0,33.25,no recovery time,2026-09-05
117,117,1,PM Peak (15–19),11,28.0,23.0,28.0,5.0,11.0,0.0,0.0,0.0,0.95,0.1788908765652952,43.98,no recovery time,2026-09-05
118,118,0,AM Peak (6–9),8,38.0,35.0,38.0,3.0,7.0,11.0,6.0,15.4,0.07916666666666666,0.115606936416185,9.71,moderate,2026-09-05
118,118,0,Evening (19–24),12,28.0,21.0,28.0,7.0,11.0,12.0,9.0,17.0,0.07307692307692307,0.23372287145242074,16.58,moderate,2026-09-05
118,118,0,Midday (9–15),13,36.0,36.0,36.0,0.0,13.0,12.0,9.600000000000001,12.0,0.07307692307692307,0.0,2.56,moderate,2026-09-05
118,118,0,Overnight (0–6),4,21.0,21.0,30.800000000000004,9.800000000000004,3.0,9.0,9.0,9.0,0.095,0.29923664122137417,21.28,moderate,2026-09-05
118,118,0,PM Peak (15–19),10,38.0,37.8,38.0,0.20000000000000284,8.0,16.0,5.1000000000000005,16.0,0.055882352941176466,0.0086393088552917,2.47,moderate,2026-09-05
118,118,1,AM Peak (6–9),8,31.0,29.0,31.0,2.0,8.0,0.0,0.0,0.0,0.95,0.08016032064128258,38.06,no recovery time,2026-09-05
118,118,1,Evening (19–24),12,35.0,30.0,35.0,5.0,12.0,0.0,0.0,0.0,0.95,0.1788908765652952,43.98,no recovery time,2026-09-05
118,118,1,Midday (9–15),13,33.0,33.0,33.0,0.0,13.0,0.0,0.0,0.0,0.95,0.0,33.25,no recovery time,2026-09-05
118,118,1,Overnight (0–6),5,30.0,29.0,30.0,1.0,4.0,0.0,0.0,0.0,0.95,0.041753653444676415,35.76,no recovery time,2026-09-05
118,118,1,PM Peak (15–19),10,42.0,42.0,42.0,0.0,10.0,0.0,0.0,0.0,0.95,0.0,33.25,no recovery time,2026-09-05
119,119,0,AM Peak (6–9),9,44.0,43.8,44.0,0.20000000000000284,9.0,2.0,2.0,3.0,0.31666666666666665,0.0086393088552917,11.6,very low recovery time,2026-09-05
119,119,0,Evening (19–24),2,7.0,7.0,7.0,0.0,,10.0,,,0.08636363636363636,0.0,3.02,moderate,2026-09-05
119,119,0,Midday (9–15),13,33.65,31.65,43.0,11.350000000000001,12.0,11.5,2.5000000000000004,12.0,0.076,0.3309037900874636,22.51,moderate,2026-09-05
119,119,0,Overnight (0–6),3,32.65,32.65,32.65,0.0,1.0,3.0,3.0,3.0,0.2375,0.0,8.31,very low recovery time,2026-09-05
119,119,0,PM Peak (15–19),10,52.0,52.0,52.0,0.0,10.0,7.0,6.8,11.0,0.11875,0.0,4.16,moderate,2026-09-05
119,119,1,AM Peak (6–9),9,52.0,47.663333333333334,52.0,4.336666666666666,9.0,2.0,1.0,3.000000000000001,0.31666666666666665,0.1589298802834107,20.62,very low recovery time,2026-09-05
119,119,1,Evening (19–24),1,32.31666666666667,32.31666666666667,32.31666666666667,0.0,2.0,2.0,0.4,3.6,0.31666666666666665,0.0,11.08,very low recovery time,2026-09-05
119,119,1,Midday (9–15),13,30.316666666666666,28.316666666666666,58.6,30.283333333333335,4.0,3.5,1.3,6.4,0.2111111111111111,0.5688791484032562,41.52,high schedule variability,2026-09-05
119,119,1,Overnight (0–6),3,37.0,23.666666666666664,49.0,25.333333333333336,,10.0,,,0.08636363636363636,0.5246807041767346,34.5,high schedule variability,2026-09-05
119,119,1,PM Peak (15–19),9,59.0,59.0,59.0,0.0,9.0,7.0,7.0,7.4,0.11875,0.0,4.16,moderate,2026-09-05
120,120,0,AM Peak (6–9),6,28.0,23.316666666666666,28.0,4.683333333333334,6.0,3.5,0.0,5.0,0.2111111111111111,0.16948130277442705,17.56,moderate,2026-09-05
120,120,0,Evening (19–24),10,24.0,21.0,24.0,3.0,10.0,6.0,6.0,9.0,0.1357142857142857,0.115606936416185,11.69,moderate,2026-09-05
120,120,0,Midday (9–15),14,28.0,28.0,30.0,2.0,11.0,2.0,1.0,2.0,0.31666666666666665,0.08016032064128258,15.89,very low recovery time,2026-09-05
120,120,0,Overnight (0–6),4,11.891666666666666,2.783333333333333,21.0,18.21666666666667,3.0,3.0,0.6000000000000001,7.800000000000001,0.2375,0.44251012145748997,34.86,very low recovery time,2026-09-05
120,120,0,PM Peak (15–19),10,30.0,21.878333333333334,30.0,8.121666666666666,10.0,8.0,0.9,8.1,0.10555555555555556,0.2613849702301132,19.38,moderate,2026-09-05
120,120,1,AM Peak (6–9),5,25.0,25.0,25.0,0.0,5.0,2.0,2.0,3.8000000000000003,0.31666666666666665,0.0,11.08,very low recovery time,2026-09-05
120,120,1,Evening (19–24),10,24.0,21.0,24.0,3.0,10.0,6.0,5.4,9.0,0.1357142857142857,0.115606936416185,11.69,moderate,2026-09-05
120,120,1,Midday (9–15),13,28.0,28.0,29.0,1.0,12.0,2.0,0.20000000000000018,2.0,0.31666666666666665,0.041753653444676415,13.59,very low recovery time,2026-09-05
120,120,1,Overnight (0–6),3,21.0,21.0,21.0,0.0,4.0,0.0,0.0,6.300000000000002,0.95,0.0,33.25,no recovery time,2026-09-05
120,120,1,PM Peak (15–19),10,29.0,24.0,29.0,5.0,10.0,8.0,0.0,8.0,0.10555555555555556,0.1788908765652952,14.43,moderate,2026-09-05
121,121,0,AM Peak (6–9),12,26.0,26.0,26.0,0.0,11.0,3.0,3.0,5.0,0.2375,0.0,8.31,very low recovery time,2026-09-05
121,121,0,Evening (19–24),14,29.0,24.0,29.0,5.0,14.0,4.5,4.0,6.0,0.17272727272727273,0.1788908765652952,16.78,moderate,2026-09-05
121,121,0,Midday (9–15),18,28.0,28.0,28.0,0.0,17.0,2.0,2.0,2.0,0.31666666666666665,0.0,11.08,very low recovery time,2026-09-05
121,121,0,Overnight (0–6),5,24.0,24.0,24.0,0.0,4.0,4.0,1.2000000000000002,4.0,0.19,0.0,6.65,moderate,2026-09-05
121,121,0,PM Peak (15–19),12,32.0,29.3,32.0,2.6999999999999993,13.0,1.0,1.0,3.0,0.475,0.10526315789473684,22.94,no recovery time,2026-09-05
121,121,1,AM Peak (6–9),11,29.0,28.0,29.0,1.0,10.0,2.0,2.0,3.1999999999999993,0.31666666666666665,0.041753653444676415,13.59,very low recovery time,2026-09-05
121,121,1,Evening (19–24),14,32.5,30.0,35.0,5.0,13.0,2.0,1.2000000000000002,2.0,0.31666666666666665,0.1788908765652952,21.82,very low recovery time,2026-09-05
121,121,1,Midday (9–15),18,29.0,29.0,29.0,0.0,18.0,1.0,0.0,1.0,0.475,0.0,16.62,no recovery time,2026-09-05
121,121,1,Overnight (0–6),4,30.0,29.498333333333335,30.0,0.5016666666666652,5.0,2.0,2.0,7.120000000000001,0.31666666666666665,0.02139151446236935,12.37,very low recovery time,2026-09-05
121,121,1,PM Peak (15–19),13,36.0,31.4,36.0,4.600000000000001,12.0,3.0,1.2000000000000002,11.700000000000001,0.2375,0.1669691470054447,18.33,very low recovery time,2026-09-05
122,122,0,AM Peak (6–9),16,28.0,17.5,33.0,15.5,15.0,1.0,1.0,1.0,0.475,0.4031209362808843,40.81,no recovery time,2026-09-05
122,122,0,Evening (19–24),14,25.0,22.0,25.0,3.0,16.0,1.0,1.0,1.0,0.475,0.115606936416185,23.56,no recovery time,2026-09-05
122,122,0,Midday (9–15),20,28.0,27.0,30.1,3.1000000000000014,20.0,1.0,1.0,1.0,0.475,0.11900191938579661,23.77,no recovery time,2026-09-05
122,122,0,Overnight (0–6),6,22.0,9.0,24.0,15.0,5.0,1.0,1.0,1.0,0.475,0.3952569169960475,40.34,no recovery time,2026-09-05
122,122,0,PM Peak (15–19),24,31.0,31.0,31.0,0.0,24.0,1.0,1.0,1.0,0.475,0.0,16.62,no recovery time,2026-09-05
122,122,1,AM Peak (6–9),15,27.0,24.0,30.0,6.0,14.0,9.0,8.0,12.0,0.095,0.20725388601036274,15.76,moderate,2026-09-05
122,122,1,Evening (19–24),16,28.0,25.0,31.0,6.0,13.0,6.0,6.0,12.0,0.1357142857142857,0.20725388601036274,17.19,moderate,2026-09-05
122,122,1,Midday (9–15),20,27.0,25.0,30.0,5.0,18.0,6.5,4.0,9.800000000000004,0.12666666666666665,0.1788908765652952,15.17,moderate,2026-09-05
122,122,1,Overnight (0–6),5,25.0,24.4,25.0,0.6000000000000014,3.0,12.0,12.0,12.0,0.07307692307692307,0.02547770700636949,4.09,moderate,2026-09-05
122,122,1,PM Peak (15–19),24,31.0,31.0,31.0,0.0,22.0,7.0,7.0,7.0,0.11875,0.0,4.16,moderate,2026-09-05
123,123,0,AM Peak (6–9),35,15.0,15.0,26.0,11.0,31.0,6.0,5.0,7.0,0.1357142857142857,0.3240058910162003,24.19,moderate,2026-09-05
123,123,0,Evening (19–24),24,21.0,20.0,21.0,1.0,24.0,4.0,1.6000000000000005,7.0,0.19,0.041753653444676415,9.16,moderate,2026-09-05
123,123,0,Midday (9–15),34,16.5,16.0,27.0,11.0,34.0,7.0,3.0,9.0,0.11875,0.3240058910162003,23.6,moderate,2026-09-05
123,123,0,Overnight (0–6),13,20.0,10.106666666666667,21.0,10.893333333333333,10.0,5.0,3.9,11.1,0.15833333333333333,0.3218753077908008,24.85,moderate,2026-09-05
123,123,0,PM Peak (15–19),44,17.0,15.0,29.0,14.0,44.0,5.0,3.0,5.0,0.15833333333333333,0.3788903924221922,28.28,moderate,2026-09-05
123,123,1,AM Peak (6–9),33,16.0,16.0,32.0,16.0,33.0,6.0,3.0,7.0,0.1357142857142857,0.41078305519897307,29.4,moderate,2026-09-05
123,123,1,Evening (19–24),25,24.0,22.0,26.0,4.0,23.0,3.0,1.2000000000000002,3.0,0.2375,0.14842300556586274,17.22,very low recovery time,2026-09-05
123,123,1,Midday (9–15),35,19.0,16.0,32.0,16.0,33.0,3.0,3.0,5.0,0.2375,0.41078305519897307,32.96,very low recovery time,2026-09-05
123,123,1,Overnight (0–6),11,24.0,22.0,29.0,7.0,10.0,2.0,1.9,9.499999999999998,0.31666666666666665,0.23372287145242074,25.11,very low recovery time,2026-09-05
123,123,1,PM Peak (15–19),44,19.0,18.0,36.0,18.0,42.0,5.0,3.0,5.0,0.15833333333333333,0.4395604395604396,31.92,moderate,2026-09-05
124,124,0,AM Peak (6–9),19,15.0,13.0,15.0,2.0,18.0,3.0,3.0,3.0,0.2375,0.08016032064128258,13.12,very low recovery time,2026-09-05
124,124,0,Evening (19–24),16,11.0,10.0,11.0,1.0,16.0,3.0,3.0,4.0,0.2375,0.041753653444676415,10.82,very low recovery time,2026-09-05
124,124,0,Midday (9–15),20,14.0,14.0,14.0,0.0,22.0,3.0,3.0,3.0,0.2375,0.0,8.31,very low recovery time,2026-09-05
124,124,0,Overnight (0–6),7,12.0,10.0,14.0,4.0,5.0,4.0,1.6,4.0,0.19,0.14842300556586274,15.56,moderate,2026-09-05
124,124,0,PM Peak (15–19),26,15.0,13.5,15.0,1.5,24.0,3.0,3.0,3.0,0.2375,0.061349693251533756,11.99,very low recovery time,2026-09-05
124,124,1,AM Peak (6–9),19,13.0,10.0,13.0,3.0,18.0,5.0,4.7,7.0,0.15833333333333333,0.115606936416185,12.48,moderate,2026-09-05
124,124,1,Evening (19–24),16,11.0,9.0,11.0,2.0,16.0,5.0,5.0,7.0,0.15833333333333333,0.08016032064128258,10.35,moderate,2026-09-05
124,124,1,Midday (9–15),22,13.0,13.0,13.0,0.0,21.0,6.0,4.0,6.0,0.1357142857142857,0.0,4.75,moderate,2026-09-05
124,124,1,Overnight (0–6),7,10.0,9.0,10.0,1.0,7.0,7.0,4.0,7.0,0.11875,0.041753653444676415,6.66,moderate,2026-09-05
124,124,1,PM Peak (15–19),24,15.0,13.0,15.0,2.0,22.0,3.0,3.0,4.900000000000002,0.2375,0.08016032064128258,13.12,very low recovery time,2026-09-05
125,125,0,AM Peak (6–9),21,15.0,15.0,15.0,0.0,19.0,0.0,0.0,1.0,0.95,0.0,33.25,no recovery time,2026-09-05
125,125,0,Evening (19–24),20,13.0,11.891666666666667,13.0,1.1083333333333325,18.0,5.0,3.8000000000000007,5.0,0.15833333333333333,0.04606858330446828,8.31,moderate,2026-09-05
125,125,0,Midday (9–15),26,14.0,14.0,14.0,0.0,26.0,2.0,2.0,2.5,0.31666666666666665,0.0,11.08,very low recovery time,2026-09-05
125,125,0,Overnight (0–6),4,13.0,5.241666666666667,14.4,9.158333333333333,3.0,5.0,3.4,5.0,0.15833333333333333,0.2852322865299767,22.66,moderate,2026-09-05
125,125,0,PM Peak (15–19),24,15.0,15.0,15.0,0.0,23.0,0.0,0.0,0.0,0.95,0.0,33.25,no recovery time,2026-09-05
125,125,1,AM Peak (6–9),22,15.0,15.0,15.0,0.0,21.0,0.0,0.0,0.0,0.95,0.0,33.25,no recovery time,2026-09-05
125,125,1,Evening (19–24),18,12.0,12.0,12.0,0.0,19.0,0.0,0.0,0.0,0.95,0.0,33.25,no recovery time,2026-09-05
125,125,1,Midday (9–15),25,14.0,14.0,14.0,0.0,26.0,0.0,0.0,1.0,0.95,0.0,33.25,no recovery time,2026-09-05
125,125,1,Overnight (0–6),5,12.0,2.1166666666666667,12.0,9.883333333333333,4.0,0.0,0.0,0.0,0.95,0.30101522842639594,51.31,no recovery time,2026-09-05
125,125,1,PM Peak (15–19),25,15.0,14.4,15.0,0.5999999999999996,25.0,0.0,0.0,0.0,0.95,0.025477707006369414,34.78,no recovery time,2026-09-05
126,126,0,AM Peak (6–9),8,16.0,13.0,16.0,3.0,7.0,1.0,0.6000000000000001,1.4000000000000004,0.475,0.115606936416185,23.56,no recovery time,2026-09-05
126,126,0,Evening (19–24),10,13.0,11.0,13.0,2.0,11.0,2.0,1.0,5.0,0.31666666666666665,0.08016032064128258,15.89,very low recovery time,2026-09-05
126,126,0,Midday (9–15),15,16.0,16.0,16.0,0.0,15.0,6.0,1.4000000000000001,6.0,0.1357142857142857,0.0,4.75,moderate,2026-09-05
126,126,0,Overnight (0–6),3,11.0,11.0,12.6,1.5999999999999996,3.0,2.0,0.4,3.6,0.31666666666666665,0.06517311608961303,14.99,very low recovery time,2026-09-05
126,126,0,PM Peak (15–19),12,16.0,16.0,16.0,0.0,12.0,2.0,2.0,2.0,0.31666666666666665,0.0,11.08,very low recovery time,2026-09-05
126,126,1,AM Peak (6–9),7,15.0,12.0,15.0,3.0,8.0,8.0,2.1,10.5,0.10555555555555556,0.115606936416185,10.63,moderate,2026-09-05
126,126,1,Evening (19–24),11,12.0,12.0,12.0,0.0,11.0,5.0,4.0,10.0,0.15833333333333333,0.0,5.54,moderate,2026-09-05
126,126,1,Midday (9–15),15,16.0,16.0,16.0,0.0,14.0,4.0,4.0,5.700000000000001,0.19,0.0,6.65,moderate,2026-09-05
126,126,1,Overnight (0–6),3,12.0,12.0,12.0,0.0,1.0,4.0,4.0,4.0,0.19,0.0,6.65,moderate,2026-09-05
126,126,1,PM Peak (15–19),12,16.0,16.0,16.0,0.0,12.0,6.0,6.0,6.0,0.1357142857142857,0.0,4.75,moderate,2026-09-05
127,127,0,AM Peak (6–9),8,36.0,25.0,36.0,11.0,6.0,3.0,1.0,6.0,0.2375,0.3240058910162003,27.75,very low recovery time,2026-09-05
127,127,0,Evening (19–24),12,21.5,20.0,25.0,5.0,12.0,4.0,0.30000000000000027,6.0,0.19,0.1788908765652952,17.38,moderate,2026-09-05
127,127,0,Midday (9–15),16,29.0,29.0,29.0,0.0,17.0,7.0,3.0,7.0,0.11875,0.0,4.16,moderate,2026-09-05
127,127,0,Overnight (0–6),3,20.0,20.0,20.0,0.0,3.0,4.0,4.0,4.0,0.19,0.0,6.65,moderate,2026-09-05
127,127,0,PM Peak (15–19),9,29.0,28.6,29.0,0.3999999999999986,9.0,7.0,6.6,7.0,0.11875,0.01713062098501065,5.18,moderate,2026-09-05
127,127,1,AM Peak (6–9),8,25.0,21.0,25.0,4.0,8.0,2.0,0.7000000000000001,2.0,0.31666666666666665,0.14842300556586274,19.99,very low recovery time,2026-09-05
127,127,1,Evening (19–24),12,23.5,21.0,26.0,5.0,12.0,3.0,0.0,3.0,0.2375,0.1788908765652952,19.05,very low recovery time,2026-09-05
127,127,1,Midday (9–15),17,27.0,26.2,34.2,8.000000000000004,16.0,3.0,2.0,3.5,0.2375,0.2584814216478192,23.82,very low recovery time,2026-09-05
127,127,1,Overnight (0–6),4,21.0,21.0,21.0,0.0,3.0,3.0,3.0,3.0,0.2375,0.0,8.31,very low recovery time,2026-09-05
127,127,1,PM Peak (15–19),9,39.0,38.0,39.0,1.0,9.0,3.0,3.0,3.6000000000000005,0.2375,0.041753653444676415,10.82,very low recovery time,2026-09-05
129,129,0,AM Peak (6–9),20,70.5,41.0,72.0,31.0,19.0,8.0,7.2,8.0,0.10555555555555556,0.5746061167747916,38.17,high schedule variability,2026-09-05
129,129,0,Evening (19–24),33,35.0,33.0,56.0,23.0,31.0,7.0,5.0,8.0,0.11875,0.5005440696409141,34.19,high schedule variability,2026-09-05
129,129,0,Midday (9–15),39,39.0,39.0,66.60000000000001,27.60000000000001,35.0,8.0,8.0,15.0,0.10555555555555556,0.5459940652818992,36.45,high schedule variability,2026-09-05
129,129,0,Overnight (0–6),16,34.0,31.0,59.0,28.0,13.0,8.0,2.8000000000000007,9.600000000000001,0.10555555555555556,0.549558390578999,36.67,high schedule variability,2026-09-05
129,129,0,PM Peak (15–19),26,68.5,41.0,69.0,28.0,25.0,9.0,9.0,10.200000000000003,0.095,0.549558390578999,36.3,high schedule variability,2026-09-05
129,129,1,AM Peak (6–9),19,67.0,37.8,67.0,29.200000000000003,18.0,9.5,3.0,18.0,0.09047619047619047,0.5599232981783318,36.76,high schedule variability,2026-09-05
129,129,1,Evening (19–24),32,35.0,32.0,62.60000000000001,30.60000000000001,33.0,9.0,6.0,16.0,0.095,0.5714285714285715,37.61,high schedule variability,2026-09-05
129,129,1,Midday (9–15),39,39.0,39.0,72.20000000000002,33.20000000000002,32.0,4.0,3.0,16.50000000000001,0.19,0.5912733748886911,42.13,high schedule variability,2026-09-05
129,129,1,Overnight (0–6),20,30.0,28.766666666666666,34.80000000000004,6.033333333333374,13.0,7.0,0.6000000000000005,17.8,0.11875,0.2081656124209327,16.65,moderate,2026-09-05
129,129,1,PM Peak (15–19),27,70.0,42.4,79.0,36.6,27.0,11.0,7.800000000000001,18.0,0.07916666666666666,0.6146095717884131,39.65,high schedule variability,2026-09-05
130,130,0,AM Peak (6–9),9,22.0,20.0,22.0,2.0,,10.0,,,0.08636363636363636,0.08016032064128258,7.83,moderate,2026-09-05
130,130,0,Evening (19–24),11,22.0,20.0,22.0,2.0,,10.0,,,0.08636363636363636,0.08016032064128258,7.83,moderate,2026-09-05
130,130,0,Midday (9–15),14,21.0,21.0,21.0,0.0,,10.0,,,0.08636363636363636,0.0,3.02,moderate,2026-09-05
130,130,0,Overnight (0–6),3,20.0,20.0,20.0,0.0,,10.0,,,0.08636363636363636,0.0,3.02,moderate,2026-09-05
130,130,0,PM Peak (15–19),11,24.0,22.0,24.0,2.0,,10.0,,,0.08636363636363636,0.08016032064128258,7.83,moderate,2026-09-05
130,130,1,AM Peak (6–9),8,24.0,20.0,24.0,4.0,8.0,7.0,5.5,12.5,0.11875,0.14842300556586274,13.06,moderate,2026-09-05
130,130,1,Evening (19–24),12,22.0,20.0,22.0,2.0,11.0,6.0,0.0,15.0,0.1357142857142857,0.08016032064128258,9.56,moderate,2026-09-05
130,130,1,Midday (9–15),15,20.0,20.0,20.0,0.0,14.0,3.0,3.0,3.0,0.2375,0.0,8.31,very low recovery time,2026-09-05
130,130,1,Overnight (0–6),4,20.0,20.0,20.0,0.0,2.0,0.0,0.0,0.0,0.95,0.0,33.25,no recovery time,2026-09-05
130,130,1,PM Peak (15–19),10,23.0,23.0,23.0,0.0,10.0,8.5,7.2,10.399999999999999,0.09999999999999999,0.0,3.5,moderate,2026-09-05
131,131,0,AM Peak (6–9),16,51.0,26.5,51.0,24.5,14.0,6.0,3.9000000000000004,9.400000000000002,0.1357142857142857,0.5163329820864068,35.73,high schedule variability,2026-09-05
131,131,0,Evening (19–24),16,47.0,44.0,47.0,3.0,19.0,4.0,0.0,4.199999999999999,0.19,0.115606936416185,13.59,moderate,2026-09-05
131,131,0,Midday (9–15),21,51.0,51.0,52.0,1.0,22.0,6.0,6.0,10.50000000000001,0.1357142857142857,0.041753653444676415,7.26,moderate,2026-09-05
131,131,0,Overnight (0–6),9,41.93333333333333,2.0,44.6,42.6,9.0,0.0,0.0,0.6000000000000005,0.95,0.6498855835240275,72.24,"no recovery time, high schedule variability",2026-09-05
131,131,0,PM Peak (15–19),20,55.0,55.0,55.0,0.0,18.0,6.0,5.4,7.200000000000003,0.1357142857142857,0.0,4.75,moderate,2026-09-05
131,131,1,AM Peak (6–9),13,50.0,50.0,50.0,0.0,14.0,10.0,4.0,10.0,0.08636363636363636,0.0,3.02,moderate,2026-09-05
131,131,1,Evening (19–24),19,41.0,31.0,41.0,10.0,16.0,10.0,9.0,17.5,0.08636363636363636,0.3034901365705615,21.23,moderate,2026-09-05
131,131,1,Midday (9–15),23,50.0,50.0,50.0,0.0,21.0,12.0,9.0,12.0,0.07307692307692307,0.0,2.56,moderate,2026-09-05
131,131,1,Overnight (0–6),9,38.0,3.0,43.0,40.0,2.0,1.5,1.1,1.9,0.38,0.6354249404289118,51.43,"very low recovery time, high schedule variability",2026-09-05
131,131,1,PM Peak (15–19),18,43.0,43.0,43.0,0.0,18.0,13.0,7.500000000000001,14.200000000000003,0.06785714285714285,0.0,2.38,moderate,2026-09-05
132,132,0,AM Peak (6–9),10,25.0,22.94,25.0,2.0599999999999987,8.0,0.0,0.0,2.0,0.95,0.08236705317872847,38.19,no recovery time,2026-09-05
132,132,0,Evening (19–24),11,24.0,24.0,27.0,3.0,11.0,0.0,0.0,3.0,0.95,0.115606936416185,40.19,no recovery time,2026-09-05
132,132,0,Midday (9–15),14,24.0,24.0,24.0,0.0,15.0,0.0,0.0,0.0,0.95,0.0,33.25,no recovery time,2026-09-05
132,132,0,Overnight (0–6),4,24.0,10.280000000000001,24.0,13.719999999999999,5.0,0.0,0.0,3.0,0.95,0.3741478047450232,55.7,no recovery time,2026-09-05
132,132,0,PM Peak (15–19),11,27.0,27.0,27.0,0.0,11.0,0.0,0.0,0.0,0.95,0.0,33.25,no recovery time,2026-09-05
132,132,1,AM Peak (6–9),8,24.0,24.0,24.0,0.0,,10.0,,,0.08636363636363636,0.0,3.02,moderate,2026-09-05
132,132,1,Evening (19–24),11,21.0,18.0,23.0,5.0,,10.0,,,0.08636363636363636,0.1788908765652952,13.76,moderate,2026-09-05
132,132,1,Midday (9–15),15,24.0,24.0,24.0,0.0,,10.0,,,0.08636363636363636,0.0,3.02,moderate,2026-09-05
132,132,1,Overnight (0–6),5,18.0,7.960000000000001,21.6,13.64,,10.0,,,0.08636363636363636,0.37277944793659473,25.39,moderate,2026-09-05
132,132,1,PM Peak (15–19),11,22.0,22.0,22.0,0.0,,10.0,,,0.08636363636363636,0.0,3.02,moderate,2026-09-05
133,133,0,AM Peak (6–9),15,50.0,50.0,50.0,0.0,14.0,11.0,6.800000000000001,11.0,0.07916666666666666,0.0,2.77,moderate,2026-09-05
133,133,0,Evening (19–24),19,46.0,41.0,46.0,5.0,19.0,6.0,5.0,9.399999999999999,0.1357142857142857,0.1788908765652952,15.48,moderate,2026-09-05
133,133,0,Midday (9–15),32,50.0,49.0,53.0,4.0,30.0,11.0,10.9,12.0,0.07916666666666666,0.14842300556586274,11.68,moderate,2026-09-05
133,133,0,Overnight (0–6),9,41.0,36.0,44.2,8.200000000000003,8.0,5.0,5.0,11.5,0.15833333333333333,0.26324237560192626,21.34,moderate,2026-09-05
133,133,0,PM Peak (15–19),24,53.0,51.3,53.0,1.7000000000000028,24.0,11.0,11.0,11.0,0.07916666666666666,0.06896551724137943,6.91,moderate,2026-09-05
133,133,1,AM Peak (6–9),29,14.0,14.0,47.0,33.0,28.0,0.0,0.0,10.0,0.95,0.5898123324396783,68.64,"no recovery time, high schedule variability",2026-09-05
133,133,1,Evening (19–24),21,60.0,52.0,60.0,8.0,18.0,8.0,2.0,8.0,0.10555555555555556,0.2584814216478191,19.2,moderate,2026-09-05
133,133,1,Midday (9–15),48,46.0,14.0,64.0,50.0,48.0,9.0,0.0,11.0,0.095,0.6854009595613435,44.45,high schedule variability,2026-09-05
133,133,1,Overnight (0–6),16,36.5,10.0,50.0,40.0,9.0,0.0,0.0,3.000000000000001,0.95,0.6354249404289118,71.38,"no recovery time, high schedule variability",2026-09-05
133,133,1,PM Peak (15–19),24,64.0,64.0,64.0,0.0,24.0,12.0,10.600000000000001,12.0,0.07307692307692307,0.0,2.56,moderate,2026-09-05
134,134,0,AM Peak (6–9),12,23.0,23.0,23.0,0.0,11.0,4.0,4.0,4.0,0.19,0.0,6.65,moderate,2026-09-05
134,134,0,Evening (19–24),20,25.0,25.0,25.0,0.0,19.0,5.0,5.0,5.0,0.15833333333333333,0.0,5.54,moderate,2026-09-05
134,134,0,Midday (9–15),24,27.0,23.0,30.0,7.0,24.0,2.0,2.0,5.0,0.31666666666666665,0.23372287145242074,25.11,very low recovery time,2026-09-05
134,134,0,Overnight (0–6),7,25.0,23.0,25.0,2.0,6.0,0.0,0.0,9.5,0.95,0.08016032064128258,38.06,no recovery time,2026-09-05
134,134,0,PM Peak (15–19),16,22.0,22.0,22.0,0.0,17.0,3.0,0.6000000000000001,3.0,0.2375,0.0,8.31,very low recovery time,2026-09-05
134,134,1,AM Peak (6–9),12,47.0,47.0,47.0,0.0,12.0,1.0,1.0,1.0,0.475,0.0,16.62,no recovery time,2026-09-05
134,134,1,Evening (19–24),19,25.0,25.0,25.0,0.0,20.0,5.0,3.9000000000000004,5.300000000000004,0.15833333333333333,0.0,5.54,moderate,2026-09-05
134,134,1,Midday (9–15),25,30.0,27.0,47.0,20.0,24.0,1.0,0.30000000000000027,1.0,0.475,0.4656577415599535,44.56,no recovery time,2026-09-05
134,134,1,Overnight (0–6),10,25.0,22.15,47.0,24.85,7.0,0.0,0.0,0.0,0.95,0.5198744769874477,64.44,"no recovery time, high schedule variability",2026-09-05
134,134,1,PM Peak (15–19),17,48.0,47.2,48.0,0.7999999999999972,16.0,2.0,0.0,2.0,0.31666666666666665,0.03368421052631568,13.1,very low recovery time,2026-09-05
135,135,0,AM Peak (6–9),8,17.0,17.0,17.0,0.0,9.0,6.0,4.0,6.0,0.1357142857142857,0.0,4.75,moderate,2026-09-05
135,135,0,Evening (19–24),14,17.0,16.0,17.0,1.0,14.0,3.0,3.0,4.0,0.2375,0.041753653444676415,10.82,very low recovery time,2026-09-05
135,135,0,Midday (9–15),17,18.0,18.0,19.200000000000003,1.2000000000000028,16.0,5.0,5.0,5.0,0.15833333333333333,0.04968944099378894,8.52,moderate,2026-09-05
135,135,0,Overnight (0–6),8,16.0,16.0,17.0,1.0,6.0,4.0,2.0,6.5,0.19,0.041753653444676415,9.16,moderate,2026-09-05
135,135,0,PM Peak (15–19),9,21.0,21.0,21.0,0.0,9.0,5.0,5.0,5.0,0.15833333333333333,0.0,5.54,moderate,2026-09-05
135,135,1,AM Peak (6–9),8,19.0,16.0,19.0,3.0,8.0,2.5,2.0,5.6,0.2714285714285714,0.115606936416185,16.44,very low recovery time,2026-09-05
135,135,1,Evening (19–24),14,16.0,16.0,16.0,0.0,14.0,8.0,4.0,8.0,0.10555555555555556,0.0,3.69,moderate,2026-09-05
135,135,1,Midday (9–15),17,16.0,16.0,19.4,3.3999999999999986,17.0,5.0,3.2,5.0,0.15833333333333333,0.1290322580645161,13.28,moderate,2026-09-05
135,135,1,Overnight (0–6),6,16.0,15.5,16.0,0.5,6.0,4.0,2.0,4.0,0.19,0.021321961620469086,7.93,moderate,2026-09-05
135,135,1,PM Peak (15–19),9,20.0,20.0,20.0,0.0,9.0,4.0,4.0,4.0,0.19,0.0,6.65,moderate,2026-09-05
145,145,0,AM Peak (6–9),9,40.0,37.0,40.0,3.0,8.0,9.5,4.4,11.0,0.09047619047619047,0.115606936416185,10.1,moderate,2026-09-05
145,145,0,Midday (9–15),18,37.0,37.0,42.0,5.0,18.0,5.0,3.0,7.0,0.15833333333333333,0.1788908765652952,16.28,moderate,2026-09-05
145,145,0,Overnight (0–6),1,37.0,37.0,37.0,0.0,,10.0,,,0.08636363636363636,0.0,3.02,moderate,2026-09-05
145,145,0,PM Peak (15–19),13,42.0,42.0,42.0,0.0,10.0,8.0,6.5,8.0,0.10555555555555556,0.0,3.69,moderate,2026-09-05
145,145,1,AM Peak (6–9),8,39.0,35.0,39.0,4.0,8.0,3.0,0.0,10.0,0.2375,0.14842300556586274,17.22,very low recovery time,2026-09-05
145,145,1,Midday (9–15),19,36.0,36.0,42.0,6.0,18.0,2.0,0.0,11.200000000000003,0.31666666666666665,0.20725388601036274,23.52,very low recovery time,2026-09-05
145,145,1,Overnight (0–6),2,35.0,35.0,35.0,0.0,,10.0,,,0.08636363636363636,0.0,3.02,moderate,2026-09-05
145,145,1,PM Peak (15–19),10,42.0,42.0,42.0,0.0,12.0,8.0,8.0,8.0,0.10555555555555556,0.0,3.69,moderate,2026-09-05
149,149,0,AM Peak (6–9),8,21.0,16.0,21.0,5.0,8.0,6.0,4.4,7.499999999999999,0.1357142857142857,0.1788908765652952,15.48,moderate,2026-09-05
149,149,0,Evening (19–24),13,20.0,16.0,20.0,4.0,14.0,6.5,6.0,10.0,0.12666666666666665,0.14842300556586274,13.34,moderate,2026-09-05
149,149,0,Midday (9–15),14,22.0,22.0,22.0,0.0,14.0,6.0,6.0,6.0,0.1357142857142857,0.0,4.75,moderate,2026-09-05
149,149,0,Overnight (0–6),5,16.0,16.0,16.0,0.0,4.0,6.0,6.0,6.0,0.1357142857142857,0.0,4.75,moderate,2026-09-05
149,149,0,PM Peak (15–19),8,28.0,28.0,28.0,0.0,8.0,5.0,5.0,5.3,0.15833333333333333,0.0,5.54,moderate,2026-09-05
149,149,1,AM Peak (6–9),8,18.0,14.0,18.0,4.0,7.0,5.0,5.0,7.800000000000001,0.15833333333333333,0.14842300556586274,14.45,moderate,2026-09-05
149,149,1,Evening (19–24),13,15.0,13.0,15.0,2.0,13.0,5.0,5.0,5.0,0.15833333333333333,0.08016032064128258,10.35,moderate,2026-09-05
149,149,1,Midday (9–15),14,17.0,17.0,17.0,0.0,14.0,5.0,5.0,5.0,0.15833333333333333,0.0,5.54,moderate,2026-09-05
149,149,1,Overnight (0–6),6,13.0,12.5,13.0,0.5,4.0,5.0,5.0,14.100000000000001,0.15833333333333333,0.021321961620469086,6.82,moderate,2026-09-05
149,149,1,PM Peak (15–19),8,22.0,22.0,22.0,0.0,8.0,5.0,5.0,5.0,0.15833333333333333,0.0,5.54,moderate,2026-09-05
151,151,0,AM Peak (6–9),10,22.0,15.0,22.0,7.0,9.0,9.0,6.0,10.0,0.095,0.23372287145242074,17.35,moderate,2026-09-05
151,151,0,Evening (19–24),13,14.0,12.0,14.0,2.0,13.0,7.0,1.0,7.0,0.11875,0.08016032064128258,8.97,moderate,2026-09-05
151,151,0,Midday (9–15),15,19.0,19.0,20.0,1.0,14.0,6.0,6.0,8.400000000000002,0.1357142857142857,0.041753653444676415,7.26,moderate,2026-09-05
151,151,0,Overnight (0–6),8,12.0,12.0,15.0,3.0,9.0,2.0,0.0,6.0,0.31666666666666665,0.115606936416185,18.02,very low recovery time,2026-09-05
151,151,0,PM Peak (15–19),13,20.0,20.0,20.0,0.0,13.0,7.0,7.0,7.0,0.11875,0.0,4.16,moderate,2026-09-05
151,151,1,AM Peak (6–9),9,20.0,17.0,21.0,4.0,9.0,8.0,2.0,10.4,0.10555555555555556,0.14842300556586274,12.6,moderate,2026-09-05
151,151,1,Evening (19–24),13,17.0,16.0,17.0,1.0,12.0,2.0,1.0,2.0,0.31666666666666665,0.041753653444676415,13.59,very low recovery time,2026-09-05
151,151,1,Midday (9–15),16,19.0,19.0,20.0,1.0,16.0,6.0,6.0,7.0,0.1357142857142857,0.041753653444676415,7.26,moderate,2026-09-05
151,151,1,Overnight (0–6),8,16.0,16.0,17.0,1.0,6.0,0.0,0.0,1.5,0.95,0.041753653444676415,35.76,no recovery time,2026-09-05
151,151,1,PM Peak (15–19),13,20.0,20.0,20.0,0.0,13.0,7.0,7.0,7.0,0.11875,0.0,4.16,moderate,2026-09-05
154,154,0,AM Peak (6–9),8,46.0,40.0,48.0,8.0,7.0,9.0,4.6,13.800000000000002,0.095,0.2584814216478191,18.83,moderate,2026-09-05
154,154,0,Evening (19–24),12,42.0,37.0,42.0,5.0,13.0,2.0,2.0,6.600000000000001,0.31666666666666665,0.1788908765652952,21.82,very low recovery time,2026-09-05
154,154,0,Midday (9–15),17,44.0,44.0,49.0,5.0,17.0,8.0,7.2,9.0,0.10555555555555556,0.1788908765652952,14.43,moderate,2026-09-05
154,154,0,Overnight (0–6),10,37.0,15.883333333333333,37.3,21.416666666666664,10.0,5.0,0.0,5.199999999999999,0.15833333333333333,0.4827197595792637,34.5,moderate,2026-09-05
154,154,0,PM Peak (15–19),11,49.0,42.0,49.0,7.0,11.0,9.0,9.0,9.0,0.095,0.23372287145242074,17.35,moderate,2026-09-05
154,154,1,AM Peak (6–9),8,42.0,37.0,42.0,5.0,7.0,11.0,5.200000000000001,14.8,0.07916666666666666,0.1788908765652952,13.5,moderate,2026-09-05
154,154,1,Evening (19–24),14,36.0,31.0,36.0,5.0,10.0,16.0,5.0,16.2,0.055882352941176466,0.1788908765652952,12.69,moderate,2026-09-05
154,154,1,Midday (9–15),16,41.0,41.0,45.0,4.0,16.0,17.0,7.0,17.0,0.05277777777777778,0.14842300556586274,10.75,moderate,2026-09-05
154,154,1,Overnight (0–6),9,31.0,30.786666666666665,37.0,6.213333333333335,7.0,5.0,4.6,6.200000000000001,0.15833333333333333,0.2130529203337525,18.32,moderate,2026-09-05
154,154,1,PM Peak (15–19),11,45.0,45.0,45.0,0.0,11.0,7.0,7.0,7.0,0.11875,0.0,4.16,moderate,2026-09-05
156,156,0,AM Peak (6–9),6,25.0,25.0,25.0,0.0,6.0,4.0,4.0,4.0,0.19,0.0,6.65,moderate,2026-09-05
156,156,0,Evening (19–24),2,17.5,8.3,26.7,18.4,1.0,0.0,0.0,0.0,0.95,0.44498186215235797,59.95,no recovery time,2026-09-05
156,156,0,Midday (9–15),12,25.0,25.0,25.0,0.0,12.0,4.0,4.0,4.0,0.19,0.0,6.65,moderate,2026-09-05
156,156,0,Overnight (0–6),2,25.0,25.0,25.0,0.0,2.0,4.0,4.0,4.0,0.19,0.0,6.65,moderate,2026-09-05
156,156,0,PM Peak (15–19),8,29.0,28.4,29.0,0.6000000000000014,7.0,0.0,0.0,0.8000000000000007,0.95,0.02547770700636949,34.78,no recovery time,2026-09-05
156,156,1,AM Peak (6–9),6,26.0,26.0,26.0,0.0,6.0,5.0,5.0,5.0,0.15833333333333333,0.0,5.54,moderate,2026-09-05
156,156,1,Evening (19–24),1,30.0,30.0,30.0,0.0,2.0,1.0,1.0,1.0,0.475,0.0,16.62,no recovery time,2026-09-05
156,156,1,Midday (9–15),12,27.0,27.0,27.0,0.0,11.0,4.0,4.0,4.0,0.19,0.0,6.65,moderate,2026-09-05
156,156,1,Overnight (0–6),1,26.0,26.0,26.0,0.0,1.0,5.0,5.0,5.0,0.15833333333333333,0.0,5.54,moderate,2026-09-05
156,156,1,PM Peak (15–19),8,30.0,30.0,30.0,0.0,8.0,1.0,1.0,1.8999999999999995,0.475,0.0,16.62,no recovery time,2026-09-05
158,158,0,AM Peak (6–9),18,23.0,19.0,23.0,4.0,17.0,7.0,3.0,11.0,0.11875,0.14842300556586274,13.06,moderate,2026-09-05
158,158,0,Evening (19–24),17,19.0,15.0,19.0,4.0,16.0,8.0,5.0,9.0,0.10555555555555556,0.14842300556586274,12.6,moderate,2026-09-05
158,158,0,Midday (9–15),25,24.0,24.0,24.0,0.0,24.0,9.0,7.6000000000000005,9.0,0.095,0.0,3.32,moderate,2026-09-05
158,158,0,Overnight (0–6),9,15.0,15.0,19.0,4.0,5.0,5.0,5.0,7.0,0.15833333333333333,0.14842300556586274,14.45,moderate,2026-09-05
158,158,0,PM Peak (15–19),16,27.0,27.0,27.0,0.0,16.0,14.0,9.0,14.0,0.06333333333333332,0.0,2.22,moderate,2026-09-05
158,158,1,AM Peak (6–9),18,22.0,20.0,22.3,2.3000000000000007,17.0,4.0,4.0,4.0,0.19,0.09108910891089113,12.12,moderate,2026-09-05
158,158,1,Evening (19–24),16,23.0,18.0,23.0,5.0,18.0,2.0,0.0,3.0,0.31666666666666665,0.1788908765652952,21.82,very low recovery time,2026-09-05
158,158,1,Midday (9–15),24,24.0,24.0,24.0,0.0,25.0,3.0,3.0,3.0,0.2375,0.0,8.31,very low recovery time,2026-09-05
158,158,1,Overnight (0–6),9,20.0,18.0,20.0,2.0,7.0,2.0,1.6,6.4,0.31666666666666665,0.08016032064128258,15.89,very low recovery time,2026-09-05
158,158,1,PM Peak (15–19),16,29.0,29.0,29.0,0.0,16.0,5.0,3.0,5.0,0.15833333333333333,0.0,5.54,moderate,2026-09-05
160,160,0,AM Peak (6–9),8,34.0,30.1,34.0,3.8999999999999986,7.0,13.0,13.0,13.0,0.06785714285714285,0.14525139664804468,11.09,moderate,2026-09-05
160,160,0,Evening (19–24),7,23.0,23.0,29.0,6.0,4.0,22.0,12.7,27.8,0.041304347826086954,0.20725388601036274,13.88,moderate,2026-09-05
160,160,0,Midday (9–15),13,29.0,29.0,31.400000000000002,2.400000000000002,12.0,14.0,9.1,14.0,0.06333333333333332,0.09467455621301785,7.9,moderate,2026-09-05
160,160,0,PM Peak (15–19),8,34.0,33.4,34.0,0.6000000000000014,8.0,20.0,14.600000000000001,24.3,0.04523809523809524,0.02547770700636949,3.11,moderate,2026-09-05
160,160,1,AM Peak (6–9),8,45.0,44.1,45.0,0.8999999999999986,8.0,0.0,0.0,0.0,0.95,0.037735849056603724,35.51,no recovery time,2026-09-05
160,160,1,Evening (19–24),5,40.0,40.0,46.4,6.399999999999999,7.0,0.0,0.0,0.0,0.95,0.21805792163543442,46.33,no recovery time,2026-09-05
160,160,1,Midday (9–15),13,47.0,47.0,52.400000000000006,5.400000000000006,13.0,0.0,0.0,0.0,0.95,0.19047619047619066,44.68,no recovery time,2026-09-05
160,160,1,Overnight (0–6),2,42.0,42.0,42.0,0.0,,10.0,,,0.08636363636363636,0.0,3.02,moderate,2026-09-05
160,160,1,PM Peak (15–19),8,58.0,51.5,58.0,6.5,8.0,0.0,0.0,0.0,0.95,0.2207130730050934,46.49,no recovery time,2026-09-05
161,161,0,AM Peak (6–9),13,34.0,27.0,36.0,9.0,13.0,4.0,4.0,11.0,0.19,0.28169014084507044,23.55,moderate,2026-09-05
161,161,0,Evening (19–24),15,25.0,20.0,25.0,5.0,16.0,4.5,4.0,7.0,0.17272727272727273,0.1788908765652952,16.78,moderate,2026-09-05
161,161,0,Midday (9–15),21,29.0,29.0,34.0,5.0,20.0,10.0,4.800000000000001,10.0,0.08636363636363636,0.1788908765652952,13.76,moderate,2026-09-05
161,161,0,Overnight (0–6),6,23.5,20.0,27.0,7.0,4.0,7.0,4.9,7.0,0.11875,0.23372287145242074,18.18,moderate,2026-09-05
161,161,0,PM Peak (15–19),16,34.0,33.0,34.0,1.0,16.0,8.0,8.0,8.0,0.10555555555555556,0.041753653444676415,6.2,moderate,2026-09-05
161,161,1,AM Peak (6–9),12,29.5,24.0,31.0,7.0,12.0,5.0,0.5000000000000004,12.0,0.15833333333333333,0.23372287145242074,19.57,moderate,2026-09-05
161,161,1,Evening (19–24),17,27.0,22.0,27.0,5.0,15.0,4.0,4.0,11.0,0.19,0.1788908765652952,17.38,moderate,2026-09-05
161,161,1,Midday (9–15),20,30.0,30.0,40.0,10.0,17.0,11.0,3.6,11.0,0.07916666666666666,0.3034901365705615,20.98,moderate,2026-09-05
161,161,1,Overnight (0–6),6,22.0,13.716666666666667,23.0,9.283333333333333,4.0,12.0,3.3000000000000007,13.7,0.07307692307692307,0.2880041365046536,19.84,moderate,2026-09-05
161,161,1,PM Peak (15–19),16,40.0,38.0,40.0,2.0,16.0,8.0,8.0,8.0,0.10555555555555556,0.08016032064128258,8.5,moderate,2026-09-05
162,162,0,AM Peak (6–9),7,26.0,26.0,26.0,0.0,6.0,6.5,4.0,9.0,0.12666666666666665,0.0,4.43,moderate,2026-09-05
162,162,0,Evening (19–24),7,26.0,26.0,26.0,0.0,6.0,5.0,4.0,5.0,0.15833333333333333,0.0,5.54,moderate,2026-09-05
162,162,0,Midday (9–15),12,27.0,27.0,28.8,1.8000000000000007,13.0,10.0,4.800000000000001,10.0,0.08636363636363636,0.07272727272727277,7.39,moderate,2026-09-05
162,162,0,Overnight (0–6),2,17.03333333333333,9.86,24.206666666666667,14.346666666666668,1.0,13.0,13.0,13.0,0.06785714285714285,0.384663508803289,25.45,moderate,2026-09-05
162,162,0,PM Peak (15–19),10,33.0,33.0,33.0,0.0,10.0,7.0,7.0,8.499999999999998,0.11875,0.0,4.16,moderate,2026-09-05
162,162,1,AM Peak (6–9),8,29.0,29.0,29.0,0.0,7.0,0.0,0.0,0.40000000000000036,0.95,0.0,33.25,no recovery time,2026-09-05
162,162,1,Evening (19–24),7,28.0,28.0,28.0,0.0,7.0,1.0,0.6000000000000001,1.0,0.475,0.0,16.62,no recovery time,2026-09-05
162,162,1,Midday (9–15),13,29.0,29.0,30.6,1.6000000000000014,12.0,1.0,1.0,1.0,0.475,0.0651731160896131,20.54,no recovery time,2026-09-05
162,162,1,PM Peak (15–19),9,31.0,31.0,31.0,0.0,10.0,1.0,1.0,1.0,0.475,0.0,16.62,no recovery time,2026-09-05
164,164,0,AM Peak (6–9),7,28.0,25.2,28.0,2.8000000000000007,7.0,2.0,1.0,5.0,0.31666666666666665,0.10873786407766994,17.61,very low recovery time,2026-09-05
164,164,0,Evening (19–24),11,24.0,22.0,24.0,2.0,11.0,6.0,3.0,8.0,0.1357142857142857,0.08016032064128258,9.56,moderate,2026-09-05
164,164,0,Midday (9–15),13,26.0,26.0,26.0,0.0,13.0,4.0,4.0,4.0,0.19,0.0,6.65,moderate,2026-09-05
164,164,0,Overnight (0–6),5,22.0,22.0,24.0,2.0,4.0,3.0,0.9000000000000001,3.0,0.2375,0.08016032064128258,13.12,very low recovery time,2026-09-05
164,164,0,PM Peak (15–19),9,30.0,30.0,30.0,0.0,9.0,5.0,5.0,5.2,0.15833333333333333,0.0,5.54,moderate,2026-09-05
164,164,1,AM Peak (6–9),7,31.0,29.0,31.4,2.3999999999999986,7.0,5.0,4.6,7.600000000000001,0.15833333333333333,0.09467455621301772,11.22,moderate,2026-09-05
164,164,1,Evening (19–24),11,27.0,24.0,27.0,3.0,10.0,3.0,1.0,15.799999999999997,0.2375,0.115606936416185,15.25,very low recovery time,2026-09-05
164,164,1,Midday (9–15),12,26.0,26.0,26.0,0.0,12.0,4.0,4.0,18.300000000000004,0.19,0.0,6.65,moderate,2026-09-05
164,164,1,Overnight (0–6),5,24.0,24.0,25.0,1.0,4.0,1.0,1.0,8.700000000000003,0.475,0.041753653444676415,19.13,no recovery time,2026-09-05
164,164,1,PM Peak (15–19),10,32.0,31.8,32.0,0.1999999999999993,9.0,8.0,8.0,8.0,0.10555555555555556,0.008639308855291548,4.21,moderate,2026-09-05
165,165,0,AM Peak (6–9),31,56.0,56.0,60.0,4.0,31.0,5.0,3.0,5.0,0.15833333333333333,0.14842300556586274,14.45,moderate,2026-09-05
165,165,0,Evening (19–24),39,48.0,3.433333333333333,48.0,44.56666666666667,29.0,6.0,3.8000000000000003,7.199999999999999,0.1357142857142857,0.6600839298938534,44.36,high schedule variability,2026-09-05
165,165,0,Midday (9–15),47,63.0,63.0,70.0,7.0,43.0,9.0,6.0,9.0,0.095,0.23372287145242074,17.35,moderate,2026-09-05
165,165,0,Overnight (0–6),29,43.0,2.716666666666667,56.0,53.28333333333333,14.0,5.0,1.3,7.400000000000002,0.15833333333333333,0.6989505902929604,47.48,high schedule variability,2026-09-05
165,165,0,PM Peak (15–19),33,70.0,57.0,70.0,13.0,30.0,7.0,7.0,7.0,0.11875,0.36161335187760785,25.85,moderate,2026-09-05
165,165,1,AM Peak (6–9),31,58.0,58.0,66.0,8.0,31.0,5.0,3.0,7.0,0.15833333333333333,0.2584814216478191,21.05,moderate,2026-09-05
165,165,1,Evening (19–24),33,58.0,51.0,61.0,10.0,38.0,9.5,1.0,12.600000000000009,0.09047619047619047,0.3034901365705615,21.38,moderate,2026-09-05
165,165,1,Midday (9–15),46,67.0,67.0,76.0,9.0,47.0,5.0,4.0,6.399999999999999,0.15833333333333333,0.28169014084507044,22.44,moderate,2026-09-05
165,165,1,Overnight (0–6),31,51.0,15.516666666666667,58.0,42.483333333333334,25.0,1.0,0.0,6.000000000000007,0.475,0.6492613346917983,55.58,"no recovery time, high schedule variability",2026-09-05
165,165,1,PM Peak (15–19),32,76.0,67.0,76.0,9.0,32.0,4.0,4.0,5.900000000000002,0.19,0.28169014084507044,23.55,moderate,2026-09-05
166,166,0,AM Peak (6–9),7,24.0,24.0,24.0,0.0,7.0,18.0,18.0,18.0,0.049999999999999996,0.0,1.75,moderate,2026-09-05
166,166,0,Evening (19–24),1,7.0,7.0,7.0,0.0,,10.0,,,0.08636363636363636,0.0,3.02,moderate,2026-09-05
166,166,0,Midday (9–15),2,17.0,8.2,25.8,17.6,,10.0,,,0.08636363636363636,0.43403205918619,29.06,moderate,2026-09-05
166,166,0,Overnight (0–6),2,24.0,24.0,24.0,0.0,1.0,18.0,18.0,18.0,0.049999999999999996,0.0,1.75,moderate,2026-09-05
166,166,0,PM Peak (15–19),10,28.0,28.0,28.0,0.0,10.0,6.0,6.0,6.0,0.1357142857142857,0.0,4.75,moderate,2026-09-05
166,166,1,AM Peak (6–9),8,31.0,25.6,31.0,5.399999999999999,7.0,2.0,2.0,2.0,0.31666666666666665,0.19047619047619047,22.51,very low recovery time,2026-09-05
166,166,1,Evening (19–24),1,35.15,35.15,35.15,0.0,1.0,2.0,2.0,2.0,0.31666666666666665,0.0,11.08,very low recovery time,2026-09-05
166,166,1,Midday (9–15),4,22.058333333333334,16.0,35.735,19.735,2.0,2.0,2.0,2.0,0.31666666666666665,0.4623404006091133,38.82,very low recovery time,2026-09-05
166,166,1,Overnight (0–6),1,13.0,13.0,13.0,0.0,1.0,2.0,2.0,2.0,0.31666666666666665,0.0,11.08,very low recovery time,2026-09-05
166,166,1,PM Peak (15–19),9,39.0,39.0,39.0,0.0,10.0,2.0,2.0,2.0,0.31666666666666665,0.0,11.08,very low recovery time,2026-09-05
167,167,0,AM Peak (6–9),6,26.0,26.0,26.0,0.0,6.0,4.0,4.0,4.0,0.19,0.0,6.65,moderate,2026-09-05
167,167,0,Evening (19–24),10,26.0,22.0,26.0,4.0,10.0,4.0,4.0,8.0,0.19,0.14842300556586274,15.56,moderate,2026-09-05
167,167,0,Midday (9–15),12,28.0,28.0,28.0,0.0,12.0,2.0,2.0,2.0,0.31666666666666665,0.0,11.08,very low recovery time,2026-09-05
167,167,0,Overnight (0–6),4,22.0,22.0,24.8,2.8000000000000007,4.0,8.0,5.2,8.0,0.10555555555555556,0.10873786407766994,10.22,moderate,2026-09-05
167,167,0,PM Peak (15–19),9,29.0,23.21,29.0,5.789999999999999,8.0,1.0,1.0,9.399999999999997,0.475,0.20146137787056367,28.71,no recovery time,2026-09-05
167,167,1,AM Peak (6–9),6,24.0,24.0,24.0,0.0,6.0,6.0,6.0,6.0,0.1357142857142857,0.0,4.75,moderate,2026-09-05
167,167,1,Evening (19–24),10,23.0,23.0,25.0,2.0,10.0,7.0,5.0,7.0,0.11875,0.08016032064128258,8.97,moderate,2026-09-05
167,167,1,Midday (9–15),12,25.0,25.0,25.0,0.0,12.0,5.0,5.0,5.0,0.15833333333333333,0.0,5.54,moderate,2026-09-05
167,167,1,Overnight (0–6),5,23.0,23.0,23.6,0.6000000000000014,3.0,7.0,6.2,7.0,0.11875,0.02547770700636949,5.68,moderate,2026-09-05
167,167,1,PM Peak (15–19),8,25.0,25.0,25.0,0.0,8.0,5.0,5.0,5.0,0.15833333333333333,0.0,5.54,moderate,2026-09-05
168,168,0,AM Peak (6–9),15,28.0,23.0,28.0,5.0,15.0,7.0,2.0,8.0,0.11875,0.1788908765652952,14.89,moderate,2026-09-05
168,168,0,Evening (19–24),17,20.0,18.0,27.0,9.0,18.0,4.5,2.0,9.0,0.17272727272727273,0.28169014084507044,22.95,moderate,2026-09-05
168,168,0,Midday (9–15),26,26.0,26.0,30.5,4.5,26.0,11.0,6.5,11.0,0.07916666666666666,0.1639344262295082,12.61,moderate,2026-09-05
168,168,0,Overnight (0–6),12,20.5,18.0,23.0,5.0,10.0,4.0,1.9,8.299999999999999,0.19,0.1788908765652952,17.38,moderate,2026-09-05
168,168,0,PM Peak (15–19),19,32.0,27.0,32.0,5.0,19.0,9.0,6.4,9.0,0.095,0.1788908765652952,14.06,moderate,2026-09-05
168,168,1,AM Peak (6–9),15,28.0,21.0,28.0,7.0,14.0,8.0,5.6,8.0,0.10555555555555556,0.23372287145242074,17.72,moderate,2026-09-05
168,168,1,Evening (19–24),18,23.0,19.0,28.3,9.3,16.0,5.0,2.5,10.0,0.15833333333333333,0.28837209302325584,22.84,moderate,2026-09-05
168,168,1,Midday (9–15),25,28.0,28.0,31.800000000000004,3.8000000000000043,24.0,10.0,5.0,10.0,0.08636363636363636,0.1420560747663553,11.55,moderate,2026-09-05
168,168,1,Overnight (0–6),11,19.0,17.0,21.0,4.0,9.0,4.0,3.0,14.0,0.19,0.14842300556586274,15.56,moderate,2026-09-05
168,168,1,PM Peak (15–19),20,33.0,29.0,33.0,4.0,19.0,10.0,9.8,10.0,0.08636363636363636,0.14842300556586274,11.93,moderate,2026-09-05
169,169,0,AM Peak (6–9),6,36.0,33.5,36.0,2.5,6.0,10.0,9.0,12.0,0.08636363636363636,0.0982318271119843,8.92,moderate,2026-09-05
169,169,0,Evening (19–24),10,39.0,37.0,39.0,2.0,10.0,6.0,5.9,8.0,0.1357142857142857,0.08016032064128258,9.56,moderate,2026-09-05
169,169,0,Midday (9–15),12,38.0,38.0,39.8,1.7999999999999972,12.0,7.0,7.0,7.0,0.11875,0.07272727272727263,8.52,moderate,2026-09-05
169,169,0,Overnight (0–6),4,37.0,34.2,37.0,2.799999999999997,2.0,8.0,8.0,8.0,0.10555555555555556,0.10873786407766982,10.22,moderate,2026-09-05
169,169,0,PM Peak (15–19),8,40.0,40.0,40.0,0.0,8.0,5.0,5.0,5.0,0.15833333333333333,0.0,5.54,moderate,2026-09-05
169,169,1,AM Peak (6–9),6,40.0,36.0,41.0,5.0,6.0,7.0,4.0,10.5,0.11875,0.1788908765652952,14.89,moderate,2026-09-05
169,169,1,Evening (19–24),10,37.0,36.0,37.0,1.0,10.0,8.0,7.4,9.0,0.10555555555555556,0.041753653444676415,6.2,moderate,2026-09-05
169,169,1,Midday (9–15),12,39.0,39.0,42.8,3.799999999999997,12.0,6.0,4.0,6.0,0.1357142857142857,0.14205607476635507,13.27,moderate,2026-09-05
169,169,1,Overnight (0–6),5,36.0,29.39,36.0,6.609999999999999,4.0,9.0,3.4000000000000004,9.0,0.095,0.2236129905277402,16.74,moderate,2026-09-05
169,169,1,PM Peak (15–19),8,43.0,43.0,43.0,0.0,8.0,2.0,2.0,2.0,0.31666666666666665,0.0,11.08,very low recovery time,2026-09-05
171,171,0,AM Peak (6–9),8,13.95,11.95,13.95,2.0,8.0,4.0,4.0,4.0,0.19,0.08016032064128258,11.46,moderate,2026-09-05
171,171,0,Evening (19–24),15,11.95,11.1,11.95,0.8499999999999996,15.0,4.0,3.4000000000000004,4.0,0.19,0.035714285714285705,8.79,moderate,2026-09-05
171,171,0,Midday (9–15),14,12.95,12.95,15.140000000000002,2.190000000000003,14.0,4.0,4.0,4.0,0.19,0.08711217183770895,11.88,moderate,2026-09-05
171,171,0,Overnight (0–6),10,8.341666666666667,5.316666666666666,11.95,6.633333333333333,10.0,1.0333333333333334,0.21666666666666667,4.0,0.4672131147540984,0.22422535211267608,29.81,very low recovery time,2026-09-05
171,171,0,PM Peak (15–19),8,15.65,15.05,15.65,0.5999999999999996,8.0,4.0,4.0,4.0,0.19,0.025477707006369414,8.18,moderate,2026-09-05
171,171,1,AM Peak (6–9),8,22.866666666666667,17.083333333333332,22.866666666666667,5.783333333333335,,10.0,,,0.08636363636363636,0.20127610208816712,15.1,moderate,2026-09-05
171,171,1,Evening (19–24),15,18.983333333333334,17.083333333333332,18.983333333333334,1.9000000000000021,,10.0,,,0.08636363636363636,0.07645875251509064,7.61,moderate,2026-09-05
171,171,1,Midday (9–15),14,22.866666666666667,22.866666666666667,25.333333333333336,2.4666666666666686,,10.0,,,0.08636363636363636,0.09704918032786894,8.85,moderate,2026-09-05
171,171,1,Overnight (0–6),11,17.083333333333332,5.833333333333333,17.083333333333332,11.25,,10.0,,,0.08636363636363636,0.32894736842105265,22.76,moderate,2026-09-05
171,171,1,PM Peak (15–19),8,25.633333333333333,24.838333333333335,25.633333333333333,0.7949999999999982,,10.0,,,0.08636363636363636,0.033480732785849586,5.03,moderate,2026-09-05
184,184,0,AM Peak (6–9),6,11.0,11.0,11.0,0.0,,10.0,,,0.08636363636363636,0.0,3.02,moderate,2026-09-05
184,184,0,Evening (19–24),12,10.0,9.0,10.0,1.0,,10.0,,,0.08636363636363636,0.041753653444676415,5.53,moderate,2026-09-05
184,184,0,Midday (9–15),13,10.0,10.0,11.8,1.8000000000000007,,10.0,,,0.08636363636363636,0.07272727272727277,7.39,moderate,2026-09-05
184,184,0,Overnight (0–6),5,9.0,9.0,9.0,0.0,,10.0,,,0.08636363636363636,0.0,3.02,moderate,2026-09-05
184,184,0,PM Peak (15–19),8,12.0,12.0,12.0,0.0,,10.0,,,0.08636363636363636,0.0,3.02,moderate,2026-09-05
184,184,1,AM Peak (6–9),6,8.0,8.0,8.0,0.0,6.0,0.0,0.0,0.0,0.95,0.0,33.25,no recovery time,2026-09-05
184,184,1,Evening (19–24),13,8.0,8.0,8.0,0.0,12.0,0.0,0.0,0.0,0.95,0.0,33.25,no recovery time,2026-09-05
184,184,1,Midday (9–15),13,8.0,8.0,8.8,0.8000000000000007,13.0,0.0,0.0,0.0,0.95,0.03368421052631582,35.27,no recovery time,2026-09-05
184,184,1,Overnight (0–6),4,8.0,8.0,8.0,0.0,5.0,0.0,0.0,0.0,0.95,0.0,33.25,no recovery time,2026-09-05
184,184,1,PM Peak (15–19),8,9.0,9.0,9.0,0.0,8.0,0.0,0.0,0.0,0.95,0.0,33.25,no recovery time,2026-09-05
185,185,0,AM Peak (6–9),8,19.0,14.0,19.3,5.300000000000001,8.0,5.0,3.0,5.0,0.15833333333333333,0.1876106194690266,16.8,moderate,2026-09-05
185,185,0,Evening (19–24),15,17.0,13.0,17.0,4.0,16.0,3.0,3.0,5.0,0.2375,0.14842300556586274,17.22,very low recovery time,2026-09-05
185,185,0,Midday (9–15),14,19.0,19.0,19.700000000000003,0.7000000000000028,14.0,5.0,4.3,5.0,0.15833333333333333,0.029598308668076233,7.32,moderate,2026-09-05
185,185,0,Overnight (0–6),10,13.0,11.986666666666666,14.0,2.0133333333333336,8.0,4.0,2.0,5.6,0.19,0.08065162237948993,11.49,moderate,2026-09-05
185,185,0,PM Peak (15–19),10,22.0,21.8,22.0,0.1999999999999993,10.0,3.0,3.0,3.0,0.2375,0.008639308855291548,8.83,very low recovery time,2026-09-05
185,185,1,AM Peak (6–9),8,22.0,17.0,22.0,5.0,8.0,3.5,2.0,4.0,0.2111111111111111,0.1788908765652952,18.12,moderate,2026-09-05
185,185,1,Evening (19–24),15,18.0,16.0,18.0,2.0,16.0,2.0,2.0,2.0,0.31666666666666665,0.08016032064128258,15.89,very low recovery time,2026-09-05
185,185,1,Midday (9–15),14,21.0,21.0,21.0,0.0,14.0,5.0,4.0,5.0,0.15833333333333333,0.0,5.54,moderate,2026-09-05
185,185,1,Overnight (0–6),9,16.0,13.0,17.0,4.0,8.0,2.0,1.4000000000000001,3.015,0.31666666666666665,0.14842300556586274,19.99,very low recovery time,2026-09-05
185,185,1,PM Peak (15–19),10,23.0,22.8,23.0,0.1999999999999993,10.0,2.0,2.0,2.0,0.31666666666666665,0.008639308855291548,11.6,very low recovery time,2026-09-05
189,189,0,AM Peak (6–9),7,25.0,25.0,25.0,0.0,,10.0,,,0.08636363636363636,0.0,3.02,moderate,2026-09-05
189,189,0,Evening (19–24),11,19.0,17.0,19.0,2.0,,10.0,,,0.08636363636363636,0.08016032064128258,7.83,moderate,2026-09-05
189,189,0,Midday (9–15),14,24.0,24.0,24.0,0.0,,10.0,,,0.08636363636363636,0.0,3.02,moderate,2026-09-05
189,189,0,Overnight (0–6),5,17.0,12.8,24.6,11.8,,10.0,,,0.08636363636363636,0.339568345323741,23.4,moderate,2026-09-05
189,189,0,PM Peak (15–19),9,29.0,23.0,29.0,6.0,,10.0,,,0.08636363636363636,0.20725388601036274,15.46,moderate,2026-09-05
189,189,1,AM Peak (6–9),7,18.0,18.0,18.0,0.0,7.0,0.0,0.0,0.0,0.95,0.0,33.25,no recovery time,2026-09-05
189,189,1,Evening (19–24),10,16.0,13.0,16.0,3.0,11.0,0.0,0.0,0.0,0.95,0.115606936416185,40.19,no recovery time,2026-09-05
189,189,1,Midday (9–15),14,19.0,19.0,19.0,0.0,14.0,0.0,0.0,0.0,0.95,0.0,33.25,no recovery time,2026-09-05
189,189,1,Overnight (0–6),5,13.0,8.8,15.4,6.6,4.0,0.0,0.0,0.0,0.95,0.2233502538071066,46.65,no recovery time,2026-09-05
189,189,1,PM Peak (15–19),9,21.0,18.4,21.0,2.6000000000000014,9.0,0.0,0.0,0.0,0.95,0.10176125244618402,39.36,no recovery time,2026-09-05
191,191,0,AM Peak (6–9),8,19.0,17.0,21.0,4.0,7.0,1.0,0.0,6.0,0.475,0.14842300556586274,25.53,no recovery time,2026-09-05
191,191,0,Evening (19–24),14,14.0,14.0,14.0,0.0,16.0,6.0,4.0,6.0,0.1357142857142857,0.0,4.75,moderate,2026-09-05
191,191,0,Midday (9–15),13,19.0,19.0,19.0,0.0,12.0,1.0,1.0,1.0,0.475,0.0,16.62,no recovery time,2026-09-05
191,191,0,Overnight (0–6),6,14.0,10.591666666666667,15.5,4.908333333333333,4.0,6.0,3.9000000000000004,6.0,0.1357142857142857,0.17618905174992525,15.32,moderate,2026-09-05
191,191,0,PM Peak (15–19),11,20.0,20.0,22.0,2.0,9.0,16.0,16.0,18.0,0.055882352941176466,0.08016032064128258,6.77,moderate,2026-09-05
191,191,1,AM Peak (6–9),8,22.0,18.295,24.0,5.704999999999998,8.0,2.5,1.0,10.899999999999999,0.2714285714285714,0.19909265398708775,21.45,very low recovery time,2026-09-05
191,191,1,Evening (19–24),14,18.0,16.0,18.0,2.0,15.0,2.0,2.0,4.0,0.31666666666666665,0.08016032064128258,15.89,very low recovery time,2026-09-05
191,191,1,Midday (9–15),14,22.0,22.0,26.1,4.100000000000001,13.0,3.0,3.0,3.0,0.2375,0.15157116451016642,17.41,very low recovery time,2026-09-05
191,191,1,Overnight (0–6),6,16.0,9.65,16.0,6.35,5.0,4.0,0.0,4.0,0.19,0.2167235494880546,19.65,moderate,2026-09-05
191,191,1,PM Peak (15–19),10,25.0,23.0,27.0,4.0,11.0,7.0,4.0,11.0,0.11875,0.14842300556586274,13.06,moderate,2026-09-05
202,202,0,Evening (19–24),12,20.0,20.0,25.0,5.0,13.0,4.0,2.4000000000000004,7.600000000000001,0.19,0.1788908765652952,17.38,moderate,2026-09-05
202,202,0,Midday (9–15),14,22.0,22.0,26.200000000000006,4.200000000000006,14.0,4.0,4.0,4.0,0.19,0.1546961325966853,15.93,moderate,2026-09-05
202,202,0,PM Peak (15–19),9,28.0,25.0,28.0,3.0,8.0,4.0,4.0,10.099999999999998,0.19,0.115606936416185,13.59,moderate,2026-09-05
202,202,1,Evening (19–24),13,17.0,17.0,18.0,1.0,11.0,4.0,4.0,9.0,0.19,0.041753653444676415,9.16,moderate,2026-09-05
202,202,1,Midday (9–15),14,19.0,19.0,21.800000000000004,2.8000000000000043,14.0,5.0,5.0,5.0,0.15833333333333333,0.10873786407767007,12.07,moderate,2026-09-05
202,202,1,PM Peak (15–19),10,23.0,18.0,23.0,5.0,9.0,5.0,5.0,9.0,0.15833333333333333,0.1788908765652952,16.28,moderate,2026-09-05
300,300,0,Overnight (0–6),50,73.0,3.0,76.0,73.0,32.0,10.0,0.0,15.0,0.08636363636363636,0.760812923397603,48.67,high schedule variability,2026-09-05
300,300,1,Overnight (0–6),38,80.0,53.900000000000006,85.0,31.099999999999994,10.0,9.0,0.0,9.0,0.095,0.5753931544865865,37.85,high schedule variability,2026-09-05
307,307,0,Overnight (0–6),9,44.0,41.77666666666667,50.6,8.82333333333333,7.0,16.0,3.2,16.0,0.055882352941176466,0.2776961812840957,18.62,moderate,2026-09-05
307,307,1,Overnight (0–6),15,46.0,18.473333333333333,54.599999999999994,36.126666666666665,6.0,6.5,5.0,14.0,0.12666666666666665,0.6115217513964905,41.12,high schedule variability,2026-09-05
315,315,0,Overnight (0–6),7,28.0,28.0,28.0,0.0,7.0,8.0,8.0,11.800000000000002,0.10555555555555556,0.0,3.69,moderate,2026-09-05
315,315,1,Overnight (0–6),8,28.0,28.0,29.0,1.0,6.0,0.0,0.0,7.0,0.95,0.041753653444676415,35.76,no recovery time,2026-09-05
316,316,0,Overnight (0–6),6,41.0,41.0,41.0,0.0,5.0,8.0,8.0,8.0,0.10555555555555556,0.0,3.69,moderate,2026-09-05
316,316,1,Overnight (0–6),6,41.0,41.0,41.0,0.0,4.0,0.0,0.0,0.0,0.95,0.0,33.25,no recovery time,2026-09-05
320,320,0,Overnight (0–6),39,45.88333333333333,40.15,54.2,14.050000000000004,30.0,8.0,8.0,12.100000000000001,0.10555555555555556,0.37972972972972985,26.48,moderate,2026-09-05
320,320,1,Overnight (0–6),34,47.0,25.433333333333334,48.0,22.566666666666666,7.0,4.0,2.2,4.0,0.19,0.4957890882460637,36.4,high schedule variability,2026-09-05
322,322,0,Overnight (0–6),7,23.0,20.2,23.0,2.8000000000000007,5.0,9.0,3.6,9.0,0.095,0.10873786407766994,9.85,moderate,2026-09-05
322,322,1,Overnight (0–6),7,23.0,14.71,23.0,8.29,1.0,1.0333333333333334,1.0333333333333334,1.0333333333333334,0.4672131147540984,0.2653649167733675,32.27,very low recovery time,2026-09-05
324,324,0,Overnight (0–6),7,36.0,36.0,36.0,0.0,6.0,5.0,5.0,5.0,0.15833333333333333,0.0,5.54,moderate,2026-09-05
324,324,1,Overnight (0–6),6,36.0,36.0,38.5,2.5,4.0,13.0,13.0,13.7,0.06785714285714285,0.0982318271119843,8.27,moderate,2026-09-05
325,325,0,Overnight (0–6),9,51.0,38.58,51.4,12.82,3.0,7.0,7.0,10.2,0.11875,0.35840089460441715,25.66,moderate,2026-09-05
325,325,1,Overnight (0–6),8,51.0,34.65,51.0,16.35,5.0,7.0,5.73,8.2,0.11875,0.4160305343511451,29.12,moderate,2026-09-05
329,329,0,Overnight (0–6),13,44.0,19.043333333333333,59.0,39.95666666666666,10.0,2.0,1.9,7.199999999999999,0.31666666666666665,0.635173802458669,49.19,"very low recovery time, high schedule variability",2026-09-05
329,329,1,Overnight (0–6),13,54.0,15.596666666666673,59.0,43.40333333333333,3.0,0.0,0.0,0.0,0.95,0.654124384607656,72.5,"no recovery time, high schedule variability",2026-09-05
334,334,0,Overnight (0–6),26,71.0,0.5833333333333334,88.0,87.41666666666667,12.0,0.0,0.0,0.0,0.95,0.7920567804288734,80.77,"no recovery time, high schedule variability",2026-09-05
334,334,1,Overnight (0–6),29,81.0,1.6,96.99999999999999,95.39999999999999,3.0,10.0,8.4,13.2,0.08636363636363636,0.8060836501901141,51.39,high schedule variability,2026-09-05
335,335,0,Overnight (0–6),12,42.0,8.0,42.0,34.0,6.0,4.0,0.0,18.0,0.19,0.5970149253731344,42.47,high schedule variability,2026-09-05
335,335,1,Overnight (0–6),11,40.0,5.0,40.0,35.0,11.0,9.0,6.0,10.0,0.095,0.6039689387402934,39.56,high schedule variability,2026-09-05
336,336,0,Overnight (0–6),18,40.9,24.486666666666668,53.0,28.513333333333332,12.0,0.0,0.0,6.800000000000001,0.95,0.5540514282013085,66.49,"no recovery time, high schedule variability",2026-09-05
336,336,1,Overnight (0–6),19,33.0,27.6,54.0,26.4,4.0,13.0,13.0,15.100000000000001,0.06785714285714285,0.5349544072948329,34.47,high schedule variability,2026-09-05
337,337,0,Overnight (0–6),7,43.0,43.0,44.373333333333335,1.3733333333333348,4.0,3.0,0.9466666666666668,3.0,0.2375,0.056461559545018566,11.7,very low recovery time,2026-09-05
337,337,1,Overnight (0–6),7,44.0,42.95333333333333,45.4,2.4466666666666654,6.0,0.0,0.0,13.0,0.95,0.09633810211313817,39.03,no recovery time,2026-09-05
339,339,0,Overnight (0–6),14,35.0,5.0,35.0,30.0,13.0,0.0,0.0,0.0,0.95,0.56657223796034,67.24,"no recovery time, high schedule variability",2026-09-05
339,339,1,AM Peak (6–9),1,1.75,1.75,1.75,0.0,,10.0,,,0.08636363636363636,0.0,3.02,moderate,2026-09-05
339,339,1,Overnight (0–6),17,34.0,1.75,39.0,37.25,9.0,0.0,0.0,0.0,0.95,0.6187707641196014,70.38,"no recovery time, high schedule variability",2026-09-05
340,340,0,Overnight (0–6),10,20.183333333333334,20.183333333333334,20.28333333333333,0.09999999999999787,8.0,7.0,5.1000000000000005,10.0,0.11875,0.004338394793926156,4.42,moderate,2026-09-05
340,340,1,Overnight (0–6),11,21.166666666666668,21.166666666666668,21.166666666666668,0.0,,10.0,,,0.08636363636363636,0.0,3.02,moderate,2026-09-05
341,341,0,Overnight (0–6),5,41.083333333333336,41.083333333333336,41.083333333333336,0.0,,10.0,,,0.08636363636363636,0.0,3.02,moderate,2026-09-05
341,341,1,Overnight (0–6),7,43.9,43.9,43.94,0.03999999999999915,7.0,4.0,2.4000000000000004,12.0,0.19,0.0017398869073509855,6.75,moderate,2026-09-05
343,343,0,Overnight (0–6),7,27.0,27.0,27.0,0.0,7.0,3.0,3.0,3.0,0.2375,0.0,8.31,very low recovery time,2026-09-05
343,343,1,Overnight (0–6),8,27.0,19.78,27.0,7.219999999999999,6.0,3.0,1.5,6.0,0.2375,0.23931057341730197,22.67,very low recovery time,2026-09-05
345,345,0,Overnight (0–6),8,54.483333333333334,28.661666666666665,54.483333333333334,25.82166666666667,6.0,3.5,0.5,6.0,0.2111111111111111,0.5294399070498583,39.16,high schedule variability,2026-09-05
345,345,1,Overnight (0–6),6,52.4,37.2,52.4,15.199999999999996,,10.0,,,0.08636363636363636,0.3984272608125819,26.93,moderate,2026-09-05
352,352,0,Overnight (0–6),14,29.5,4.0,55.0,51.0,9.0,1.0,0.0,7.2,0.475,0.6896551724137933,58.0,"no recovery time, high schedule variability",2026-09-05
352,352,1,Overnight (0–6),7,60.0,60.0,65.2,5.200000000000003,6.0,0.0,0.0,0.0,0.95,0.1847246891651866,44.33,no recovery time,2026-09-05
353,353,0,Overnight (0–6),16,80.0,1.15,80.0,78.85,13.0,5.0,0.0,10.200000000000003,0.15833333333333333,0.7745579567779961,52.02,high schedule variability,2026-09-05
353,353,1,AM Peak (6–9),3,5.833333333333333,5.833333333333333,5.833333333333333,0.0,,10.0,,,0.08636363636363636,0.0,3.02,moderate,2026-09-05
353,353,1,Overnight (0–6),14,77.0,5.833333333333333,77.0,71.16666666666667,7.0,12.0,0.0,12.0,0.07307692307692307,0.7561537099344785,47.93,high schedule variability,2026-09-05
354,354,0,Overnight (0–6),14,48.0,2.0,75.29000000000002,73.29000000000002,10.0,0.0,0.0,11.699999999999998,0.95,0.7615336658354116,78.94,"no recovery time, high schedule variability",2026-09-05
354,354,1,Overnight (0–6),17,47.333333333333336,2.0,50.85666666666667,48.85666666666667,7.0,11.0,9.8,17.800000000000004,0.07916666666666666,0.6803917927769009,43.59,high schedule variability,2026-09-05
363,363,0,Overnight (0–6),8,25.0,25.0,25.3,0.3000000000000007,8.0,8.0,0.0,8.0,0.10555555555555556,0.012903225806451646,4.47,moderate,2026-09-05
363,363,1,Overnight (0–6),9,24.0,20.0,31.400000000000002,11.400000000000002,,10.0,,,0.08636363636363636,0.33187772925764203,22.94,moderate,2026-09-05
365,365,0,Overnight (0–6),7,13.266666666666667,13.266666666666667,13.266666666666667,0.0,7.0,0.0,0.0,0.0,0.95,0.0,33.25,no recovery time,2026-09-05
365,365,1,Overnight (0–6),7,13.566666666666666,13.566666666666666,13.566666666666666,0.0,,10.0,,,0.08636363636363636,0.0,3.02,moderate,2026-09-05
373,373,0,Overnight (0–6),6,36.1,36.1,36.1,0.0,4.0,2.0,0.6000000000000001,2.0,0.31666666666666665,0.0,11.08,very low recovery time,2026-09-05
373,373,1,Overnight (0–6),7,41.61666666666667,41.61666666666667,41.63333333333333,0.01666666666666572,,10.0,,,0.08636363636363636,0.0007256894049346469,3.07,moderate,2026-09-05
384,384,0,Overnight (0–6),7,39.0,36.0,39.4,3.3999999999999986,2.0,14.0,14.0,14.0,0.06333333333333332,0.1290322580645161,9.96,moderate,2026-09-05
384,384,1,Overnight (0–6),6,35.63333333333333,30.59166666666667,37.5,6.908333333333331,3.0,12.0,11.053333333333333,14.4,0.07307692307692307,0.23137036003349148,16.44,moderate,2026-09-05
385,385,0,Overnight (0–6),7,50.86666666666667,46.46666666666667,52.31666666666667,5.850000000000001,4.0,6.5,3.9000000000000004,9.100000000000001,0.12666666666666665,0.20312500000000008,16.62,moderate,2026-09-05
385,385,1,Overnight (0–6),8,51.86666666666667,39.09166666666667,51.86666666666667,12.774999999999999,,10.0,,,0.08636363636363636,0.35759272218334504,24.48,moderate,2026-09-05
386,386,0,Overnight (0–6),7,29.0,29.0,31.6,2.6000000000000014,4.0,3.0,0.0,8.8,0.2375,0.10176125244618402,14.42,very low recovery time,2026-09-05
386,386,1,Overnight (0–6),9,28.0,28.0,28.0,0.0,7.0,3.0,3.0,15.200000000000001,0.2375,0.0,8.31,very low recovery time,2026-09-05
395,395,0,Overnight (0–6),12,47.03333333333333,7.0,55.03333333333333,48.03333333333333,5.0,8.0,6.8,9.8,0.10555555555555556,0.6766846677623857,44.3,high schedule variability,2026-09-05
395,395,1,Overnight (0–6),7,47.28333333333333,44.88333333333333,50.900000000000006,6.016666666666673,,10.0,,,0.08636363636363636,0.20771001150748006,15.49,moderate,2026-09-05
396,396,0,Overnight (0–6),9,43.53333333333333,36.666666666666664,43.53333333333333,6.866666666666667,,10.0,,,0.08636363636363636,0.2302962548910006,16.84,moderate,2026-09-05
396,396,1,Overnight (0–6),10,44.2,44.2,44.28,0.0799999999999983,5.0,5.0,5.0,5.0,0.15833333333333333,0.0034737299174988413,5.75,moderate,2026-09-05
403,403,0,Midday (9–15),4,37.0,37.0,37.0,0.0,3.0,0.0,0.0,24.0,0.95,0.0,33.25,no recovery time,2026-09-05
403,403,0,PM Peak (15–19),2,32.391666666666666,28.705000000000002,36.07833333333333,7.373333333333331,2.0,0.0,0.0,0.0,0.95,0.24315708475321532,47.84,no recovery time,2026-09-05
403,403,1,Midday (9–15),4,38.0,31.338333333333335,38.0,6.661666666666665,4.0,0.0,0.0,0.0,0.95,0.22496763662970676,46.75,no recovery time,2026-09-05
403,403,1,PM Peak (15–19),2,38.0,38.0,38.0,0.0,2.0,0.0,0.0,0.0,0.95,0.0,33.25,no recovery time,2026-09-05
404,404,0,Midday (9–15),6,60.0,60.0,60.0,0.0,5.0,0.0,0.0,0.0,0.95,0.0,33.25,no recovery time,2026-09-05
404,404,0,PM Peak (15–19),2,60.0,60.0,60.0,0.0,2.0,0.0,0.0,0.0,0.95,0.0,33.25,no recovery time,2026-09-05
404,404,1,Midday (9–15),6,60.0,60.0,65.0,5.0,5.0,5.0,0.0,33.0,0.15833333333333333,0.1788908765652952,16.28,moderate,2026-09-05
404,404,1,PM Peak (15–19),2,65.0,65.0,65.0,0.0,2.0,5.0,5.0,5.0,0.15833333333333333,0.0,5.54,moderate,2026-09-05
405,405,0,Midday (9–15),6,80.0,39.30833333333334,80.0,40.69166666666666,3.0,0.0,0.0,0.0,0.95,0.6393871939243159,71.61,"no recovery time, high schedule variability",2026-09-05
405,405,0,PM Peak (15–19),1,80.0,80.0,80.0,0.0,2.0,0.0,0.0,0.0,0.95,0.0,33.25,no recovery time,2026-09-05
405,405,1,Midday (9–15),5,70.0,32.14333333333333,70.0,37.85666666666667,5.0,0.0,0.0,17.96,0.95,0.6225742791360597,70.6,"no recovery time, high schedule variability",2026-09-05
405,405,1,PM Peak (15–19),2,70.0,70.0,70.0,0.0,1.0,0.0,0.0,0.0,0.95,0.0,33.25,no recovery time,2026-09-05
830,830,0,AM Peak (6–9),1,15.0,15.0,15.0,0.0,,10.0,,,0.08636363636363636,0.0,3.02,moderate,2026-09-05
830,830,1,PM Peak (15–19),1,15.0,15.0,15.0,0.0,1.0,2.0,2.0,2.0,0.31666666666666665,0.0,11.08,very low recovery time,2026-09-05
900,900,0,AM Peak (6–9),35,3.0,3.0,16.0,13.0,35.0,3.0,1.0,8.0,0.2375,0.36161335187760785,30.01,very low recovery time,2026-09-05
900,900,0,Evening (19–24),66,8.0,3.0,14.0,11.0,63.0,1.0,1.0,8.0,0.475,0.3240058910162003,36.07,no recovery time,2026-09-05
900,900,0,Midday (9–15),80,8.5,3.0,14.0,11.0,78.0,2.0,1.0,8.0,0.31666666666666665,0.3240058910162003,30.52,very low recovery time,2026-09-05
900,900,0,Overnight (0–6),20,8.0,3.0,13.0,10.0,19.0,5.0,0.0,10.999999999999996,0.15833333333333333,0.3034901365705615,23.75,moderate,2026-09-05
900,900,0,PM Peak (15–19),53,17.0,3.0,17.0,14.0,52.0,2.0,2.0,8.0,0.31666666666666665,0.3788903924221922,33.82,very low recovery time,2026-09-05
900,900,1,AM Peak (6–9),19,19.0,17.0,19.0,2.0,17.0,1.0,1.0,1.0,0.475,0.08016032064128258,21.43,no recovery time,2026-09-05
900,900,1,Evening (19–24),32,18.0,17.0,18.0,1.0,32.0,1.0,1.0,1.0,0.475,0.041753653444676415,19.13,no recovery time,2026-09-05
900,900,1,Midday (9–15),40,18.0,18.0,18.0,0.0,40.0,1.0,1.0,1.0,0.475,0.0,16.62,no recovery time,2026-09-05
900,900,1,Overnight (0–6),12,17.0,17.0,17.0,0.0,14.0,1.0,1.0,1.0,0.475,0.0,16.62,no recovery time,2026-09-05
900,900,1,PM Peak (15–19),27,23.0,23.0,23.0,0.0,27.0,1.0,1.0,1.0,0.475,0.0,16.62,no recovery time,2026-09-05
902,902,0,AM Peak (6–9),13,56.0,56.0,56.0,0.0,8.0,4.0,4.0,4.0,0.19,0.0,6.65,moderate,2026-09-05
902,902,0,Evening (19–24),6,6.283333333333333,6.283333333333333,6.283333333333333,0.0,,10.0,,,0.08636363636363636,0.0,3.02,moderate,2026-09-05
902,902,0,Midday (9–15),25,53.0,53.0,53.0,0.0,25.0,7.0,5.800000000000001,7.0,0.11875,0.0,4.16,moderate,2026-09-05
902,902,0,PM Peak (15–19),25,61.0,61.0,61.0,0.0,21.0,4.0,4.0,7.0,0.19,0.0,6.65,moderate,2026-09-05
902,902,1,AM Peak (6–9),19,57.0,8.1,57.0,48.9,14.0,3.0,0.0,3.0,0.2375,0.6805845511482255,49.15,"very low recovery time, high schedule variability",2026-09-05
902,902,1,Midday (9–15),24,53.0,53.0,53.0,0.0,26.0,7.0,4.0,7.0,0.11875,0.0,4.16,moderate,2026-09-05
902,902,1,PM Peak (15–19),26,60.0,59.0,60.0,1.0,23.0,5.0,2.4000000000000004,5.0,0.15833333333333333,0.041753653444676415,8.05,moderate,2026-09-05
903,903,0,AM Peak (6–9),19,26.0,15.0,26.0,11.0,18.0,10.0,8.8,10.0,0.08636363636363636,0.3240058910162003,22.46,moderate,2026-09-05
903,903,0,Evening (19–24),14,25.0,25.0,25.0,0.0,15.0,12.0,10.0,12.0,0.07307692307692307,0.0,2.56,moderate,2026-09-05
903,903,0,Midday (9–15),36,26.0,26.0,26.0,0.0,36.0,10.0,10.0,10.0,0.08636363636363636,0.0,3.02,moderate,2026-09-05
903,903,0,Overnight (0–6),2,15.0,15.0,15.0,0.0,1.0,2.0,2.0,2.0,0.31666666666666665,0.0,11.08,very low recovery time,2026-09-05
903,903,0,PM Peak (15–19),24,27.0,27.0,27.0,0.0,23.0,13.0,13.0,13.0,0.06785714285714285,0.0,2.38,moderate,2026-09-05
903,903,1,AM Peak (6–9),21,25.0,13.0,25.0,12.0,18.0,9.0,2.0,9.600000000000001,0.095,0.3433476394849786,23.93,moderate,2026-09-05
903,903,1,Evening (19–24),16,23.0,23.0,23.0,0.0,12.0,12.0,11.1,12.0,0.07307692307692307,0.0,2.56,moderate,2026-09-05
903,903,1,Midday (9–15),35,25.0,25.0,25.0,0.0,36.0,9.0,8.0,9.0,0.095,0.0,3.32,moderate,2026-09-05
903,903,1,Overnight (0–6),4,13.0,13.0,13.0,0.0,3.0,3.0,3.0,3.8,0.2375,0.0,8.31,very low recovery time,2026-09-05
903,903,1,PM Peak (15–19),24,27.0,27.0,27.0,0.0,24.0,13.0,6.9,13.0,0.06785714285714285,0.0,2.38,moderate,2026-09-05
904,904,0,AM Peak (6–9),10,45.0,40.0,45.0,5.0,7.0,9.0,9.0,14.0,0.095,0.1788908765652952,14.06,moderate,2026-09-05
904,904,0,Evening (19–24),20,42.0,39.0,42.0,3.0,20.0,21.0,9.0,21.0,0.04318181818181818,0.115606936416185,8.45,moderate,2026-09-05
904,904,0,Midday (9–15),30,45.0,45.0,45.0,0.0,29.0,12.0,12.0,12.0,0.07307692307692307,0.0,2.56,moderate,2026-09-05
904,904,0,Overnight (0–6),5,39.0,39.0,39.0,0.0,1.0,9.0,9.0,9.0,0.095,0.0,3.32,moderate,2026-09-05
904,904,0,PM Peak (15–19),16,50.0,50.0,50.0,0.0,16.0,13.0,12.5,15.5,0.06785714285714285,0.0,2.38,moderate,2026-09-05
904,904,1,AM Peak (6–9),11,47.0,43.0,47.0,4.0,8.0,4.0,4.0,9.5,0.19,0.14842300556586274,15.56,moderate,2026-09-05
904,904,1,Evening (19–24),20,40.0,37.0,40.0,3.0,20.0,2.0,2.0,7.0,0.31666666666666665,0.115606936416185,18.02,very low recovery time,2026-09-05
904,904,1,Midday (9–15),30,45.0,45.0,45.0,0.0,30.0,6.0,6.0,6.0,0.1357142857142857,0.0,4.75,moderate,2026-09-05
904,904,1,Overnight (0–6),2,37.0,37.0,37.0,0.0,4.0,5.0,5.0,5.0,0.15833333333333333,0.0,5.54,moderate,2026-09-05
904,904,1,PM Peak (15–19),16,50.0,50.0,50.0,0.0,16.0,7.0,7.0,8.0,0.11875,0.0,4.16,moderate,2026-09-05
905,905,0,AM Peak (6–9),16,32.0,32.0,32.0,0.0,14.0,2.0,2.0,2.700000000000001,0.31666666666666665,0.0,11.08,very low recovery time,2026-09-05
905,905,0,Evening (19–24),17,29.0,29.0,29.0,0.0,20.0,4.0,4.0,5.100000000000001,0.19,0.0,6.65,moderate,2026-09-05
905,905,0,Midday (9–15),44,33.0,33.0,33.0,0.0,45.0,2.0,2.0,2.6000000000000014,0.31666666666666665,0.0,11.08,very low recovery time,2026-09-05
905,905,0,Overnight (0–6),2,32.0,32.0,32.0,0.0,,10.0,,,0.08636363636363636,0.0,3.02,moderate,2026-09-05
905,905,0,PM Peak (15–19),22,34.0,31.0,34.0,3.0,22.0,3.0,2.1,3.0,0.2375,0.115606936416185,15.25,very low recovery time,2026-09-05
905,905,1,AM Peak (6–9),14,31.0,31.0,31.0,0.0,11.0,7.0,2.0,7.0,0.11875,0.0,4.16,moderate,2026-09-05
905,905,1,Evening (19–24),20,28.0,28.0,28.0,0.0,17.0,5.0,3.6,5.0,0.15833333333333333,0.0,5.54,moderate,2026-09-05
905,905,1,Midday (9–15),45,30.0,30.0,30.0,0.0,43.0,7.0,7.0,7.0,0.11875,0.0,4.16,moderate,2026-09-05
905,905,1,PM Peak (15–19),22,32.0,28.0,32.0,4.0,21.0,8.0,6.0,8.0,0.10555555555555556,0.14842300556586274,12.6,moderate,2026-09-05
906,906,0,AM Peak (6–9),12,28.0,28.0,28.0,0.0,12.0,8.0,8.0,8.0,0.10555555555555556,0.0,3.69,moderate,2026-09-05
906,906,0,Evening (19–24),20,27.0,26.0,27.0,1.0,20.0,7.5,2.9000000000000004,9.0,0.11176470588235293,0.041753653444676415,6.42,moderate,2026-09-05
906,906,0,Midday (9–15),24,29.0,29.0,29.0,0.0,24.0,5.0,5.0,5.0,0.15833333333333333,0.0,5.54,moderate,2026-09-05
906,906,0,Overnight (0–6),9,26.0,26.0,28.0,2.0,7.0,8.0,3.0,13.8,0.10555555555555556,0.08016032064128258,8.5,moderate,2026-09-05
906,906,0,PM Peak (15–19),16,30.0,29.5,30.0,0.5,15.0,4.0,4.0,4.6,0.19,0.021321961620469086,7.93,moderate,2026-09-05
906,906,1,AM Peak (6–9),12,31.0,31.0,31.0,0.0,12.0,8.0,8.0,8.0,0.10555555555555556,0.0,3.69,moderate,2026-09-05
906,906,1,Evening (19–24),21,30.0,28.0,30.0,2.0,20.0,9.0,3.0,9.0,0.095,0.08016032064128258,8.13,moderate,2026-09-05
906,906,1,Midday (9–15),24,36.0,36.0,36.0,0.0,23.0,5.0,5.0,5.0,0.15833333333333333,0.0,5.54,moderate,2026-09-05
906,906,1,Overnight (0–6),10,29.5,28.0,31.0,3.0,8.0,6.5,2.4000000000000004,17.5,0.12666666666666665,0.115606936416185,11.37,moderate,2026-09-05
906,906,1,PM Peak (15–19),16,38.0,38.0,38.0,0.0,14.0,3.0,3.0,3.700000000000001,0.2375,0.0,8.31,very low recovery time,2026-09-05
924,924,0,AM Peak (6–9),18,47.0,39.0,47.0,8.0,13.0,8.0,0.0,8.0,0.10555555555555556,0.2584814216478191,19.2,moderate,2026-09-05
924,924,0,Midday (9–15),6,44.0,44.0,44.0,0.0,2.0,6.0,6.0,6.0,0.1357142857142857,0.0,4.75,moderate,2026-09-05
924,924,0,PM Peak (15–19),24,44.0,43.0,44.0,1.0,23.0,6.0,6.0,7.0,0.1357142857142857,0.041753653444676415,7.26,moderate,2026-09-05
924,924,1,AM Peak (6–9),18,38.0,33.0,38.0,5.0,13.0,7.0,0.0,7.0,0.11875,0.1788908765652952,14.89,moderate,2026-09-05
924,924,1,Midday (9–15),6,44.0,44.0,44.0,0.0,2.0,6.0,6.0,6.0,0.1357142857142857,0.0,4.75,moderate,2026-09-05
924,924,1,PM Peak (15–19),24,44.0,40.0,44.0,4.0,23.0,6.0,6.0,10.0,0.1357142857142857,0.14842300556586274,13.66,moderate,2026-09-05
925,925,0,AM Peak (6–9),18,51.0,51.0,51.0,0.0,14.0,3.0,2.3,8.400000000000002,0.2375,0.0,8.31,very low recovery time,2026-09-05
925,925,0,Evening (19–24),16,42.0,42.0,42.0,0.0,15.0,8.0,7.0,9.2,0.10555555555555556,0.0,3.69,moderate,2026-09-05
925,925,0,Midday (9–15),32,47.0,47.0,47.0,0.0,31.0,10.0,7.0,10.0,0.08636363636363636,0.0,3.02,moderate,2026-09-05
925,925,0,Overnight (0–6),1,17.1,17.1,17.1,0.0,,10.0,,,0.08636363636363636,0.0,3.02,moderate,2026-09-05
925,925,0,PM Peak (15–19),24,48.0,48.0,48.0,0.0,23.0,7.0,7.0,9.0,0.11875,0.0,4.16,moderate,2026-09-05
925,925,1,AM Peak (6–9),17,53.0,53.0,53.0,0.0,13.0,3.0,2.2,5.800000000000001,0.2375,0.0,8.31,very low recovery time,2026-09-05
925,925,1,Evening (19–24),16,50.0,50.0,50.0,0.0,16.0,8.0,1.0,8.0,0.10555555555555556,0.0,3.69,moderate,2026-09-05
925,925,1,Midday (9–15),30,54.0,54.0,54.0,0.0,30.0,9.0,3.9000000000000004,9.0,0.095,0.0,3.32,moderate,2026-09-05
925,925,1,Overnight (0–6),1,51.0,51.0,51.0,0.0,,10.0,,,0.08636363636363636,0.0,3.02,moderate,2026-09-05
925,925,1,PM Peak (15–19),24,58.0,58.0,58.0,0.0,22.0,7.0,5.1,7.0,0.11875,0.0,4.16,moderate,2026-09-05
927,927,0,AM Peak (6–9),37,37.0,25.6,46.0,20.4,34.0,4.5,2.3000000000000003,7.0,0.17272727272727273,0.4705882352941177,34.28,moderate,2026-09-05
927,927,0,Evening (19–24),29,39.0,35.0,42.0,7.0,29.0,8.0,3.0,8.0,0.10555555555555556,0.23372287145242074,17.72,moderate,2026-09-05
927,927,0,Midday (9–15),50,41.0,28.0,50.0,22.0,49.0,8.0,2.0,10.0,0.10555555555555556,0.4894327030033371,33.06,high schedule variability,2026-09-05
927,927,0,Overnight (0–6),11,35.0,25.0,38.0,13.0,9.0,8.0,7.4,11.600000000000001,0.10555555555555556,0.36161335187760785,25.39,moderate,2026-09-05
927,927,0,PM Peak (15–19),48,35.0,26.0,53.0,27.0,47.0,5.0,2.0,8.0,0.15833333333333333,0.5405405405405406,37.97,high schedule variability,2026-09-05
927,927,1,AM Peak (6–9),36,38.0,28.0,49.0,21.0,33.0,6.0,4.0,12.0,0.1357142857142857,0.47781569965870313,33.42,moderate,2026-09-05
927,927,1,Evening (19–24),29,40.0,37.0,40.0,3.0,28.0,3.0,2.7,6.900000000000002,0.2375,0.115606936416185,15.25,very low recovery time,2026-09-05
927,927,1,Midday (9–15),52,43.0,25.0,55.0,30.0,44.0,3.0,2.0,11.400000000000006,0.2375,0.56657223796034,42.31,"very low recovery time, high schedule variability",2026-09-05
927,927,1,Overnight (0–6),14,36.0,26.35,41.900000000000006,15.550000000000004,6.0,8.0,5.0,16.5,0.10555555555555556,0.40389610389610403,27.93,moderate,2026-09-05
927,927,1,PM Peak (15–19),48,38.0,32.0,55.0,23.0,48.0,5.0,4.0,6.0,0.15833333333333333,0.5005440696409141,35.57,high schedule variability,2026-09-05
929,929,0,AM Peak (6–9),23,45.0,38.2,45.0,6.799999999999997,17.0,4.0,4.0,7.0,0.19,0.22857142857142854,20.36,moderate,2026-09-05
929,929,0,Evening (19–24),23,42.0,40.2,42.0,1.7999999999999972,23.0,5.0,5.0,5.800000000000001,0.15833333333333333,0.07272727272727263,9.91,moderate,2026-09-05
929,929,0,Midday (9–15),46,47.0,47.0,50.5,3.5,45.0,4.0,4.0,5.0,0.19,0.13232514177693763,14.59,moderate,2026-09-05
929,929,0,PM Peak (15–19),29,57.0,50.8,57.0,6.200000000000003,30.0,2.0,1.0,2.0,0.31666666666666665,0.21269296740994864,23.84,very low recovery time,2026-09-05
929,929,1,AM Peak (6–9),22,41.0,38.1,46.0,7.899999999999999,16.0,5.0,2.5,7.0,0.15833333333333333,0.2560777957860616,20.91,moderate,2026-09-05
929,929,1,Evening (19–24),23,44.0,43.0,44.0,1.0,22.0,5.0,5.0,6.900000000000002,0.15833333333333333,0.041753653444676415,8.05,moderate,2026-09-05
929,929,1,Midday (9–15),46,49.0,49.0,50.5,1.5,45.0,4.0,2.0,7.400000000000006,0.19,0.061349693251533756,10.33,moderate,2026-09-05
929,929,1,PM Peak (15–19),31,59.0,50.0,59.0,9.0,29.0,10.0,5.0,11.0,0.08636363636363636,0.28169014084507044,19.92,moderate,2026-09-05
935,935,0,AM Peak (6–9),18,45.0,42.0,45.0,3.0,16.0,10.0,7.0,11.0,0.08636363636363636,0.115606936416185,9.96,moderate,2026-09-05
935,935,0,Evening (19–24),15,37.0,35.4,37.0,1.6000000000000014,15.0,10.0,6.0,10.0,0.08636363636363636,0.0651731160896131,6.93,moderate,2026-09-05
935,935,0,Midday (9–15),33,44.0,42.0,55.0,13.0,32.0,10.0,7.1,12.0,0.08636363636363636,0.36161335187760785,24.72,moderate,2026-09-05
935,935,0,Overnight (0–6),6,40.083333333333336,36.083333333333336,41.0,4.916666666666664,2.0,10.0,9.2,10.8,0.08636363636363636,0.17643540669856456,13.61,moderate,2026-09-05
935,935,0,PM Peak (15–19),24,51.0,42.800000000000004,55.0,12.199999999999996,24.0,10.0,6.0,10.0,0.08636363636363636,0.3470839260312944,23.85,moderate,2026-09-05
935,935,1,AM Peak (6–9),19,44.0,40.0,44.0,4.0,18.0,8.0,4.0,11.0,0.10555555555555556,0.14842300556586274,12.6,moderate,2026-09-05
935,935,1,Evening (19–24),16,39.0,37.5,39.0,1.5,15.0,10.0,5.4,10.0,0.08636363636363636,0.061349693251533756,6.7,moderate,2026-09-05
935,935,1,Midday (9–15),33,45.0,42.0,51.0,9.0,31.0,11.0,8.0,12.0,0.07916666666666666,0.28169014084507044,19.67,moderate,2026-09-05
935,935,1,Overnight (0–6),4,39.5,38.3,40.0,1.7000000000000028,1.0,0.0,0.0,0.0,0.95,0.06896551724137943,37.39,no recovery time,2026-09-05
935,935,1,PM Peak (15–19),24,48.0,46.3,54.0,7.700000000000003,23.0,11.0,5.2,11.0,0.07916666666666666,0.25122349102773256,17.84,moderate,2026-09-05
937,937,0,AM Peak (6–9),12,38.0,36.0,38.0,2.0,9.0,9.0,9.0,9.2,0.095,0.08016032064128258,8.13,moderate,2026-09-05
937,937,0,Evening (19–24),3,37.0,37.0,37.0,0.0,,10.0,,,0.08636363636363636,0.0,3.02,moderate,2026-09-05
937,937,0,Midday (9–15),2,38.0,38.0,38.0,0.0,1.0,9.0,9.0,9.0,0.095,0.0,3.32,moderate,2026-09-05
937,937,0,PM Peak (15–19),14,40.0,37.0,40.0,3.0,11.0,12.0,12.0,12.0,0.07307692307692307,0.115606936416185,9.49,moderate,2026-09-05
937,937,1,AM Peak (6–9),12,37.0,33.0,37.0,4.0,11.0,6.0,6.0,10.0,0.1357142857142857,0.14842300556586274,13.66,moderate,2026-09-05
937,937,1,Evening (19–24),1,40.0,40.0,40.0,0.0,3.0,1.0,1.0,1.0,0.475,0.0,16.62,no recovery time,2026-09-05
937,937,1,Midday (9–15),3,37.0,37.0,44.2,7.200000000000003,2.0,7.0,6.2,7.8,0.11875,0.23880597014925384,18.48,moderate,2026-09-05
937,937,1,Overnight (0–6),1,33.0,33.0,33.0,0.0,,10.0,,,0.08636363636363636,0.0,3.02,moderate,2026-09-05
937,937,1,PM Peak (15–19),16,46.0,40.0,46.0,6.0,14.0,7.0,1.0,9.400000000000002,0.11875,0.20725388601036274,16.59,moderate,2026-09-05
938,938,0,AM Peak (6–9),9,30.0,29.0,30.0,1.0,7.0,7.0,3.0000000000000004,7.0,0.11875,0.041753653444676415,6.66,moderate,2026-09-05
938,938,0,Midday (9–15),3,30.0,28.4,30.0,1.6000000000000014,5.0,7.0,7.0,8.2,0.11875,0.0651731160896131,8.07,moderate,2026-09-05
938,938,1,Midday (9–15),3,34.0,31.6,34.0,2.3999999999999986,1.0,15.0,15.0,15.0,0.059375,0.09467455621301772,7.76,moderate,2026-09-05
938,938,1,PM Peak (15–19),15,34.0,34.0,34.0,0.0,14.0,12.0,12.0,12.0,0.07307692307692307,0.0,2.56,moderate,2026-09-05
939,939,0,AM Peak (6–9),48,49.0,25.96666666666667,81.0,55.03333333333333,36.0,4.5,2.0,5.0,0.17272727272727273,0.7057063475101518,48.39,high schedule variability,2026-09-05
939,939,0,Evening (19–24),31,59.0,19.0,78.0,59.0,29.0,10.0,0.0,11.0,0.08636363636363636,0.7199511897498476,46.22,high schedule variability,2026-09-05
939,939,0,Midday (9–15),59,62.0,18.853333333333335,84.60000000000001,65.74666666666667,55.0,9.0,2.0,10.0,0.095,0.7412529595249728,47.8,high schedule variability,2026-09-05
939,939,0,Overnight (0–6),11,29.266666666666666,18.266666666666666,50.0,31.733333333333334,7.0,10.0,1.2000000000000002,10.0,0.08636363636363636,0.5803108808290156,37.84,high schedule variability,2026-09-05
939,939,0,PM Peak (15–19),33,57.0,57.0,100.0,43.0,30.0,15.5,13.0,18.1,0.05757575757575757,0.6520090978013647,41.14,high schedule variability,2026-09-05
939,939,1,AM Peak (6–9),41,65.0,51.0,87.0,36.0,35.0,8.0,1.4000000000000004,10.0,0.10555555555555556,0.6106870229007634,40.34,high schedule variability,2026-09-05
939,939,1,Evening (19–24),30,57.0,13.0,74.0,61.0,29.0,12.0,5.0,17.0,0.07307692307692307,0.7266229898749257,46.16,high schedule variability,2026-09-05
939,939,1,Midday (9–15),55,65.0,27.22000000000001,86.0,58.77999999999999,50.0,14.0,5.0,21.0,0.06333333333333332,0.7191973571515966,45.37,high schedule variability,2026-09-05
939,939,1,Overnight (0–6),13,57.0,50.0,63.0,13.0,4.0,10.0,10.0,13.5,0.08636363636363636,0.36161335187760785,24.72,moderate,2026-09-05
939,939,1,PM Peak (15–19),31,60.0,60.0,93.0,33.0,33.0,7.0,5.0,16.0,0.11875,0.5898123324396783,39.54,high schedule variability,2026-09-05
941,941,0,AM Peak (6–9),10,43.71666666666667,42.5,43.71666666666667,1.2166666666666686,7.0,6.0,0.6000000000000001,8.0,0.1357142857142857,0.05034482758620698,7.77,moderate,2026-09-05
941,941,0,Evening (19–24),3,40.71666666666667,40.71666666666667,40.71666666666667,0.0,2.0,2.0,0.4,3.6,0.31666666666666665,0.0,11.08,very low recovery time,2026-09-05
941,941,0,Midday (9–15),5,48.71666666666667,45.71666666666667,48.71666666666667,3.0,1.0,13.0,13.0,13.0,0.06785714285714285,0.115606936416185,9.31,moderate,2026-09-05
941,941,0,PM Peak (15–19),17,48.71666666666667,40.71666666666667,48.71666666666667,8.0,16.0,8.0,4.5,9.0,0.10555555555555556,0.2584814216478191,19.2,moderate,2026-09-05
941,941,1,AM Peak (6–9),12,44.35,37.540000000000006,44.35,6.809999999999995,,10.0,,,0.08636363636363636,0.22883064516129023,16.75,moderate,2026-09-05
941,941,1,Evening (19–24),3,46.35,46.35,46.35,0.0,,10.0,,,0.08636363636363636,0.0,3.02,moderate,2026-09-05
941,941,1,Midday (9–15),4,53.35,53.35,53.35,0.0,,10.0,,,0.08636363636363636,0.0,3.02,moderate,2026-09-05
941,941,1,PM Peak (15–19),16,53.35,46.35,53.35,7.0,,10.0,,,0.08636363636363636,0.23372287145242074,17.05,moderate,2026-09-05
944,944,0,AM Peak (6–9),22,19.0,19.0,19.0,0.0,21.0,4.0,1.0,4.0,0.19,0.0,6.65,moderate,2026-09-05
944,944,0,Midday (9–15),48,19.0,19.0,19.0,0.0,48.0,5.0,5.0,6.0,0.15833333333333333,0.0,5.54,moderate,2026-09-05
944,944,0,Overnight (0–6),2,19.0,19.0,19.0,0.0,1.0,3.0,3.0,3.0,0.2375,0.0,8.31,very low recovery time,2026-09-05
944,944,0,PM Peak (15–19),32,19.0,19.0,19.0,0.0,31.0,2.0,2.0,3.0,0.31666666666666665,0.0,11.08,very low recovery time,2026-09-05
944,944,1,AM Peak (6–9),23,15.0,15.0,15.0,0.0,22.0,2.0,1.0,5.0,0.31666666666666665,0.0,11.08,very low recovery time,2026-09-05
944,944,1,Midday (9–15),48,16.0,16.0,16.0,0.0,48.0,1.0,0.0,1.0,0.475,0.0,16.62,no recovery time,2026-09-05
944,944,1,Overnight (0–6),4,15.0,15.0,15.0,0.0,3.0,5.0,4.2,5.0,0.15833333333333333,0.0,5.54,moderate,2026-09-05
944,944,1,PM Peak (15–19),31,18.0,18.0,18.0,0.0,31.0,1.0,0.0,1.0,0.475,0.0,16.62,no recovery time,2026-09-05
945,945,0,AM Peak (6–9),18,37.8,32.13333333333333,37.8,5.666666666666664,13.0,15.0,8.600000000000001,15.0,0.059375,0.19801980198019797,13.96,moderate,2026-09-05
945,945,0,Evening (19–24),1,30.133333333333333,30.133333333333333,30.133333333333333,0.0,4.0,15.0,12.9,15.0,0.059375,0.0,2.08,moderate,2026-09-05
945,945,0,Midday (9–15),6,37.8,37.8,37.8,0.0,1.0,5.0,5.0,5.0,0.15833333333333333,0.0,5.54,moderate,2026-09-05
945,945,0,PM Peak (15–19),24,37.8,30.133333333333333,37.8,7.666666666666664,25.0,12.0,9.0,13.800000000000004,0.07307692307692307,0.25040827436037016,17.58,moderate,2026-09-05
945,945,1,AM Peak (6–9),17,35.45,30.533333333333335,35.45,4.916666666666668,,10.0,,,0.08636363636363636,0.17643540669856467,13.61,moderate,2026-09-05
945,945,1,Evening (19–24),6,31.533333333333335,31.533333333333335,31.533333333333335,0.0,,10.0,,,0.08636363636363636,0.0,3.02,moderate,2026-09-05
945,945,1,Midday (9–15),4,40.45,36.95,40.45,3.5,,10.0,,,0.08636363636363636,0.13232514177693763,10.96,moderate,2026-09-05
945,945,1,PM Peak (15–19),24,40.45,31.533333333333335,40.45,8.916666666666668,,10.0,,,0.08636363636363636,0.2798117154811716,19.81,moderate,2026-09-05
952,952,0,AM Peak (6–9),30,5.0,5.0,60.0,55.0,24.0,5.5,1.5000000000000013,12.0,0.14615384615384613,0.7055805003207185,47.45,high schedule variability,2026-09-05
952,952,0,Evening (19–24),1,60.0,60.0,60.0,0.0,,10.0,,,0.08636363636363636,0.0,3.02,moderate,2026-09-05
952,952,0,Midday (9–15),5,60.0,5.0,60.0,55.0,3.0,12.0,6.4,12.0,0.07307692307692307,0.7055805003207185,44.89,high schedule variability,2026-09-05
952,952,0,PM Peak (15–19),40,32.5,5.0,68.0,63.0,35.0,1.0,0.0,8.0,0.475,0.7329842931937174,60.6,"no recovery time, high schedule variability",2026-09-05
952,952,1,AM Peak (6–9),17,62.0,41.6,62.0,20.4,12.0,0.0,0.0,0.0,0.95,0.4705882352941177,61.49,no recovery time,2026-09-05
952,952,1,Midday (9–15),2,67.5,62.3,72.7,10.400000000000006,1.0,0.0,0.0,0.0,0.95,0.31184407796101965,51.96,no recovery time,2026-09-05
952,952,1,PM Peak (15–19),20,74.0,64.0,74.0,10.0,15.0,0.0,0.0,0.0,0.95,0.3034901365705615,51.46,no recovery time,2026-09-05
953,953,0,AM Peak (6–9),20,59.0,59.0,59.0,0.0,14.0,6.0,6.0,6.0,0.1357142857142857,0.0,4.75,moderate,2026-09-05
953,953,0,Midday (9–15),6,71.0,71.0,71.0,0.0,3.0,7.0,3.8,15.8,0.11875,0.0,4.16,moderate,2026-09-05
953,953,0,PM Peak (15–19),27,71.0,71.0,71.0,0.0,23.0,8.0,6.4,8.0,0.10555555555555556,0.0,3.69,moderate,2026-09-05
953,953,1,AM Peak (6–9),23,56.0,56.0,56.0,0.0,18.0,15.0,15.0,15.0,0.059375,0.0,2.08,moderate,2026-09-05
953,953,1,Midday (9–15),3,66.0,66.0,66.0,0.0,,10.0,,,0.08636363636363636,0.0,3.02,moderate,2026-09-05
953,953,1,Overnight (0–6),6,56.0,56.0,56.0,0.0,,10.0,,,0.08636363636363636,0.0,3.02,moderate,2026-09-05
953,953,1,PM Peak (15–19),24,66.0,66.0,66.0,0.0,20.0,15.0,15.0,15.0,0.059375,0.0,2.08,moderate,2026-09-05
954,954,0,AM Peak (6–9),19,59.0,54.0,59.0,5.0,12.0,14.0,11.0,14.0,0.06333333333333332,0.1788908765652952,12.95,moderate,2026-09-05
954,954,0,Midday (9–15),1,68.0,68.0,68.0,0.0,,10.0,,,0.08636363636363636,0.0,3.02,moderate,2026-09-05
954,954,0,PM Peak (15–19),22,65.5,55.0,68.0,13.0,16.0,14.0,10.0,14.0,0.06333333333333332,0.36161335187760785,23.91,moderate,2026-09-05
954,954,1,AM Peak (6–9),19,62.0,48.0,62.0,14.0,10.0,9.0,4.5,12.0,0.095,0.3788903924221922,26.06,moderate,2026-09-05
954,954,1,PM Peak (15–19),22,55.5,52.0,63.0,11.0,13.0,12.0,12.0,14.600000000000001,0.07307692307692307,0.3240058910162003,22.0,moderate,2026-09-05
960,960,0,AM Peak (6–9),27,63.0,61.8,63.0,1.2000000000000028,25.0,19.0,16.0,19.0,0.0475,0.04968944099378894,4.64,moderate,2026-09-05
960,960,0,Evening (19–24),18,45.0,45.0,57.900000000000006,12.900000000000006,17.0,7.0,2.0,12.4,0.11875,0.35983263598326376,25.75,moderate,2026-09-05
960,960,0,Midday (9–15),42,60.0,60.0,69.0,9.0,41.0,16.0,14.0,19.0,0.055882352941176466,0.28169014084507044,18.86,moderate,2026-09-05
960,960,0,Overnight (0–6),7,60.0,60.0,60.0,0.0,,10.0,,,0.08636363636363636,0.0,3.02,moderate,2026-09-05
960,960,0,PM Peak (15–19),30,69.0,69.0,69.0,0.0,29.0,15.0,11.0,15.0,0.059375,0.0,2.08,moderate,2026-09-05
960,960,1,AM Peak (6–9),26,57.0,52.5,57.0,4.5,23.0,8.0,5.0,8.0,0.10555555555555556,0.1639344262295082,13.53,moderate,2026-09-05
960,960,1,Evening (19–24),18,42.0,42.0,61.5,19.5,22.0,9.5,4.1,16.0,0.09047619047619047,0.4593639575971732,30.73,moderate,2026-09-05
960,960,1,Midday (9–15),44,56.0,56.0,70.0,14.0,40.0,11.5,7.9,13.0,0.076,0.3788903924221922,25.39,moderate,2026-09-05
960,960,1,Overnight (0–6),5,53.0,53.0,53.0,0.0,,10.0,,,0.08636363636363636,0.0,3.02,moderate,2026-09-05
960,960,1,PM Peak (15–19),31,70.0,70.0,70.0,0.0,28.0,6.0,3.0,6.300000000000001,0.1357142857142857,0.0,4.75,moderate,2026-09-05
968,968,0,AM Peak (6–9),14,35.0,35.0,35.0,0.0,11.0,3.0,3.0,3.0,0.2375,0.0,8.31,very low recovery time,2026-09-05
968,968,0,Midday (9–15),2,35.0,35.0,35.0,0.0,4.0,3.0,3.0,5.1000000000000005,0.2375,0.0,8.31,very low recovery time,2026-09-05
968,968,0,PM Peak (15–19),14,40.0,40.0,40.0,0.0,13.0,5.0,4.2,5.0,0.15833333333333333,0.0,5.54,moderate,2026-09-05
968,968,1,AM Peak (6–9),12,30.0,30.0,30.0,0.0,10.0,10.0,6.8,10.0,0.08636363636363636,0.0,3.02,moderate,2026-09-05
968,968,1,Midday (9–15),4,30.0,30.0,30.0,0.0,1.0,3.0,3.0,3.0,0.2375,0.0,8.31,very low recovery time,2026-09-05
968,968,1,PM Peak (15–19),17,41.0,41.0,41.0,0.0,12.0,4.0,4.0,4.0,0.19,0.0,6.65,moderate,2026-09-05
984,984,0,AM Peak (6–9),16,35.0,34.0,35.0,1.0,12.0,1.0,1.0,1.0,0.475,0.041753653444676415,19.13,no recovery time,2026-09-05
984,984,0,Midday (9–15),6,40.0,40.0,40.0,0.0,4.0,4.5,0.30000000000000004,8.0,0.17272727272727273,0.0,6.05,moderate,2026-09-05
984,984,0,PM Peak (15–19),23,40.0,35.2,40.0,4.799999999999997,24.0,7.0,7.0,8.0,0.11875,0.17297297297297293,14.53,moderate,2026-09-05
984,984,1,AM Peak (6–9),20,36.0,2.033333333333333,38.0,35.96666666666667,16.0,7.5,0.0,8.0,0.11176470588235293,0.6104667609618105,40.54,high schedule variability,2026-09-05
984,984,1,Evening (19–24),4,38.0,38.0,38.0,0.0,,10.0,,,0.08636363636363636,0.0,3.02,moderate,2026-09-05
984,984,1,Midday (9–15),12,39.0,2.033333333333333,40.0,37.96666666666667,6.0,0.0,0.0,1.0,0.95,0.6232558139534884,70.65,"no recovery time, high schedule variability",2026-09-05
984,984,1,PM Peak (15–19),24,40.0,38.6,40.0,1.3999999999999986,23.0,3.0,3.0,3.0,0.2375,0.057494866529774084,11.76,very low recovery time,2026-09-05
985,985,0,AM Peak (6–9),13,39.0,14.25,39.0,24.75,8.0,4.5,2.0,11.3,0.17272727272727273,0.5188679245283019,37.18,high schedule variability,2026-09-05
985,985,0,Midday (9–15),5,14.25,14.25,14.25,0.0,4.0,2.0,2.0,3.4000000000000004,0.31666666666666665,0.0,11.08,very low recovery time,2026-09-05
985,985,0,PM Peak (15–19),18,48.0,37.87500000000001,48.0,10.124999999999993,12.0,2.0,2.0,2.0,0.31666666666666665,0.30612244897959173,29.45,very low recovery time,2026-09-05
985,985,1,AM Peak (6–9),12,49.0,24.633333333333333,49.0,24.366666666666667,10.0,10.0,9.5,10.399999999999999,0.08636363636363636,0.5149700598802396,33.92,high schedule variability,2026-09-05
985,985,1,Midday (9–15),4,50.0,50.0,50.0,0.0,,10.0,,,0.08636363636363636,0.0,3.02,moderate,2026-09-05
985,985,1,PM Peak (15–19),12,50.0,50.0,50.0,0.0,16.0,5.0,5.0,5.0,0.15833333333333333,0.0,5.54,moderate,2026-09-05
986,986,0,AM Peak (6–9),30,33.0,33.0,33.0,0.0,18.0,6.0,6.0,6.0,0.1357142857142857,0.0,4.75,moderate,2026-09-05
986,986,0,Midday (9–15),1,38.0,38.0,38.0,0.0,,10.0,,,0.08636363636363636,0.0,3.02,moderate,2026-09-05
986,986,0,PM Peak (15–19),18,38.0,38.0,38.0,0.0,11.0,8.0,8.0,8.0,0.10555555555555556,0.0,3.69,moderate,2026-09-05
986,986,1,AM Peak (6–9),24,33.0,33.0,33.0,0.0,24.0,6.0,6.0,6.0,0.1357142857142857,0.0,4.75,moderate,2026-09-05
986,986,1,PM Peak (15–19),17,34.0,34.0,34.0,0.0,17.0,4.0,4.0,4.0,0.19,0.0,6.65,moderate,2026-09-05
989,989,0,AM Peak (6–9),12,48.5,47.0,55.0,8.0,8.0,5.0,5.0,14.899999999999999,0.15833333333333333,0.2584814216478191,21.05,moderate,2026-09-05
989,989,0,Evening (19–24),1,53.0,53.0,53.0,0.0,,10.0,,,0.08636363636363636,0.0,3.02,moderate,2026-09-05
989,989,0,Midday (9–15),5,59.0,59.0,59.0,0.0,1.0,12.0,12.0,12.0,0.07307692307692307,0.0,2.56,moderate,2026-09-05
989,989,0,PM Peak (15–19),15,59.0,59.0,59.0,0.0,16.0,15.0,15.0,15.0,0.059375,0.0,2.08,moderate,2026-09-05
989,989,1,AM Peak (6–9),12,47.0,46.0,53.0,7.0,8.0,14.5,7.0,22.0,0.06129032258064516,0.23372287145242074,16.17,moderate,2026-09-05
989,989,1,Evening (19–24),1,52.0,52.0,52.0,0.0,,10.0,,,0.08636363636363636,0.0,3.02,moderate,2026-09-05
989,989,1,Midday (9–15),5,62.0,56.6,62.0,5.399999999999999,,10.0,,,0.08636363636363636,0.19047619047619047,14.45,moderate,2026-09-05
989,989,1,PM Peak (15–19),16,62.0,62.0,62.0,0.0,15.0,14.0,14.0,14.0,0.06333333333333332,0.0,2.22,moderate,2026-09-05
995,995,0,AM Peak (6–9),15,50.0,48.4,50.0,1.6000000000000014,10.0,8.0,6.0,13.1,0.10555555555555556,0.0651731160896131,7.6,moderate,2026-09-05
995,995,0,Evening (19–24),1,49.0,49.0,49.0,0.0,5.0,6.0,4.0,8.6,0.1357142857142857,0.0,4.75,moderate,2026-09-05
995,995,0,Midday (9–15),36,49.0,49.0,49.5,0.5,36.0,15.0,14.0,15.0,0.059375,0.021321961620469086,3.36,moderate,2026-09-05
995,995,0,PM Peak (15–19),24,57.0,56.0,57.0,1.0,23.0,8.0,8.0,13.400000000000002,0.10555555555555556,0.041753653444676415,6.2,moderate,2026-09-05
995,995,1,AM Peak (6–9),17,59.0,55.0,59.0,4.0,16.0,6.0,5.0,8.0,0.1357142857142857,0.14842300556586274,13.66,moderate,2026-09-05
995,995,1,Evening (19–24),1,49.0,49.0,49.0,0.0,,10.0,,,0.08636363636363636,0.0,3.02,moderate,2026-09-05
995,995,1,Midday (9–15),37,51.0,51.0,51.0,0.0,36.0,5.0,5.0,5.0,0.15833333333333333,0.0,5.54,moderate,2026-09-05
995,995,1,Overnight (0–6),4,57.0,57.0,57.0,0.0,,10.0,,,0.08636363636363636,0.0,3.02,moderate,2026-09-05
995,995,1,PM Peak (15–19),23,54.0,52.0,54.0,2.0,24.0,11.0,9.3,11.0,0.07916666666666666,0.08016032064128258,7.58,moderate,2026-09-05
996,996,0,AM Peak (6–9),21,102.0,52.88333333333333,102.0,49.11666666666667,18.0,14.0,8.0,18.0,0.06333333333333332,0.6815448658649399,43.11,high schedule variability,2026-09-05
996,996,0,Midday (9–15),43,98.0,98.0,104.0,6.0,41.0,14.0,12.0,16.0,0.06333333333333332,0.20725388601036274,14.65,moderate,2026-09-05
996,996,0,Overnight (0–6),10,47.68333333333333,42.75,102.0,59.25,2.0,6.0,2.8,9.2,0.1357142857142857,0.7208029197080293,48.0,high schedule variability,2026-09-05
996,996,0,PM Peak (15–19),30,104.0,59.9,104.0,44.1,30.0,13.0,12.9,13.0,0.06785714285714285,0.6577181208053692,41.84,high schedule variability,2026-09-05
996,996,1,AM Peak (6–9),21,104.0,57.46666666666667,104.0,46.53333333333333,12.0,10.0,9.1,12.0,0.08636363636363636,0.6697049652194772,43.21,high schedule variability,2026-09-05
996,996,1,Evening (19–24),7,43.93333333333333,43.93333333333333,43.93333333333333,0.0,,10.0,,,0.08636363636363636,0.0,3.02,moderate,2026-09-05
996,996,1,Midday (9–15),40,103.0,103.0,106.0,3.0,39.0,8.0,7.0,12.0,0.10555555555555556,0.115606936416185,10.63,moderate,2026-09-05
996,996,1,Overnight (0–6),2,79.23333333333333,59.42,99.04666666666667,39.626666666666665,,10.0,,,0.08636363636363636,0.6332498801470197,41.02,high schedule variability,2026-09-05
996,996,1,PM Peak (15–19),30,106.0,47.93333333333333,106.0,58.06666666666667,28.0,9.0,8.7,9.3,0.095,0.7167249537132278,46.33,high schedule variability,2026-09-05
